sim_id,B0_MHz,B0_T,J_IS,k_ex,p_B,dw_N,B1_N,tau_m,tau_e,S2,r_IS,r_eff,csa_N,theta_N_rad,theta_N_deg,valid_points,nonfinite_points,skipped_count,skipped_ncyc
0,600.0,14.091966957139045,92.0,300.0,0.05,1.0,5555.0,5e-09,5e-11,0.85,1.02e-10,1.86e-10,-0.00016,0.3839724354387525,22.0,40,0,0,
1,600.0,14.091966957139045,92.0,300.0,0.05,1.3571428571428572,5555.0,5e-09,5e-11,0.85,1.02e-10,1.86e-10,-0.00016,0.3839724354387525,22.0,40,0,0,
2,600.0,14.091966957139045,92.0,300.0,0.05,1.7142857142857144,5555.0,5e-09,5e-11,0.85,1.02e-10,1.86e-10,-0.00016,0.3839724354387525,22.0,40,0,0,
3,600.0,14.091966957139045,92.0,300.0,0.05,2.071428571428571,5555.0,5e-09,5e-11,0.85,1.02e-10,1.86e-10,-0.00016,0.3839724354387525,22.0,40,0,0,
4,600.0,14.091966957139045,92.0,300.0,0.05,2.428571428571429,5555.0,5e-09,5e-11,0.85,1.02e-10,1.86e-10,-0.00016,0.3839724354387525,22.0,40,0,0,
5,600.0,14.091966957139045,92.0,300.0,0.05,2.7857142857142856,5555.0,5e-09,5e-11,0.85,1.02e-10,1.86e-10,-0.00016,0.3839724354387525,22.0,40,0,0,
6,600.0,14.091966957139045,92.0,300.0,0.05,3.142857142857143,5555.0,5e-09,5e-11,0.85,1.02e-10,1.86e-10,-0.00016,0.3839724354387525,22.0,40,0,0,
7,600.0,14.091966957139045,92.0,300.0,0.05,3.5,5555.0,5e-09,5e-11,0.85,1.02e-10,1.86e-10,-0.00016,0.3839724354387525,22.0,40,0,0,
8,600.0,14.091966957139045,92.0,300.0,0.05,3.857142857142857,5555.0,5e-09,5e-11,0.85,1.02e-10,1.86e-10,-0.00016,0.3839724354387525,22.0,40,0,0,
9,600.0,14.091966957139045,92.0,300.0,0.05,4.214285714285714,5555.0,5e-09,5e-11,0.85,1.02e-10,1.86e-10,-0.00016,0.3839724354387525,22.0,40,0,0,
10,600.0,14.091966957139045,92.0,300.0,0.05,4.571428571428571,5555.0,5e-09,5e-11,0.85,1.02e-10,1.86e-10,-0.00016,0.3839724354387525,22.0,40,0,0,
11,600.0,14.091966957139045,92.0,300.0,0.05,4.928571428571429,5555.0,5e-09,5e-11,0.85,1.02e-10,1.86e-10,-0.00016,0.3839724354387525,22.0,40,0,0,
12,600.0,14.091966957139045,92.0,300.0,0.05,5.285714285714286,5555.0,5e-09,5e-11,0.85,1.02e-10,1.86e-10,-0.00016,0.3839724354387525,22.0,40,0,0,
13,600.0,14.091966957139045,92.0,300.0,0.05,5.642857142857143,5555.0,5e-09,5e-11,0.85,1.02e-10,1.86e-10,-0.00016,0.3839724354387525,22.0,40,0,0,
14,600.0,14.091966957139045,92.0,300.0,0.05,6.0,5555.0,5e-09,5e-11,0.85,1.02e-10,1.86e-10,-0.00016,0.3839724354387525,22.0,40,0,0,
15,600.0,14.091966957139045,92.0,300.0,0.052222222222222225,1.0,5555.0,5e-09,5e-11,0.85,1.02e-10,1.86e-10,-0.00016,0.3839724354387525,22.0,40,0,0,
16,600.0,14.091966957139045,92.0,300.0,0.052222222222222225,1.3571428571428572,5555.0,5e-09,5e-11,0.85,1.02e-10,1.86e-10,-0.00016,0.3839724354387525,22.0,40,0,0,
17,600.0,14.091966957139045,92.0,300.0,0.052222222222222225,1.7142857142857144,5555.0,5e-09,5e-11,0.85,1.02e-10,1.86e-10,-0.00016,0.3839724354387525,22.0,40,0,0,
18,600.0,14.091966957139045,92.0,300.0,0.052222222222222225,2.071428571428571,5555.0,5e-09,5e-11,0.85,1.02e-10,1.86e-10,-0.00016,0.3839724354387525,22.0,40,0,0,
19,600.0,14.091966957139045,92.0,300.0,0.052222222222222225,2.428571428571429,5555.0,5e-09,5e-11,0.85,1.02e-10,1.86e-10,-0.00016,0.3839724354387525,22.0,40,0,0,
20,600.0,14.091966957139045,92.0,300.0,0.052222222222222225,2.7857142857142856,5555.0,5e-09,5e-11,0.85,1.02e-10,1.86e-10,-0.00016,0.3839724354387525,22.0,40,0,0,
21,600.0,14.091966957139045,92.0,300.0,0.052222222222222225,3.142857142857143,5555.0,5e-09,5e-11,0.85,1.02e-10,1.86e-10,-0.00016,0.3839724354387525,22.0,40,0,0,
22,600.0,14.091966957139045,92.0,300.0,0.052222222222222225,3.5,5555.0,5e-09,5e-11,0.85,1.02e-10,1.86e-10,-0.00016,0.3839724354387525,22.0,40,0,0,
23,600.0,14.091966957139045,92.0,300.0,0.052222222222222225,3.857142857142857,5555.0,5e-09,5e-11,0.85,1.02e-10,1.86e-10,-0.00016,0.3839724354387525,22.0,40,0,0,
24,600.0,14.091966957139045,92.0,300.0,0.052222222222222225,4.214285714285714,5555.0,5e-09,5e-11,0.85,1.02e-10,1.86e-10,-0.00016,0.3839724354387525,22.0,40,0,0,
25,600.0,14.091966957139045,92.0,300.0,0.052222222222222225,4.571428571428571,5555.0,5e-09,5e-11,0.85,1.02e-10,1.86e-10,-0.00016,0.3839724354387525,22.0,40,0,0,
26,600.0,14.091966957139045,92.0,300.0,0.052222222222222225,4.928571428571429,5555.0,5e-09,5e-11,0.85,1.02e-10,1.86e-10,-0.00016,0.3839724354387525,22.0,40,0,0,
27,600.0,14.091966957139045,92.0,300.0,0.052222222222222225,5.285714285714286,5555.0,5e-09,5e-11,0.85,1.02e-10,1.86e-10,-0.00016,0.3839724354387525,22.0,40,0,0,
28,600.0,14.091966957139045,92.0,300.0,0.052222222222222225,5.642857142857143,5555.0,5e-09,5e-11,0.85,1.02e-10,1.86e-10,-0.00016,0.3839724354387525,22.0,40,0,0,
29,600.0,14.091966957139045,92.0,300.0,0.052222222222222225,6.0,5555.0,5e-09,5e-11,0.85,1.02e-10,1.86e-10,-0.00016,0.3839724354387525,22.0,40,0,0,
30,600.0,14.091966957139045,92.0,300.0,0.05444444444444445,1.0,5555.0,5e-09,5e-11,0.85,1.02e-10,1.86e-10,-0.00016,0.3839724354387525,22.0,40,0,0,
31,600.0,14.091966957139045,92.0,300.0,0.05444444444444445,1.3571428571428572,5555.0,5e-09,5e-11,0.85,1.02e-10,1.86e-10,-0.00016,0.3839724354387525,22.0,40,0,0,
32,600.0,14.091966957139045,92.0,300.0,0.05444444444444445,1.7142857142857144,5555.0,5e-09,5e-11,0.85,1.02e-10,1.86e-10,-0.00016,0.3839724354387525,22.0,40,0,0,
33,600.0,14.091966957139045,92.0,300.0,0.05444444444444445,2.071428571428571,5555.0,5e-09,5e-11,0.85,1.02e-10,1.86e-10,-0.00016,0.3839724354387525,22.0,40,0,0,
34,600.0,14.091966957139045,92.0,300.0,0.05444444444444445,2.428571428571429,5555.0,5e-09,5e-11,0.85,1.02e-10,1.86e-10,-0.00016,0.3839724354387525,22.0,40,0,0,
35,600.0,14.091966957139045,92.0,300.0,0.05444444444444445,2.7857142857142856,5555.0,5e-09,5e-11,0.85,1.02e-10,1.86e-10,-0.00016,0.3839724354387525,22.0,40,0,0,
36,600.0,14.091966957139045,92.0,300.0,0.05444444444444445,3.142857142857143,5555.0,5e-09,5e-11,0.85,1.02e-10,1.86e-10,-0.00016,0.3839724354387525,22.0,40,0,0,
37,600.0,14.091966957139045,92.0,300.0,0.05444444444444445,3.5,5555.0,5e-09,5e-11,0.85,1.02e-10,1.86e-10,-0.00016,0.3839724354387525,22.0,40,0,0,
38,600.0,14.091966957139045,92.0,300.0,0.05444444444444445,3.857142857142857,5555.0,5e-09,5e-11,0.85,1.02e-10,1.86e-10,-0.00016,0.3839724354387525,22.0,40,0,0,
39,600.0,14.091966957139045,92.0,300.0,0.05444444444444445,4.214285714285714,5555.0,5e-09,5e-11,0.85,1.02e-10,1.86e-10,-0.00016,0.3839724354387525,22.0,40,0,0,
40,600.0,14.091966957139045,92.0,300.0,0.05444444444444445,4.571428571428571,5555.0,5e-09,5e-11,0.85,1.02e-10,1.86e-10,-0.00016,0.3839724354387525,22.0,40,0,0,
41,600.0,14.091966957139045,92.0,300.0,0.05444444444444445,4.928571428571429,5555.0,5e-09,5e-11,0.85,1.02e-10,1.86e-10,-0.00016,0.3839724354387525,22.0,40,0,0,
42,600.0,14.091966957139045,92.0,300.0,0.05444444444444445,5.285714285714286,5555.0,5e-09,5e-11,0.85,1.02e-10,1.86e-10,-0.00016,0.3839724354387525,22.0,40,0,0,
43,600.0,14.091966957139045,92.0,300.0,0.05444444444444445,5.642857142857143,5555.0,5e-09,5e-11,0.85,1.02e-10,1.86e-10,-0.00016,0.3839724354387525,22.0,40,0,0,
44,600.0,14.091966957139045,92.0,300.0,0.05444444444444445,6.0,5555.0,5e-09,5e-11,0.85,1.02e-10,1.86e-10,-0.00016,0.3839724354387525,22.0,40,0,0,
45,600.0,14.091966957139045,92.0,300.0,0.05666666666666667,1.0,5555.0,5e-09,5e-11,0.85,1.02e-10,1.86e-10,-0.00016,0.3839724354387525,22.0,40,0,0,
46,600.0,14.091966957139045,92.0,300.0,0.05666666666666667,1.3571428571428572,5555.0,5e-09,5e-11,0.85,1.02e-10,1.86e-10,-0.00016,0.3839724354387525,22.0,40,0,0,
47,600.0,14.091966957139045,92.0,300.0,0.05666666666666667,1.7142857142857144,5555.0,5e-09,5e-11,0.85,1.02e-10,1.86e-10,-0.00016,0.3839724354387525,22.0,40,0,0,
48,600.0,14.091966957139045,92.0,300.0,0.05666666666666667,2.071428571428571,5555.0,5e-09,5e-11,0.85,1.02e-10,1.86e-10,-0.00016,0.3839724354387525,22.0,40,0,0,
49,600.0,14.091966957139045,92.0,300.0,0.05666666666666667,2.428571428571429,5555.0,5e-09,5e-11,0.85,1.02e-10,1.86e-10,-0.00016,0.3839724354387525,22.0,40,0,0,
50,600.0,14.091966957139045,92.0,300.0,0.05666666666666667,2.7857142857142856,5555.0,5e-09,5e-11,0.85,1.02e-10,1.86e-10,-0.00016,0.3839724354387525,22.0,40,0,0,
51,600.0,14.091966957139045,92.0,300.0,0.05666666666666667,3.142857142857143,5555.0,5e-09,5e-11,0.85,1.02e-10,1.86e-10,-0.00016,0.3839724354387525,22.0,40,0,0,
52,600.0,14.091966957139045,92.0,300.0,0.05666666666666667,3.5,5555.0,5e-09,5e-11,0.85,1.02e-10,1.86e-10,-0.00016,0.3839724354387525,22.0,40,0,0,
53,600.0,14.091966957139045,92.0,300.0,0.05666666666666667,3.857142857142857,5555.0,5e-09,5e-11,0.85,1.02e-10,1.86e-10,-0.00016,0.3839724354387525,22.0,40,0,0,
54,600.0,14.091966957139045,92.0,300.0,0.05666666666666667,4.214285714285714,5555.0,5e-09,5e-11,0.85,1.02e-10,1.86e-10,-0.00016,0.3839724354387525,22.0,40,0,0,
55,600.0,14.091966957139045,92.0,300.0,0.05666666666666667,4.571428571428571,5555.0,5e-09,5e-11,0.85,1.02e-10,1.86e-10,-0.00016,0.3839724354387525,22.0,40,0,0,
56,600.0,14.091966957139045,92.0,300.0,0.05666666666666667,4.928571428571429,5555.0,5e-09,5e-11,0.85,1.02e-10,1.86e-10,-0.00016,0.3839724354387525,22.0,40,0,0,
57,600.0,14.091966957139045,92.0,300.0,0.05666666666666667,5.285714285714286,5555.0,5e-09,5e-11,0.85,1.02e-10,1.86e-10,-0.00016,0.3839724354387525,22.0,40,0,0,
58,600.0,14.091966957139045,92.0,300.0,0.05666666666666667,5.642857142857143,5555.0,5e-09,5e-11,0.85,1.02e-10,1.86e-10,-0.00016,0.3839724354387525,22.0,40,0,0,
59,600.0,14.091966957139045,92.0,300.0,0.05666666666666667,6.0,5555.0,5e-09,5e-11,0.85,1.02e-10,1.86e-10,-0.00016,0.3839724354387525,22.0,40,0,0,
60,600.0,14.091966957139045,92.0,300.0,0.05888888888888889,1.0,5555.0,5e-09,5e-11,0.85,1.02e-10,1.86e-10,-0.00016,0.3839724354387525,22.0,40,0,0,
61,600.0,14.091966957139045,92.0,300.0,0.05888888888888889,1.3571428571428572,5555.0,5e-09,5e-11,0.85,1.02e-10,1.86e-10,-0.00016,0.3839724354387525,22.0,40,0,0,
62,600.0,14.091966957139045,92.0,300.0,0.05888888888888889,1.7142857142857144,5555.0,5e-09,5e-11,0.85,1.02e-10,1.86e-10,-0.00016,0.3839724354387525,22.0,40,0,0,
63,600.0,14.091966957139045,92.0,300.0,0.05888888888888889,2.071428571428571,5555.0,5e-09,5e-11,0.85,1.02e-10,1.86e-10,-0.00016,0.3839724354387525,22.0,40,0,0,
64,600.0,14.091966957139045,92.0,300.0,0.05888888888888889,2.428571428571429,5555.0,5e-09,5e-11,0.85,1.02e-10,1.86e-10,-0.00016,0.3839724354387525,22.0,40,0,0,
65,600.0,14.091966957139045,92.0,300.0,0.05888888888888889,2.7857142857142856,5555.0,5e-09,5e-11,0.85,1.02e-10,1.86e-10,-0.00016,0.3839724354387525,22.0,40,0,0,
66,600.0,14.091966957139045,92.0,300.0,0.05888888888888889,3.142857142857143,5555.0,5e-09,5e-11,0.85,1.02e-10,1.86e-10,-0.00016,0.3839724354387525,22.0,40,0,0,
67,600.0,14.091966957139045,92.0,300.0,0.05888888888888889,3.5,5555.0,5e-09,5e-11,0.85,1.02e-10,1.86e-10,-0.00016,0.3839724354387525,22.0,40,0,0,
68,600.0,14.091966957139045,92.0,300.0,0.05888888888888889,3.857142857142857,5555.0,5e-09,5e-11,0.85,1.02e-10,1.86e-10,-0.00016,0.3839724354387525,22.0,40,0,0,
69,600.0,14.091966957139045,92.0,300.0,0.05888888888888889,4.214285714285714,5555.0,5e-09,5e-11,0.85,1.02e-10,1.86e-10,-0.00016,0.3839724354387525,22.0,40,0,0,
70,600.0,14.091966957139045,92.0,300.0,0.05888888888888889,4.571428571428571,5555.0,5e-09,5e-11,0.85,1.02e-10,1.86e-10,-0.00016,0.3839724354387525,22.0,40,0,0,
71,600.0,14.091966957139045,92.0,300.0,0.05888888888888889,4.928571428571429,5555.0,5e-09,5e-11,0.85,1.02e-10,1.86e-10,-0.00016,0.3839724354387525,22.0,40,0,0,
72,600.0,14.091966957139045,92.0,300.0,0.05888888888888889,5.285714285714286,5555.0,5e-09,5e-11,0.85,1.02e-10,1.86e-10,-0.00016,0.3839724354387525,22.0,40,0,0,
73,600.0,14.091966957139045,92.0,300.0,0.05888888888888889,5.642857142857143,5555.0,5e-09,5e-11,0.85,1.02e-10,1.86e-10,-0.00016,0.3839724354387525,22.0,40,0,0,
74,600.0,14.091966957139045,92.0,300.0,0.05888888888888889,6.0,5555.0,5e-09,5e-11,0.85,1.02e-10,1.86e-10,-0.00016,0.3839724354387525,22.0,40,0,0,
75,600.0,14.091966957139045,92.0,300.0,0.061111111111111116,1.0,5555.0,5e-09,5e-11,0.85,1.02e-10,1.86e-10,-0.00016,0.3839724354387525,22.0,40,0,0,
76,600.0,14.091966957139045,92.0,300.0,0.061111111111111116,1.3571428571428572,5555.0,5e-09,5e-11,0.85,1.02e-10,1.86e-10,-0.00016,0.3839724354387525,22.0,40,0,0,
77,600.0,14.091966957139045,92.0,300.0,0.061111111111111116,1.7142857142857144,5555.0,5e-09,5e-11,0.85,1.02e-10,1.86e-10,-0.00016,0.3839724354387525,22.0,40,0,0,
78,600.0,14.091966957139045,92.0,300.0,0.061111111111111116,2.071428571428571,5555.0,5e-09,5e-11,0.85,1.02e-10,1.86e-10,-0.00016,0.3839724354387525,22.0,40,0,0,
79,600.0,14.091966957139045,92.0,300.0,0.061111111111111116,2.428571428571429,5555.0,5e-09,5e-11,0.85,1.02e-10,1.86e-10,-0.00016,0.3839724354387525,22.0,40,0,0,
80,600.0,14.091966957139045,92.0,300.0,0.061111111111111116,2.7857142857142856,5555.0,5e-09,5e-11,0.85,1.02e-10,1.86e-10,-0.00016,0.3839724354387525,22.0,40,0,0,
81,600.0,14.091966957139045,92.0,300.0,0.061111111111111116,3.142857142857143,5555.0,5e-09,5e-11,0.85,1.02e-10,1.86e-10,-0.00016,0.3839724354387525,22.0,40,0,0,
82,600.0,14.091966957139045,92.0,300.0,0.061111111111111116,3.5,5555.0,5e-09,5e-11,0.85,1.02e-10,1.86e-10,-0.00016,0.3839724354387525,22.0,40,0,0,
83,600.0,14.091966957139045,92.0,300.0,0.061111111111111116,3.857142857142857,5555.0,5e-09,5e-11,0.85,1.02e-10,1.86e-10,-0.00016,0.3839724354387525,22.0,40,0,0,
84,600.0,14.091966957139045,92.0,300.0,0.061111111111111116,4.214285714285714,5555.0,5e-09,5e-11,0.85,1.02e-10,1.86e-10,-0.00016,0.3839724354387525,22.0,40,0,0,
85,600.0,14.091966957139045,92.0,300.0,0.061111111111111116,4.571428571428571,5555.0,5e-09,5e-11,0.85,1.02e-10,1.86e-10,-0.00016,0.3839724354387525,22.0,40,0,0,
86,600.0,14.091966957139045,92.0,300.0,0.061111111111111116,4.928571428571429,5555.0,5e-09,5e-11,0.85,1.02e-10,1.86e-10,-0.00016,0.3839724354387525,22.0,40,0,0,
87,600.0,14.091966957139045,92.0,300.0,0.061111111111111116,5.285714285714286,5555.0,5e-09,5e-11,0.85,1.02e-10,1.86e-10,-0.00016,0.3839724354387525,22.0,40,0,0,
88,600.0,14.091966957139045,92.0,300.0,0.061111111111111116,5.642857142857143,5555.0,5e-09,5e-11,0.85,1.02e-10,1.86e-10,-0.00016,0.3839724354387525,22.0,40,0,0,
89,600.0,14.091966957139045,92.0,300.0,0.061111111111111116,6.0,5555.0,5e-09,5e-11,0.85,1.02e-10,1.86e-10,-0.00016,0.3839724354387525,22.0,40,0,0,
90,600.0,14.091966957139045,92.0,300.0,0.06333333333333334,1.0,5555.0,5e-09,5e-11,0.85,1.02e-10,1.86e-10,-0.00016,0.3839724354387525,22.0,40,0,0,
91,600.0,14.091966957139045,92.0,300.0,0.06333333333333334,1.3571428571428572,5555.0,5e-09,5e-11,0.85,1.02e-10,1.86e-10,-0.00016,0.3839724354387525,22.0,40,0,0,
92,600.0,14.091966957139045,92.0,300.0,0.06333333333333334,1.7142857142857144,5555.0,5e-09,5e-11,0.85,1.02e-10,1.86e-10,-0.00016,0.3839724354387525,22.0,40,0,0,
93,600.0,14.091966957139045,92.0,300.0,0.06333333333333334,2.071428571428571,5555.0,5e-09,5e-11,0.85,1.02e-10,1.86e-10,-0.00016,0.3839724354387525,22.0,40,0,0,
94,600.0,14.091966957139045,92.0,300.0,0.06333333333333334,2.428571428571429,5555.0,5e-09,5e-11,0.85,1.02e-10,1.86e-10,-0.00016,0.3839724354387525,22.0,40,0,0,
95,600.0,14.091966957139045,92.0,300.0,0.06333333333333334,2.7857142857142856,5555.0,5e-09,5e-11,0.85,1.02e-10,1.86e-10,-0.00016,0.3839724354387525,22.0,40,0,0,
96,600.0,14.091966957139045,92.0,300.0,0.06333333333333334,3.142857142857143,5555.0,5e-09,5e-11,0.85,1.02e-10,1.86e-10,-0.00016,0.3839724354387525,22.0,40,0,0,
97,600.0,14.091966957139045,92.0,300.0,0.06333333333333334,3.5,5555.0,5e-09,5e-11,0.85,1.02e-10,1.86e-10,-0.00016,0.3839724354387525,22.0,40,0,0,
98,600.0,14.091966957139045,92.0,300.0,0.06333333333333334,3.857142857142857,5555.0,5e-09,5e-11,0.85,1.02e-10,1.86e-10,-0.00016,0.3839724354387525,22.0,40,0,0,
99,600.0,14.091966957139045,92.0,300.0,0.06333333333333334,4.214285714285714,5555.0,5e-09,5e-11,0.85,1.02e-10,1.86e-10,-0.00016,0.3839724354387525,22.0,40,0,0,
100,600.0,14.091966957139045,92.0,300.0,0.06333333333333334,4.571428571428571,5555.0,5e-09,5e-11,0.85,1.02e-10,1.86e-10,-0.00016,0.3839724354387525,22.0,40,0,0,
101,600.0,14.091966957139045,92.0,300.0,0.06333333333333334,4.928571428571429,5555.0,5e-09,5e-11,0.85,1.02e-10,1.86e-10,-0.00016,0.3839724354387525,22.0,40,0,0,
102,600.0,14.091966957139045,92.0,300.0,0.06333333333333334,5.285714285714286,5555.0,5e-09,5e-11,0.85,1.02e-10,1.86e-10,-0.00016,0.3839724354387525,22.0,40,0,0,
103,600.0,14.091966957139045,92.0,300.0,0.06333333333333334,5.642857142857143,5555.0,5e-09,5e-11,0.85,1.02e-10,1.86e-10,-0.00016,0.3839724354387525,22.0,40,0,0,
104,600.0,14.091966957139045,92.0,300.0,0.06333333333333334,6.0,5555.0,5e-09,5e-11,0.85,1.02e-10,1.86e-10,-0.00016,0.3839724354387525,22.0,40,0,0,
105,600.0,14.091966957139045,92.0,300.0,0.06555555555555556,1.0,5555.0,5e-09,5e-11,0.85,1.02e-10,1.86e-10,-0.00016,0.3839724354387525,22.0,40,0,0,
106,600.0,14.091966957139045,92.0,300.0,0.06555555555555556,1.3571428571428572,5555.0,5e-09,5e-11,0.85,1.02e-10,1.86e-10,-0.00016,0.3839724354387525,22.0,40,0,0,
107,600.0,14.091966957139045,92.0,300.0,0.06555555555555556,1.7142857142857144,5555.0,5e-09,5e-11,0.85,1.02e-10,1.86e-10,-0.00016,0.3839724354387525,22.0,40,0,0,
108,600.0,14.091966957139045,92.0,300.0,0.06555555555555556,2.071428571428571,5555.0,5e-09,5e-11,0.85,1.02e-10,1.86e-10,-0.00016,0.3839724354387525,22.0,40,0,0,
109,600.0,14.091966957139045,92.0,300.0,0.06555555555555556,2.428571428571429,5555.0,5e-09,5e-11,0.85,1.02e-10,1.86e-10,-0.00016,0.3839724354387525,22.0,40,0,0,
110,600.0,14.091966957139045,92.0,300.0,0.06555555555555556,2.7857142857142856,5555.0,5e-09,5e-11,0.85,1.02e-10,1.86e-10,-0.00016,0.3839724354387525,22.0,40,0,0,
111,600.0,14.091966957139045,92.0,300.0,0.06555555555555556,3.142857142857143,5555.0,5e-09,5e-11,0.85,1.02e-10,1.86e-10,-0.00016,0.3839724354387525,22.0,40,0,0,
112,600.0,14.091966957139045,92.0,300.0,0.06555555555555556,3.5,5555.0,5e-09,5e-11,0.85,1.02e-10,1.86e-10,-0.00016,0.3839724354387525,22.0,40,0,0,
113,600.0,14.091966957139045,92.0,300.0,0.06555555555555556,3.857142857142857,5555.0,5e-09,5e-11,0.85,1.02e-10,1.86e-10,-0.00016,0.3839724354387525,22.0,40,0,0,
114,600.0,14.091966957139045,92.0,300.0,0.06555555555555556,4.214285714285714,5555.0,5e-09,5e-11,0.85,1.02e-10,1.86e-10,-0.00016,0.3839724354387525,22.0,40,0,0,
115,600.0,14.091966957139045,92.0,300.0,0.06555555555555556,4.571428571428571,5555.0,5e-09,5e-11,0.85,1.02e-10,1.86e-10,-0.00016,0.3839724354387525,22.0,40,0,0,
116,600.0,14.091966957139045,92.0,300.0,0.06555555555555556,4.928571428571429,5555.0,5e-09,5e-11,0.85,1.02e-10,1.86e-10,-0.00016,0.3839724354387525,22.0,40,0,0,
117,600.0,14.091966957139045,92.0,300.0,0.06555555555555556,5.285714285714286,5555.0,5e-09,5e-11,0.85,1.02e-10,1.86e-10,-0.00016,0.3839724354387525,22.0,40,0,0,
118,600.0,14.091966957139045,92.0,300.0,0.06555555555555556,5.642857142857143,5555.0,5e-09,5e-11,0.85,1.02e-10,1.86e-10,-0.00016,0.3839724354387525,22.0,40,0,0,
119,600.0,14.091966957139045,92.0,300.0,0.06555555555555556,6.0,5555.0,5e-09,5e-11,0.85,1.02e-10,1.86e-10,-0.00016,0.3839724354387525,22.0,40,0,0,
120,600.0,14.091966957139045,92.0,300.0,0.06777777777777778,1.0,5555.0,5e-09,5e-11,0.85,1.02e-10,1.86e-10,-0.00016,0.3839724354387525,22.0,40,0,0,
121,600.0,14.091966957139045,92.0,300.0,0.06777777777777778,1.3571428571428572,5555.0,5e-09,5e-11,0.85,1.02e-10,1.86e-10,-0.00016,0.3839724354387525,22.0,40,0,0,
122,600.0,14.091966957139045,92.0,300.0,0.06777777777777778,1.7142857142857144,5555.0,5e-09,5e-11,0.85,1.02e-10,1.86e-10,-0.00016,0.3839724354387525,22.0,40,0,0,
123,600.0,14.091966957139045,92.0,300.0,0.06777777777777778,2.071428571428571,5555.0,5e-09,5e-11,0.85,1.02e-10,1.86e-10,-0.00016,0.3839724354387525,22.0,40,0,0,
124,600.0,14.091966957139045,92.0,300.0,0.06777777777777778,2.428571428571429,5555.0,5e-09,5e-11,0.85,1.02e-10,1.86e-10,-0.00016,0.3839724354387525,22.0,40,0,0,
125,600.0,14.091966957139045,92.0,300.0,0.06777777777777778,2.7857142857142856,5555.0,5e-09,5e-11,0.85,1.02e-10,1.86e-10,-0.00016,0.3839724354387525,22.0,40,0,0,
126,600.0,14.091966957139045,92.0,300.0,0.06777777777777778,3.142857142857143,5555.0,5e-09,5e-11,0.85,1.02e-10,1.86e-10,-0.00016,0.3839724354387525,22.0,40,0,0,
127,600.0,14.091966957139045,92.0,300.0,0.06777777777777778,3.5,5555.0,5e-09,5e-11,0.85,1.02e-10,1.86e-10,-0.00016,0.3839724354387525,22.0,40,0,0,
128,600.0,14.091966957139045,92.0,300.0,0.06777777777777778,3.857142857142857,5555.0,5e-09,5e-11,0.85,1.02e-10,1.86e-10,-0.00016,0.3839724354387525,22.0,40,0,0,
129,600.0,14.091966957139045,92.0,300.0,0.06777777777777778,4.214285714285714,5555.0,5e-09,5e-11,0.85,1.02e-10,1.86e-10,-0.00016,0.3839724354387525,22.0,40,0,0,
130,600.0,14.091966957139045,92.0,300.0,0.06777777777777778,4.571428571428571,5555.0,5e-09,5e-11,0.85,1.02e-10,1.86e-10,-0.00016,0.3839724354387525,22.0,40,0,0,
131,600.0,14.091966957139045,92.0,300.0,0.06777777777777778,4.928571428571429,5555.0,5e-09,5e-11,0.85,1.02e-10,1.86e-10,-0.00016,0.3839724354387525,22.0,40,0,0,
132,600.0,14.091966957139045,92.0,300.0,0.06777777777777778,5.285714285714286,5555.0,5e-09,5e-11,0.85,1.02e-10,1.86e-10,-0.00016,0.3839724354387525,22.0,40,0,0,
133,600.0,14.091966957139045,92.0,300.0,0.06777777777777778,5.642857142857143,5555.0,5e-09,5e-11,0.85,1.02e-10,1.86e-10,-0.00016,0.3839724354387525,22.0,40,0,0,
134,600.0,14.091966957139045,92.0,300.0,0.06777777777777778,6.0,5555.0,5e-09,5e-11,0.85,1.02e-10,1.86e-10,-0.00016,0.3839724354387525,22.0,40,0,0,
135,600.0,14.091966957139045,92.0,300.0,0.07,1.0,5555.0,5e-09,5e-11,0.85,1.02e-10,1.86e-10,-0.00016,0.3839724354387525,22.0,40,0,0,
136,600.0,14.091966957139045,92.0,300.0,0.07,1.3571428571428572,5555.0,5e-09,5e-11,0.85,1.02e-10,1.86e-10,-0.00016,0.3839724354387525,22.0,40,0,0,
137,600.0,14.091966957139045,92.0,300.0,0.07,1.7142857142857144,5555.0,5e-09,5e-11,0.85,1.02e-10,1.86e-10,-0.00016,0.3839724354387525,22.0,40,0,0,
138,600.0,14.091966957139045,92.0,300.0,0.07,2.071428571428571,5555.0,5e-09,5e-11,0.85,1.02e-10,1.86e-10,-0.00016,0.3839724354387525,22.0,40,0,0,
139,600.0,14.091966957139045,92.0,300.0,0.07,2.428571428571429,5555.0,5e-09,5e-11,0.85,1.02e-10,1.86e-10,-0.00016,0.3839724354387525,22.0,40,0,0,
140,600.0,14.091966957139045,92.0,300.0,0.07,2.7857142857142856,5555.0,5e-09,5e-11,0.85,1.02e-10,1.86e-10,-0.00016,0.3839724354387525,22.0,40,0,0,
141,600.0,14.091966957139045,92.0,300.0,0.07,3.142857142857143,5555.0,5e-09,5e-11,0.85,1.02e-10,1.86e-10,-0.00016,0.3839724354387525,22.0,40,0,0,
142,600.0,14.091966957139045,92.0,300.0,0.07,3.5,5555.0,5e-09,5e-11,0.85,1.02e-10,1.86e-10,-0.00016,0.3839724354387525,22.0,40,0,0,
143,600.0,14.091966957139045,92.0,300.0,0.07,3.857142857142857,5555.0,5e-09,5e-11,0.85,1.02e-10,1.86e-10,-0.00016,0.3839724354387525,22.0,40,0,0,
144,600.0,14.091966957139045,92.0,300.0,0.07,4.214285714285714,5555.0,5e-09,5e-11,0.85,1.02e-10,1.86e-10,-0.00016,0.3839724354387525,22.0,40,0,0,
145,600.0,14.091966957139045,92.0,300.0,0.07,4.571428571428571,5555.0,5e-09,5e-11,0.85,1.02e-10,1.86e-10,-0.00016,0.3839724354387525,22.0,40,0,0,
146,600.0,14.091966957139045,92.0,300.0,0.07,4.928571428571429,5555.0,5e-09,5e-11,0.85,1.02e-10,1.86e-10,-0.00016,0.3839724354387525,22.0,40,0,0,
147,600.0,14.091966957139045,92.0,300.0,0.07,5.285714285714286,5555.0,5e-09,5e-11,0.85,1.02e-10,1.86e-10,-0.00016,0.3839724354387525,22.0,40,0,0,
148,600.0,14.091966957139045,92.0,300.0,0.07,5.642857142857143,5555.0,5e-09,5e-11,0.85,1.02e-10,1.86e-10,-0.00016,0.3839724354387525,22.0,40,0,0,
149,600.0,14.091966957139045,92.0,300.0,0.07,6.0,5555.0,5e-09,5e-11,0.85,1.02e-10,1.86e-10,-0.00016,0.3839724354387525,22.0,40,0,0,
150,600.0,14.091966957139045,92.0,488.8888888888889,0.05,1.0,5555.0,5e-09,5e-11,0.85,1.02e-10,1.86e-10,-0.00016,0.3839724354387525,22.0,40,0,0,
151,600.0,14.091966957139045,92.0,488.8888888888889,0.05,1.3571428571428572,5555.0,5e-09,5e-11,0.85,1.02e-10,1.86e-10,-0.00016,0.3839724354387525,22.0,40,0,0,
152,600.0,14.091966957139045,92.0,488.8888888888889,0.05,1.7142857142857144,5555.0,5e-09,5e-11,0.85,1.02e-10,1.86e-10,-0.00016,0.3839724354387525,22.0,40,0,0,
153,600.0,14.091966957139045,92.0,488.8888888888889,0.05,2.071428571428571,5555.0,5e-09,5e-11,0.85,1.02e-10,1.86e-10,-0.00016,0.3839724354387525,22.0,40,0,0,
154,600.0,14.091966957139045,92.0,488.8888888888889,0.05,2.428571428571429,5555.0,5e-09,5e-11,0.85,1.02e-10,1.86e-10,-0.00016,0.3839724354387525,22.0,40,0,0,
155,600.0,14.091966957139045,92.0,488.8888888888889,0.05,2.7857142857142856,5555.0,5e-09,5e-11,0.85,1.02e-10,1.86e-10,-0.00016,0.3839724354387525,22.0,40,0,0,
156,600.0,14.091966957139045,92.0,488.8888888888889,0.05,3.142857142857143,5555.0,5e-09,5e-11,0.85,1.02e-10,1.86e-10,-0.00016,0.3839724354387525,22.0,40,0,0,
157,600.0,14.091966957139045,92.0,488.8888888888889,0.05,3.5,5555.0,5e-09,5e-11,0.85,1.02e-10,1.86e-10,-0.00016,0.3839724354387525,22.0,40,0,0,
158,600.0,14.091966957139045,92.0,488.8888888888889,0.05,3.857142857142857,5555.0,5e-09,5e-11,0.85,1.02e-10,1.86e-10,-0.00016,0.3839724354387525,22.0,40,0,0,
159,600.0,14.091966957139045,92.0,488.8888888888889,0.05,4.214285714285714,5555.0,5e-09,5e-11,0.85,1.02e-10,1.86e-10,-0.00016,0.3839724354387525,22.0,40,0,0,
160,600.0,14.091966957139045,92.0,488.8888888888889,0.05,4.571428571428571,5555.0,5e-09,5e-11,0.85,1.02e-10,1.86e-10,-0.00016,0.3839724354387525,22.0,40,0,0,
161,600.0,14.091966957139045,92.0,488.8888888888889,0.05,4.928571428571429,5555.0,5e-09,5e-11,0.85,1.02e-10,1.86e-10,-0.00016,0.3839724354387525,22.0,40,0,0,
162,600.0,14.091966957139045,92.0,488.8888888888889,0.05,5.285714285714286,5555.0,5e-09,5e-11,0.85,1.02e-10,1.86e-10,-0.00016,0.3839724354387525,22.0,40,0,0,
163,600.0,14.091966957139045,92.0,488.8888888888889,0.05,5.642857142857143,5555.0,5e-09,5e-11,0.85,1.02e-10,1.86e-10,-0.00016,0.3839724354387525,22.0,40,0,0,
164,600.0,14.091966957139045,92.0,488.8888888888889,0.05,6.0,5555.0,5e-09,5e-11,0.85,1.02e-10,1.86e-10,-0.00016,0.3839724354387525,22.0,40,0,0,
165,600.0,14.091966957139045,92.0,488.8888888888889,0.052222222222222225,1.0,5555.0,5e-09,5e-11,0.85,1.02e-10,1.86e-10,-0.00016,0.3839724354387525,22.0,40,0,0,
166,600.0,14.091966957139045,92.0,488.8888888888889,0.052222222222222225,1.3571428571428572,5555.0,5e-09,5e-11,0.85,1.02e-10,1.86e-10,-0.00016,0.3839724354387525,22.0,40,0,0,
167,600.0,14.091966957139045,92.0,488.8888888888889,0.052222222222222225,1.7142857142857144,5555.0,5e-09,5e-11,0.85,1.02e-10,1.86e-10,-0.00016,0.3839724354387525,22.0,40,0,0,
168,600.0,14.091966957139045,92.0,488.8888888888889,0.052222222222222225,2.071428571428571,5555.0,5e-09,5e-11,0.85,1.02e-10,1.86e-10,-0.00016,0.3839724354387525,22.0,40,0,0,
169,600.0,14.091966957139045,92.0,488.8888888888889,0.052222222222222225,2.428571428571429,5555.0,5e-09,5e-11,0.85,1.02e-10,1.86e-10,-0.00016,0.3839724354387525,22.0,40,0,0,
170,600.0,14.091966957139045,92.0,488.8888888888889,0.052222222222222225,2.7857142857142856,5555.0,5e-09,5e-11,0.85,1.02e-10,1.86e-10,-0.00016,0.3839724354387525,22.0,40,0,0,
171,600.0,14.091966957139045,92.0,488.8888888888889,0.052222222222222225,3.142857142857143,5555.0,5e-09,5e-11,0.85,1.02e-10,1.86e-10,-0.00016,0.3839724354387525,22.0,40,0,0,
172,600.0,14.091966957139045,92.0,488.8888888888889,0.052222222222222225,3.5,5555.0,5e-09,5e-11,0.85,1.02e-10,1.86e-10,-0.00016,0.3839724354387525,22.0,40,0,0,
173,600.0,14.091966957139045,92.0,488.8888888888889,0.052222222222222225,3.857142857142857,5555.0,5e-09,5e-11,0.85,1.02e-10,1.86e-10,-0.00016,0.3839724354387525,22.0,40,0,0,
174,600.0,14.091966957139045,92.0,488.8888888888889,0.052222222222222225,4.214285714285714,5555.0,5e-09,5e-11,0.85,1.02e-10,1.86e-10,-0.00016,0.3839724354387525,22.0,40,0,0,
175,600.0,14.091966957139045,92.0,488.8888888888889,0.052222222222222225,4.571428571428571,5555.0,5e-09,5e-11,0.85,1.02e-10,1.86e-10,-0.00016,0.3839724354387525,22.0,40,0,0,
176,600.0,14.091966957139045,92.0,488.8888888888889,0.052222222222222225,4.928571428571429,5555.0,5e-09,5e-11,0.85,1.02e-10,1.86e-10,-0.00016,0.3839724354387525,22.0,40,0,0,
177,600.0,14.091966957139045,92.0,488.8888888888889,0.052222222222222225,5.285714285714286,5555.0,5e-09,5e-11,0.85,1.02e-10,1.86e-10,-0.00016,0.3839724354387525,22.0,40,0,0,
178,600.0,14.091966957139045,92.0,488.8888888888889,0.052222222222222225,5.642857142857143,5555.0,5e-09,5e-11,0.85,1.02e-10,1.86e-10,-0.00016,0.3839724354387525,22.0,40,0,0,
179,600.0,14.091966957139045,92.0,488.8888888888889,0.052222222222222225,6.0,5555.0,5e-09,5e-11,0.85,1.02e-10,1.86e-10,-0.00016,0.3839724354387525,22.0,40,0,0,
180,600.0,14.091966957139045,92.0,488.8888888888889,0.05444444444444445,1.0,5555.0,5e-09,5e-11,0.85,1.02e-10,1.86e-10,-0.00016,0.3839724354387525,22.0,40,0,0,
181,600.0,14.091966957139045,92.0,488.8888888888889,0.05444444444444445,1.3571428571428572,5555.0,5e-09,5e-11,0.85,1.02e-10,1.86e-10,-0.00016,0.3839724354387525,22.0,40,0,0,
182,600.0,14.091966957139045,92.0,488.8888888888889,0.05444444444444445,1.7142857142857144,5555.0,5e-09,5e-11,0.85,1.02e-10,1.86e-10,-0.00016,0.3839724354387525,22.0,40,0,0,
183,600.0,14.091966957139045,92.0,488.8888888888889,0.05444444444444445,2.071428571428571,5555.0,5e-09,5e-11,0.85,1.02e-10,1.86e-10,-0.00016,0.3839724354387525,22.0,40,0,0,
184,600.0,14.091966957139045,92.0,488.8888888888889,0.05444444444444445,2.428571428571429,5555.0,5e-09,5e-11,0.85,1.02e-10,1.86e-10,-0.00016,0.3839724354387525,22.0,40,0,0,
185,600.0,14.091966957139045,92.0,488.8888888888889,0.05444444444444445,2.7857142857142856,5555.0,5e-09,5e-11,0.85,1.02e-10,1.86e-10,-0.00016,0.3839724354387525,22.0,40,0,0,
186,600.0,14.091966957139045,92.0,488.8888888888889,0.05444444444444445,3.142857142857143,5555.0,5e-09,5e-11,0.85,1.02e-10,1.86e-10,-0.00016,0.3839724354387525,22.0,40,0,0,
187,600.0,14.091966957139045,92.0,488.8888888888889,0.05444444444444445,3.5,5555.0,5e-09,5e-11,0.85,1.02e-10,1.86e-10,-0.00016,0.3839724354387525,22.0,40,0,0,
188,600.0,14.091966957139045,92.0,488.8888888888889,0.05444444444444445,3.857142857142857,5555.0,5e-09,5e-11,0.85,1.02e-10,1.86e-10,-0.00016,0.3839724354387525,22.0,40,0,0,
189,600.0,14.091966957139045,92.0,488.8888888888889,0.05444444444444445,4.214285714285714,5555.0,5e-09,5e-11,0.85,1.02e-10,1.86e-10,-0.00016,0.3839724354387525,22.0,40,0,0,
190,600.0,14.091966957139045,92.0,488.8888888888889,0.05444444444444445,4.571428571428571,5555.0,5e-09,5e-11,0.85,1.02e-10,1.86e-10,-0.00016,0.3839724354387525,22.0,40,0,0,
191,600.0,14.091966957139045,92.0,488.8888888888889,0.05444444444444445,4.928571428571429,5555.0,5e-09,5e-11,0.85,1.02e-10,1.86e-10,-0.00016,0.3839724354387525,22.0,40,0,0,
192,600.0,14.091966957139045,92.0,488.8888888888889,0.05444444444444445,5.285714285714286,5555.0,5e-09,5e-11,0.85,1.02e-10,1.86e-10,-0.00016,0.3839724354387525,22.0,40,0,0,
193,600.0,14.091966957139045,92.0,488.8888888888889,0.05444444444444445,5.642857142857143,5555.0,5e-09,5e-11,0.85,1.02e-10,1.86e-10,-0.00016,0.3839724354387525,22.0,40,0,0,
194,600.0,14.091966957139045,92.0,488.8888888888889,0.05444444444444445,6.0,5555.0,5e-09,5e-11,0.85,1.02e-10,1.86e-10,-0.00016,0.3839724354387525,22.0,40,0,0,
195,600.0,14.091966957139045,92.0,488.8888888888889,0.05666666666666667,1.0,5555.0,5e-09,5e-11,0.85,1.02e-10,1.86e-10,-0.00016,0.3839724354387525,22.0,40,0,0,
196,600.0,14.091966957139045,92.0,488.8888888888889,0.05666666666666667,1.3571428571428572,5555.0,5e-09,5e-11,0.85,1.02e-10,1.86e-10,-0.00016,0.3839724354387525,22.0,40,0,0,
197,600.0,14.091966957139045,92.0,488.8888888888889,0.05666666666666667,1.7142857142857144,5555.0,5e-09,5e-11,0.85,1.02e-10,1.86e-10,-0.00016,0.3839724354387525,22.0,40,0,0,
198,600.0,14.091966957139045,92.0,488.8888888888889,0.05666666666666667,2.071428571428571,5555.0,5e-09,5e-11,0.85,1.02e-10,1.86e-10,-0.00016,0.3839724354387525,22.0,40,0,0,
199,600.0,14.091966957139045,92.0,488.8888888888889,0.05666666666666667,2.428571428571429,5555.0,5e-09,5e-11,0.85,1.02e-10,1.86e-10,-0.00016,0.3839724354387525,22.0,40,0,0,
200,600.0,14.091966957139045,92.0,488.8888888888889,0.05666666666666667,2.7857142857142856,5555.0,5e-09,5e-11,0.85,1.02e-10,1.86e-10,-0.00016,0.3839724354387525,22.0,40,0,0,
201,600.0,14.091966957139045,92.0,488.8888888888889,0.05666666666666667,3.142857142857143,5555.0,5e-09,5e-11,0.85,1.02e-10,1.86e-10,-0.00016,0.3839724354387525,22.0,40,0,0,
202,600.0,14.091966957139045,92.0,488.8888888888889,0.05666666666666667,3.5,5555.0,5e-09,5e-11,0.85,1.02e-10,1.86e-10,-0.00016,0.3839724354387525,22.0,40,0,0,
203,600.0,14.091966957139045,92.0,488.8888888888889,0.05666666666666667,3.857142857142857,5555.0,5e-09,5e-11,0.85,1.02e-10,1.86e-10,-0.00016,0.3839724354387525,22.0,40,0,0,
204,600.0,14.091966957139045,92.0,488.8888888888889,0.05666666666666667,4.214285714285714,5555.0,5e-09,5e-11,0.85,1.02e-10,1.86e-10,-0.00016,0.3839724354387525,22.0,40,0,0,
205,600.0,14.091966957139045,92.0,488.8888888888889,0.05666666666666667,4.571428571428571,5555.0,5e-09,5e-11,0.85,1.02e-10,1.86e-10,-0.00016,0.3839724354387525,22.0,40,0,0,
206,600.0,14.091966957139045,92.0,488.8888888888889,0.05666666666666667,4.928571428571429,5555.0,5e-09,5e-11,0.85,1.02e-10,1.86e-10,-0.00016,0.3839724354387525,22.0,40,0,0,
207,600.0,14.091966957139045,92.0,488.8888888888889,0.05666666666666667,5.285714285714286,5555.0,5e-09,5e-11,0.85,1.02e-10,1.86e-10,-0.00016,0.3839724354387525,22.0,40,0,0,
208,600.0,14.091966957139045,92.0,488.8888888888889,0.05666666666666667,5.642857142857143,5555.0,5e-09,5e-11,0.85,1.02e-10,1.86e-10,-0.00016,0.3839724354387525,22.0,40,0,0,
209,600.0,14.091966957139045,92.0,488.8888888888889,0.05666666666666667,6.0,5555.0,5e-09,5e-11,0.85,1.02e-10,1.86e-10,-0.00016,0.3839724354387525,22.0,40,0,0,
210,600.0,14.091966957139045,92.0,488.8888888888889,0.05888888888888889,1.0,5555.0,5e-09,5e-11,0.85,1.02e-10,1.86e-10,-0.00016,0.3839724354387525,22.0,40,0,0,
211,600.0,14.091966957139045,92.0,488.8888888888889,0.05888888888888889,1.3571428571428572,5555.0,5e-09,5e-11,0.85,1.02e-10,1.86e-10,-0.00016,0.3839724354387525,22.0,40,0,0,
212,600.0,14.091966957139045,92.0,488.8888888888889,0.05888888888888889,1.7142857142857144,5555.0,5e-09,5e-11,0.85,1.02e-10,1.86e-10,-0.00016,0.3839724354387525,22.0,40,0,0,
213,600.0,14.091966957139045,92.0,488.8888888888889,0.05888888888888889,2.071428571428571,5555.0,5e-09,5e-11,0.85,1.02e-10,1.86e-10,-0.00016,0.3839724354387525,22.0,40,0,0,
214,600.0,14.091966957139045,92.0,488.8888888888889,0.05888888888888889,2.428571428571429,5555.0,5e-09,5e-11,0.85,1.02e-10,1.86e-10,-0.00016,0.3839724354387525,22.0,40,0,0,
215,600.0,14.091966957139045,92.0,488.8888888888889,0.05888888888888889,2.7857142857142856,5555.0,5e-09,5e-11,0.85,1.02e-10,1.86e-10,-0.00016,0.3839724354387525,22.0,40,0,0,
216,600.0,14.091966957139045,92.0,488.8888888888889,0.05888888888888889,3.142857142857143,5555.0,5e-09,5e-11,0.85,1.02e-10,1.86e-10,-0.00016,0.3839724354387525,22.0,40,0,0,
217,600.0,14.091966957139045,92.0,488.8888888888889,0.05888888888888889,3.5,5555.0,5e-09,5e-11,0.85,1.02e-10,1.86e-10,-0.00016,0.3839724354387525,22.0,40,0,0,
218,600.0,14.091966957139045,92.0,488.8888888888889,0.05888888888888889,3.857142857142857,5555.0,5e-09,5e-11,0.85,1.02e-10,1.86e-10,-0.00016,0.3839724354387525,22.0,40,0,0,
219,600.0,14.091966957139045,92.0,488.8888888888889,0.05888888888888889,4.214285714285714,5555.0,5e-09,5e-11,0.85,1.02e-10,1.86e-10,-0.00016,0.3839724354387525,22.0,40,0,0,
220,600.0,14.091966957139045,92.0,488.8888888888889,0.05888888888888889,4.571428571428571,5555.0,5e-09,5e-11,0.85,1.02e-10,1.86e-10,-0.00016,0.3839724354387525,22.0,40,0,0,
221,600.0,14.091966957139045,92.0,488.8888888888889,0.05888888888888889,4.928571428571429,5555.0,5e-09,5e-11,0.85,1.02e-10,1.86e-10,-0.00016,0.3839724354387525,22.0,40,0,0,
222,600.0,14.091966957139045,92.0,488.8888888888889,0.05888888888888889,5.285714285714286,5555.0,5e-09,5e-11,0.85,1.02e-10,1.86e-10,-0.00016,0.3839724354387525,22.0,40,0,0,
223,600.0,14.091966957139045,92.0,488.8888888888889,0.05888888888888889,5.642857142857143,5555.0,5e-09,5e-11,0.85,1.02e-10,1.86e-10,-0.00016,0.3839724354387525,22.0,40,0,0,
224,600.0,14.091966957139045,92.0,488.8888888888889,0.05888888888888889,6.0,5555.0,5e-09,5e-11,0.85,1.02e-10,1.86e-10,-0.00016,0.3839724354387525,22.0,40,0,0,
225,600.0,14.091966957139045,92.0,488.8888888888889,0.061111111111111116,1.0,5555.0,5e-09,5e-11,0.85,1.02e-10,1.86e-10,-0.00016,0.3839724354387525,22.0,40,0,0,
226,600.0,14.091966957139045,92.0,488.8888888888889,0.061111111111111116,1.3571428571428572,5555.0,5e-09,5e-11,0.85,1.02e-10,1.86e-10,-0.00016,0.3839724354387525,22.0,40,0,0,
227,600.0,14.091966957139045,92.0,488.8888888888889,0.061111111111111116,1.7142857142857144,5555.0,5e-09,5e-11,0.85,1.02e-10,1.86e-10,-0.00016,0.3839724354387525,22.0,40,0,0,
228,600.0,14.091966957139045,92.0,488.8888888888889,0.061111111111111116,2.071428571428571,5555.0,5e-09,5e-11,0.85,1.02e-10,1.86e-10,-0.00016,0.3839724354387525,22.0,40,0,0,
229,600.0,14.091966957139045,92.0,488.8888888888889,0.061111111111111116,2.428571428571429,5555.0,5e-09,5e-11,0.85,1.02e-10,1.86e-10,-0.00016,0.3839724354387525,22.0,40,0,0,
230,600.0,14.091966957139045,92.0,488.8888888888889,0.061111111111111116,2.7857142857142856,5555.0,5e-09,5e-11,0.85,1.02e-10,1.86e-10,-0.00016,0.3839724354387525,22.0,40,0,0,
231,600.0,14.091966957139045,92.0,488.8888888888889,0.061111111111111116,3.142857142857143,5555.0,5e-09,5e-11,0.85,1.02e-10,1.86e-10,-0.00016,0.3839724354387525,22.0,40,0,0,
232,600.0,14.091966957139045,92.0,488.8888888888889,0.061111111111111116,3.5,5555.0,5e-09,5e-11,0.85,1.02e-10,1.86e-10,-0.00016,0.3839724354387525,22.0,40,0,0,
233,600.0,14.091966957139045,92.0,488.8888888888889,0.061111111111111116,3.857142857142857,5555.0,5e-09,5e-11,0.85,1.02e-10,1.86e-10,-0.00016,0.3839724354387525,22.0,40,0,0,
234,600.0,14.091966957139045,92.0,488.8888888888889,0.061111111111111116,4.214285714285714,5555.0,5e-09,5e-11,0.85,1.02e-10,1.86e-10,-0.00016,0.3839724354387525,22.0,40,0,0,
235,600.0,14.091966957139045,92.0,488.8888888888889,0.061111111111111116,4.571428571428571,5555.0,5e-09,5e-11,0.85,1.02e-10,1.86e-10,-0.00016,0.3839724354387525,22.0,40,0,0,
236,600.0,14.091966957139045,92.0,488.8888888888889,0.061111111111111116,4.928571428571429,5555.0,5e-09,5e-11,0.85,1.02e-10,1.86e-10,-0.00016,0.3839724354387525,22.0,40,0,0,
237,600.0,14.091966957139045,92.0,488.8888888888889,0.061111111111111116,5.285714285714286,5555.0,5e-09,5e-11,0.85,1.02e-10,1.86e-10,-0.00016,0.3839724354387525,22.0,40,0,0,
238,600.0,14.091966957139045,92.0,488.8888888888889,0.061111111111111116,5.642857142857143,5555.0,5e-09,5e-11,0.85,1.02e-10,1.86e-10,-0.00016,0.3839724354387525,22.0,40,0,0,
239,600.0,14.091966957139045,92.0,488.8888888888889,0.061111111111111116,6.0,5555.0,5e-09,5e-11,0.85,1.02e-10,1.86e-10,-0.00016,0.3839724354387525,22.0,40,0,0,
240,600.0,14.091966957139045,92.0,488.8888888888889,0.06333333333333334,1.0,5555.0,5e-09,5e-11,0.85,1.02e-10,1.86e-10,-0.00016,0.3839724354387525,22.0,40,0,0,
241,600.0,14.091966957139045,92.0,488.8888888888889,0.06333333333333334,1.3571428571428572,5555.0,5e-09,5e-11,0.85,1.02e-10,1.86e-10,-0.00016,0.3839724354387525,22.0,40,0,0,
242,600.0,14.091966957139045,92.0,488.8888888888889,0.06333333333333334,1.7142857142857144,5555.0,5e-09,5e-11,0.85,1.02e-10,1.86e-10,-0.00016,0.3839724354387525,22.0,40,0,0,
243,600.0,14.091966957139045,92.0,488.8888888888889,0.06333333333333334,2.071428571428571,5555.0,5e-09,5e-11,0.85,1.02e-10,1.86e-10,-0.00016,0.3839724354387525,22.0,40,0,0,
244,600.0,14.091966957139045,92.0,488.8888888888889,0.06333333333333334,2.428571428571429,5555.0,5e-09,5e-11,0.85,1.02e-10,1.86e-10,-0.00016,0.3839724354387525,22.0,40,0,0,
245,600.0,14.091966957139045,92.0,488.8888888888889,0.06333333333333334,2.7857142857142856,5555.0,5e-09,5e-11,0.85,1.02e-10,1.86e-10,-0.00016,0.3839724354387525,22.0,40,0,0,
246,600.0,14.091966957139045,92.0,488.8888888888889,0.06333333333333334,3.142857142857143,5555.0,5e-09,5e-11,0.85,1.02e-10,1.86e-10,-0.00016,0.3839724354387525,22.0,40,0,0,
247,600.0,14.091966957139045,92.0,488.8888888888889,0.06333333333333334,3.5,5555.0,5e-09,5e-11,0.85,1.02e-10,1.86e-10,-0.00016,0.3839724354387525,22.0,40,0,0,
248,600.0,14.091966957139045,92.0,488.8888888888889,0.06333333333333334,3.857142857142857,5555.0,5e-09,5e-11,0.85,1.02e-10,1.86e-10,-0.00016,0.3839724354387525,22.0,40,0,0,
249,600.0,14.091966957139045,92.0,488.8888888888889,0.06333333333333334,4.214285714285714,5555.0,5e-09,5e-11,0.85,1.02e-10,1.86e-10,-0.00016,0.3839724354387525,22.0,40,0,0,
250,600.0,14.091966957139045,92.0,488.8888888888889,0.06333333333333334,4.571428571428571,5555.0,5e-09,5e-11,0.85,1.02e-10,1.86e-10,-0.00016,0.3839724354387525,22.0,40,0,0,
251,600.0,14.091966957139045,92.0,488.8888888888889,0.06333333333333334,4.928571428571429,5555.0,5e-09,5e-11,0.85,1.02e-10,1.86e-10,-0.00016,0.3839724354387525,22.0,40,0,0,
252,600.0,14.091966957139045,92.0,488.8888888888889,0.06333333333333334,5.285714285714286,5555.0,5e-09,5e-11,0.85,1.02e-10,1.86e-10,-0.00016,0.3839724354387525,22.0,40,0,0,
253,600.0,14.091966957139045,92.0,488.8888888888889,0.06333333333333334,5.642857142857143,5555.0,5e-09,5e-11,0.85,1.02e-10,1.86e-10,-0.00016,0.3839724354387525,22.0,40,0,0,
254,600.0,14.091966957139045,92.0,488.8888888888889,0.06333333333333334,6.0,5555.0,5e-09,5e-11,0.85,1.02e-10,1.86e-10,-0.00016,0.3839724354387525,22.0,40,0,0,
255,600.0,14.091966957139045,92.0,488.8888888888889,0.06555555555555556,1.0,5555.0,5e-09,5e-11,0.85,1.02e-10,1.86e-10,-0.00016,0.3839724354387525,22.0,40,0,0,
256,600.0,14.091966957139045,92.0,488.8888888888889,0.06555555555555556,1.3571428571428572,5555.0,5e-09,5e-11,0.85,1.02e-10,1.86e-10,-0.00016,0.3839724354387525,22.0,40,0,0,
257,600.0,14.091966957139045,92.0,488.8888888888889,0.06555555555555556,1.7142857142857144,5555.0,5e-09,5e-11,0.85,1.02e-10,1.86e-10,-0.00016,0.3839724354387525,22.0,40,0,0,
258,600.0,14.091966957139045,92.0,488.8888888888889,0.06555555555555556,2.071428571428571,5555.0,5e-09,5e-11,0.85,1.02e-10,1.86e-10,-0.00016,0.3839724354387525,22.0,40,0,0,
259,600.0,14.091966957139045,92.0,488.8888888888889,0.06555555555555556,2.428571428571429,5555.0,5e-09,5e-11,0.85,1.02e-10,1.86e-10,-0.00016,0.3839724354387525,22.0,40,0,0,
260,600.0,14.091966957139045,92.0,488.8888888888889,0.06555555555555556,2.7857142857142856,5555.0,5e-09,5e-11,0.85,1.02e-10,1.86e-10,-0.00016,0.3839724354387525,22.0,40,0,0,
261,600.0,14.091966957139045,92.0,488.8888888888889,0.06555555555555556,3.142857142857143,5555.0,5e-09,5e-11,0.85,1.02e-10,1.86e-10,-0.00016,0.3839724354387525,22.0,40,0,0,
262,600.0,14.091966957139045,92.0,488.8888888888889,0.06555555555555556,3.5,5555.0,5e-09,5e-11,0.85,1.02e-10,1.86e-10,-0.00016,0.3839724354387525,22.0,40,0,0,
263,600.0,14.091966957139045,92.0,488.8888888888889,0.06555555555555556,3.857142857142857,5555.0,5e-09,5e-11,0.85,1.02e-10,1.86e-10,-0.00016,0.3839724354387525,22.0,40,0,0,
264,600.0,14.091966957139045,92.0,488.8888888888889,0.06555555555555556,4.214285714285714,5555.0,5e-09,5e-11,0.85,1.02e-10,1.86e-10,-0.00016,0.3839724354387525,22.0,40,0,0,
265,600.0,14.091966957139045,92.0,488.8888888888889,0.06555555555555556,4.571428571428571,5555.0,5e-09,5e-11,0.85,1.02e-10,1.86e-10,-0.00016,0.3839724354387525,22.0,40,0,0,
266,600.0,14.091966957139045,92.0,488.8888888888889,0.06555555555555556,4.928571428571429,5555.0,5e-09,5e-11,0.85,1.02e-10,1.86e-10,-0.00016,0.3839724354387525,22.0,40,0,0,
267,600.0,14.091966957139045,92.0,488.8888888888889,0.06555555555555556,5.285714285714286,5555.0,5e-09,5e-11,0.85,1.02e-10,1.86e-10,-0.00016,0.3839724354387525,22.0,40,0,0,
268,600.0,14.091966957139045,92.0,488.8888888888889,0.06555555555555556,5.642857142857143,5555.0,5e-09,5e-11,0.85,1.02e-10,1.86e-10,-0.00016,0.3839724354387525,22.0,40,0,0,
269,600.0,14.091966957139045,92.0,488.8888888888889,0.06555555555555556,6.0,5555.0,5e-09,5e-11,0.85,1.02e-10,1.86e-10,-0.00016,0.3839724354387525,22.0,40,0,0,
270,600.0,14.091966957139045,92.0,488.8888888888889,0.06777777777777778,1.0,5555.0,5e-09,5e-11,0.85,1.02e-10,1.86e-10,-0.00016,0.3839724354387525,22.0,40,0,0,
271,600.0,14.091966957139045,92.0,488.8888888888889,0.06777777777777778,1.3571428571428572,5555.0,5e-09,5e-11,0.85,1.02e-10,1.86e-10,-0.00016,0.3839724354387525,22.0,40,0,0,
272,600.0,14.091966957139045,92.0,488.8888888888889,0.06777777777777778,1.7142857142857144,5555.0,5e-09,5e-11,0.85,1.02e-10,1.86e-10,-0.00016,0.3839724354387525,22.0,40,0,0,
273,600.0,14.091966957139045,92.0,488.8888888888889,0.06777777777777778,2.071428571428571,5555.0,5e-09,5e-11,0.85,1.02e-10,1.86e-10,-0.00016,0.3839724354387525,22.0,40,0,0,
274,600.0,14.091966957139045,92.0,488.8888888888889,0.06777777777777778,2.428571428571429,5555.0,5e-09,5e-11,0.85,1.02e-10,1.86e-10,-0.00016,0.3839724354387525,22.0,40,0,0,
275,600.0,14.091966957139045,92.0,488.8888888888889,0.06777777777777778,2.7857142857142856,5555.0,5e-09,5e-11,0.85,1.02e-10,1.86e-10,-0.00016,0.3839724354387525,22.0,40,0,0,
276,600.0,14.091966957139045,92.0,488.8888888888889,0.06777777777777778,3.142857142857143,5555.0,5e-09,5e-11,0.85,1.02e-10,1.86e-10,-0.00016,0.3839724354387525,22.0,40,0,0,
277,600.0,14.091966957139045,92.0,488.8888888888889,0.06777777777777778,3.5,5555.0,5e-09,5e-11,0.85,1.02e-10,1.86e-10,-0.00016,0.3839724354387525,22.0,40,0,0,
278,600.0,14.091966957139045,92.0,488.8888888888889,0.06777777777777778,3.857142857142857,5555.0,5e-09,5e-11,0.85,1.02e-10,1.86e-10,-0.00016,0.3839724354387525,22.0,40,0,0,
279,600.0,14.091966957139045,92.0,488.8888888888889,0.06777777777777778,4.214285714285714,5555.0,5e-09,5e-11,0.85,1.02e-10,1.86e-10,-0.00016,0.3839724354387525,22.0,40,0,0,
280,600.0,14.091966957139045,92.0,488.8888888888889,0.06777777777777778,4.571428571428571,5555.0,5e-09,5e-11,0.85,1.02e-10,1.86e-10,-0.00016,0.3839724354387525,22.0,40,0,0,
281,600.0,14.091966957139045,92.0,488.8888888888889,0.06777777777777778,4.928571428571429,5555.0,5e-09,5e-11,0.85,1.02e-10,1.86e-10,-0.00016,0.3839724354387525,22.0,40,0,0,
282,600.0,14.091966957139045,92.0,488.8888888888889,0.06777777777777778,5.285714285714286,5555.0,5e-09,5e-11,0.85,1.02e-10,1.86e-10,-0.00016,0.3839724354387525,22.0,40,0,0,
283,600.0,14.091966957139045,92.0,488.8888888888889,0.06777777777777778,5.642857142857143,5555.0,5e-09,5e-11,0.85,1.02e-10,1.86e-10,-0.00016,0.3839724354387525,22.0,40,0,0,
284,600.0,14.091966957139045,92.0,488.8888888888889,0.06777777777777778,6.0,5555.0,5e-09,5e-11,0.85,1.02e-10,1.86e-10,-0.00016,0.3839724354387525,22.0,40,0,0,
285,600.0,14.091966957139045,92.0,488.8888888888889,0.07,1.0,5555.0,5e-09,5e-11,0.85,1.02e-10,1.86e-10,-0.00016,0.3839724354387525,22.0,40,0,0,
286,600.0,14.091966957139045,92.0,488.8888888888889,0.07,1.3571428571428572,5555.0,5e-09,5e-11,0.85,1.02e-10,1.86e-10,-0.00016,0.3839724354387525,22.0,40,0,0,
287,600.0,14.091966957139045,92.0,488.8888888888889,0.07,1.7142857142857144,5555.0,5e-09,5e-11,0.85,1.02e-10,1.86e-10,-0.00016,0.3839724354387525,22.0,40,0,0,
288,600.0,14.091966957139045,92.0,488.8888888888889,0.07,2.071428571428571,5555.0,5e-09,5e-11,0.85,1.02e-10,1.86e-10,-0.00016,0.3839724354387525,22.0,40,0,0,
289,600.0,14.091966957139045,92.0,488.8888888888889,0.07,2.428571428571429,5555.0,5e-09,5e-11,0.85,1.02e-10,1.86e-10,-0.00016,0.3839724354387525,22.0,40,0,0,
290,600.0,14.091966957139045,92.0,488.8888888888889,0.07,2.7857142857142856,5555.0,5e-09,5e-11,0.85,1.02e-10,1.86e-10,-0.00016,0.3839724354387525,22.0,40,0,0,
291,600.0,14.091966957139045,92.0,488.8888888888889,0.07,3.142857142857143,5555.0,5e-09,5e-11,0.85,1.02e-10,1.86e-10,-0.00016,0.3839724354387525,22.0,40,0,0,
292,600.0,14.091966957139045,92.0,488.8888888888889,0.07,3.5,5555.0,5e-09,5e-11,0.85,1.02e-10,1.86e-10,-0.00016,0.3839724354387525,22.0,40,0,0,
293,600.0,14.091966957139045,92.0,488.8888888888889,0.07,3.857142857142857,5555.0,5e-09,5e-11,0.85,1.02e-10,1.86e-10,-0.00016,0.3839724354387525,22.0,40,0,0,
294,600.0,14.091966957139045,92.0,488.8888888888889,0.07,4.214285714285714,5555.0,5e-09,5e-11,0.85,1.02e-10,1.86e-10,-0.00016,0.3839724354387525,22.0,40,0,0,
295,600.0,14.091966957139045,92.0,488.8888888888889,0.07,4.571428571428571,5555.0,5e-09,5e-11,0.85,1.02e-10,1.86e-10,-0.00016,0.3839724354387525,22.0,40,0,0,
296,600.0,14.091966957139045,92.0,488.8888888888889,0.07,4.928571428571429,5555.0,5e-09,5e-11,0.85,1.02e-10,1.86e-10,-0.00016,0.3839724354387525,22.0,40,0,0,
297,600.0,14.091966957139045,92.0,488.8888888888889,0.07,5.285714285714286,5555.0,5e-09,5e-11,0.85,1.02e-10,1.86e-10,-0.00016,0.3839724354387525,22.0,40,0,0,
298,600.0,14.091966957139045,92.0,488.8888888888889,0.07,5.642857142857143,5555.0,5e-09,5e-11,0.85,1.02e-10,1.86e-10,-0.00016,0.3839724354387525,22.0,40,0,0,
299,600.0,14.091966957139045,92.0,488.8888888888889,0.07,6.0,5555.0,5e-09,5e-11,0.85,1.02e-10,1.86e-10,-0.00016,0.3839724354387525,22.0,40,0,0,
300,600.0,14.091966957139045,92.0,677.7777777777778,0.05,1.0,5555.0,5e-09,5e-11,0.85,1.02e-10,1.86e-10,-0.00016,0.3839724354387525,22.0,40,0,0,
301,600.0,14.091966957139045,92.0,677.7777777777778,0.05,1.3571428571428572,5555.0,5e-09,5e-11,0.85,1.02e-10,1.86e-10,-0.00016,0.3839724354387525,22.0,40,0,0,
302,600.0,14.091966957139045,92.0,677.7777777777778,0.05,1.7142857142857144,5555.0,5e-09,5e-11,0.85,1.02e-10,1.86e-10,-0.00016,0.3839724354387525,22.0,40,0,0,
303,600.0,14.091966957139045,92.0,677.7777777777778,0.05,2.071428571428571,5555.0,5e-09,5e-11,0.85,1.02e-10,1.86e-10,-0.00016,0.3839724354387525,22.0,40,0,0,
304,600.0,14.091966957139045,92.0,677.7777777777778,0.05,2.428571428571429,5555.0,5e-09,5e-11,0.85,1.02e-10,1.86e-10,-0.00016,0.3839724354387525,22.0,40,0,0,
305,600.0,14.091966957139045,92.0,677.7777777777778,0.05,2.7857142857142856,5555.0,5e-09,5e-11,0.85,1.02e-10,1.86e-10,-0.00016,0.3839724354387525,22.0,40,0,0,
306,600.0,14.091966957139045,92.0,677.7777777777778,0.05,3.142857142857143,5555.0,5e-09,5e-11,0.85,1.02e-10,1.86e-10,-0.00016,0.3839724354387525,22.0,40,0,0,
307,600.0,14.091966957139045,92.0,677.7777777777778,0.05,3.5,5555.0,5e-09,5e-11,0.85,1.02e-10,1.86e-10,-0.00016,0.3839724354387525,22.0,40,0,0,
308,600.0,14.091966957139045,92.0,677.7777777777778,0.05,3.857142857142857,5555.0,5e-09,5e-11,0.85,1.02e-10,1.86e-10,-0.00016,0.3839724354387525,22.0,40,0,0,
309,600.0,14.091966957139045,92.0,677.7777777777778,0.05,4.214285714285714,5555.0,5e-09,5e-11,0.85,1.02e-10,1.86e-10,-0.00016,0.3839724354387525,22.0,40,0,0,
310,600.0,14.091966957139045,92.0,677.7777777777778,0.05,4.571428571428571,5555.0,5e-09,5e-11,0.85,1.02e-10,1.86e-10,-0.00016,0.3839724354387525,22.0,40,0,0,
311,600.0,14.091966957139045,92.0,677.7777777777778,0.05,4.928571428571429,5555.0,5e-09,5e-11,0.85,1.02e-10,1.86e-10,-0.00016,0.3839724354387525,22.0,40,0,0,
312,600.0,14.091966957139045,92.0,677.7777777777778,0.05,5.285714285714286,5555.0,5e-09,5e-11,0.85,1.02e-10,1.86e-10,-0.00016,0.3839724354387525,22.0,40,0,0,
313,600.0,14.091966957139045,92.0,677.7777777777778,0.05,5.642857142857143,5555.0,5e-09,5e-11,0.85,1.02e-10,1.86e-10,-0.00016,0.3839724354387525,22.0,40,0,0,
314,600.0,14.091966957139045,92.0,677.7777777777778,0.05,6.0,5555.0,5e-09,5e-11,0.85,1.02e-10,1.86e-10,-0.00016,0.3839724354387525,22.0,40,0,0,
315,600.0,14.091966957139045,92.0,677.7777777777778,0.052222222222222225,1.0,5555.0,5e-09,5e-11,0.85,1.02e-10,1.86e-10,-0.00016,0.3839724354387525,22.0,40,0,0,
316,600.0,14.091966957139045,92.0,677.7777777777778,0.052222222222222225,1.3571428571428572,5555.0,5e-09,5e-11,0.85,1.02e-10,1.86e-10,-0.00016,0.3839724354387525,22.0,40,0,0,
317,600.0,14.091966957139045,92.0,677.7777777777778,0.052222222222222225,1.7142857142857144,5555.0,5e-09,5e-11,0.85,1.02e-10,1.86e-10,-0.00016,0.3839724354387525,22.0,40,0,0,
318,600.0,14.091966957139045,92.0,677.7777777777778,0.052222222222222225,2.071428571428571,5555.0,5e-09,5e-11,0.85,1.02e-10,1.86e-10,-0.00016,0.3839724354387525,22.0,40,0,0,
319,600.0,14.091966957139045,92.0,677.7777777777778,0.052222222222222225,2.428571428571429,5555.0,5e-09,5e-11,0.85,1.02e-10,1.86e-10,-0.00016,0.3839724354387525,22.0,40,0,0,
320,600.0,14.091966957139045,92.0,677.7777777777778,0.052222222222222225,2.7857142857142856,5555.0,5e-09,5e-11,0.85,1.02e-10,1.86e-10,-0.00016,0.3839724354387525,22.0,40,0,0,
321,600.0,14.091966957139045,92.0,677.7777777777778,0.052222222222222225,3.142857142857143,5555.0,5e-09,5e-11,0.85,1.02e-10,1.86e-10,-0.00016,0.3839724354387525,22.0,40,0,0,
322,600.0,14.091966957139045,92.0,677.7777777777778,0.052222222222222225,3.5,5555.0,5e-09,5e-11,0.85,1.02e-10,1.86e-10,-0.00016,0.3839724354387525,22.0,40,0,0,
323,600.0,14.091966957139045,92.0,677.7777777777778,0.052222222222222225,3.857142857142857,5555.0,5e-09,5e-11,0.85,1.02e-10,1.86e-10,-0.00016,0.3839724354387525,22.0,40,0,0,
324,600.0,14.091966957139045,92.0,677.7777777777778,0.052222222222222225,4.214285714285714,5555.0,5e-09,5e-11,0.85,1.02e-10,1.86e-10,-0.00016,0.3839724354387525,22.0,40,0,0,
325,600.0,14.091966957139045,92.0,677.7777777777778,0.052222222222222225,4.571428571428571,5555.0,5e-09,5e-11,0.85,1.02e-10,1.86e-10,-0.00016,0.3839724354387525,22.0,40,0,0,
326,600.0,14.091966957139045,92.0,677.7777777777778,0.052222222222222225,4.928571428571429,5555.0,5e-09,5e-11,0.85,1.02e-10,1.86e-10,-0.00016,0.3839724354387525,22.0,40,0,0,
327,600.0,14.091966957139045,92.0,677.7777777777778,0.052222222222222225,5.285714285714286,5555.0,5e-09,5e-11,0.85,1.02e-10,1.86e-10,-0.00016,0.3839724354387525,22.0,40,0,0,
328,600.0,14.091966957139045,92.0,677.7777777777778,0.052222222222222225,5.642857142857143,5555.0,5e-09,5e-11,0.85,1.02e-10,1.86e-10,-0.00016,0.3839724354387525,22.0,40,0,0,
329,600.0,14.091966957139045,92.0,677.7777777777778,0.052222222222222225,6.0,5555.0,5e-09,5e-11,0.85,1.02e-10,1.86e-10,-0.00016,0.3839724354387525,22.0,40,0,0,
330,600.0,14.091966957139045,92.0,677.7777777777778,0.05444444444444445,1.0,5555.0,5e-09,5e-11,0.85,1.02e-10,1.86e-10,-0.00016,0.3839724354387525,22.0,40,0,0,
331,600.0,14.091966957139045,92.0,677.7777777777778,0.05444444444444445,1.3571428571428572,5555.0,5e-09,5e-11,0.85,1.02e-10,1.86e-10,-0.00016,0.3839724354387525,22.0,40,0,0,
332,600.0,14.091966957139045,92.0,677.7777777777778,0.05444444444444445,1.7142857142857144,5555.0,5e-09,5e-11,0.85,1.02e-10,1.86e-10,-0.00016,0.3839724354387525,22.0,40,0,0,
333,600.0,14.091966957139045,92.0,677.7777777777778,0.05444444444444445,2.071428571428571,5555.0,5e-09,5e-11,0.85,1.02e-10,1.86e-10,-0.00016,0.3839724354387525,22.0,40,0,0,
334,600.0,14.091966957139045,92.0,677.7777777777778,0.05444444444444445,2.428571428571429,5555.0,5e-09,5e-11,0.85,1.02e-10,1.86e-10,-0.00016,0.3839724354387525,22.0,40,0,0,
335,600.0,14.091966957139045,92.0,677.7777777777778,0.05444444444444445,2.7857142857142856,5555.0,5e-09,5e-11,0.85,1.02e-10,1.86e-10,-0.00016,0.3839724354387525,22.0,40,0,0,
336,600.0,14.091966957139045,92.0,677.7777777777778,0.05444444444444445,3.142857142857143,5555.0,5e-09,5e-11,0.85,1.02e-10,1.86e-10,-0.00016,0.3839724354387525,22.0,40,0,0,
337,600.0,14.091966957139045,92.0,677.7777777777778,0.05444444444444445,3.5,5555.0,5e-09,5e-11,0.85,1.02e-10,1.86e-10,-0.00016,0.3839724354387525,22.0,40,0,0,
338,600.0,14.091966957139045,92.0,677.7777777777778,0.05444444444444445,3.857142857142857,5555.0,5e-09,5e-11,0.85,1.02e-10,1.86e-10,-0.00016,0.3839724354387525,22.0,40,0,0,
339,600.0,14.091966957139045,92.0,677.7777777777778,0.05444444444444445,4.214285714285714,5555.0,5e-09,5e-11,0.85,1.02e-10,1.86e-10,-0.00016,0.3839724354387525,22.0,40,0,0,
340,600.0,14.091966957139045,92.0,677.7777777777778,0.05444444444444445,4.571428571428571,5555.0,5e-09,5e-11,0.85,1.02e-10,1.86e-10,-0.00016,0.3839724354387525,22.0,40,0,0,
341,600.0,14.091966957139045,92.0,677.7777777777778,0.05444444444444445,4.928571428571429,5555.0,5e-09,5e-11,0.85,1.02e-10,1.86e-10,-0.00016,0.3839724354387525,22.0,40,0,0,
342,600.0,14.091966957139045,92.0,677.7777777777778,0.05444444444444445,5.285714285714286,5555.0,5e-09,5e-11,0.85,1.02e-10,1.86e-10,-0.00016,0.3839724354387525,22.0,40,0,0,
343,600.0,14.091966957139045,92.0,677.7777777777778,0.05444444444444445,5.642857142857143,5555.0,5e-09,5e-11,0.85,1.02e-10,1.86e-10,-0.00016,0.3839724354387525,22.0,40,0,0,
344,600.0,14.091966957139045,92.0,677.7777777777778,0.05444444444444445,6.0,5555.0,5e-09,5e-11,0.85,1.02e-10,1.86e-10,-0.00016,0.3839724354387525,22.0,40,0,0,
345,600.0,14.091966957139045,92.0,677.7777777777778,0.05666666666666667,1.0,5555.0,5e-09,5e-11,0.85,1.02e-10,1.86e-10,-0.00016,0.3839724354387525,22.0,40,0,0,
346,600.0,14.091966957139045,92.0,677.7777777777778,0.05666666666666667,1.3571428571428572,5555.0,5e-09,5e-11,0.85,1.02e-10,1.86e-10,-0.00016,0.3839724354387525,22.0,40,0,0,
347,600.0,14.091966957139045,92.0,677.7777777777778,0.05666666666666667,1.7142857142857144,5555.0,5e-09,5e-11,0.85,1.02e-10,1.86e-10,-0.00016,0.3839724354387525,22.0,40,0,0,
348,600.0,14.091966957139045,92.0,677.7777777777778,0.05666666666666667,2.071428571428571,5555.0,5e-09,5e-11,0.85,1.02e-10,1.86e-10,-0.00016,0.3839724354387525,22.0,40,0,0,
349,600.0,14.091966957139045,92.0,677.7777777777778,0.05666666666666667,2.428571428571429,5555.0,5e-09,5e-11,0.85,1.02e-10,1.86e-10,-0.00016,0.3839724354387525,22.0,40,0,0,
350,600.0,14.091966957139045,92.0,677.7777777777778,0.05666666666666667,2.7857142857142856,5555.0,5e-09,5e-11,0.85,1.02e-10,1.86e-10,-0.00016,0.3839724354387525,22.0,40,0,0,
351,600.0,14.091966957139045,92.0,677.7777777777778,0.05666666666666667,3.142857142857143,5555.0,5e-09,5e-11,0.85,1.02e-10,1.86e-10,-0.00016,0.3839724354387525,22.0,40,0,0,
352,600.0,14.091966957139045,92.0,677.7777777777778,0.05666666666666667,3.5,5555.0,5e-09,5e-11,0.85,1.02e-10,1.86e-10,-0.00016,0.3839724354387525,22.0,40,0,0,
353,600.0,14.091966957139045,92.0,677.7777777777778,0.05666666666666667,3.857142857142857,5555.0,5e-09,5e-11,0.85,1.02e-10,1.86e-10,-0.00016,0.3839724354387525,22.0,40,0,0,
354,600.0,14.091966957139045,92.0,677.7777777777778,0.05666666666666667,4.214285714285714,5555.0,5e-09,5e-11,0.85,1.02e-10,1.86e-10,-0.00016,0.3839724354387525,22.0,40,0,0,
355,600.0,14.091966957139045,92.0,677.7777777777778,0.05666666666666667,4.571428571428571,5555.0,5e-09,5e-11,0.85,1.02e-10,1.86e-10,-0.00016,0.3839724354387525,22.0,40,0,0,
356,600.0,14.091966957139045,92.0,677.7777777777778,0.05666666666666667,4.928571428571429,5555.0,5e-09,5e-11,0.85,1.02e-10,1.86e-10,-0.00016,0.3839724354387525,22.0,40,0,0,
357,600.0,14.091966957139045,92.0,677.7777777777778,0.05666666666666667,5.285714285714286,5555.0,5e-09,5e-11,0.85,1.02e-10,1.86e-10,-0.00016,0.3839724354387525,22.0,40,0,0,
358,600.0,14.091966957139045,92.0,677.7777777777778,0.05666666666666667,5.642857142857143,5555.0,5e-09,5e-11,0.85,1.02e-10,1.86e-10,-0.00016,0.3839724354387525,22.0,40,0,0,
359,600.0,14.091966957139045,92.0,677.7777777777778,0.05666666666666667,6.0,5555.0,5e-09,5e-11,0.85,1.02e-10,1.86e-10,-0.00016,0.3839724354387525,22.0,40,0,0,
360,600.0,14.091966957139045,92.0,677.7777777777778,0.05888888888888889,1.0,5555.0,5e-09,5e-11,0.85,1.02e-10,1.86e-10,-0.00016,0.3839724354387525,22.0,40,0,0,
361,600.0,14.091966957139045,92.0,677.7777777777778,0.05888888888888889,1.3571428571428572,5555.0,5e-09,5e-11,0.85,1.02e-10,1.86e-10,-0.00016,0.3839724354387525,22.0,40,0,0,
362,600.0,14.091966957139045,92.0,677.7777777777778,0.05888888888888889,1.7142857142857144,5555.0,5e-09,5e-11,0.85,1.02e-10,1.86e-10,-0.00016,0.3839724354387525,22.0,40,0,0,
363,600.0,14.091966957139045,92.0,677.7777777777778,0.05888888888888889,2.071428571428571,5555.0,5e-09,5e-11,0.85,1.02e-10,1.86e-10,-0.00016,0.3839724354387525,22.0,40,0,0,
364,600.0,14.091966957139045,92.0,677.7777777777778,0.05888888888888889,2.428571428571429,5555.0,5e-09,5e-11,0.85,1.02e-10,1.86e-10,-0.00016,0.3839724354387525,22.0,40,0,0,
365,600.0,14.091966957139045,92.0,677.7777777777778,0.05888888888888889,2.7857142857142856,5555.0,5e-09,5e-11,0.85,1.02e-10,1.86e-10,-0.00016,0.3839724354387525,22.0,40,0,0,
366,600.0,14.091966957139045,92.0,677.7777777777778,0.05888888888888889,3.142857142857143,5555.0,5e-09,5e-11,0.85,1.02e-10,1.86e-10,-0.00016,0.3839724354387525,22.0,40,0,0,
367,600.0,14.091966957139045,92.0,677.7777777777778,0.05888888888888889,3.5,5555.0,5e-09,5e-11,0.85,1.02e-10,1.86e-10,-0.00016,0.3839724354387525,22.0,40,0,0,
368,600.0,14.091966957139045,92.0,677.7777777777778,0.05888888888888889,3.857142857142857,5555.0,5e-09,5e-11,0.85,1.02e-10,1.86e-10,-0.00016,0.3839724354387525,22.0,40,0,0,
369,600.0,14.091966957139045,92.0,677.7777777777778,0.05888888888888889,4.214285714285714,5555.0,5e-09,5e-11,0.85,1.02e-10,1.86e-10,-0.00016,0.3839724354387525,22.0,40,0,0,
370,600.0,14.091966957139045,92.0,677.7777777777778,0.05888888888888889,4.571428571428571,5555.0,5e-09,5e-11,0.85,1.02e-10,1.86e-10,-0.00016,0.3839724354387525,22.0,40,0,0,
371,600.0,14.091966957139045,92.0,677.7777777777778,0.05888888888888889,4.928571428571429,5555.0,5e-09,5e-11,0.85,1.02e-10,1.86e-10,-0.00016,0.3839724354387525,22.0,40,0,0,
372,600.0,14.091966957139045,92.0,677.7777777777778,0.05888888888888889,5.285714285714286,5555.0,5e-09,5e-11,0.85,1.02e-10,1.86e-10,-0.00016,0.3839724354387525,22.0,40,0,0,
373,600.0,14.091966957139045,92.0,677.7777777777778,0.05888888888888889,5.642857142857143,5555.0,5e-09,5e-11,0.85,1.02e-10,1.86e-10,-0.00016,0.3839724354387525,22.0,40,0,0,
374,600.0,14.091966957139045,92.0,677.7777777777778,0.05888888888888889,6.0,5555.0,5e-09,5e-11,0.85,1.02e-10,1.86e-10,-0.00016,0.3839724354387525,22.0,40,0,0,
375,600.0,14.091966957139045,92.0,677.7777777777778,0.061111111111111116,1.0,5555.0,5e-09,5e-11,0.85,1.02e-10,1.86e-10,-0.00016,0.3839724354387525,22.0,40,0,0,
376,600.0,14.091966957139045,92.0,677.7777777777778,0.061111111111111116,1.3571428571428572,5555.0,5e-09,5e-11,0.85,1.02e-10,1.86e-10,-0.00016,0.3839724354387525,22.0,40,0,0,
377,600.0,14.091966957139045,92.0,677.7777777777778,0.061111111111111116,1.7142857142857144,5555.0,5e-09,5e-11,0.85,1.02e-10,1.86e-10,-0.00016,0.3839724354387525,22.0,40,0,0,
378,600.0,14.091966957139045,92.0,677.7777777777778,0.061111111111111116,2.071428571428571,5555.0,5e-09,5e-11,0.85,1.02e-10,1.86e-10,-0.00016,0.3839724354387525,22.0,40,0,0,
379,600.0,14.091966957139045,92.0,677.7777777777778,0.061111111111111116,2.428571428571429,5555.0,5e-09,5e-11,0.85,1.02e-10,1.86e-10,-0.00016,0.3839724354387525,22.0,40,0,0,
380,600.0,14.091966957139045,92.0,677.7777777777778,0.061111111111111116,2.7857142857142856,5555.0,5e-09,5e-11,0.85,1.02e-10,1.86e-10,-0.00016,0.3839724354387525,22.0,40,0,0,
381,600.0,14.091966957139045,92.0,677.7777777777778,0.061111111111111116,3.142857142857143,5555.0,5e-09,5e-11,0.85,1.02e-10,1.86e-10,-0.00016,0.3839724354387525,22.0,40,0,0,
382,600.0,14.091966957139045,92.0,677.7777777777778,0.061111111111111116,3.5,5555.0,5e-09,5e-11,0.85,1.02e-10,1.86e-10,-0.00016,0.3839724354387525,22.0,40,0,0,
383,600.0,14.091966957139045,92.0,677.7777777777778,0.061111111111111116,3.857142857142857,5555.0,5e-09,5e-11,0.85,1.02e-10,1.86e-10,-0.00016,0.3839724354387525,22.0,40,0,0,
384,600.0,14.091966957139045,92.0,677.7777777777778,0.061111111111111116,4.214285714285714,5555.0,5e-09,5e-11,0.85,1.02e-10,1.86e-10,-0.00016,0.3839724354387525,22.0,40,0,0,
385,600.0,14.091966957139045,92.0,677.7777777777778,0.061111111111111116,4.571428571428571,5555.0,5e-09,5e-11,0.85,1.02e-10,1.86e-10,-0.00016,0.3839724354387525,22.0,40,0,0,
386,600.0,14.091966957139045,92.0,677.7777777777778,0.061111111111111116,4.928571428571429,5555.0,5e-09,5e-11,0.85,1.02e-10,1.86e-10,-0.00016,0.3839724354387525,22.0,40,0,0,
387,600.0,14.091966957139045,92.0,677.7777777777778,0.061111111111111116,5.285714285714286,5555.0,5e-09,5e-11,0.85,1.02e-10,1.86e-10,-0.00016,0.3839724354387525,22.0,40,0,0,
388,600.0,14.091966957139045,92.0,677.7777777777778,0.061111111111111116,5.642857142857143,5555.0,5e-09,5e-11,0.85,1.02e-10,1.86e-10,-0.00016,0.3839724354387525,22.0,40,0,0,
389,600.0,14.091966957139045,92.0,677.7777777777778,0.061111111111111116,6.0,5555.0,5e-09,5e-11,0.85,1.02e-10,1.86e-10,-0.00016,0.3839724354387525,22.0,40,0,0,
390,600.0,14.091966957139045,92.0,677.7777777777778,0.06333333333333334,1.0,5555.0,5e-09,5e-11,0.85,1.02e-10,1.86e-10,-0.00016,0.3839724354387525,22.0,40,0,0,
391,600.0,14.091966957139045,92.0,677.7777777777778,0.06333333333333334,1.3571428571428572,5555.0,5e-09,5e-11,0.85,1.02e-10,1.86e-10,-0.00016,0.3839724354387525,22.0,40,0,0,
392,600.0,14.091966957139045,92.0,677.7777777777778,0.06333333333333334,1.7142857142857144,5555.0,5e-09,5e-11,0.85,1.02e-10,1.86e-10,-0.00016,0.3839724354387525,22.0,40,0,0,
393,600.0,14.091966957139045,92.0,677.7777777777778,0.06333333333333334,2.071428571428571,5555.0,5e-09,5e-11,0.85,1.02e-10,1.86e-10,-0.00016,0.3839724354387525,22.0,40,0,0,
394,600.0,14.091966957139045,92.0,677.7777777777778,0.06333333333333334,2.428571428571429,5555.0,5e-09,5e-11,0.85,1.02e-10,1.86e-10,-0.00016,0.3839724354387525,22.0,40,0,0,
395,600.0,14.091966957139045,92.0,677.7777777777778,0.06333333333333334,2.7857142857142856,5555.0,5e-09,5e-11,0.85,1.02e-10,1.86e-10,-0.00016,0.3839724354387525,22.0,40,0,0,
396,600.0,14.091966957139045,92.0,677.7777777777778,0.06333333333333334,3.142857142857143,5555.0,5e-09,5e-11,0.85,1.02e-10,1.86e-10,-0.00016,0.3839724354387525,22.0,40,0,0,
397,600.0,14.091966957139045,92.0,677.7777777777778,0.06333333333333334,3.5,5555.0,5e-09,5e-11,0.85,1.02e-10,1.86e-10,-0.00016,0.3839724354387525,22.0,40,0,0,
398,600.0,14.091966957139045,92.0,677.7777777777778,0.06333333333333334,3.857142857142857,5555.0,5e-09,5e-11,0.85,1.02e-10,1.86e-10,-0.00016,0.3839724354387525,22.0,40,0,0,
399,600.0,14.091966957139045,92.0,677.7777777777778,0.06333333333333334,4.214285714285714,5555.0,5e-09,5e-11,0.85,1.02e-10,1.86e-10,-0.00016,0.3839724354387525,22.0,40,0,0,
400,600.0,14.091966957139045,92.0,677.7777777777778,0.06333333333333334,4.571428571428571,5555.0,5e-09,5e-11,0.85,1.02e-10,1.86e-10,-0.00016,0.3839724354387525,22.0,40,0,0,
401,600.0,14.091966957139045,92.0,677.7777777777778,0.06333333333333334,4.928571428571429,5555.0,5e-09,5e-11,0.85,1.02e-10,1.86e-10,-0.00016,0.3839724354387525,22.0,40,0,0,
402,600.0,14.091966957139045,92.0,677.7777777777778,0.06333333333333334,5.285714285714286,5555.0,5e-09,5e-11,0.85,1.02e-10,1.86e-10,-0.00016,0.3839724354387525,22.0,40,0,0,
403,600.0,14.091966957139045,92.0,677.7777777777778,0.06333333333333334,5.642857142857143,5555.0,5e-09,5e-11,0.85,1.02e-10,1.86e-10,-0.00016,0.3839724354387525,22.0,40,0,0,
404,600.0,14.091966957139045,92.0,677.7777777777778,0.06333333333333334,6.0,5555.0,5e-09,5e-11,0.85,1.02e-10,1.86e-10,-0.00016,0.3839724354387525,22.0,40,0,0,
405,600.0,14.091966957139045,92.0,677.7777777777778,0.06555555555555556,1.0,5555.0,5e-09,5e-11,0.85,1.02e-10,1.86e-10,-0.00016,0.3839724354387525,22.0,40,0,0,
406,600.0,14.091966957139045,92.0,677.7777777777778,0.06555555555555556,1.3571428571428572,5555.0,5e-09,5e-11,0.85,1.02e-10,1.86e-10,-0.00016,0.3839724354387525,22.0,40,0,0,
407,600.0,14.091966957139045,92.0,677.7777777777778,0.06555555555555556,1.7142857142857144,5555.0,5e-09,5e-11,0.85,1.02e-10,1.86e-10,-0.00016,0.3839724354387525,22.0,40,0,0,
408,600.0,14.091966957139045,92.0,677.7777777777778,0.06555555555555556,2.071428571428571,5555.0,5e-09,5e-11,0.85,1.02e-10,1.86e-10,-0.00016,0.3839724354387525,22.0,40,0,0,
409,600.0,14.091966957139045,92.0,677.7777777777778,0.06555555555555556,2.428571428571429,5555.0,5e-09,5e-11,0.85,1.02e-10,1.86e-10,-0.00016,0.3839724354387525,22.0,40,0,0,
410,600.0,14.091966957139045,92.0,677.7777777777778,0.06555555555555556,2.7857142857142856,5555.0,5e-09,5e-11,0.85,1.02e-10,1.86e-10,-0.00016,0.3839724354387525,22.0,40,0,0,
411,600.0,14.091966957139045,92.0,677.7777777777778,0.06555555555555556,3.142857142857143,5555.0,5e-09,5e-11,0.85,1.02e-10,1.86e-10,-0.00016,0.3839724354387525,22.0,40,0,0,
412,600.0,14.091966957139045,92.0,677.7777777777778,0.06555555555555556,3.5,5555.0,5e-09,5e-11,0.85,1.02e-10,1.86e-10,-0.00016,0.3839724354387525,22.0,40,0,0,
413,600.0,14.091966957139045,92.0,677.7777777777778,0.06555555555555556,3.857142857142857,5555.0,5e-09,5e-11,0.85,1.02e-10,1.86e-10,-0.00016,0.3839724354387525,22.0,40,0,0,
414,600.0,14.091966957139045,92.0,677.7777777777778,0.06555555555555556,4.214285714285714,5555.0,5e-09,5e-11,0.85,1.02e-10,1.86e-10,-0.00016,0.3839724354387525,22.0,40,0,0,
415,600.0,14.091966957139045,92.0,677.7777777777778,0.06555555555555556,4.571428571428571,5555.0,5e-09,5e-11,0.85,1.02e-10,1.86e-10,-0.00016,0.3839724354387525,22.0,40,0,0,
416,600.0,14.091966957139045,92.0,677.7777777777778,0.06555555555555556,4.928571428571429,5555.0,5e-09,5e-11,0.85,1.02e-10,1.86e-10,-0.00016,0.3839724354387525,22.0,40,0,0,
417,600.0,14.091966957139045,92.0,677.7777777777778,0.06555555555555556,5.285714285714286,5555.0,5e-09,5e-11,0.85,1.02e-10,1.86e-10,-0.00016,0.3839724354387525,22.0,40,0,0,
418,600.0,14.091966957139045,92.0,677.7777777777778,0.06555555555555556,5.642857142857143,5555.0,5e-09,5e-11,0.85,1.02e-10,1.86e-10,-0.00016,0.3839724354387525,22.0,40,0,0,
419,600.0,14.091966957139045,92.0,677.7777777777778,0.06555555555555556,6.0,5555.0,5e-09,5e-11,0.85,1.02e-10,1.86e-10,-0.00016,0.3839724354387525,22.0,40,0,0,
420,600.0,14.091966957139045,92.0,677.7777777777778,0.06777777777777778,1.0,5555.0,5e-09,5e-11,0.85,1.02e-10,1.86e-10,-0.00016,0.3839724354387525,22.0,40,0,0,
421,600.0,14.091966957139045,92.0,677.7777777777778,0.06777777777777778,1.3571428571428572,5555.0,5e-09,5e-11,0.85,1.02e-10,1.86e-10,-0.00016,0.3839724354387525,22.0,40,0,0,
422,600.0,14.091966957139045,92.0,677.7777777777778,0.06777777777777778,1.7142857142857144,5555.0,5e-09,5e-11,0.85,1.02e-10,1.86e-10,-0.00016,0.3839724354387525,22.0,40,0,0,
423,600.0,14.091966957139045,92.0,677.7777777777778,0.06777777777777778,2.071428571428571,5555.0,5e-09,5e-11,0.85,1.02e-10,1.86e-10,-0.00016,0.3839724354387525,22.0,40,0,0,
424,600.0,14.091966957139045,92.0,677.7777777777778,0.06777777777777778,2.428571428571429,5555.0,5e-09,5e-11,0.85,1.02e-10,1.86e-10,-0.00016,0.3839724354387525,22.0,40,0,0,
425,600.0,14.091966957139045,92.0,677.7777777777778,0.06777777777777778,2.7857142857142856,5555.0,5e-09,5e-11,0.85,1.02e-10,1.86e-10,-0.00016,0.3839724354387525,22.0,40,0,0,
426,600.0,14.091966957139045,92.0,677.7777777777778,0.06777777777777778,3.142857142857143,5555.0,5e-09,5e-11,0.85,1.02e-10,1.86e-10,-0.00016,0.3839724354387525,22.0,40,0,0,
427,600.0,14.091966957139045,92.0,677.7777777777778,0.06777777777777778,3.5,5555.0,5e-09,5e-11,0.85,1.02e-10,1.86e-10,-0.00016,0.3839724354387525,22.0,40,0,0,
428,600.0,14.091966957139045,92.0,677.7777777777778,0.06777777777777778,3.857142857142857,5555.0,5e-09,5e-11,0.85,1.02e-10,1.86e-10,-0.00016,0.3839724354387525,22.0,40,0,0,
429,600.0,14.091966957139045,92.0,677.7777777777778,0.06777777777777778,4.214285714285714,5555.0,5e-09,5e-11,0.85,1.02e-10,1.86e-10,-0.00016,0.3839724354387525,22.0,40,0,0,
430,600.0,14.091966957139045,92.0,677.7777777777778,0.06777777777777778,4.571428571428571,5555.0,5e-09,5e-11,0.85,1.02e-10,1.86e-10,-0.00016,0.3839724354387525,22.0,40,0,0,
431,600.0,14.091966957139045,92.0,677.7777777777778,0.06777777777777778,4.928571428571429,5555.0,5e-09,5e-11,0.85,1.02e-10,1.86e-10,-0.00016,0.3839724354387525,22.0,40,0,0,
432,600.0,14.091966957139045,92.0,677.7777777777778,0.06777777777777778,5.285714285714286,5555.0,5e-09,5e-11,0.85,1.02e-10,1.86e-10,-0.00016,0.3839724354387525,22.0,40,0,0,
433,600.0,14.091966957139045,92.0,677.7777777777778,0.06777777777777778,5.642857142857143,5555.0,5e-09,5e-11,0.85,1.02e-10,1.86e-10,-0.00016,0.3839724354387525,22.0,40,0,0,
434,600.0,14.091966957139045,92.0,677.7777777777778,0.06777777777777778,6.0,5555.0,5e-09,5e-11,0.85,1.02e-10,1.86e-10,-0.00016,0.3839724354387525,22.0,40,0,0,
435,600.0,14.091966957139045,92.0,677.7777777777778,0.07,1.0,5555.0,5e-09,5e-11,0.85,1.02e-10,1.86e-10,-0.00016,0.3839724354387525,22.0,40,0,0,
436,600.0,14.091966957139045,92.0,677.7777777777778,0.07,1.3571428571428572,5555.0,5e-09,5e-11,0.85,1.02e-10,1.86e-10,-0.00016,0.3839724354387525,22.0,40,0,0,
437,600.0,14.091966957139045,92.0,677.7777777777778,0.07,1.7142857142857144,5555.0,5e-09,5e-11,0.85,1.02e-10,1.86e-10,-0.00016,0.3839724354387525,22.0,40,0,0,
438,600.0,14.091966957139045,92.0,677.7777777777778,0.07,2.071428571428571,5555.0,5e-09,5e-11,0.85,1.02e-10,1.86e-10,-0.00016,0.3839724354387525,22.0,40,0,0,
439,600.0,14.091966957139045,92.0,677.7777777777778,0.07,2.428571428571429,5555.0,5e-09,5e-11,0.85,1.02e-10,1.86e-10,-0.00016,0.3839724354387525,22.0,40,0,0,
440,600.0,14.091966957139045,92.0,677.7777777777778,0.07,2.7857142857142856,5555.0,5e-09,5e-11,0.85,1.02e-10,1.86e-10,-0.00016,0.3839724354387525,22.0,40,0,0,
441,600.0,14.091966957139045,92.0,677.7777777777778,0.07,3.142857142857143,5555.0,5e-09,5e-11,0.85,1.02e-10,1.86e-10,-0.00016,0.3839724354387525,22.0,40,0,0,
442,600.0,14.091966957139045,92.0,677.7777777777778,0.07,3.5,5555.0,5e-09,5e-11,0.85,1.02e-10,1.86e-10,-0.00016,0.3839724354387525,22.0,40,0,0,
443,600.0,14.091966957139045,92.0,677.7777777777778,0.07,3.857142857142857,5555.0,5e-09,5e-11,0.85,1.02e-10,1.86e-10,-0.00016,0.3839724354387525,22.0,40,0,0,
444,600.0,14.091966957139045,92.0,677.7777777777778,0.07,4.214285714285714,5555.0,5e-09,5e-11,0.85,1.02e-10,1.86e-10,-0.00016,0.3839724354387525,22.0,40,0,0,
445,600.0,14.091966957139045,92.0,677.7777777777778,0.07,4.571428571428571,5555.0,5e-09,5e-11,0.85,1.02e-10,1.86e-10,-0.00016,0.3839724354387525,22.0,40,0,0,
446,600.0,14.091966957139045,92.0,677.7777777777778,0.07,4.928571428571429,5555.0,5e-09,5e-11,0.85,1.02e-10,1.86e-10,-0.00016,0.3839724354387525,22.0,40,0,0,
447,600.0,14.091966957139045,92.0,677.7777777777778,0.07,5.285714285714286,5555.0,5e-09,5e-11,0.85,1.02e-10,1.86e-10,-0.00016,0.3839724354387525,22.0,40,0,0,
448,600.0,14.091966957139045,92.0,677.7777777777778,0.07,5.642857142857143,5555.0,5e-09,5e-11,0.85,1.02e-10,1.86e-10,-0.00016,0.3839724354387525,22.0,40,0,0,
449,600.0,14.091966957139045,92.0,677.7777777777778,0.07,6.0,5555.0,5e-09,5e-11,0.85,1.02e-10,1.86e-10,-0.00016,0.3839724354387525,22.0,40,0,0,
450,600.0,14.091966957139045,92.0,866.6666666666666,0.05,1.0,5555.0,5e-09,5e-11,0.85,1.02e-10,1.86e-10,-0.00016,0.3839724354387525,22.0,40,0,0,
451,600.0,14.091966957139045,92.0,866.6666666666666,0.05,1.3571428571428572,5555.0,5e-09,5e-11,0.85,1.02e-10,1.86e-10,-0.00016,0.3839724354387525,22.0,40,0,0,
452,600.0,14.091966957139045,92.0,866.6666666666666,0.05,1.7142857142857144,5555.0,5e-09,5e-11,0.85,1.02e-10,1.86e-10,-0.00016,0.3839724354387525,22.0,40,0,0,
453,600.0,14.091966957139045,92.0,866.6666666666666,0.05,2.071428571428571,5555.0,5e-09,5e-11,0.85,1.02e-10,1.86e-10,-0.00016,0.3839724354387525,22.0,40,0,0,
454,600.0,14.091966957139045,92.0,866.6666666666666,0.05,2.428571428571429,5555.0,5e-09,5e-11,0.85,1.02e-10,1.86e-10,-0.00016,0.3839724354387525,22.0,40,0,0,
455,600.0,14.091966957139045,92.0,866.6666666666666,0.05,2.7857142857142856,5555.0,5e-09,5e-11,0.85,1.02e-10,1.86e-10,-0.00016,0.3839724354387525,22.0,40,0,0,
456,600.0,14.091966957139045,92.0,866.6666666666666,0.05,3.142857142857143,5555.0,5e-09,5e-11,0.85,1.02e-10,1.86e-10,-0.00016,0.3839724354387525,22.0,40,0,0,
457,600.0,14.091966957139045,92.0,866.6666666666666,0.05,3.5,5555.0,5e-09,5e-11,0.85,1.02e-10,1.86e-10,-0.00016,0.3839724354387525,22.0,40,0,0,
458,600.0,14.091966957139045,92.0,866.6666666666666,0.05,3.857142857142857,5555.0,5e-09,5e-11,0.85,1.02e-10,1.86e-10,-0.00016,0.3839724354387525,22.0,40,0,0,
459,600.0,14.091966957139045,92.0,866.6666666666666,0.05,4.214285714285714,5555.0,5e-09,5e-11,0.85,1.02e-10,1.86e-10,-0.00016,0.3839724354387525,22.0,40,0,0,
460,600.0,14.091966957139045,92.0,866.6666666666666,0.05,4.571428571428571,5555.0,5e-09,5e-11,0.85,1.02e-10,1.86e-10,-0.00016,0.3839724354387525,22.0,40,0,0,
461,600.0,14.091966957139045,92.0,866.6666666666666,0.05,4.928571428571429,5555.0,5e-09,5e-11,0.85,1.02e-10,1.86e-10,-0.00016,0.3839724354387525,22.0,40,0,0,
462,600.0,14.091966957139045,92.0,866.6666666666666,0.05,5.285714285714286,5555.0,5e-09,5e-11,0.85,1.02e-10,1.86e-10,-0.00016,0.3839724354387525,22.0,40,0,0,
463,600.0,14.091966957139045,92.0,866.6666666666666,0.05,5.642857142857143,5555.0,5e-09,5e-11,0.85,1.02e-10,1.86e-10,-0.00016,0.3839724354387525,22.0,40,0,0,
464,600.0,14.091966957139045,92.0,866.6666666666666,0.05,6.0,5555.0,5e-09,5e-11,0.85,1.02e-10,1.86e-10,-0.00016,0.3839724354387525,22.0,40,0,0,
465,600.0,14.091966957139045,92.0,866.6666666666666,0.052222222222222225,1.0,5555.0,5e-09,5e-11,0.85,1.02e-10,1.86e-10,-0.00016,0.3839724354387525,22.0,40,0,0,
466,600.0,14.091966957139045,92.0,866.6666666666666,0.052222222222222225,1.3571428571428572,5555.0,5e-09,5e-11,0.85,1.02e-10,1.86e-10,-0.00016,0.3839724354387525,22.0,40,0,0,
467,600.0,14.091966957139045,92.0,866.6666666666666,0.052222222222222225,1.7142857142857144,5555.0,5e-09,5e-11,0.85,1.02e-10,1.86e-10,-0.00016,0.3839724354387525,22.0,40,0,0,
468,600.0,14.091966957139045,92.0,866.6666666666666,0.052222222222222225,2.071428571428571,5555.0,5e-09,5e-11,0.85,1.02e-10,1.86e-10,-0.00016,0.3839724354387525,22.0,40,0,0,
469,600.0,14.091966957139045,92.0,866.6666666666666,0.052222222222222225,2.428571428571429,5555.0,5e-09,5e-11,0.85,1.02e-10,1.86e-10,-0.00016,0.3839724354387525,22.0,40,0,0,
470,600.0,14.091966957139045,92.0,866.6666666666666,0.052222222222222225,2.7857142857142856,5555.0,5e-09,5e-11,0.85,1.02e-10,1.86e-10,-0.00016,0.3839724354387525,22.0,40,0,0,
471,600.0,14.091966957139045,92.0,866.6666666666666,0.052222222222222225,3.142857142857143,5555.0,5e-09,5e-11,0.85,1.02e-10,1.86e-10,-0.00016,0.3839724354387525,22.0,40,0,0,
472,600.0,14.091966957139045,92.0,866.6666666666666,0.052222222222222225,3.5,5555.0,5e-09,5e-11,0.85,1.02e-10,1.86e-10,-0.00016,0.3839724354387525,22.0,40,0,0,
473,600.0,14.091966957139045,92.0,866.6666666666666,0.052222222222222225,3.857142857142857,5555.0,5e-09,5e-11,0.85,1.02e-10,1.86e-10,-0.00016,0.3839724354387525,22.0,40,0,0,
474,600.0,14.091966957139045,92.0,866.6666666666666,0.052222222222222225,4.214285714285714,5555.0,5e-09,5e-11,0.85,1.02e-10,1.86e-10,-0.00016,0.3839724354387525,22.0,40,0,0,
475,600.0,14.091966957139045,92.0,866.6666666666666,0.052222222222222225,4.571428571428571,5555.0,5e-09,5e-11,0.85,1.02e-10,1.86e-10,-0.00016,0.3839724354387525,22.0,40,0,0,
476,600.0,14.091966957139045,92.0,866.6666666666666,0.052222222222222225,4.928571428571429,5555.0,5e-09,5e-11,0.85,1.02e-10,1.86e-10,-0.00016,0.3839724354387525,22.0,40,0,0,
477,600.0,14.091966957139045,92.0,866.6666666666666,0.052222222222222225,5.285714285714286,5555.0,5e-09,5e-11,0.85,1.02e-10,1.86e-10,-0.00016,0.3839724354387525,22.0,40,0,0,
478,600.0,14.091966957139045,92.0,866.6666666666666,0.052222222222222225,5.642857142857143,5555.0,5e-09,5e-11,0.85,1.02e-10,1.86e-10,-0.00016,0.3839724354387525,22.0,40,0,0,
479,600.0,14.091966957139045,92.0,866.6666666666666,0.052222222222222225,6.0,5555.0,5e-09,5e-11,0.85,1.02e-10,1.86e-10,-0.00016,0.3839724354387525,22.0,40,0,0,
480,600.0,14.091966957139045,92.0,866.6666666666666,0.05444444444444445,1.0,5555.0,5e-09,5e-11,0.85,1.02e-10,1.86e-10,-0.00016,0.3839724354387525,22.0,40,0,0,
481,600.0,14.091966957139045,92.0,866.6666666666666,0.05444444444444445,1.3571428571428572,5555.0,5e-09,5e-11,0.85,1.02e-10,1.86e-10,-0.00016,0.3839724354387525,22.0,40,0,0,
482,600.0,14.091966957139045,92.0,866.6666666666666,0.05444444444444445,1.7142857142857144,5555.0,5e-09,5e-11,0.85,1.02e-10,1.86e-10,-0.00016,0.3839724354387525,22.0,40,0,0,
483,600.0,14.091966957139045,92.0,866.6666666666666,0.05444444444444445,2.071428571428571,5555.0,5e-09,5e-11,0.85,1.02e-10,1.86e-10,-0.00016,0.3839724354387525,22.0,40,0,0,
484,600.0,14.091966957139045,92.0,866.6666666666666,0.05444444444444445,2.428571428571429,5555.0,5e-09,5e-11,0.85,1.02e-10,1.86e-10,-0.00016,0.3839724354387525,22.0,40,0,0,
485,600.0,14.091966957139045,92.0,866.6666666666666,0.05444444444444445,2.7857142857142856,5555.0,5e-09,5e-11,0.85,1.02e-10,1.86e-10,-0.00016,0.3839724354387525,22.0,40,0,0,
486,600.0,14.091966957139045,92.0,866.6666666666666,0.05444444444444445,3.142857142857143,5555.0,5e-09,5e-11,0.85,1.02e-10,1.86e-10,-0.00016,0.3839724354387525,22.0,40,0,0,
487,600.0,14.091966957139045,92.0,866.6666666666666,0.05444444444444445,3.5,5555.0,5e-09,5e-11,0.85,1.02e-10,1.86e-10,-0.00016,0.3839724354387525,22.0,40,0,0,
488,600.0,14.091966957139045,92.0,866.6666666666666,0.05444444444444445,3.857142857142857,5555.0,5e-09,5e-11,0.85,1.02e-10,1.86e-10,-0.00016,0.3839724354387525,22.0,40,0,0,
489,600.0,14.091966957139045,92.0,866.6666666666666,0.05444444444444445,4.214285714285714,5555.0,5e-09,5e-11,0.85,1.02e-10,1.86e-10,-0.00016,0.3839724354387525,22.0,40,0,0,
490,600.0,14.091966957139045,92.0,866.6666666666666,0.05444444444444445,4.571428571428571,5555.0,5e-09,5e-11,0.85,1.02e-10,1.86e-10,-0.00016,0.3839724354387525,22.0,40,0,0,
491,600.0,14.091966957139045,92.0,866.6666666666666,0.05444444444444445,4.928571428571429,5555.0,5e-09,5e-11,0.85,1.02e-10,1.86e-10,-0.00016,0.3839724354387525,22.0,40,0,0,
492,600.0,14.091966957139045,92.0,866.6666666666666,0.05444444444444445,5.285714285714286,5555.0,5e-09,5e-11,0.85,1.02e-10,1.86e-10,-0.00016,0.3839724354387525,22.0,40,0,0,
493,600.0,14.091966957139045,92.0,866.6666666666666,0.05444444444444445,5.642857142857143,5555.0,5e-09,5e-11,0.85,1.02e-10,1.86e-10,-0.00016,0.3839724354387525,22.0,40,0,0,
494,600.0,14.091966957139045,92.0,866.6666666666666,0.05444444444444445,6.0,5555.0,5e-09,5e-11,0.85,1.02e-10,1.86e-10,-0.00016,0.3839724354387525,22.0,40,0,0,
495,600.0,14.091966957139045,92.0,866.6666666666666,0.05666666666666667,1.0,5555.0,5e-09,5e-11,0.85,1.02e-10,1.86e-10,-0.00016,0.3839724354387525,22.0,40,0,0,
496,600.0,14.091966957139045,92.0,866.6666666666666,0.05666666666666667,1.3571428571428572,5555.0,5e-09,5e-11,0.85,1.02e-10,1.86e-10,-0.00016,0.3839724354387525,22.0,40,0,0,
497,600.0,14.091966957139045,92.0,866.6666666666666,0.05666666666666667,1.7142857142857144,5555.0,5e-09,5e-11,0.85,1.02e-10,1.86e-10,-0.00016,0.3839724354387525,22.0,40,0,0,
498,600.0,14.091966957139045,92.0,866.6666666666666,0.05666666666666667,2.071428571428571,5555.0,5e-09,5e-11,0.85,1.02e-10,1.86e-10,-0.00016,0.3839724354387525,22.0,40,0,0,
499,600.0,14.091966957139045,92.0,866.6666666666666,0.05666666666666667,2.428571428571429,5555.0,5e-09,5e-11,0.85,1.02e-10,1.86e-10,-0.00016,0.3839724354387525,22.0,40,0,0,
500,600.0,14.091966957139045,92.0,866.6666666666666,0.05666666666666667,2.7857142857142856,5555.0,5e-09,5e-11,0.85,1.02e-10,1.86e-10,-0.00016,0.3839724354387525,22.0,40,0,0,
501,600.0,14.091966957139045,92.0,866.6666666666666,0.05666666666666667,3.142857142857143,5555.0,5e-09,5e-11,0.85,1.02e-10,1.86e-10,-0.00016,0.3839724354387525,22.0,40,0,0,
502,600.0,14.091966957139045,92.0,866.6666666666666,0.05666666666666667,3.5,5555.0,5e-09,5e-11,0.85,1.02e-10,1.86e-10,-0.00016,0.3839724354387525,22.0,40,0,0,
503,600.0,14.091966957139045,92.0,866.6666666666666,0.05666666666666667,3.857142857142857,5555.0,5e-09,5e-11,0.85,1.02e-10,1.86e-10,-0.00016,0.3839724354387525,22.0,40,0,0,
504,600.0,14.091966957139045,92.0,866.6666666666666,0.05666666666666667,4.214285714285714,5555.0,5e-09,5e-11,0.85,1.02e-10,1.86e-10,-0.00016,0.3839724354387525,22.0,40,0,0,
505,600.0,14.091966957139045,92.0,866.6666666666666,0.05666666666666667,4.571428571428571,5555.0,5e-09,5e-11,0.85,1.02e-10,1.86e-10,-0.00016,0.3839724354387525,22.0,40,0,0,
506,600.0,14.091966957139045,92.0,866.6666666666666,0.05666666666666667,4.928571428571429,5555.0,5e-09,5e-11,0.85,1.02e-10,1.86e-10,-0.00016,0.3839724354387525,22.0,40,0,0,
507,600.0,14.091966957139045,92.0,866.6666666666666,0.05666666666666667,5.285714285714286,5555.0,5e-09,5e-11,0.85,1.02e-10,1.86e-10,-0.00016,0.3839724354387525,22.0,40,0,0,
508,600.0,14.091966957139045,92.0,866.6666666666666,0.05666666666666667,5.642857142857143,5555.0,5e-09,5e-11,0.85,1.02e-10,1.86e-10,-0.00016,0.3839724354387525,22.0,40,0,0,
509,600.0,14.091966957139045,92.0,866.6666666666666,0.05666666666666667,6.0,5555.0,5e-09,5e-11,0.85,1.02e-10,1.86e-10,-0.00016,0.3839724354387525,22.0,40,0,0,
510,600.0,14.091966957139045,92.0,866.6666666666666,0.05888888888888889,1.0,5555.0,5e-09,5e-11,0.85,1.02e-10,1.86e-10,-0.00016,0.3839724354387525,22.0,40,0,0,
511,600.0,14.091966957139045,92.0,866.6666666666666,0.05888888888888889,1.3571428571428572,5555.0,5e-09,5e-11,0.85,1.02e-10,1.86e-10,-0.00016,0.3839724354387525,22.0,40,0,0,
512,600.0,14.091966957139045,92.0,866.6666666666666,0.05888888888888889,1.7142857142857144,5555.0,5e-09,5e-11,0.85,1.02e-10,1.86e-10,-0.00016,0.3839724354387525,22.0,40,0,0,
513,600.0,14.091966957139045,92.0,866.6666666666666,0.05888888888888889,2.071428571428571,5555.0,5e-09,5e-11,0.85,1.02e-10,1.86e-10,-0.00016,0.3839724354387525,22.0,40,0,0,
514,600.0,14.091966957139045,92.0,866.6666666666666,0.05888888888888889,2.428571428571429,5555.0,5e-09,5e-11,0.85,1.02e-10,1.86e-10,-0.00016,0.3839724354387525,22.0,40,0,0,
515,600.0,14.091966957139045,92.0,866.6666666666666,0.05888888888888889,2.7857142857142856,5555.0,5e-09,5e-11,0.85,1.02e-10,1.86e-10,-0.00016,0.3839724354387525,22.0,40,0,0,
516,600.0,14.091966957139045,92.0,866.6666666666666,0.05888888888888889,3.142857142857143,5555.0,5e-09,5e-11,0.85,1.02e-10,1.86e-10,-0.00016,0.3839724354387525,22.0,40,0,0,
517,600.0,14.091966957139045,92.0,866.6666666666666,0.05888888888888889,3.5,5555.0,5e-09,5e-11,0.85,1.02e-10,1.86e-10,-0.00016,0.3839724354387525,22.0,40,0,0,
518,600.0,14.091966957139045,92.0,866.6666666666666,0.05888888888888889,3.857142857142857,5555.0,5e-09,5e-11,0.85,1.02e-10,1.86e-10,-0.00016,0.3839724354387525,22.0,40,0,0,
519,600.0,14.091966957139045,92.0,866.6666666666666,0.05888888888888889,4.214285714285714,5555.0,5e-09,5e-11,0.85,1.02e-10,1.86e-10,-0.00016,0.3839724354387525,22.0,40,0,0,
520,600.0,14.091966957139045,92.0,866.6666666666666,0.05888888888888889,4.571428571428571,5555.0,5e-09,5e-11,0.85,1.02e-10,1.86e-10,-0.00016,0.3839724354387525,22.0,40,0,0,
521,600.0,14.091966957139045,92.0,866.6666666666666,0.05888888888888889,4.928571428571429,5555.0,5e-09,5e-11,0.85,1.02e-10,1.86e-10,-0.00016,0.3839724354387525,22.0,40,0,0,
522,600.0,14.091966957139045,92.0,866.6666666666666,0.05888888888888889,5.285714285714286,5555.0,5e-09,5e-11,0.85,1.02e-10,1.86e-10,-0.00016,0.3839724354387525,22.0,40,0,0,
523,600.0,14.091966957139045,92.0,866.6666666666666,0.05888888888888889,5.642857142857143,5555.0,5e-09,5e-11,0.85,1.02e-10,1.86e-10,-0.00016,0.3839724354387525,22.0,40,0,0,
524,600.0,14.091966957139045,92.0,866.6666666666666,0.05888888888888889,6.0,5555.0,5e-09,5e-11,0.85,1.02e-10,1.86e-10,-0.00016,0.3839724354387525,22.0,40,0,0,
525,600.0,14.091966957139045,92.0,866.6666666666666,0.061111111111111116,1.0,5555.0,5e-09,5e-11,0.85,1.02e-10,1.86e-10,-0.00016,0.3839724354387525,22.0,40,0,0,
526,600.0,14.091966957139045,92.0,866.6666666666666,0.061111111111111116,1.3571428571428572,5555.0,5e-09,5e-11,0.85,1.02e-10,1.86e-10,-0.00016,0.3839724354387525,22.0,40,0,0,
527,600.0,14.091966957139045,92.0,866.6666666666666,0.061111111111111116,1.7142857142857144,5555.0,5e-09,5e-11,0.85,1.02e-10,1.86e-10,-0.00016,0.3839724354387525,22.0,40,0,0,
528,600.0,14.091966957139045,92.0,866.6666666666666,0.061111111111111116,2.071428571428571,5555.0,5e-09,5e-11,0.85,1.02e-10,1.86e-10,-0.00016,0.3839724354387525,22.0,40,0,0,
529,600.0,14.091966957139045,92.0,866.6666666666666,0.061111111111111116,2.428571428571429,5555.0,5e-09,5e-11,0.85,1.02e-10,1.86e-10,-0.00016,0.3839724354387525,22.0,40,0,0,
530,600.0,14.091966957139045,92.0,866.6666666666666,0.061111111111111116,2.7857142857142856,5555.0,5e-09,5e-11,0.85,1.02e-10,1.86e-10,-0.00016,0.3839724354387525,22.0,40,0,0,
531,600.0,14.091966957139045,92.0,866.6666666666666,0.061111111111111116,3.142857142857143,5555.0,5e-09,5e-11,0.85,1.02e-10,1.86e-10,-0.00016,0.3839724354387525,22.0,40,0,0,
532,600.0,14.091966957139045,92.0,866.6666666666666,0.061111111111111116,3.5,5555.0,5e-09,5e-11,0.85,1.02e-10,1.86e-10,-0.00016,0.3839724354387525,22.0,40,0,0,
533,600.0,14.091966957139045,92.0,866.6666666666666,0.061111111111111116,3.857142857142857,5555.0,5e-09,5e-11,0.85,1.02e-10,1.86e-10,-0.00016,0.3839724354387525,22.0,40,0,0,
534,600.0,14.091966957139045,92.0,866.6666666666666,0.061111111111111116,4.214285714285714,5555.0,5e-09,5e-11,0.85,1.02e-10,1.86e-10,-0.00016,0.3839724354387525,22.0,40,0,0,
535,600.0,14.091966957139045,92.0,866.6666666666666,0.061111111111111116,4.571428571428571,5555.0,5e-09,5e-11,0.85,1.02e-10,1.86e-10,-0.00016,0.3839724354387525,22.0,40,0,0,
536,600.0,14.091966957139045,92.0,866.6666666666666,0.061111111111111116,4.928571428571429,5555.0,5e-09,5e-11,0.85,1.02e-10,1.86e-10,-0.00016,0.3839724354387525,22.0,40,0,0,
537,600.0,14.091966957139045,92.0,866.6666666666666,0.061111111111111116,5.285714285714286,5555.0,5e-09,5e-11,0.85,1.02e-10,1.86e-10,-0.00016,0.3839724354387525,22.0,40,0,0,
538,600.0,14.091966957139045,92.0,866.6666666666666,0.061111111111111116,5.642857142857143,5555.0,5e-09,5e-11,0.85,1.02e-10,1.86e-10,-0.00016,0.3839724354387525,22.0,40,0,0,
539,600.0,14.091966957139045,92.0,866.6666666666666,0.061111111111111116,6.0,5555.0,5e-09,5e-11,0.85,1.02e-10,1.86e-10,-0.00016,0.3839724354387525,22.0,40,0,0,
540,600.0,14.091966957139045,92.0,866.6666666666666,0.06333333333333334,1.0,5555.0,5e-09,5e-11,0.85,1.02e-10,1.86e-10,-0.00016,0.3839724354387525,22.0,40,0,0,
541,600.0,14.091966957139045,92.0,866.6666666666666,0.06333333333333334,1.3571428571428572,5555.0,5e-09,5e-11,0.85,1.02e-10,1.86e-10,-0.00016,0.3839724354387525,22.0,40,0,0,
542,600.0,14.091966957139045,92.0,866.6666666666666,0.06333333333333334,1.7142857142857144,5555.0,5e-09,5e-11,0.85,1.02e-10,1.86e-10,-0.00016,0.3839724354387525,22.0,40,0,0,
543,600.0,14.091966957139045,92.0,866.6666666666666,0.06333333333333334,2.071428571428571,5555.0,5e-09,5e-11,0.85,1.02e-10,1.86e-10,-0.00016,0.3839724354387525,22.0,40,0,0,
544,600.0,14.091966957139045,92.0,866.6666666666666,0.06333333333333334,2.428571428571429,5555.0,5e-09,5e-11,0.85,1.02e-10,1.86e-10,-0.00016,0.3839724354387525,22.0,40,0,0,
545,600.0,14.091966957139045,92.0,866.6666666666666,0.06333333333333334,2.7857142857142856,5555.0,5e-09,5e-11,0.85,1.02e-10,1.86e-10,-0.00016,0.3839724354387525,22.0,40,0,0,
546,600.0,14.091966957139045,92.0,866.6666666666666,0.06333333333333334,3.142857142857143,5555.0,5e-09,5e-11,0.85,1.02e-10,1.86e-10,-0.00016,0.3839724354387525,22.0,40,0,0,
547,600.0,14.091966957139045,92.0,866.6666666666666,0.06333333333333334,3.5,5555.0,5e-09,5e-11,0.85,1.02e-10,1.86e-10,-0.00016,0.3839724354387525,22.0,40,0,0,
548,600.0,14.091966957139045,92.0,866.6666666666666,0.06333333333333334,3.857142857142857,5555.0,5e-09,5e-11,0.85,1.02e-10,1.86e-10,-0.00016,0.3839724354387525,22.0,40,0,0,
549,600.0,14.091966957139045,92.0,866.6666666666666,0.06333333333333334,4.214285714285714,5555.0,5e-09,5e-11,0.85,1.02e-10,1.86e-10,-0.00016,0.3839724354387525,22.0,40,0,0,
550,600.0,14.091966957139045,92.0,866.6666666666666,0.06333333333333334,4.571428571428571,5555.0,5e-09,5e-11,0.85,1.02e-10,1.86e-10,-0.00016,0.3839724354387525,22.0,40,0,0,
551,600.0,14.091966957139045,92.0,866.6666666666666,0.06333333333333334,4.928571428571429,5555.0,5e-09,5e-11,0.85,1.02e-10,1.86e-10,-0.00016,0.3839724354387525,22.0,40,0,0,
552,600.0,14.091966957139045,92.0,866.6666666666666,0.06333333333333334,5.285714285714286,5555.0,5e-09,5e-11,0.85,1.02e-10,1.86e-10,-0.00016,0.3839724354387525,22.0,40,0,0,
553,600.0,14.091966957139045,92.0,866.6666666666666,0.06333333333333334,5.642857142857143,5555.0,5e-09,5e-11,0.85,1.02e-10,1.86e-10,-0.00016,0.3839724354387525,22.0,40,0,0,
554,600.0,14.091966957139045,92.0,866.6666666666666,0.06333333333333334,6.0,5555.0,5e-09,5e-11,0.85,1.02e-10,1.86e-10,-0.00016,0.3839724354387525,22.0,40,0,0,
555,600.0,14.091966957139045,92.0,866.6666666666666,0.06555555555555556,1.0,5555.0,5e-09,5e-11,0.85,1.02e-10,1.86e-10,-0.00016,0.3839724354387525,22.0,40,0,0,
556,600.0,14.091966957139045,92.0,866.6666666666666,0.06555555555555556,1.3571428571428572,5555.0,5e-09,5e-11,0.85,1.02e-10,1.86e-10,-0.00016,0.3839724354387525,22.0,40,0,0,
557,600.0,14.091966957139045,92.0,866.6666666666666,0.06555555555555556,1.7142857142857144,5555.0,5e-09,5e-11,0.85,1.02e-10,1.86e-10,-0.00016,0.3839724354387525,22.0,40,0,0,
558,600.0,14.091966957139045,92.0,866.6666666666666,0.06555555555555556,2.071428571428571,5555.0,5e-09,5e-11,0.85,1.02e-10,1.86e-10,-0.00016,0.3839724354387525,22.0,40,0,0,
559,600.0,14.091966957139045,92.0,866.6666666666666,0.06555555555555556,2.428571428571429,5555.0,5e-09,5e-11,0.85,1.02e-10,1.86e-10,-0.00016,0.3839724354387525,22.0,40,0,0,
560,600.0,14.091966957139045,92.0,866.6666666666666,0.06555555555555556,2.7857142857142856,5555.0,5e-09,5e-11,0.85,1.02e-10,1.86e-10,-0.00016,0.3839724354387525,22.0,40,0,0,
561,600.0,14.091966957139045,92.0,866.6666666666666,0.06555555555555556,3.142857142857143,5555.0,5e-09,5e-11,0.85,1.02e-10,1.86e-10,-0.00016,0.3839724354387525,22.0,40,0,0,
562,600.0,14.091966957139045,92.0,866.6666666666666,0.06555555555555556,3.5,5555.0,5e-09,5e-11,0.85,1.02e-10,1.86e-10,-0.00016,0.3839724354387525,22.0,40,0,0,
563,600.0,14.091966957139045,92.0,866.6666666666666,0.06555555555555556,3.857142857142857,5555.0,5e-09,5e-11,0.85,1.02e-10,1.86e-10,-0.00016,0.3839724354387525,22.0,40,0,0,
564,600.0,14.091966957139045,92.0,866.6666666666666,0.06555555555555556,4.214285714285714,5555.0,5e-09,5e-11,0.85,1.02e-10,1.86e-10,-0.00016,0.3839724354387525,22.0,40,0,0,
565,600.0,14.091966957139045,92.0,866.6666666666666,0.06555555555555556,4.571428571428571,5555.0,5e-09,5e-11,0.85,1.02e-10,1.86e-10,-0.00016,0.3839724354387525,22.0,40,0,0,
566,600.0,14.091966957139045,92.0,866.6666666666666,0.06555555555555556,4.928571428571429,5555.0,5e-09,5e-11,0.85,1.02e-10,1.86e-10,-0.00016,0.3839724354387525,22.0,40,0,0,
567,600.0,14.091966957139045,92.0,866.6666666666666,0.06555555555555556,5.285714285714286,5555.0,5e-09,5e-11,0.85,1.02e-10,1.86e-10,-0.00016,0.3839724354387525,22.0,40,0,0,
568,600.0,14.091966957139045,92.0,866.6666666666666,0.06555555555555556,5.642857142857143,5555.0,5e-09,5e-11,0.85,1.02e-10,1.86e-10,-0.00016,0.3839724354387525,22.0,40,0,0,
569,600.0,14.091966957139045,92.0,866.6666666666666,0.06555555555555556,6.0,5555.0,5e-09,5e-11,0.85,1.02e-10,1.86e-10,-0.00016,0.3839724354387525,22.0,40,0,0,
570,600.0,14.091966957139045,92.0,866.6666666666666,0.06777777777777778,1.0,5555.0,5e-09,5e-11,0.85,1.02e-10,1.86e-10,-0.00016,0.3839724354387525,22.0,40,0,0,
571,600.0,14.091966957139045,92.0,866.6666666666666,0.06777777777777778,1.3571428571428572,5555.0,5e-09,5e-11,0.85,1.02e-10,1.86e-10,-0.00016,0.3839724354387525,22.0,40,0,0,
572,600.0,14.091966957139045,92.0,866.6666666666666,0.06777777777777778,1.7142857142857144,5555.0,5e-09,5e-11,0.85,1.02e-10,1.86e-10,-0.00016,0.3839724354387525,22.0,40,0,0,
573,600.0,14.091966957139045,92.0,866.6666666666666,0.06777777777777778,2.071428571428571,5555.0,5e-09,5e-11,0.85,1.02e-10,1.86e-10,-0.00016,0.3839724354387525,22.0,40,0,0,
574,600.0,14.091966957139045,92.0,866.6666666666666,0.06777777777777778,2.428571428571429,5555.0,5e-09,5e-11,0.85,1.02e-10,1.86e-10,-0.00016,0.3839724354387525,22.0,40,0,0,
575,600.0,14.091966957139045,92.0,866.6666666666666,0.06777777777777778,2.7857142857142856,5555.0,5e-09,5e-11,0.85,1.02e-10,1.86e-10,-0.00016,0.3839724354387525,22.0,40,0,0,
576,600.0,14.091966957139045,92.0,866.6666666666666,0.06777777777777778,3.142857142857143,5555.0,5e-09,5e-11,0.85,1.02e-10,1.86e-10,-0.00016,0.3839724354387525,22.0,40,0,0,
577,600.0,14.091966957139045,92.0,866.6666666666666,0.06777777777777778,3.5,5555.0,5e-09,5e-11,0.85,1.02e-10,1.86e-10,-0.00016,0.3839724354387525,22.0,40,0,0,
578,600.0,14.091966957139045,92.0,866.6666666666666,0.06777777777777778,3.857142857142857,5555.0,5e-09,5e-11,0.85,1.02e-10,1.86e-10,-0.00016,0.3839724354387525,22.0,40,0,0,
579,600.0,14.091966957139045,92.0,866.6666666666666,0.06777777777777778,4.214285714285714,5555.0,5e-09,5e-11,0.85,1.02e-10,1.86e-10,-0.00016,0.3839724354387525,22.0,40,0,0,
580,600.0,14.091966957139045,92.0,866.6666666666666,0.06777777777777778,4.571428571428571,5555.0,5e-09,5e-11,0.85,1.02e-10,1.86e-10,-0.00016,0.3839724354387525,22.0,40,0,0,
581,600.0,14.091966957139045,92.0,866.6666666666666,0.06777777777777778,4.928571428571429,5555.0,5e-09,5e-11,0.85,1.02e-10,1.86e-10,-0.00016,0.3839724354387525,22.0,40,0,0,
582,600.0,14.091966957139045,92.0,866.6666666666666,0.06777777777777778,5.285714285714286,5555.0,5e-09,5e-11,0.85,1.02e-10,1.86e-10,-0.00016,0.3839724354387525,22.0,40,0,0,
583,600.0,14.091966957139045,92.0,866.6666666666666,0.06777777777777778,5.642857142857143,5555.0,5e-09,5e-11,0.85,1.02e-10,1.86e-10,-0.00016,0.3839724354387525,22.0,40,0,0,
584,600.0,14.091966957139045,92.0,866.6666666666666,0.06777777777777778,6.0,5555.0,5e-09,5e-11,0.85,1.02e-10,1.86e-10,-0.00016,0.3839724354387525,22.0,40,0,0,
585,600.0,14.091966957139045,92.0,866.6666666666666,0.07,1.0,5555.0,5e-09,5e-11,0.85,1.02e-10,1.86e-10,-0.00016,0.3839724354387525,22.0,40,0,0,
586,600.0,14.091966957139045,92.0,866.6666666666666,0.07,1.3571428571428572,5555.0,5e-09,5e-11,0.85,1.02e-10,1.86e-10,-0.00016,0.3839724354387525,22.0,40,0,0,
587,600.0,14.091966957139045,92.0,866.6666666666666,0.07,1.7142857142857144,5555.0,5e-09,5e-11,0.85,1.02e-10,1.86e-10,-0.00016,0.3839724354387525,22.0,40,0,0,
588,600.0,14.091966957139045,92.0,866.6666666666666,0.07,2.071428571428571,5555.0,5e-09,5e-11,0.85,1.02e-10,1.86e-10,-0.00016,0.3839724354387525,22.0,40,0,0,
589,600.0,14.091966957139045,92.0,866.6666666666666,0.07,2.428571428571429,5555.0,5e-09,5e-11,0.85,1.02e-10,1.86e-10,-0.00016,0.3839724354387525,22.0,40,0,0,
590,600.0,14.091966957139045,92.0,866.6666666666666,0.07,2.7857142857142856,5555.0,5e-09,5e-11,0.85,1.02e-10,1.86e-10,-0.00016,0.3839724354387525,22.0,40,0,0,
591,600.0,14.091966957139045,92.0,866.6666666666666,0.07,3.142857142857143,5555.0,5e-09,5e-11,0.85,1.02e-10,1.86e-10,-0.00016,0.3839724354387525,22.0,40,0,0,
592,600.0,14.091966957139045,92.0,866.6666666666666,0.07,3.5,5555.0,5e-09,5e-11,0.85,1.02e-10,1.86e-10,-0.00016,0.3839724354387525,22.0,40,0,0,
593,600.0,14.091966957139045,92.0,866.6666666666666,0.07,3.857142857142857,5555.0,5e-09,5e-11,0.85,1.02e-10,1.86e-10,-0.00016,0.3839724354387525,22.0,40,0,0,
594,600.0,14.091966957139045,92.0,866.6666666666666,0.07,4.214285714285714,5555.0,5e-09,5e-11,0.85,1.02e-10,1.86e-10,-0.00016,0.3839724354387525,22.0,40,0,0,
595,600.0,14.091966957139045,92.0,866.6666666666666,0.07,4.571428571428571,5555.0,5e-09,5e-11,0.85,1.02e-10,1.86e-10,-0.00016,0.3839724354387525,22.0,40,0,0,
596,600.0,14.091966957139045,92.0,866.6666666666666,0.07,4.928571428571429,5555.0,5e-09,5e-11,0.85,1.02e-10,1.86e-10,-0.00016,0.3839724354387525,22.0,40,0,0,
597,600.0,14.091966957139045,92.0,866.6666666666666,0.07,5.285714285714286,5555.0,5e-09,5e-11,0.85,1.02e-10,1.86e-10,-0.00016,0.3839724354387525,22.0,40,0,0,
598,600.0,14.091966957139045,92.0,866.6666666666666,0.07,5.642857142857143,5555.0,5e-09,5e-11,0.85,1.02e-10,1.86e-10,-0.00016,0.3839724354387525,22.0,40,0,0,
599,600.0,14.091966957139045,92.0,866.6666666666666,0.07,6.0,5555.0,5e-09,5e-11,0.85,1.02e-10,1.86e-10,-0.00016,0.3839724354387525,22.0,40,0,0,
600,600.0,14.091966957139045,92.0,1055.5555555555557,0.05,1.0,5555.0,5e-09,5e-11,0.85,1.02e-10,1.86e-10,-0.00016,0.3839724354387525,22.0,40,0,0,
601,600.0,14.091966957139045,92.0,1055.5555555555557,0.05,1.3571428571428572,5555.0,5e-09,5e-11,0.85,1.02e-10,1.86e-10,-0.00016,0.3839724354387525,22.0,40,0,0,
602,600.0,14.091966957139045,92.0,1055.5555555555557,0.05,1.7142857142857144,5555.0,5e-09,5e-11,0.85,1.02e-10,1.86e-10,-0.00016,0.3839724354387525,22.0,40,0,0,
603,600.0,14.091966957139045,92.0,1055.5555555555557,0.05,2.071428571428571,5555.0,5e-09,5e-11,0.85,1.02e-10,1.86e-10,-0.00016,0.3839724354387525,22.0,40,0,0,
604,600.0,14.091966957139045,92.0,1055.5555555555557,0.05,2.428571428571429,5555.0,5e-09,5e-11,0.85,1.02e-10,1.86e-10,-0.00016,0.3839724354387525,22.0,40,0,0,
605,600.0,14.091966957139045,92.0,1055.5555555555557,0.05,2.7857142857142856,5555.0,5e-09,5e-11,0.85,1.02e-10,1.86e-10,-0.00016,0.3839724354387525,22.0,40,0,0,
606,600.0,14.091966957139045,92.0,1055.5555555555557,0.05,3.142857142857143,5555.0,5e-09,5e-11,0.85,1.02e-10,1.86e-10,-0.00016,0.3839724354387525,22.0,40,0,0,
607,600.0,14.091966957139045,92.0,1055.5555555555557,0.05,3.5,5555.0,5e-09,5e-11,0.85,1.02e-10,1.86e-10,-0.00016,0.3839724354387525,22.0,40,0,0,
608,600.0,14.091966957139045,92.0,1055.5555555555557,0.05,3.857142857142857,5555.0,5e-09,5e-11,0.85,1.02e-10,1.86e-10,-0.00016,0.3839724354387525,22.0,40,0,0,
609,600.0,14.091966957139045,92.0,1055.5555555555557,0.05,4.214285714285714,5555.0,5e-09,5e-11,0.85,1.02e-10,1.86e-10,-0.00016,0.3839724354387525,22.0,40,0,0,
610,600.0,14.091966957139045,92.0,1055.5555555555557,0.05,4.571428571428571,5555.0,5e-09,5e-11,0.85,1.02e-10,1.86e-10,-0.00016,0.3839724354387525,22.0,40,0,0,
611,600.0,14.091966957139045,92.0,1055.5555555555557,0.05,4.928571428571429,5555.0,5e-09,5e-11,0.85,1.02e-10,1.86e-10,-0.00016,0.3839724354387525,22.0,40,0,0,
612,600.0,14.091966957139045,92.0,1055.5555555555557,0.05,5.285714285714286,5555.0,5e-09,5e-11,0.85,1.02e-10,1.86e-10,-0.00016,0.3839724354387525,22.0,40,0,0,
613,600.0,14.091966957139045,92.0,1055.5555555555557,0.05,5.642857142857143,5555.0,5e-09,5e-11,0.85,1.02e-10,1.86e-10,-0.00016,0.3839724354387525,22.0,40,0,0,
614,600.0,14.091966957139045,92.0,1055.5555555555557,0.05,6.0,5555.0,5e-09,5e-11,0.85,1.02e-10,1.86e-10,-0.00016,0.3839724354387525,22.0,40,0,0,
615,600.0,14.091966957139045,92.0,1055.5555555555557,0.052222222222222225,1.0,5555.0,5e-09,5e-11,0.85,1.02e-10,1.86e-10,-0.00016,0.3839724354387525,22.0,40,0,0,
616,600.0,14.091966957139045,92.0,1055.5555555555557,0.052222222222222225,1.3571428571428572,5555.0,5e-09,5e-11,0.85,1.02e-10,1.86e-10,-0.00016,0.3839724354387525,22.0,40,0,0,
617,600.0,14.091966957139045,92.0,1055.5555555555557,0.052222222222222225,1.7142857142857144,5555.0,5e-09,5e-11,0.85,1.02e-10,1.86e-10,-0.00016,0.3839724354387525,22.0,40,0,0,
618,600.0,14.091966957139045,92.0,1055.5555555555557,0.052222222222222225,2.071428571428571,5555.0,5e-09,5e-11,0.85,1.02e-10,1.86e-10,-0.00016,0.3839724354387525,22.0,40,0,0,
619,600.0,14.091966957139045,92.0,1055.5555555555557,0.052222222222222225,2.428571428571429,5555.0,5e-09,5e-11,0.85,1.02e-10,1.86e-10,-0.00016,0.3839724354387525,22.0,40,0,0,
620,600.0,14.091966957139045,92.0,1055.5555555555557,0.052222222222222225,2.7857142857142856,5555.0,5e-09,5e-11,0.85,1.02e-10,1.86e-10,-0.00016,0.3839724354387525,22.0,40,0,0,
621,600.0,14.091966957139045,92.0,1055.5555555555557,0.052222222222222225,3.142857142857143,5555.0,5e-09,5e-11,0.85,1.02e-10,1.86e-10,-0.00016,0.3839724354387525,22.0,40,0,0,
622,600.0,14.091966957139045,92.0,1055.5555555555557,0.052222222222222225,3.5,5555.0,5e-09,5e-11,0.85,1.02e-10,1.86e-10,-0.00016,0.3839724354387525,22.0,40,0,0,
623,600.0,14.091966957139045,92.0,1055.5555555555557,0.052222222222222225,3.857142857142857,5555.0,5e-09,5e-11,0.85,1.02e-10,1.86e-10,-0.00016,0.3839724354387525,22.0,40,0,0,
624,600.0,14.091966957139045,92.0,1055.5555555555557,0.052222222222222225,4.214285714285714,5555.0,5e-09,5e-11,0.85,1.02e-10,1.86e-10,-0.00016,0.3839724354387525,22.0,40,0,0,
625,600.0,14.091966957139045,92.0,1055.5555555555557,0.052222222222222225,4.571428571428571,5555.0,5e-09,5e-11,0.85,1.02e-10,1.86e-10,-0.00016,0.3839724354387525,22.0,40,0,0,
626,600.0,14.091966957139045,92.0,1055.5555555555557,0.052222222222222225,4.928571428571429,5555.0,5e-09,5e-11,0.85,1.02e-10,1.86e-10,-0.00016,0.3839724354387525,22.0,40,0,0,
627,600.0,14.091966957139045,92.0,1055.5555555555557,0.052222222222222225,5.285714285714286,5555.0,5e-09,5e-11,0.85,1.02e-10,1.86e-10,-0.00016,0.3839724354387525,22.0,40,0,0,
628,600.0,14.091966957139045,92.0,1055.5555555555557,0.052222222222222225,5.642857142857143,5555.0,5e-09,5e-11,0.85,1.02e-10,1.86e-10,-0.00016,0.3839724354387525,22.0,40,0,0,
629,600.0,14.091966957139045,92.0,1055.5555555555557,0.052222222222222225,6.0,5555.0,5e-09,5e-11,0.85,1.02e-10,1.86e-10,-0.00016,0.3839724354387525,22.0,40,0,0,
630,600.0,14.091966957139045,92.0,1055.5555555555557,0.05444444444444445,1.0,5555.0,5e-09,5e-11,0.85,1.02e-10,1.86e-10,-0.00016,0.3839724354387525,22.0,40,0,0,
631,600.0,14.091966957139045,92.0,1055.5555555555557,0.05444444444444445,1.3571428571428572,5555.0,5e-09,5e-11,0.85,1.02e-10,1.86e-10,-0.00016,0.3839724354387525,22.0,40,0,0,
632,600.0,14.091966957139045,92.0,1055.5555555555557,0.05444444444444445,1.7142857142857144,5555.0,5e-09,5e-11,0.85,1.02e-10,1.86e-10,-0.00016,0.3839724354387525,22.0,40,0,0,
633,600.0,14.091966957139045,92.0,1055.5555555555557,0.05444444444444445,2.071428571428571,5555.0,5e-09,5e-11,0.85,1.02e-10,1.86e-10,-0.00016,0.3839724354387525,22.0,40,0,0,
634,600.0,14.091966957139045,92.0,1055.5555555555557,0.05444444444444445,2.428571428571429,5555.0,5e-09,5e-11,0.85,1.02e-10,1.86e-10,-0.00016,0.3839724354387525,22.0,40,0,0,
635,600.0,14.091966957139045,92.0,1055.5555555555557,0.05444444444444445,2.7857142857142856,5555.0,5e-09,5e-11,0.85,1.02e-10,1.86e-10,-0.00016,0.3839724354387525,22.0,40,0,0,
636,600.0,14.091966957139045,92.0,1055.5555555555557,0.05444444444444445,3.142857142857143,5555.0,5e-09,5e-11,0.85,1.02e-10,1.86e-10,-0.00016,0.3839724354387525,22.0,40,0,0,
637,600.0,14.091966957139045,92.0,1055.5555555555557,0.05444444444444445,3.5,5555.0,5e-09,5e-11,0.85,1.02e-10,1.86e-10,-0.00016,0.3839724354387525,22.0,40,0,0,
638,600.0,14.091966957139045,92.0,1055.5555555555557,0.05444444444444445,3.857142857142857,5555.0,5e-09,5e-11,0.85,1.02e-10,1.86e-10,-0.00016,0.3839724354387525,22.0,40,0,0,
639,600.0,14.091966957139045,92.0,1055.5555555555557,0.05444444444444445,4.214285714285714,5555.0,5e-09,5e-11,0.85,1.02e-10,1.86e-10,-0.00016,0.3839724354387525,22.0,40,0,0,
640,600.0,14.091966957139045,92.0,1055.5555555555557,0.05444444444444445,4.571428571428571,5555.0,5e-09,5e-11,0.85,1.02e-10,1.86e-10,-0.00016,0.3839724354387525,22.0,40,0,0,
641,600.0,14.091966957139045,92.0,1055.5555555555557,0.05444444444444445,4.928571428571429,5555.0,5e-09,5e-11,0.85,1.02e-10,1.86e-10,-0.00016,0.3839724354387525,22.0,40,0,0,
642,600.0,14.091966957139045,92.0,1055.5555555555557,0.05444444444444445,5.285714285714286,5555.0,5e-09,5e-11,0.85,1.02e-10,1.86e-10,-0.00016,0.3839724354387525,22.0,40,0,0,
643,600.0,14.091966957139045,92.0,1055.5555555555557,0.05444444444444445,5.642857142857143,5555.0,5e-09,5e-11,0.85,1.02e-10,1.86e-10,-0.00016,0.3839724354387525,22.0,40,0,0,
644,600.0,14.091966957139045,92.0,1055.5555555555557,0.05444444444444445,6.0,5555.0,5e-09,5e-11,0.85,1.02e-10,1.86e-10,-0.00016,0.3839724354387525,22.0,40,0,0,
645,600.0,14.091966957139045,92.0,1055.5555555555557,0.05666666666666667,1.0,5555.0,5e-09,5e-11,0.85,1.02e-10,1.86e-10,-0.00016,0.3839724354387525,22.0,40,0,0,
646,600.0,14.091966957139045,92.0,1055.5555555555557,0.05666666666666667,1.3571428571428572,5555.0,5e-09,5e-11,0.85,1.02e-10,1.86e-10,-0.00016,0.3839724354387525,22.0,40,0,0,
647,600.0,14.091966957139045,92.0,1055.5555555555557,0.05666666666666667,1.7142857142857144,5555.0,5e-09,5e-11,0.85,1.02e-10,1.86e-10,-0.00016,0.3839724354387525,22.0,40,0,0,
648,600.0,14.091966957139045,92.0,1055.5555555555557,0.05666666666666667,2.071428571428571,5555.0,5e-09,5e-11,0.85,1.02e-10,1.86e-10,-0.00016,0.3839724354387525,22.0,40,0,0,
649,600.0,14.091966957139045,92.0,1055.5555555555557,0.05666666666666667,2.428571428571429,5555.0,5e-09,5e-11,0.85,1.02e-10,1.86e-10,-0.00016,0.3839724354387525,22.0,40,0,0,
650,600.0,14.091966957139045,92.0,1055.5555555555557,0.05666666666666667,2.7857142857142856,5555.0,5e-09,5e-11,0.85,1.02e-10,1.86e-10,-0.00016,0.3839724354387525,22.0,40,0,0,
651,600.0,14.091966957139045,92.0,1055.5555555555557,0.05666666666666667,3.142857142857143,5555.0,5e-09,5e-11,0.85,1.02e-10,1.86e-10,-0.00016,0.3839724354387525,22.0,40,0,0,
652,600.0,14.091966957139045,92.0,1055.5555555555557,0.05666666666666667,3.5,5555.0,5e-09,5e-11,0.85,1.02e-10,1.86e-10,-0.00016,0.3839724354387525,22.0,40,0,0,
653,600.0,14.091966957139045,92.0,1055.5555555555557,0.05666666666666667,3.857142857142857,5555.0,5e-09,5e-11,0.85,1.02e-10,1.86e-10,-0.00016,0.3839724354387525,22.0,40,0,0,
654,600.0,14.091966957139045,92.0,1055.5555555555557,0.05666666666666667,4.214285714285714,5555.0,5e-09,5e-11,0.85,1.02e-10,1.86e-10,-0.00016,0.3839724354387525,22.0,40,0,0,
655,600.0,14.091966957139045,92.0,1055.5555555555557,0.05666666666666667,4.571428571428571,5555.0,5e-09,5e-11,0.85,1.02e-10,1.86e-10,-0.00016,0.3839724354387525,22.0,40,0,0,
656,600.0,14.091966957139045,92.0,1055.5555555555557,0.05666666666666667,4.928571428571429,5555.0,5e-09,5e-11,0.85,1.02e-10,1.86e-10,-0.00016,0.3839724354387525,22.0,40,0,0,
657,600.0,14.091966957139045,92.0,1055.5555555555557,0.05666666666666667,5.285714285714286,5555.0,5e-09,5e-11,0.85,1.02e-10,1.86e-10,-0.00016,0.3839724354387525,22.0,40,0,0,
658,600.0,14.091966957139045,92.0,1055.5555555555557,0.05666666666666667,5.642857142857143,5555.0,5e-09,5e-11,0.85,1.02e-10,1.86e-10,-0.00016,0.3839724354387525,22.0,40,0,0,
659,600.0,14.091966957139045,92.0,1055.5555555555557,0.05666666666666667,6.0,5555.0,5e-09,5e-11,0.85,1.02e-10,1.86e-10,-0.00016,0.3839724354387525,22.0,40,0,0,
660,600.0,14.091966957139045,92.0,1055.5555555555557,0.05888888888888889,1.0,5555.0,5e-09,5e-11,0.85,1.02e-10,1.86e-10,-0.00016,0.3839724354387525,22.0,40,0,0,
661,600.0,14.091966957139045,92.0,1055.5555555555557,0.05888888888888889,1.3571428571428572,5555.0,5e-09,5e-11,0.85,1.02e-10,1.86e-10,-0.00016,0.3839724354387525,22.0,40,0,0,
662,600.0,14.091966957139045,92.0,1055.5555555555557,0.05888888888888889,1.7142857142857144,5555.0,5e-09,5e-11,0.85,1.02e-10,1.86e-10,-0.00016,0.3839724354387525,22.0,40,0,0,
663,600.0,14.091966957139045,92.0,1055.5555555555557,0.05888888888888889,2.071428571428571,5555.0,5e-09,5e-11,0.85,1.02e-10,1.86e-10,-0.00016,0.3839724354387525,22.0,40,0,0,
664,600.0,14.091966957139045,92.0,1055.5555555555557,0.05888888888888889,2.428571428571429,5555.0,5e-09,5e-11,0.85,1.02e-10,1.86e-10,-0.00016,0.3839724354387525,22.0,40,0,0,
665,600.0,14.091966957139045,92.0,1055.5555555555557,0.05888888888888889,2.7857142857142856,5555.0,5e-09,5e-11,0.85,1.02e-10,1.86e-10,-0.00016,0.3839724354387525,22.0,40,0,0,
666,600.0,14.091966957139045,92.0,1055.5555555555557,0.05888888888888889,3.142857142857143,5555.0,5e-09,5e-11,0.85,1.02e-10,1.86e-10,-0.00016,0.3839724354387525,22.0,40,0,0,
667,600.0,14.091966957139045,92.0,1055.5555555555557,0.05888888888888889,3.5,5555.0,5e-09,5e-11,0.85,1.02e-10,1.86e-10,-0.00016,0.3839724354387525,22.0,40,0,0,
668,600.0,14.091966957139045,92.0,1055.5555555555557,0.05888888888888889,3.857142857142857,5555.0,5e-09,5e-11,0.85,1.02e-10,1.86e-10,-0.00016,0.3839724354387525,22.0,40,0,0,
669,600.0,14.091966957139045,92.0,1055.5555555555557,0.05888888888888889,4.214285714285714,5555.0,5e-09,5e-11,0.85,1.02e-10,1.86e-10,-0.00016,0.3839724354387525,22.0,40,0,0,
670,600.0,14.091966957139045,92.0,1055.5555555555557,0.05888888888888889,4.571428571428571,5555.0,5e-09,5e-11,0.85,1.02e-10,1.86e-10,-0.00016,0.3839724354387525,22.0,40,0,0,
671,600.0,14.091966957139045,92.0,1055.5555555555557,0.05888888888888889,4.928571428571429,5555.0,5e-09,5e-11,0.85,1.02e-10,1.86e-10,-0.00016,0.3839724354387525,22.0,40,0,0,
672,600.0,14.091966957139045,92.0,1055.5555555555557,0.05888888888888889,5.285714285714286,5555.0,5e-09,5e-11,0.85,1.02e-10,1.86e-10,-0.00016,0.3839724354387525,22.0,40,0,0,
673,600.0,14.091966957139045,92.0,1055.5555555555557,0.05888888888888889,5.642857142857143,5555.0,5e-09,5e-11,0.85,1.02e-10,1.86e-10,-0.00016,0.3839724354387525,22.0,40,0,0,
674,600.0,14.091966957139045,92.0,1055.5555555555557,0.05888888888888889,6.0,5555.0,5e-09,5e-11,0.85,1.02e-10,1.86e-10,-0.00016,0.3839724354387525,22.0,40,0,0,
675,600.0,14.091966957139045,92.0,1055.5555555555557,0.061111111111111116,1.0,5555.0,5e-09,5e-11,0.85,1.02e-10,1.86e-10,-0.00016,0.3839724354387525,22.0,40,0,0,
676,600.0,14.091966957139045,92.0,1055.5555555555557,0.061111111111111116,1.3571428571428572,5555.0,5e-09,5e-11,0.85,1.02e-10,1.86e-10,-0.00016,0.3839724354387525,22.0,40,0,0,
677,600.0,14.091966957139045,92.0,1055.5555555555557,0.061111111111111116,1.7142857142857144,5555.0,5e-09,5e-11,0.85,1.02e-10,1.86e-10,-0.00016,0.3839724354387525,22.0,40,0,0,
678,600.0,14.091966957139045,92.0,1055.5555555555557,0.061111111111111116,2.071428571428571,5555.0,5e-09,5e-11,0.85,1.02e-10,1.86e-10,-0.00016,0.3839724354387525,22.0,40,0,0,
679,600.0,14.091966957139045,92.0,1055.5555555555557,0.061111111111111116,2.428571428571429,5555.0,5e-09,5e-11,0.85,1.02e-10,1.86e-10,-0.00016,0.3839724354387525,22.0,40,0,0,
680,600.0,14.091966957139045,92.0,1055.5555555555557,0.061111111111111116,2.7857142857142856,5555.0,5e-09,5e-11,0.85,1.02e-10,1.86e-10,-0.00016,0.3839724354387525,22.0,40,0,0,
681,600.0,14.091966957139045,92.0,1055.5555555555557,0.061111111111111116,3.142857142857143,5555.0,5e-09,5e-11,0.85,1.02e-10,1.86e-10,-0.00016,0.3839724354387525,22.0,40,0,0,
682,600.0,14.091966957139045,92.0,1055.5555555555557,0.061111111111111116,3.5,5555.0,5e-09,5e-11,0.85,1.02e-10,1.86e-10,-0.00016,0.3839724354387525,22.0,40,0,0,
683,600.0,14.091966957139045,92.0,1055.5555555555557,0.061111111111111116,3.857142857142857,5555.0,5e-09,5e-11,0.85,1.02e-10,1.86e-10,-0.00016,0.3839724354387525,22.0,40,0,0,
684,600.0,14.091966957139045,92.0,1055.5555555555557,0.061111111111111116,4.214285714285714,5555.0,5e-09,5e-11,0.85,1.02e-10,1.86e-10,-0.00016,0.3839724354387525,22.0,40,0,0,
685,600.0,14.091966957139045,92.0,1055.5555555555557,0.061111111111111116,4.571428571428571,5555.0,5e-09,5e-11,0.85,1.02e-10,1.86e-10,-0.00016,0.3839724354387525,22.0,40,0,0,
686,600.0,14.091966957139045,92.0,1055.5555555555557,0.061111111111111116,4.928571428571429,5555.0,5e-09,5e-11,0.85,1.02e-10,1.86e-10,-0.00016,0.3839724354387525,22.0,40,0,0,
687,600.0,14.091966957139045,92.0,1055.5555555555557,0.061111111111111116,5.285714285714286,5555.0,5e-09,5e-11,0.85,1.02e-10,1.86e-10,-0.00016,0.3839724354387525,22.0,40,0,0,
688,600.0,14.091966957139045,92.0,1055.5555555555557,0.061111111111111116,5.642857142857143,5555.0,5e-09,5e-11,0.85,1.02e-10,1.86e-10,-0.00016,0.3839724354387525,22.0,40,0,0,
689,600.0,14.091966957139045,92.0,1055.5555555555557,0.061111111111111116,6.0,5555.0,5e-09,5e-11,0.85,1.02e-10,1.86e-10,-0.00016,0.3839724354387525,22.0,40,0,0,
690,600.0,14.091966957139045,92.0,1055.5555555555557,0.06333333333333334,1.0,5555.0,5e-09,5e-11,0.85,1.02e-10,1.86e-10,-0.00016,0.3839724354387525,22.0,40,0,0,
691,600.0,14.091966957139045,92.0,1055.5555555555557,0.06333333333333334,1.3571428571428572,5555.0,5e-09,5e-11,0.85,1.02e-10,1.86e-10,-0.00016,0.3839724354387525,22.0,40,0,0,
692,600.0,14.091966957139045,92.0,1055.5555555555557,0.06333333333333334,1.7142857142857144,5555.0,5e-09,5e-11,0.85,1.02e-10,1.86e-10,-0.00016,0.3839724354387525,22.0,40,0,0,
693,600.0,14.091966957139045,92.0,1055.5555555555557,0.06333333333333334,2.071428571428571,5555.0,5e-09,5e-11,0.85,1.02e-10,1.86e-10,-0.00016,0.3839724354387525,22.0,40,0,0,
694,600.0,14.091966957139045,92.0,1055.5555555555557,0.06333333333333334,2.428571428571429,5555.0,5e-09,5e-11,0.85,1.02e-10,1.86e-10,-0.00016,0.3839724354387525,22.0,40,0,0,
695,600.0,14.091966957139045,92.0,1055.5555555555557,0.06333333333333334,2.7857142857142856,5555.0,5e-09,5e-11,0.85,1.02e-10,1.86e-10,-0.00016,0.3839724354387525,22.0,40,0,0,
696,600.0,14.091966957139045,92.0,1055.5555555555557,0.06333333333333334,3.142857142857143,5555.0,5e-09,5e-11,0.85,1.02e-10,1.86e-10,-0.00016,0.3839724354387525,22.0,40,0,0,
697,600.0,14.091966957139045,92.0,1055.5555555555557,0.06333333333333334,3.5,5555.0,5e-09,5e-11,0.85,1.02e-10,1.86e-10,-0.00016,0.3839724354387525,22.0,40,0,0,
698,600.0,14.091966957139045,92.0,1055.5555555555557,0.06333333333333334,3.857142857142857,5555.0,5e-09,5e-11,0.85,1.02e-10,1.86e-10,-0.00016,0.3839724354387525,22.0,40,0,0,
699,600.0,14.091966957139045,92.0,1055.5555555555557,0.06333333333333334,4.214285714285714,5555.0,5e-09,5e-11,0.85,1.02e-10,1.86e-10,-0.00016,0.3839724354387525,22.0,40,0,0,
700,600.0,14.091966957139045,92.0,1055.5555555555557,0.06333333333333334,4.571428571428571,5555.0,5e-09,5e-11,0.85,1.02e-10,1.86e-10,-0.00016,0.3839724354387525,22.0,40,0,0,
701,600.0,14.091966957139045,92.0,1055.5555555555557,0.06333333333333334,4.928571428571429,5555.0,5e-09,5e-11,0.85,1.02e-10,1.86e-10,-0.00016,0.3839724354387525,22.0,40,0,0,
702,600.0,14.091966957139045,92.0,1055.5555555555557,0.06333333333333334,5.285714285714286,5555.0,5e-09,5e-11,0.85,1.02e-10,1.86e-10,-0.00016,0.3839724354387525,22.0,40,0,0,
703,600.0,14.091966957139045,92.0,1055.5555555555557,0.06333333333333334,5.642857142857143,5555.0,5e-09,5e-11,0.85,1.02e-10,1.86e-10,-0.00016,0.3839724354387525,22.0,40,0,0,
704,600.0,14.091966957139045,92.0,1055.5555555555557,0.06333333333333334,6.0,5555.0,5e-09,5e-11,0.85,1.02e-10,1.86e-10,-0.00016,0.3839724354387525,22.0,40,0,0,
705,600.0,14.091966957139045,92.0,1055.5555555555557,0.06555555555555556,1.0,5555.0,5e-09,5e-11,0.85,1.02e-10,1.86e-10,-0.00016,0.3839724354387525,22.0,40,0,0,
706,600.0,14.091966957139045,92.0,1055.5555555555557,0.06555555555555556,1.3571428571428572,5555.0,5e-09,5e-11,0.85,1.02e-10,1.86e-10,-0.00016,0.3839724354387525,22.0,40,0,0,
707,600.0,14.091966957139045,92.0,1055.5555555555557,0.06555555555555556,1.7142857142857144,5555.0,5e-09,5e-11,0.85,1.02e-10,1.86e-10,-0.00016,0.3839724354387525,22.0,40,0,0,
708,600.0,14.091966957139045,92.0,1055.5555555555557,0.06555555555555556,2.071428571428571,5555.0,5e-09,5e-11,0.85,1.02e-10,1.86e-10,-0.00016,0.3839724354387525,22.0,40,0,0,
709,600.0,14.091966957139045,92.0,1055.5555555555557,0.06555555555555556,2.428571428571429,5555.0,5e-09,5e-11,0.85,1.02e-10,1.86e-10,-0.00016,0.3839724354387525,22.0,40,0,0,
710,600.0,14.091966957139045,92.0,1055.5555555555557,0.06555555555555556,2.7857142857142856,5555.0,5e-09,5e-11,0.85,1.02e-10,1.86e-10,-0.00016,0.3839724354387525,22.0,40,0,0,
711,600.0,14.091966957139045,92.0,1055.5555555555557,0.06555555555555556,3.142857142857143,5555.0,5e-09,5e-11,0.85,1.02e-10,1.86e-10,-0.00016,0.3839724354387525,22.0,40,0,0,
712,600.0,14.091966957139045,92.0,1055.5555555555557,0.06555555555555556,3.5,5555.0,5e-09,5e-11,0.85,1.02e-10,1.86e-10,-0.00016,0.3839724354387525,22.0,40,0,0,
713,600.0,14.091966957139045,92.0,1055.5555555555557,0.06555555555555556,3.857142857142857,5555.0,5e-09,5e-11,0.85,1.02e-10,1.86e-10,-0.00016,0.3839724354387525,22.0,40,0,0,
714,600.0,14.091966957139045,92.0,1055.5555555555557,0.06555555555555556,4.214285714285714,5555.0,5e-09,5e-11,0.85,1.02e-10,1.86e-10,-0.00016,0.3839724354387525,22.0,40,0,0,
715,600.0,14.091966957139045,92.0,1055.5555555555557,0.06555555555555556,4.571428571428571,5555.0,5e-09,5e-11,0.85,1.02e-10,1.86e-10,-0.00016,0.3839724354387525,22.0,40,0,0,
716,600.0,14.091966957139045,92.0,1055.5555555555557,0.06555555555555556,4.928571428571429,5555.0,5e-09,5e-11,0.85,1.02e-10,1.86e-10,-0.00016,0.3839724354387525,22.0,40,0,0,
717,600.0,14.091966957139045,92.0,1055.5555555555557,0.06555555555555556,5.285714285714286,5555.0,5e-09,5e-11,0.85,1.02e-10,1.86e-10,-0.00016,0.3839724354387525,22.0,40,0,0,
718,600.0,14.091966957139045,92.0,1055.5555555555557,0.06555555555555556,5.642857142857143,5555.0,5e-09,5e-11,0.85,1.02e-10,1.86e-10,-0.00016,0.3839724354387525,22.0,40,0,0,
719,600.0,14.091966957139045,92.0,1055.5555555555557,0.06555555555555556,6.0,5555.0,5e-09,5e-11,0.85,1.02e-10,1.86e-10,-0.00016,0.3839724354387525,22.0,40,0,0,
720,600.0,14.091966957139045,92.0,1055.5555555555557,0.06777777777777778,1.0,5555.0,5e-09,5e-11,0.85,1.02e-10,1.86e-10,-0.00016,0.3839724354387525,22.0,40,0,0,
721,600.0,14.091966957139045,92.0,1055.5555555555557,0.06777777777777778,1.3571428571428572,5555.0,5e-09,5e-11,0.85,1.02e-10,1.86e-10,-0.00016,0.3839724354387525,22.0,40,0,0,
722,600.0,14.091966957139045,92.0,1055.5555555555557,0.06777777777777778,1.7142857142857144,5555.0,5e-09,5e-11,0.85,1.02e-10,1.86e-10,-0.00016,0.3839724354387525,22.0,40,0,0,
723,600.0,14.091966957139045,92.0,1055.5555555555557,0.06777777777777778,2.071428571428571,5555.0,5e-09,5e-11,0.85,1.02e-10,1.86e-10,-0.00016,0.3839724354387525,22.0,40,0,0,
724,600.0,14.091966957139045,92.0,1055.5555555555557,0.06777777777777778,2.428571428571429,5555.0,5e-09,5e-11,0.85,1.02e-10,1.86e-10,-0.00016,0.3839724354387525,22.0,40,0,0,
725,600.0,14.091966957139045,92.0,1055.5555555555557,0.06777777777777778,2.7857142857142856,5555.0,5e-09,5e-11,0.85,1.02e-10,1.86e-10,-0.00016,0.3839724354387525,22.0,40,0,0,
726,600.0,14.091966957139045,92.0,1055.5555555555557,0.06777777777777778,3.142857142857143,5555.0,5e-09,5e-11,0.85,1.02e-10,1.86e-10,-0.00016,0.3839724354387525,22.0,40,0,0,
727,600.0,14.091966957139045,92.0,1055.5555555555557,0.06777777777777778,3.5,5555.0,5e-09,5e-11,0.85,1.02e-10,1.86e-10,-0.00016,0.3839724354387525,22.0,40,0,0,
728,600.0,14.091966957139045,92.0,1055.5555555555557,0.06777777777777778,3.857142857142857,5555.0,5e-09,5e-11,0.85,1.02e-10,1.86e-10,-0.00016,0.3839724354387525,22.0,40,0,0,
729,600.0,14.091966957139045,92.0,1055.5555555555557,0.06777777777777778,4.214285714285714,5555.0,5e-09,5e-11,0.85,1.02e-10,1.86e-10,-0.00016,0.3839724354387525,22.0,40,0,0,
730,600.0,14.091966957139045,92.0,1055.5555555555557,0.06777777777777778,4.571428571428571,5555.0,5e-09,5e-11,0.85,1.02e-10,1.86e-10,-0.00016,0.3839724354387525,22.0,40,0,0,
731,600.0,14.091966957139045,92.0,1055.5555555555557,0.06777777777777778,4.928571428571429,5555.0,5e-09,5e-11,0.85,1.02e-10,1.86e-10,-0.00016,0.3839724354387525,22.0,40,0,0,
732,600.0,14.091966957139045,92.0,1055.5555555555557,0.06777777777777778,5.285714285714286,5555.0,5e-09,5e-11,0.85,1.02e-10,1.86e-10,-0.00016,0.3839724354387525,22.0,40,0,0,
733,600.0,14.091966957139045,92.0,1055.5555555555557,0.06777777777777778,5.642857142857143,5555.0,5e-09,5e-11,0.85,1.02e-10,1.86e-10,-0.00016,0.3839724354387525,22.0,40,0,0,
734,600.0,14.091966957139045,92.0,1055.5555555555557,0.06777777777777778,6.0,5555.0,5e-09,5e-11,0.85,1.02e-10,1.86e-10,-0.00016,0.3839724354387525,22.0,40,0,0,
735,600.0,14.091966957139045,92.0,1055.5555555555557,0.07,1.0,5555.0,5e-09,5e-11,0.85,1.02e-10,1.86e-10,-0.00016,0.3839724354387525,22.0,40,0,0,
736,600.0,14.091966957139045,92.0,1055.5555555555557,0.07,1.3571428571428572,5555.0,5e-09,5e-11,0.85,1.02e-10,1.86e-10,-0.00016,0.3839724354387525,22.0,40,0,0,
737,600.0,14.091966957139045,92.0,1055.5555555555557,0.07,1.7142857142857144,5555.0,5e-09,5e-11,0.85,1.02e-10,1.86e-10,-0.00016,0.3839724354387525,22.0,40,0,0,
738,600.0,14.091966957139045,92.0,1055.5555555555557,0.07,2.071428571428571,5555.0,5e-09,5e-11,0.85,1.02e-10,1.86e-10,-0.00016,0.3839724354387525,22.0,40,0,0,
739,600.0,14.091966957139045,92.0,1055.5555555555557,0.07,2.428571428571429,5555.0,5e-09,5e-11,0.85,1.02e-10,1.86e-10,-0.00016,0.3839724354387525,22.0,40,0,0,
740,600.0,14.091966957139045,92.0,1055.5555555555557,0.07,2.7857142857142856,5555.0,5e-09,5e-11,0.85,1.02e-10,1.86e-10,-0.00016,0.3839724354387525,22.0,40,0,0,
741,600.0,14.091966957139045,92.0,1055.5555555555557,0.07,3.142857142857143,5555.0,5e-09,5e-11,0.85,1.02e-10,1.86e-10,-0.00016,0.3839724354387525,22.0,40,0,0,
742,600.0,14.091966957139045,92.0,1055.5555555555557,0.07,3.5,5555.0,5e-09,5e-11,0.85,1.02e-10,1.86e-10,-0.00016,0.3839724354387525,22.0,40,0,0,
743,600.0,14.091966957139045,92.0,1055.5555555555557,0.07,3.857142857142857,5555.0,5e-09,5e-11,0.85,1.02e-10,1.86e-10,-0.00016,0.3839724354387525,22.0,40,0,0,
744,600.0,14.091966957139045,92.0,1055.5555555555557,0.07,4.214285714285714,5555.0,5e-09,5e-11,0.85,1.02e-10,1.86e-10,-0.00016,0.3839724354387525,22.0,40,0,0,
745,600.0,14.091966957139045,92.0,1055.5555555555557,0.07,4.571428571428571,5555.0,5e-09,5e-11,0.85,1.02e-10,1.86e-10,-0.00016,0.3839724354387525,22.0,40,0,0,
746,600.0,14.091966957139045,92.0,1055.5555555555557,0.07,4.928571428571429,5555.0,5e-09,5e-11,0.85,1.02e-10,1.86e-10,-0.00016,0.3839724354387525,22.0,40,0,0,
747,600.0,14.091966957139045,92.0,1055.5555555555557,0.07,5.285714285714286,5555.0,5e-09,5e-11,0.85,1.02e-10,1.86e-10,-0.00016,0.3839724354387525,22.0,40,0,0,
748,600.0,14.091966957139045,92.0,1055.5555555555557,0.07,5.642857142857143,5555.0,5e-09,5e-11,0.85,1.02e-10,1.86e-10,-0.00016,0.3839724354387525,22.0,40,0,0,
749,600.0,14.091966957139045,92.0,1055.5555555555557,0.07,6.0,5555.0,5e-09,5e-11,0.85,1.02e-10,1.86e-10,-0.00016,0.3839724354387525,22.0,40,0,0,
750,600.0,14.091966957139045,92.0,1244.4444444444443,0.05,1.0,5555.0,5e-09,5e-11,0.85,1.02e-10,1.86e-10,-0.00016,0.3839724354387525,22.0,40,0,0,
751,600.0,14.091966957139045,92.0,1244.4444444444443,0.05,1.3571428571428572,5555.0,5e-09,5e-11,0.85,1.02e-10,1.86e-10,-0.00016,0.3839724354387525,22.0,40,0,0,
752,600.0,14.091966957139045,92.0,1244.4444444444443,0.05,1.7142857142857144,5555.0,5e-09,5e-11,0.85,1.02e-10,1.86e-10,-0.00016,0.3839724354387525,22.0,40,0,0,
753,600.0,14.091966957139045,92.0,1244.4444444444443,0.05,2.071428571428571,5555.0,5e-09,5e-11,0.85,1.02e-10,1.86e-10,-0.00016,0.3839724354387525,22.0,40,0,0,
754,600.0,14.091966957139045,92.0,1244.4444444444443,0.05,2.428571428571429,5555.0,5e-09,5e-11,0.85,1.02e-10,1.86e-10,-0.00016,0.3839724354387525,22.0,40,0,0,
755,600.0,14.091966957139045,92.0,1244.4444444444443,0.05,2.7857142857142856,5555.0,5e-09,5e-11,0.85,1.02e-10,1.86e-10,-0.00016,0.3839724354387525,22.0,40,0,0,
756,600.0,14.091966957139045,92.0,1244.4444444444443,0.05,3.142857142857143,5555.0,5e-09,5e-11,0.85,1.02e-10,1.86e-10,-0.00016,0.3839724354387525,22.0,40,0,0,
757,600.0,14.091966957139045,92.0,1244.4444444444443,0.05,3.5,5555.0,5e-09,5e-11,0.85,1.02e-10,1.86e-10,-0.00016,0.3839724354387525,22.0,40,0,0,
758,600.0,14.091966957139045,92.0,1244.4444444444443,0.05,3.857142857142857,5555.0,5e-09,5e-11,0.85,1.02e-10,1.86e-10,-0.00016,0.3839724354387525,22.0,40,0,0,
759,600.0,14.091966957139045,92.0,1244.4444444444443,0.05,4.214285714285714,5555.0,5e-09,5e-11,0.85,1.02e-10,1.86e-10,-0.00016,0.3839724354387525,22.0,40,0,0,
760,600.0,14.091966957139045,92.0,1244.4444444444443,0.05,4.571428571428571,5555.0,5e-09,5e-11,0.85,1.02e-10,1.86e-10,-0.00016,0.3839724354387525,22.0,40,0,0,
761,600.0,14.091966957139045,92.0,1244.4444444444443,0.05,4.928571428571429,5555.0,5e-09,5e-11,0.85,1.02e-10,1.86e-10,-0.00016,0.3839724354387525,22.0,40,0,0,
762,600.0,14.091966957139045,92.0,1244.4444444444443,0.05,5.285714285714286,5555.0,5e-09,5e-11,0.85,1.02e-10,1.86e-10,-0.00016,0.3839724354387525,22.0,40,0,0,
763,600.0,14.091966957139045,92.0,1244.4444444444443,0.05,5.642857142857143,5555.0,5e-09,5e-11,0.85,1.02e-10,1.86e-10,-0.00016,0.3839724354387525,22.0,40,0,0,
764,600.0,14.091966957139045,92.0,1244.4444444444443,0.05,6.0,5555.0,5e-09,5e-11,0.85,1.02e-10,1.86e-10,-0.00016,0.3839724354387525,22.0,40,0,0,
765,600.0,14.091966957139045,92.0,1244.4444444444443,0.052222222222222225,1.0,5555.0,5e-09,5e-11,0.85,1.02e-10,1.86e-10,-0.00016,0.3839724354387525,22.0,40,0,0,
766,600.0,14.091966957139045,92.0,1244.4444444444443,0.052222222222222225,1.3571428571428572,5555.0,5e-09,5e-11,0.85,1.02e-10,1.86e-10,-0.00016,0.3839724354387525,22.0,40,0,0,
767,600.0,14.091966957139045,92.0,1244.4444444444443,0.052222222222222225,1.7142857142857144,5555.0,5e-09,5e-11,0.85,1.02e-10,1.86e-10,-0.00016,0.3839724354387525,22.0,40,0,0,
768,600.0,14.091966957139045,92.0,1244.4444444444443,0.052222222222222225,2.071428571428571,5555.0,5e-09,5e-11,0.85,1.02e-10,1.86e-10,-0.00016,0.3839724354387525,22.0,40,0,0,
769,600.0,14.091966957139045,92.0,1244.4444444444443,0.052222222222222225,2.428571428571429,5555.0,5e-09,5e-11,0.85,1.02e-10,1.86e-10,-0.00016,0.3839724354387525,22.0,40,0,0,
770,600.0,14.091966957139045,92.0,1244.4444444444443,0.052222222222222225,2.7857142857142856,5555.0,5e-09,5e-11,0.85,1.02e-10,1.86e-10,-0.00016,0.3839724354387525,22.0,40,0,0,
771,600.0,14.091966957139045,92.0,1244.4444444444443,0.052222222222222225,3.142857142857143,5555.0,5e-09,5e-11,0.85,1.02e-10,1.86e-10,-0.00016,0.3839724354387525,22.0,40,0,0,
772,600.0,14.091966957139045,92.0,1244.4444444444443,0.052222222222222225,3.5,5555.0,5e-09,5e-11,0.85,1.02e-10,1.86e-10,-0.00016,0.3839724354387525,22.0,40,0,0,
773,600.0,14.091966957139045,92.0,1244.4444444444443,0.052222222222222225,3.857142857142857,5555.0,5e-09,5e-11,0.85,1.02e-10,1.86e-10,-0.00016,0.3839724354387525,22.0,40,0,0,
774,600.0,14.091966957139045,92.0,1244.4444444444443,0.052222222222222225,4.214285714285714,5555.0,5e-09,5e-11,0.85,1.02e-10,1.86e-10,-0.00016,0.3839724354387525,22.0,40,0,0,
775,600.0,14.091966957139045,92.0,1244.4444444444443,0.052222222222222225,4.571428571428571,5555.0,5e-09,5e-11,0.85,1.02e-10,1.86e-10,-0.00016,0.3839724354387525,22.0,40,0,0,
776,600.0,14.091966957139045,92.0,1244.4444444444443,0.052222222222222225,4.928571428571429,5555.0,5e-09,5e-11,0.85,1.02e-10,1.86e-10,-0.00016,0.3839724354387525,22.0,40,0,0,
777,600.0,14.091966957139045,92.0,1244.4444444444443,0.052222222222222225,5.285714285714286,5555.0,5e-09,5e-11,0.85,1.02e-10,1.86e-10,-0.00016,0.3839724354387525,22.0,40,0,0,
778,600.0,14.091966957139045,92.0,1244.4444444444443,0.052222222222222225,5.642857142857143,5555.0,5e-09,5e-11,0.85,1.02e-10,1.86e-10,-0.00016,0.3839724354387525,22.0,40,0,0,
779,600.0,14.091966957139045,92.0,1244.4444444444443,0.052222222222222225,6.0,5555.0,5e-09,5e-11,0.85,1.02e-10,1.86e-10,-0.00016,0.3839724354387525,22.0,40,0,0,
780,600.0,14.091966957139045,92.0,1244.4444444444443,0.05444444444444445,1.0,5555.0,5e-09,5e-11,0.85,1.02e-10,1.86e-10,-0.00016,0.3839724354387525,22.0,40,0,0,
781,600.0,14.091966957139045,92.0,1244.4444444444443,0.05444444444444445,1.3571428571428572,5555.0,5e-09,5e-11,0.85,1.02e-10,1.86e-10,-0.00016,0.3839724354387525,22.0,40,0,0,
782,600.0,14.091966957139045,92.0,1244.4444444444443,0.05444444444444445,1.7142857142857144,5555.0,5e-09,5e-11,0.85,1.02e-10,1.86e-10,-0.00016,0.3839724354387525,22.0,40,0,0,
783,600.0,14.091966957139045,92.0,1244.4444444444443,0.05444444444444445,2.071428571428571,5555.0,5e-09,5e-11,0.85,1.02e-10,1.86e-10,-0.00016,0.3839724354387525,22.0,40,0,0,
784,600.0,14.091966957139045,92.0,1244.4444444444443,0.05444444444444445,2.428571428571429,5555.0,5e-09,5e-11,0.85,1.02e-10,1.86e-10,-0.00016,0.3839724354387525,22.0,40,0,0,
785,600.0,14.091966957139045,92.0,1244.4444444444443,0.05444444444444445,2.7857142857142856,5555.0,5e-09,5e-11,0.85,1.02e-10,1.86e-10,-0.00016,0.3839724354387525,22.0,40,0,0,
786,600.0,14.091966957139045,92.0,1244.4444444444443,0.05444444444444445,3.142857142857143,5555.0,5e-09,5e-11,0.85,1.02e-10,1.86e-10,-0.00016,0.3839724354387525,22.0,40,0,0,
787,600.0,14.091966957139045,92.0,1244.4444444444443,0.05444444444444445,3.5,5555.0,5e-09,5e-11,0.85,1.02e-10,1.86e-10,-0.00016,0.3839724354387525,22.0,40,0,0,
788,600.0,14.091966957139045,92.0,1244.4444444444443,0.05444444444444445,3.857142857142857,5555.0,5e-09,5e-11,0.85,1.02e-10,1.86e-10,-0.00016,0.3839724354387525,22.0,40,0,0,
789,600.0,14.091966957139045,92.0,1244.4444444444443,0.05444444444444445,4.214285714285714,5555.0,5e-09,5e-11,0.85,1.02e-10,1.86e-10,-0.00016,0.3839724354387525,22.0,40,0,0,
790,600.0,14.091966957139045,92.0,1244.4444444444443,0.05444444444444445,4.571428571428571,5555.0,5e-09,5e-11,0.85,1.02e-10,1.86e-10,-0.00016,0.3839724354387525,22.0,40,0,0,
791,600.0,14.091966957139045,92.0,1244.4444444444443,0.05444444444444445,4.928571428571429,5555.0,5e-09,5e-11,0.85,1.02e-10,1.86e-10,-0.00016,0.3839724354387525,22.0,40,0,0,
792,600.0,14.091966957139045,92.0,1244.4444444444443,0.05444444444444445,5.285714285714286,5555.0,5e-09,5e-11,0.85,1.02e-10,1.86e-10,-0.00016,0.3839724354387525,22.0,40,0,0,
793,600.0,14.091966957139045,92.0,1244.4444444444443,0.05444444444444445,5.642857142857143,5555.0,5e-09,5e-11,0.85,1.02e-10,1.86e-10,-0.00016,0.3839724354387525,22.0,40,0,0,
794,600.0,14.091966957139045,92.0,1244.4444444444443,0.05444444444444445,6.0,5555.0,5e-09,5e-11,0.85,1.02e-10,1.86e-10,-0.00016,0.3839724354387525,22.0,40,0,0,
795,600.0,14.091966957139045,92.0,1244.4444444444443,0.05666666666666667,1.0,5555.0,5e-09,5e-11,0.85,1.02e-10,1.86e-10,-0.00016,0.3839724354387525,22.0,40,0,0,
796,600.0,14.091966957139045,92.0,1244.4444444444443,0.05666666666666667,1.3571428571428572,5555.0,5e-09,5e-11,0.85,1.02e-10,1.86e-10,-0.00016,0.3839724354387525,22.0,40,0,0,
797,600.0,14.091966957139045,92.0,1244.4444444444443,0.05666666666666667,1.7142857142857144,5555.0,5e-09,5e-11,0.85,1.02e-10,1.86e-10,-0.00016,0.3839724354387525,22.0,40,0,0,
798,600.0,14.091966957139045,92.0,1244.4444444444443,0.05666666666666667,2.071428571428571,5555.0,5e-09,5e-11,0.85,1.02e-10,1.86e-10,-0.00016,0.3839724354387525,22.0,40,0,0,
799,600.0,14.091966957139045,92.0,1244.4444444444443,0.05666666666666667,2.428571428571429,5555.0,5e-09,5e-11,0.85,1.02e-10,1.86e-10,-0.00016,0.3839724354387525,22.0,40,0,0,
800,600.0,14.091966957139045,92.0,1244.4444444444443,0.05666666666666667,2.7857142857142856,5555.0,5e-09,5e-11,0.85,1.02e-10,1.86e-10,-0.00016,0.3839724354387525,22.0,40,0,0,
801,600.0,14.091966957139045,92.0,1244.4444444444443,0.05666666666666667,3.142857142857143,5555.0,5e-09,5e-11,0.85,1.02e-10,1.86e-10,-0.00016,0.3839724354387525,22.0,40,0,0,
802,600.0,14.091966957139045,92.0,1244.4444444444443,0.05666666666666667,3.5,5555.0,5e-09,5e-11,0.85,1.02e-10,1.86e-10,-0.00016,0.3839724354387525,22.0,40,0,0,
803,600.0,14.091966957139045,92.0,1244.4444444444443,0.05666666666666667,3.857142857142857,5555.0,5e-09,5e-11,0.85,1.02e-10,1.86e-10,-0.00016,0.3839724354387525,22.0,40,0,0,
804,600.0,14.091966957139045,92.0,1244.4444444444443,0.05666666666666667,4.214285714285714,5555.0,5e-09,5e-11,0.85,1.02e-10,1.86e-10,-0.00016,0.3839724354387525,22.0,40,0,0,
805,600.0,14.091966957139045,92.0,1244.4444444444443,0.05666666666666667,4.571428571428571,5555.0,5e-09,5e-11,0.85,1.02e-10,1.86e-10,-0.00016,0.3839724354387525,22.0,40,0,0,
806,600.0,14.091966957139045,92.0,1244.4444444444443,0.05666666666666667,4.928571428571429,5555.0,5e-09,5e-11,0.85,1.02e-10,1.86e-10,-0.00016,0.3839724354387525,22.0,40,0,0,
807,600.0,14.091966957139045,92.0,1244.4444444444443,0.05666666666666667,5.285714285714286,5555.0,5e-09,5e-11,0.85,1.02e-10,1.86e-10,-0.00016,0.3839724354387525,22.0,40,0,0,
808,600.0,14.091966957139045,92.0,1244.4444444444443,0.05666666666666667,5.642857142857143,5555.0,5e-09,5e-11,0.85,1.02e-10,1.86e-10,-0.00016,0.3839724354387525,22.0,40,0,0,
809,600.0,14.091966957139045,92.0,1244.4444444444443,0.05666666666666667,6.0,5555.0,5e-09,5e-11,0.85,1.02e-10,1.86e-10,-0.00016,0.3839724354387525,22.0,40,0,0,
810,600.0,14.091966957139045,92.0,1244.4444444444443,0.05888888888888889,1.0,5555.0,5e-09,5e-11,0.85,1.02e-10,1.86e-10,-0.00016,0.3839724354387525,22.0,40,0,0,
811,600.0,14.091966957139045,92.0,1244.4444444444443,0.05888888888888889,1.3571428571428572,5555.0,5e-09,5e-11,0.85,1.02e-10,1.86e-10,-0.00016,0.3839724354387525,22.0,40,0,0,
812,600.0,14.091966957139045,92.0,1244.4444444444443,0.05888888888888889,1.7142857142857144,5555.0,5e-09,5e-11,0.85,1.02e-10,1.86e-10,-0.00016,0.3839724354387525,22.0,40,0,0,
813,600.0,14.091966957139045,92.0,1244.4444444444443,0.05888888888888889,2.071428571428571,5555.0,5e-09,5e-11,0.85,1.02e-10,1.86e-10,-0.00016,0.3839724354387525,22.0,40,0,0,
814,600.0,14.091966957139045,92.0,1244.4444444444443,0.05888888888888889,2.428571428571429,5555.0,5e-09,5e-11,0.85,1.02e-10,1.86e-10,-0.00016,0.3839724354387525,22.0,40,0,0,
815,600.0,14.091966957139045,92.0,1244.4444444444443,0.05888888888888889,2.7857142857142856,5555.0,5e-09,5e-11,0.85,1.02e-10,1.86e-10,-0.00016,0.3839724354387525,22.0,40,0,0,
816,600.0,14.091966957139045,92.0,1244.4444444444443,0.05888888888888889,3.142857142857143,5555.0,5e-09,5e-11,0.85,1.02e-10,1.86e-10,-0.00016,0.3839724354387525,22.0,40,0,0,
817,600.0,14.091966957139045,92.0,1244.4444444444443,0.05888888888888889,3.5,5555.0,5e-09,5e-11,0.85,1.02e-10,1.86e-10,-0.00016,0.3839724354387525,22.0,40,0,0,
818,600.0,14.091966957139045,92.0,1244.4444444444443,0.05888888888888889,3.857142857142857,5555.0,5e-09,5e-11,0.85,1.02e-10,1.86e-10,-0.00016,0.3839724354387525,22.0,40,0,0,
819,600.0,14.091966957139045,92.0,1244.4444444444443,0.05888888888888889,4.214285714285714,5555.0,5e-09,5e-11,0.85,1.02e-10,1.86e-10,-0.00016,0.3839724354387525,22.0,40,0,0,
820,600.0,14.091966957139045,92.0,1244.4444444444443,0.05888888888888889,4.571428571428571,5555.0,5e-09,5e-11,0.85,1.02e-10,1.86e-10,-0.00016,0.3839724354387525,22.0,40,0,0,
821,600.0,14.091966957139045,92.0,1244.4444444444443,0.05888888888888889,4.928571428571429,5555.0,5e-09,5e-11,0.85,1.02e-10,1.86e-10,-0.00016,0.3839724354387525,22.0,40,0,0,
822,600.0,14.091966957139045,92.0,1244.4444444444443,0.05888888888888889,5.285714285714286,5555.0,5e-09,5e-11,0.85,1.02e-10,1.86e-10,-0.00016,0.3839724354387525,22.0,40,0,0,
823,600.0,14.091966957139045,92.0,1244.4444444444443,0.05888888888888889,5.642857142857143,5555.0,5e-09,5e-11,0.85,1.02e-10,1.86e-10,-0.00016,0.3839724354387525,22.0,40,0,0,
824,600.0,14.091966957139045,92.0,1244.4444444444443,0.05888888888888889,6.0,5555.0,5e-09,5e-11,0.85,1.02e-10,1.86e-10,-0.00016,0.3839724354387525,22.0,40,0,0,
825,600.0,14.091966957139045,92.0,1244.4444444444443,0.061111111111111116,1.0,5555.0,5e-09,5e-11,0.85,1.02e-10,1.86e-10,-0.00016,0.3839724354387525,22.0,40,0,0,
826,600.0,14.091966957139045,92.0,1244.4444444444443,0.061111111111111116,1.3571428571428572,5555.0,5e-09,5e-11,0.85,1.02e-10,1.86e-10,-0.00016,0.3839724354387525,22.0,40,0,0,
827,600.0,14.091966957139045,92.0,1244.4444444444443,0.061111111111111116,1.7142857142857144,5555.0,5e-09,5e-11,0.85,1.02e-10,1.86e-10,-0.00016,0.3839724354387525,22.0,40,0,0,
828,600.0,14.091966957139045,92.0,1244.4444444444443,0.061111111111111116,2.071428571428571,5555.0,5e-09,5e-11,0.85,1.02e-10,1.86e-10,-0.00016,0.3839724354387525,22.0,40,0,0,
829,600.0,14.091966957139045,92.0,1244.4444444444443,0.061111111111111116,2.428571428571429,5555.0,5e-09,5e-11,0.85,1.02e-10,1.86e-10,-0.00016,0.3839724354387525,22.0,40,0,0,
830,600.0,14.091966957139045,92.0,1244.4444444444443,0.061111111111111116,2.7857142857142856,5555.0,5e-09,5e-11,0.85,1.02e-10,1.86e-10,-0.00016,0.3839724354387525,22.0,40,0,0,
831,600.0,14.091966957139045,92.0,1244.4444444444443,0.061111111111111116,3.142857142857143,5555.0,5e-09,5e-11,0.85,1.02e-10,1.86e-10,-0.00016,0.3839724354387525,22.0,40,0,0,
832,600.0,14.091966957139045,92.0,1244.4444444444443,0.061111111111111116,3.5,5555.0,5e-09,5e-11,0.85,1.02e-10,1.86e-10,-0.00016,0.3839724354387525,22.0,40,0,0,
833,600.0,14.091966957139045,92.0,1244.4444444444443,0.061111111111111116,3.857142857142857,5555.0,5e-09,5e-11,0.85,1.02e-10,1.86e-10,-0.00016,0.3839724354387525,22.0,40,0,0,
834,600.0,14.091966957139045,92.0,1244.4444444444443,0.061111111111111116,4.214285714285714,5555.0,5e-09,5e-11,0.85,1.02e-10,1.86e-10,-0.00016,0.3839724354387525,22.0,40,0,0,
835,600.0,14.091966957139045,92.0,1244.4444444444443,0.061111111111111116,4.571428571428571,5555.0,5e-09,5e-11,0.85,1.02e-10,1.86e-10,-0.00016,0.3839724354387525,22.0,40,0,0,
836,600.0,14.091966957139045,92.0,1244.4444444444443,0.061111111111111116,4.928571428571429,5555.0,5e-09,5e-11,0.85,1.02e-10,1.86e-10,-0.00016,0.3839724354387525,22.0,40,0,0,
837,600.0,14.091966957139045,92.0,1244.4444444444443,0.061111111111111116,5.285714285714286,5555.0,5e-09,5e-11,0.85,1.02e-10,1.86e-10,-0.00016,0.3839724354387525,22.0,40,0,0,
838,600.0,14.091966957139045,92.0,1244.4444444444443,0.061111111111111116,5.642857142857143,5555.0,5e-09,5e-11,0.85,1.02e-10,1.86e-10,-0.00016,0.3839724354387525,22.0,40,0,0,
839,600.0,14.091966957139045,92.0,1244.4444444444443,0.061111111111111116,6.0,5555.0,5e-09,5e-11,0.85,1.02e-10,1.86e-10,-0.00016,0.3839724354387525,22.0,40,0,0,
840,600.0,14.091966957139045,92.0,1244.4444444444443,0.06333333333333334,1.0,5555.0,5e-09,5e-11,0.85,1.02e-10,1.86e-10,-0.00016,0.3839724354387525,22.0,40,0,0,
841,600.0,14.091966957139045,92.0,1244.4444444444443,0.06333333333333334,1.3571428571428572,5555.0,5e-09,5e-11,0.85,1.02e-10,1.86e-10,-0.00016,0.3839724354387525,22.0,40,0,0,
842,600.0,14.091966957139045,92.0,1244.4444444444443,0.06333333333333334,1.7142857142857144,5555.0,5e-09,5e-11,0.85,1.02e-10,1.86e-10,-0.00016,0.3839724354387525,22.0,40,0,0,
843,600.0,14.091966957139045,92.0,1244.4444444444443,0.06333333333333334,2.071428571428571,5555.0,5e-09,5e-11,0.85,1.02e-10,1.86e-10,-0.00016,0.3839724354387525,22.0,40,0,0,
844,600.0,14.091966957139045,92.0,1244.4444444444443,0.06333333333333334,2.428571428571429,5555.0,5e-09,5e-11,0.85,1.02e-10,1.86e-10,-0.00016,0.3839724354387525,22.0,40,0,0,
845,600.0,14.091966957139045,92.0,1244.4444444444443,0.06333333333333334,2.7857142857142856,5555.0,5e-09,5e-11,0.85,1.02e-10,1.86e-10,-0.00016,0.3839724354387525,22.0,40,0,0,
846,600.0,14.091966957139045,92.0,1244.4444444444443,0.06333333333333334,3.142857142857143,5555.0,5e-09,5e-11,0.85,1.02e-10,1.86e-10,-0.00016,0.3839724354387525,22.0,40,0,0,
847,600.0,14.091966957139045,92.0,1244.4444444444443,0.06333333333333334,3.5,5555.0,5e-09,5e-11,0.85,1.02e-10,1.86e-10,-0.00016,0.3839724354387525,22.0,40,0,0,
848,600.0,14.091966957139045,92.0,1244.4444444444443,0.06333333333333334,3.857142857142857,5555.0,5e-09,5e-11,0.85,1.02e-10,1.86e-10,-0.00016,0.3839724354387525,22.0,40,0,0,
849,600.0,14.091966957139045,92.0,1244.4444444444443,0.06333333333333334,4.214285714285714,5555.0,5e-09,5e-11,0.85,1.02e-10,1.86e-10,-0.00016,0.3839724354387525,22.0,40,0,0,
850,600.0,14.091966957139045,92.0,1244.4444444444443,0.06333333333333334,4.571428571428571,5555.0,5e-09,5e-11,0.85,1.02e-10,1.86e-10,-0.00016,0.3839724354387525,22.0,40,0,0,
851,600.0,14.091966957139045,92.0,1244.4444444444443,0.06333333333333334,4.928571428571429,5555.0,5e-09,5e-11,0.85,1.02e-10,1.86e-10,-0.00016,0.3839724354387525,22.0,40,0,0,
852,600.0,14.091966957139045,92.0,1244.4444444444443,0.06333333333333334,5.285714285714286,5555.0,5e-09,5e-11,0.85,1.02e-10,1.86e-10,-0.00016,0.3839724354387525,22.0,40,0,0,
853,600.0,14.091966957139045,92.0,1244.4444444444443,0.06333333333333334,5.642857142857143,5555.0,5e-09,5e-11,0.85,1.02e-10,1.86e-10,-0.00016,0.3839724354387525,22.0,40,0,0,
854,600.0,14.091966957139045,92.0,1244.4444444444443,0.06333333333333334,6.0,5555.0,5e-09,5e-11,0.85,1.02e-10,1.86e-10,-0.00016,0.3839724354387525,22.0,40,0,0,
855,600.0,14.091966957139045,92.0,1244.4444444444443,0.06555555555555556,1.0,5555.0,5e-09,5e-11,0.85,1.02e-10,1.86e-10,-0.00016,0.3839724354387525,22.0,40,0,0,
856,600.0,14.091966957139045,92.0,1244.4444444444443,0.06555555555555556,1.3571428571428572,5555.0,5e-09,5e-11,0.85,1.02e-10,1.86e-10,-0.00016,0.3839724354387525,22.0,40,0,0,
857,600.0,14.091966957139045,92.0,1244.4444444444443,0.06555555555555556,1.7142857142857144,5555.0,5e-09,5e-11,0.85,1.02e-10,1.86e-10,-0.00016,0.3839724354387525,22.0,40,0,0,
858,600.0,14.091966957139045,92.0,1244.4444444444443,0.06555555555555556,2.071428571428571,5555.0,5e-09,5e-11,0.85,1.02e-10,1.86e-10,-0.00016,0.3839724354387525,22.0,40,0,0,
859,600.0,14.091966957139045,92.0,1244.4444444444443,0.06555555555555556,2.428571428571429,5555.0,5e-09,5e-11,0.85,1.02e-10,1.86e-10,-0.00016,0.3839724354387525,22.0,40,0,0,
860,600.0,14.091966957139045,92.0,1244.4444444444443,0.06555555555555556,2.7857142857142856,5555.0,5e-09,5e-11,0.85,1.02e-10,1.86e-10,-0.00016,0.3839724354387525,22.0,40,0,0,
861,600.0,14.091966957139045,92.0,1244.4444444444443,0.06555555555555556,3.142857142857143,5555.0,5e-09,5e-11,0.85,1.02e-10,1.86e-10,-0.00016,0.3839724354387525,22.0,40,0,0,
862,600.0,14.091966957139045,92.0,1244.4444444444443,0.06555555555555556,3.5,5555.0,5e-09,5e-11,0.85,1.02e-10,1.86e-10,-0.00016,0.3839724354387525,22.0,40,0,0,
863,600.0,14.091966957139045,92.0,1244.4444444444443,0.06555555555555556,3.857142857142857,5555.0,5e-09,5e-11,0.85,1.02e-10,1.86e-10,-0.00016,0.3839724354387525,22.0,40,0,0,
864,600.0,14.091966957139045,92.0,1244.4444444444443,0.06555555555555556,4.214285714285714,5555.0,5e-09,5e-11,0.85,1.02e-10,1.86e-10,-0.00016,0.3839724354387525,22.0,40,0,0,
865,600.0,14.091966957139045,92.0,1244.4444444444443,0.06555555555555556,4.571428571428571,5555.0,5e-09,5e-11,0.85,1.02e-10,1.86e-10,-0.00016,0.3839724354387525,22.0,40,0,0,
866,600.0,14.091966957139045,92.0,1244.4444444444443,0.06555555555555556,4.928571428571429,5555.0,5e-09,5e-11,0.85,1.02e-10,1.86e-10,-0.00016,0.3839724354387525,22.0,40,0,0,
867,600.0,14.091966957139045,92.0,1244.4444444444443,0.06555555555555556,5.285714285714286,5555.0,5e-09,5e-11,0.85,1.02e-10,1.86e-10,-0.00016,0.3839724354387525,22.0,40,0,0,
868,600.0,14.091966957139045,92.0,1244.4444444444443,0.06555555555555556,5.642857142857143,5555.0,5e-09,5e-11,0.85,1.02e-10,1.86e-10,-0.00016,0.3839724354387525,22.0,40,0,0,
869,600.0,14.091966957139045,92.0,1244.4444444444443,0.06555555555555556,6.0,5555.0,5e-09,5e-11,0.85,1.02e-10,1.86e-10,-0.00016,0.3839724354387525,22.0,40,0,0,
870,600.0,14.091966957139045,92.0,1244.4444444444443,0.06777777777777778,1.0,5555.0,5e-09,5e-11,0.85,1.02e-10,1.86e-10,-0.00016,0.3839724354387525,22.0,40,0,0,
871,600.0,14.091966957139045,92.0,1244.4444444444443,0.06777777777777778,1.3571428571428572,5555.0,5e-09,5e-11,0.85,1.02e-10,1.86e-10,-0.00016,0.3839724354387525,22.0,40,0,0,
872,600.0,14.091966957139045,92.0,1244.4444444444443,0.06777777777777778,1.7142857142857144,5555.0,5e-09,5e-11,0.85,1.02e-10,1.86e-10,-0.00016,0.3839724354387525,22.0,40,0,0,
873,600.0,14.091966957139045,92.0,1244.4444444444443,0.06777777777777778,2.071428571428571,5555.0,5e-09,5e-11,0.85,1.02e-10,1.86e-10,-0.00016,0.3839724354387525,22.0,40,0,0,
874,600.0,14.091966957139045,92.0,1244.4444444444443,0.06777777777777778,2.428571428571429,5555.0,5e-09,5e-11,0.85,1.02e-10,1.86e-10,-0.00016,0.3839724354387525,22.0,40,0,0,
875,600.0,14.091966957139045,92.0,1244.4444444444443,0.06777777777777778,2.7857142857142856,5555.0,5e-09,5e-11,0.85,1.02e-10,1.86e-10,-0.00016,0.3839724354387525,22.0,40,0,0,
876,600.0,14.091966957139045,92.0,1244.4444444444443,0.06777777777777778,3.142857142857143,5555.0,5e-09,5e-11,0.85,1.02e-10,1.86e-10,-0.00016,0.3839724354387525,22.0,40,0,0,
877,600.0,14.091966957139045,92.0,1244.4444444444443,0.06777777777777778,3.5,5555.0,5e-09,5e-11,0.85,1.02e-10,1.86e-10,-0.00016,0.3839724354387525,22.0,40,0,0,
878,600.0,14.091966957139045,92.0,1244.4444444444443,0.06777777777777778,3.857142857142857,5555.0,5e-09,5e-11,0.85,1.02e-10,1.86e-10,-0.00016,0.3839724354387525,22.0,40,0,0,
879,600.0,14.091966957139045,92.0,1244.4444444444443,0.06777777777777778,4.214285714285714,5555.0,5e-09,5e-11,0.85,1.02e-10,1.86e-10,-0.00016,0.3839724354387525,22.0,40,0,0,
880,600.0,14.091966957139045,92.0,1244.4444444444443,0.06777777777777778,4.571428571428571,5555.0,5e-09,5e-11,0.85,1.02e-10,1.86e-10,-0.00016,0.3839724354387525,22.0,40,0,0,
881,600.0,14.091966957139045,92.0,1244.4444444444443,0.06777777777777778,4.928571428571429,5555.0,5e-09,5e-11,0.85,1.02e-10,1.86e-10,-0.00016,0.3839724354387525,22.0,40,0,0,
882,600.0,14.091966957139045,92.0,1244.4444444444443,0.06777777777777778,5.285714285714286,5555.0,5e-09,5e-11,0.85,1.02e-10,1.86e-10,-0.00016,0.3839724354387525,22.0,40,0,0,
883,600.0,14.091966957139045,92.0,1244.4444444444443,0.06777777777777778,5.642857142857143,5555.0,5e-09,5e-11,0.85,1.02e-10,1.86e-10,-0.00016,0.3839724354387525,22.0,40,0,0,
884,600.0,14.091966957139045,92.0,1244.4444444444443,0.06777777777777778,6.0,5555.0,5e-09,5e-11,0.85,1.02e-10,1.86e-10,-0.00016,0.3839724354387525,22.0,40,0,0,
885,600.0,14.091966957139045,92.0,1244.4444444444443,0.07,1.0,5555.0,5e-09,5e-11,0.85,1.02e-10,1.86e-10,-0.00016,0.3839724354387525,22.0,40,0,0,
886,600.0,14.091966957139045,92.0,1244.4444444444443,0.07,1.3571428571428572,5555.0,5e-09,5e-11,0.85,1.02e-10,1.86e-10,-0.00016,0.3839724354387525,22.0,40,0,0,
887,600.0,14.091966957139045,92.0,1244.4444444444443,0.07,1.7142857142857144,5555.0,5e-09,5e-11,0.85,1.02e-10,1.86e-10,-0.00016,0.3839724354387525,22.0,40,0,0,
888,600.0,14.091966957139045,92.0,1244.4444444444443,0.07,2.071428571428571,5555.0,5e-09,5e-11,0.85,1.02e-10,1.86e-10,-0.00016,0.3839724354387525,22.0,40,0,0,
889,600.0,14.091966957139045,92.0,1244.4444444444443,0.07,2.428571428571429,5555.0,5e-09,5e-11,0.85,1.02e-10,1.86e-10,-0.00016,0.3839724354387525,22.0,40,0,0,
890,600.0,14.091966957139045,92.0,1244.4444444444443,0.07,2.7857142857142856,5555.0,5e-09,5e-11,0.85,1.02e-10,1.86e-10,-0.00016,0.3839724354387525,22.0,40,0,0,
891,600.0,14.091966957139045,92.0,1244.4444444444443,0.07,3.142857142857143,5555.0,5e-09,5e-11,0.85,1.02e-10,1.86e-10,-0.00016,0.3839724354387525,22.0,40,0,0,
892,600.0,14.091966957139045,92.0,1244.4444444444443,0.07,3.5,5555.0,5e-09,5e-11,0.85,1.02e-10,1.86e-10,-0.00016,0.3839724354387525,22.0,40,0,0,
893,600.0,14.091966957139045,92.0,1244.4444444444443,0.07,3.857142857142857,5555.0,5e-09,5e-11,0.85,1.02e-10,1.86e-10,-0.00016,0.3839724354387525,22.0,40,0,0,
894,600.0,14.091966957139045,92.0,1244.4444444444443,0.07,4.214285714285714,5555.0,5e-09,5e-11,0.85,1.02e-10,1.86e-10,-0.00016,0.3839724354387525,22.0,40,0,0,
895,600.0,14.091966957139045,92.0,1244.4444444444443,0.07,4.571428571428571,5555.0,5e-09,5e-11,0.85,1.02e-10,1.86e-10,-0.00016,0.3839724354387525,22.0,40,0,0,
896,600.0,14.091966957139045,92.0,1244.4444444444443,0.07,4.928571428571429,5555.0,5e-09,5e-11,0.85,1.02e-10,1.86e-10,-0.00016,0.3839724354387525,22.0,40,0,0,
897,600.0,14.091966957139045,92.0,1244.4444444444443,0.07,5.285714285714286,5555.0,5e-09,5e-11,0.85,1.02e-10,1.86e-10,-0.00016,0.3839724354387525,22.0,40,0,0,
898,600.0,14.091966957139045,92.0,1244.4444444444443,0.07,5.642857142857143,5555.0,5e-09,5e-11,0.85,1.02e-10,1.86e-10,-0.00016,0.3839724354387525,22.0,40,0,0,
899,600.0,14.091966957139045,92.0,1244.4444444444443,0.07,6.0,5555.0,5e-09,5e-11,0.85,1.02e-10,1.86e-10,-0.00016,0.3839724354387525,22.0,40,0,0,
900,600.0,14.091966957139045,92.0,1433.3333333333333,0.05,1.0,5555.0,5e-09,5e-11,0.85,1.02e-10,1.86e-10,-0.00016,0.3839724354387525,22.0,40,0,0,
901,600.0,14.091966957139045,92.0,1433.3333333333333,0.05,1.3571428571428572,5555.0,5e-09,5e-11,0.85,1.02e-10,1.86e-10,-0.00016,0.3839724354387525,22.0,40,0,0,
902,600.0,14.091966957139045,92.0,1433.3333333333333,0.05,1.7142857142857144,5555.0,5e-09,5e-11,0.85,1.02e-10,1.86e-10,-0.00016,0.3839724354387525,22.0,40,0,0,
903,600.0,14.091966957139045,92.0,1433.3333333333333,0.05,2.071428571428571,5555.0,5e-09,5e-11,0.85,1.02e-10,1.86e-10,-0.00016,0.3839724354387525,22.0,40,0,0,
904,600.0,14.091966957139045,92.0,1433.3333333333333,0.05,2.428571428571429,5555.0,5e-09,5e-11,0.85,1.02e-10,1.86e-10,-0.00016,0.3839724354387525,22.0,40,0,0,
905,600.0,14.091966957139045,92.0,1433.3333333333333,0.05,2.7857142857142856,5555.0,5e-09,5e-11,0.85,1.02e-10,1.86e-10,-0.00016,0.3839724354387525,22.0,40,0,0,
906,600.0,14.091966957139045,92.0,1433.3333333333333,0.05,3.142857142857143,5555.0,5e-09,5e-11,0.85,1.02e-10,1.86e-10,-0.00016,0.3839724354387525,22.0,40,0,0,
907,600.0,14.091966957139045,92.0,1433.3333333333333,0.05,3.5,5555.0,5e-09,5e-11,0.85,1.02e-10,1.86e-10,-0.00016,0.3839724354387525,22.0,40,0,0,
908,600.0,14.091966957139045,92.0,1433.3333333333333,0.05,3.857142857142857,5555.0,5e-09,5e-11,0.85,1.02e-10,1.86e-10,-0.00016,0.3839724354387525,22.0,40,0,0,
909,600.0,14.091966957139045,92.0,1433.3333333333333,0.05,4.214285714285714,5555.0,5e-09,5e-11,0.85,1.02e-10,1.86e-10,-0.00016,0.3839724354387525,22.0,40,0,0,
910,600.0,14.091966957139045,92.0,1433.3333333333333,0.05,4.571428571428571,5555.0,5e-09,5e-11,0.85,1.02e-10,1.86e-10,-0.00016,0.3839724354387525,22.0,40,0,0,
911,600.0,14.091966957139045,92.0,1433.3333333333333,0.05,4.928571428571429,5555.0,5e-09,5e-11,0.85,1.02e-10,1.86e-10,-0.00016,0.3839724354387525,22.0,40,0,0,
912,600.0,14.091966957139045,92.0,1433.3333333333333,0.05,5.285714285714286,5555.0,5e-09,5e-11,0.85,1.02e-10,1.86e-10,-0.00016,0.3839724354387525,22.0,40,0,0,
913,600.0,14.091966957139045,92.0,1433.3333333333333,0.05,5.642857142857143,5555.0,5e-09,5e-11,0.85,1.02e-10,1.86e-10,-0.00016,0.3839724354387525,22.0,40,0,0,
914,600.0,14.091966957139045,92.0,1433.3333333333333,0.05,6.0,5555.0,5e-09,5e-11,0.85,1.02e-10,1.86e-10,-0.00016,0.3839724354387525,22.0,40,0,0,
915,600.0,14.091966957139045,92.0,1433.3333333333333,0.052222222222222225,1.0,5555.0,5e-09,5e-11,0.85,1.02e-10,1.86e-10,-0.00016,0.3839724354387525,22.0,40,0,0,
916,600.0,14.091966957139045,92.0,1433.3333333333333,0.052222222222222225,1.3571428571428572,5555.0,5e-09,5e-11,0.85,1.02e-10,1.86e-10,-0.00016,0.3839724354387525,22.0,40,0,0,
917,600.0,14.091966957139045,92.0,1433.3333333333333,0.052222222222222225,1.7142857142857144,5555.0,5e-09,5e-11,0.85,1.02e-10,1.86e-10,-0.00016,0.3839724354387525,22.0,40,0,0,
918,600.0,14.091966957139045,92.0,1433.3333333333333,0.052222222222222225,2.071428571428571,5555.0,5e-09,5e-11,0.85,1.02e-10,1.86e-10,-0.00016,0.3839724354387525,22.0,40,0,0,
919,600.0,14.091966957139045,92.0,1433.3333333333333,0.052222222222222225,2.428571428571429,5555.0,5e-09,5e-11,0.85,1.02e-10,1.86e-10,-0.00016,0.3839724354387525,22.0,40,0,0,
920,600.0,14.091966957139045,92.0,1433.3333333333333,0.052222222222222225,2.7857142857142856,5555.0,5e-09,5e-11,0.85,1.02e-10,1.86e-10,-0.00016,0.3839724354387525,22.0,40,0,0,
921,600.0,14.091966957139045,92.0,1433.3333333333333,0.052222222222222225,3.142857142857143,5555.0,5e-09,5e-11,0.85,1.02e-10,1.86e-10,-0.00016,0.3839724354387525,22.0,40,0,0,
922,600.0,14.091966957139045,92.0,1433.3333333333333,0.052222222222222225,3.5,5555.0,5e-09,5e-11,0.85,1.02e-10,1.86e-10,-0.00016,0.3839724354387525,22.0,40,0,0,
923,600.0,14.091966957139045,92.0,1433.3333333333333,0.052222222222222225,3.857142857142857,5555.0,5e-09,5e-11,0.85,1.02e-10,1.86e-10,-0.00016,0.3839724354387525,22.0,40,0,0,
924,600.0,14.091966957139045,92.0,1433.3333333333333,0.052222222222222225,4.214285714285714,5555.0,5e-09,5e-11,0.85,1.02e-10,1.86e-10,-0.00016,0.3839724354387525,22.0,40,0,0,
925,600.0,14.091966957139045,92.0,1433.3333333333333,0.052222222222222225,4.571428571428571,5555.0,5e-09,5e-11,0.85,1.02e-10,1.86e-10,-0.00016,0.3839724354387525,22.0,40,0,0,
926,600.0,14.091966957139045,92.0,1433.3333333333333,0.052222222222222225,4.928571428571429,5555.0,5e-09,5e-11,0.85,1.02e-10,1.86e-10,-0.00016,0.3839724354387525,22.0,40,0,0,
927,600.0,14.091966957139045,92.0,1433.3333333333333,0.052222222222222225,5.285714285714286,5555.0,5e-09,5e-11,0.85,1.02e-10,1.86e-10,-0.00016,0.3839724354387525,22.0,40,0,0,
928,600.0,14.091966957139045,92.0,1433.3333333333333,0.052222222222222225,5.642857142857143,5555.0,5e-09,5e-11,0.85,1.02e-10,1.86e-10,-0.00016,0.3839724354387525,22.0,40,0,0,
929,600.0,14.091966957139045,92.0,1433.3333333333333,0.052222222222222225,6.0,5555.0,5e-09,5e-11,0.85,1.02e-10,1.86e-10,-0.00016,0.3839724354387525,22.0,40,0,0,
930,600.0,14.091966957139045,92.0,1433.3333333333333,0.05444444444444445,1.0,5555.0,5e-09,5e-11,0.85,1.02e-10,1.86e-10,-0.00016,0.3839724354387525,22.0,40,0,0,
931,600.0,14.091966957139045,92.0,1433.3333333333333,0.05444444444444445,1.3571428571428572,5555.0,5e-09,5e-11,0.85,1.02e-10,1.86e-10,-0.00016,0.3839724354387525,22.0,40,0,0,
932,600.0,14.091966957139045,92.0,1433.3333333333333,0.05444444444444445,1.7142857142857144,5555.0,5e-09,5e-11,0.85,1.02e-10,1.86e-10,-0.00016,0.3839724354387525,22.0,40,0,0,
933,600.0,14.091966957139045,92.0,1433.3333333333333,0.05444444444444445,2.071428571428571,5555.0,5e-09,5e-11,0.85,1.02e-10,1.86e-10,-0.00016,0.3839724354387525,22.0,40,0,0,
934,600.0,14.091966957139045,92.0,1433.3333333333333,0.05444444444444445,2.428571428571429,5555.0,5e-09,5e-11,0.85,1.02e-10,1.86e-10,-0.00016,0.3839724354387525,22.0,40,0,0,
935,600.0,14.091966957139045,92.0,1433.3333333333333,0.05444444444444445,2.7857142857142856,5555.0,5e-09,5e-11,0.85,1.02e-10,1.86e-10,-0.00016,0.3839724354387525,22.0,40,0,0,
936,600.0,14.091966957139045,92.0,1433.3333333333333,0.05444444444444445,3.142857142857143,5555.0,5e-09,5e-11,0.85,1.02e-10,1.86e-10,-0.00016,0.3839724354387525,22.0,40,0,0,
937,600.0,14.091966957139045,92.0,1433.3333333333333,0.05444444444444445,3.5,5555.0,5e-09,5e-11,0.85,1.02e-10,1.86e-10,-0.00016,0.3839724354387525,22.0,40,0,0,
938,600.0,14.091966957139045,92.0,1433.3333333333333,0.05444444444444445,3.857142857142857,5555.0,5e-09,5e-11,0.85,1.02e-10,1.86e-10,-0.00016,0.3839724354387525,22.0,40,0,0,
939,600.0,14.091966957139045,92.0,1433.3333333333333,0.05444444444444445,4.214285714285714,5555.0,5e-09,5e-11,0.85,1.02e-10,1.86e-10,-0.00016,0.3839724354387525,22.0,40,0,0,
940,600.0,14.091966957139045,92.0,1433.3333333333333,0.05444444444444445,4.571428571428571,5555.0,5e-09,5e-11,0.85,1.02e-10,1.86e-10,-0.00016,0.3839724354387525,22.0,40,0,0,
941,600.0,14.091966957139045,92.0,1433.3333333333333,0.05444444444444445,4.928571428571429,5555.0,5e-09,5e-11,0.85,1.02e-10,1.86e-10,-0.00016,0.3839724354387525,22.0,40,0,0,
942,600.0,14.091966957139045,92.0,1433.3333333333333,0.05444444444444445,5.285714285714286,5555.0,5e-09,5e-11,0.85,1.02e-10,1.86e-10,-0.00016,0.3839724354387525,22.0,40,0,0,
943,600.0,14.091966957139045,92.0,1433.3333333333333,0.05444444444444445,5.642857142857143,5555.0,5e-09,5e-11,0.85,1.02e-10,1.86e-10,-0.00016,0.3839724354387525,22.0,40,0,0,
944,600.0,14.091966957139045,92.0,1433.3333333333333,0.05444444444444445,6.0,5555.0,5e-09,5e-11,0.85,1.02e-10,1.86e-10,-0.00016,0.3839724354387525,22.0,40,0,0,
945,600.0,14.091966957139045,92.0,1433.3333333333333,0.05666666666666667,1.0,5555.0,5e-09,5e-11,0.85,1.02e-10,1.86e-10,-0.00016,0.3839724354387525,22.0,40,0,0,
946,600.0,14.091966957139045,92.0,1433.3333333333333,0.05666666666666667,1.3571428571428572,5555.0,5e-09,5e-11,0.85,1.02e-10,1.86e-10,-0.00016,0.3839724354387525,22.0,40,0,0,
947,600.0,14.091966957139045,92.0,1433.3333333333333,0.05666666666666667,1.7142857142857144,5555.0,5e-09,5e-11,0.85,1.02e-10,1.86e-10,-0.00016,0.3839724354387525,22.0,40,0,0,
948,600.0,14.091966957139045,92.0,1433.3333333333333,0.05666666666666667,2.071428571428571,5555.0,5e-09,5e-11,0.85,1.02e-10,1.86e-10,-0.00016,0.3839724354387525,22.0,40,0,0,
949,600.0,14.091966957139045,92.0,1433.3333333333333,0.05666666666666667,2.428571428571429,5555.0,5e-09,5e-11,0.85,1.02e-10,1.86e-10,-0.00016,0.3839724354387525,22.0,40,0,0,
950,600.0,14.091966957139045,92.0,1433.3333333333333,0.05666666666666667,2.7857142857142856,5555.0,5e-09,5e-11,0.85,1.02e-10,1.86e-10,-0.00016,0.3839724354387525,22.0,40,0,0,
951,600.0,14.091966957139045,92.0,1433.3333333333333,0.05666666666666667,3.142857142857143,5555.0,5e-09,5e-11,0.85,1.02e-10,1.86e-10,-0.00016,0.3839724354387525,22.0,40,0,0,
952,600.0,14.091966957139045,92.0,1433.3333333333333,0.05666666666666667,3.5,5555.0,5e-09,5e-11,0.85,1.02e-10,1.86e-10,-0.00016,0.3839724354387525,22.0,40,0,0,
953,600.0,14.091966957139045,92.0,1433.3333333333333,0.05666666666666667,3.857142857142857,5555.0,5e-09,5e-11,0.85,1.02e-10,1.86e-10,-0.00016,0.3839724354387525,22.0,40,0,0,
954,600.0,14.091966957139045,92.0,1433.3333333333333,0.05666666666666667,4.214285714285714,5555.0,5e-09,5e-11,0.85,1.02e-10,1.86e-10,-0.00016,0.3839724354387525,22.0,40,0,0,
955,600.0,14.091966957139045,92.0,1433.3333333333333,0.05666666666666667,4.571428571428571,5555.0,5e-09,5e-11,0.85,1.02e-10,1.86e-10,-0.00016,0.3839724354387525,22.0,40,0,0,
956,600.0,14.091966957139045,92.0,1433.3333333333333,0.05666666666666667,4.928571428571429,5555.0,5e-09,5e-11,0.85,1.02e-10,1.86e-10,-0.00016,0.3839724354387525,22.0,40,0,0,
957,600.0,14.091966957139045,92.0,1433.3333333333333,0.05666666666666667,5.285714285714286,5555.0,5e-09,5e-11,0.85,1.02e-10,1.86e-10,-0.00016,0.3839724354387525,22.0,40,0,0,
958,600.0,14.091966957139045,92.0,1433.3333333333333,0.05666666666666667,5.642857142857143,5555.0,5e-09,5e-11,0.85,1.02e-10,1.86e-10,-0.00016,0.3839724354387525,22.0,40,0,0,
959,600.0,14.091966957139045,92.0,1433.3333333333333,0.05666666666666667,6.0,5555.0,5e-09,5e-11,0.85,1.02e-10,1.86e-10,-0.00016,0.3839724354387525,22.0,40,0,0,
960,600.0,14.091966957139045,92.0,1433.3333333333333,0.05888888888888889,1.0,5555.0,5e-09,5e-11,0.85,1.02e-10,1.86e-10,-0.00016,0.3839724354387525,22.0,40,0,0,
961,600.0,14.091966957139045,92.0,1433.3333333333333,0.05888888888888889,1.3571428571428572,5555.0,5e-09,5e-11,0.85,1.02e-10,1.86e-10,-0.00016,0.3839724354387525,22.0,40,0,0,
962,600.0,14.091966957139045,92.0,1433.3333333333333,0.05888888888888889,1.7142857142857144,5555.0,5e-09,5e-11,0.85,1.02e-10,1.86e-10,-0.00016,0.3839724354387525,22.0,40,0,0,
963,600.0,14.091966957139045,92.0,1433.3333333333333,0.05888888888888889,2.071428571428571,5555.0,5e-09,5e-11,0.85,1.02e-10,1.86e-10,-0.00016,0.3839724354387525,22.0,40,0,0,
964,600.0,14.091966957139045,92.0,1433.3333333333333,0.05888888888888889,2.428571428571429,5555.0,5e-09,5e-11,0.85,1.02e-10,1.86e-10,-0.00016,0.3839724354387525,22.0,40,0,0,
965,600.0,14.091966957139045,92.0,1433.3333333333333,0.05888888888888889,2.7857142857142856,5555.0,5e-09,5e-11,0.85,1.02e-10,1.86e-10,-0.00016,0.3839724354387525,22.0,40,0,0,
966,600.0,14.091966957139045,92.0,1433.3333333333333,0.05888888888888889,3.142857142857143,5555.0,5e-09,5e-11,0.85,1.02e-10,1.86e-10,-0.00016,0.3839724354387525,22.0,40,0,0,
967,600.0,14.091966957139045,92.0,1433.3333333333333,0.05888888888888889,3.5,5555.0,5e-09,5e-11,0.85,1.02e-10,1.86e-10,-0.00016,0.3839724354387525,22.0,40,0,0,
968,600.0,14.091966957139045,92.0,1433.3333333333333,0.05888888888888889,3.857142857142857,5555.0,5e-09,5e-11,0.85,1.02e-10,1.86e-10,-0.00016,0.3839724354387525,22.0,40,0,0,
969,600.0,14.091966957139045,92.0,1433.3333333333333,0.05888888888888889,4.214285714285714,5555.0,5e-09,5e-11,0.85,1.02e-10,1.86e-10,-0.00016,0.3839724354387525,22.0,40,0,0,
970,600.0,14.091966957139045,92.0,1433.3333333333333,0.05888888888888889,4.571428571428571,5555.0,5e-09,5e-11,0.85,1.02e-10,1.86e-10,-0.00016,0.3839724354387525,22.0,40,0,0,
971,600.0,14.091966957139045,92.0,1433.3333333333333,0.05888888888888889,4.928571428571429,5555.0,5e-09,5e-11,0.85,1.02e-10,1.86e-10,-0.00016,0.3839724354387525,22.0,40,0,0,
972,600.0,14.091966957139045,92.0,1433.3333333333333,0.05888888888888889,5.285714285714286,5555.0,5e-09,5e-11,0.85,1.02e-10,1.86e-10,-0.00016,0.3839724354387525,22.0,40,0,0,
973,600.0,14.091966957139045,92.0,1433.3333333333333,0.05888888888888889,5.642857142857143,5555.0,5e-09,5e-11,0.85,1.02e-10,1.86e-10,-0.00016,0.3839724354387525,22.0,40,0,0,
974,600.0,14.091966957139045,92.0,1433.3333333333333,0.05888888888888889,6.0,5555.0,5e-09,5e-11,0.85,1.02e-10,1.86e-10,-0.00016,0.3839724354387525,22.0,40,0,0,
975,600.0,14.091966957139045,92.0,1433.3333333333333,0.061111111111111116,1.0,5555.0,5e-09,5e-11,0.85,1.02e-10,1.86e-10,-0.00016,0.3839724354387525,22.0,40,0,0,
976,600.0,14.091966957139045,92.0,1433.3333333333333,0.061111111111111116,1.3571428571428572,5555.0,5e-09,5e-11,0.85,1.02e-10,1.86e-10,-0.00016,0.3839724354387525,22.0,40,0,0,
977,600.0,14.091966957139045,92.0,1433.3333333333333,0.061111111111111116,1.7142857142857144,5555.0,5e-09,5e-11,0.85,1.02e-10,1.86e-10,-0.00016,0.3839724354387525,22.0,40,0,0,
978,600.0,14.091966957139045,92.0,1433.3333333333333,0.061111111111111116,2.071428571428571,5555.0,5e-09,5e-11,0.85,1.02e-10,1.86e-10,-0.00016,0.3839724354387525,22.0,40,0,0,
979,600.0,14.091966957139045,92.0,1433.3333333333333,0.061111111111111116,2.428571428571429,5555.0,5e-09,5e-11,0.85,1.02e-10,1.86e-10,-0.00016,0.3839724354387525,22.0,40,0,0,
980,600.0,14.091966957139045,92.0,1433.3333333333333,0.061111111111111116,2.7857142857142856,5555.0,5e-09,5e-11,0.85,1.02e-10,1.86e-10,-0.00016,0.3839724354387525,22.0,40,0,0,
981,600.0,14.091966957139045,92.0,1433.3333333333333,0.061111111111111116,3.142857142857143,5555.0,5e-09,5e-11,0.85,1.02e-10,1.86e-10,-0.00016,0.3839724354387525,22.0,40,0,0,
982,600.0,14.091966957139045,92.0,1433.3333333333333,0.061111111111111116,3.5,5555.0,5e-09,5e-11,0.85,1.02e-10,1.86e-10,-0.00016,0.3839724354387525,22.0,40,0,0,
983,600.0,14.091966957139045,92.0,1433.3333333333333,0.061111111111111116,3.857142857142857,5555.0,5e-09,5e-11,0.85,1.02e-10,1.86e-10,-0.00016,0.3839724354387525,22.0,40,0,0,
984,600.0,14.091966957139045,92.0,1433.3333333333333,0.061111111111111116,4.214285714285714,5555.0,5e-09,5e-11,0.85,1.02e-10,1.86e-10,-0.00016,0.3839724354387525,22.0,40,0,0,
985,600.0,14.091966957139045,92.0,1433.3333333333333,0.061111111111111116,4.571428571428571,5555.0,5e-09,5e-11,0.85,1.02e-10,1.86e-10,-0.00016,0.3839724354387525,22.0,40,0,0,
986,600.0,14.091966957139045,92.0,1433.3333333333333,0.061111111111111116,4.928571428571429,5555.0,5e-09,5e-11,0.85,1.02e-10,1.86e-10,-0.00016,0.3839724354387525,22.0,40,0,0,
987,600.0,14.091966957139045,92.0,1433.3333333333333,0.061111111111111116,5.285714285714286,5555.0,5e-09,5e-11,0.85,1.02e-10,1.86e-10,-0.00016,0.3839724354387525,22.0,40,0,0,
988,600.0,14.091966957139045,92.0,1433.3333333333333,0.061111111111111116,5.642857142857143,5555.0,5e-09,5e-11,0.85,1.02e-10,1.86e-10,-0.00016,0.3839724354387525,22.0,40,0,0,
989,600.0,14.091966957139045,92.0,1433.3333333333333,0.061111111111111116,6.0,5555.0,5e-09,5e-11,0.85,1.02e-10,1.86e-10,-0.00016,0.3839724354387525,22.0,40,0,0,
990,600.0,14.091966957139045,92.0,1433.3333333333333,0.06333333333333334,1.0,5555.0,5e-09,5e-11,0.85,1.02e-10,1.86e-10,-0.00016,0.3839724354387525,22.0,40,0,0,
991,600.0,14.091966957139045,92.0,1433.3333333333333,0.06333333333333334,1.3571428571428572,5555.0,5e-09,5e-11,0.85,1.02e-10,1.86e-10,-0.00016,0.3839724354387525,22.0,40,0,0,
992,600.0,14.091966957139045,92.0,1433.3333333333333,0.06333333333333334,1.7142857142857144,5555.0,5e-09,5e-11,0.85,1.02e-10,1.86e-10,-0.00016,0.3839724354387525,22.0,40,0,0,
993,600.0,14.091966957139045,92.0,1433.3333333333333,0.06333333333333334,2.071428571428571,5555.0,5e-09,5e-11,0.85,1.02e-10,1.86e-10,-0.00016,0.3839724354387525,22.0,40,0,0,
994,600.0,14.091966957139045,92.0,1433.3333333333333,0.06333333333333334,2.428571428571429,5555.0,5e-09,5e-11,0.85,1.02e-10,1.86e-10,-0.00016,0.3839724354387525,22.0,40,0,0,
995,600.0,14.091966957139045,92.0,1433.3333333333333,0.06333333333333334,2.7857142857142856,5555.0,5e-09,5e-11,0.85,1.02e-10,1.86e-10,-0.00016,0.3839724354387525,22.0,40,0,0,
996,600.0,14.091966957139045,92.0,1433.3333333333333,0.06333333333333334,3.142857142857143,5555.0,5e-09,5e-11,0.85,1.02e-10,1.86e-10,-0.00016,0.3839724354387525,22.0,40,0,0,
997,600.0,14.091966957139045,92.0,1433.3333333333333,0.06333333333333334,3.5,5555.0,5e-09,5e-11,0.85,1.02e-10,1.86e-10,-0.00016,0.3839724354387525,22.0,40,0,0,
998,600.0,14.091966957139045,92.0,1433.3333333333333,0.06333333333333334,3.857142857142857,5555.0,5e-09,5e-11,0.85,1.02e-10,1.86e-10,-0.00016,0.3839724354387525,22.0,40,0,0,
999,600.0,14.091966957139045,92.0,1433.3333333333333,0.06333333333333334,4.214285714285714,5555.0,5e-09,5e-11,0.85,1.02e-10,1.86e-10,-0.00016,0.3839724354387525,22.0,40,0,0,
1000,600.0,14.091966957139045,92.0,1433.3333333333333,0.06333333333333334,4.571428571428571,5555.0,5e-09,5e-11,0.85,1.02e-10,1.86e-10,-0.00016,0.3839724354387525,22.0,40,0,0,
1001,600.0,14.091966957139045,92.0,1433.3333333333333,0.06333333333333334,4.928571428571429,5555.0,5e-09,5e-11,0.85,1.02e-10,1.86e-10,-0.00016,0.3839724354387525,22.0,40,0,0,
1002,600.0,14.091966957139045,92.0,1433.3333333333333,0.06333333333333334,5.285714285714286,5555.0,5e-09,5e-11,0.85,1.02e-10,1.86e-10,-0.00016,0.3839724354387525,22.0,40,0,0,
1003,600.0,14.091966957139045,92.0,1433.3333333333333,0.06333333333333334,5.642857142857143,5555.0,5e-09,5e-11,0.85,1.02e-10,1.86e-10,-0.00016,0.3839724354387525,22.0,40,0,0,
1004,600.0,14.091966957139045,92.0,1433.3333333333333,0.06333333333333334,6.0,5555.0,5e-09,5e-11,0.85,1.02e-10,1.86e-10,-0.00016,0.3839724354387525,22.0,40,0,0,
1005,600.0,14.091966957139045,92.0,1433.3333333333333,0.06555555555555556,1.0,5555.0,5e-09,5e-11,0.85,1.02e-10,1.86e-10,-0.00016,0.3839724354387525,22.0,40,0,0,
1006,600.0,14.091966957139045,92.0,1433.3333333333333,0.06555555555555556,1.3571428571428572,5555.0,5e-09,5e-11,0.85,1.02e-10,1.86e-10,-0.00016,0.3839724354387525,22.0,40,0,0,
1007,600.0,14.091966957139045,92.0,1433.3333333333333,0.06555555555555556,1.7142857142857144,5555.0,5e-09,5e-11,0.85,1.02e-10,1.86e-10,-0.00016,0.3839724354387525,22.0,40,0,0,
1008,600.0,14.091966957139045,92.0,1433.3333333333333,0.06555555555555556,2.071428571428571,5555.0,5e-09,5e-11,0.85,1.02e-10,1.86e-10,-0.00016,0.3839724354387525,22.0,40,0,0,
1009,600.0,14.091966957139045,92.0,1433.3333333333333,0.06555555555555556,2.428571428571429,5555.0,5e-09,5e-11,0.85,1.02e-10,1.86e-10,-0.00016,0.3839724354387525,22.0,40,0,0,
1010,600.0,14.091966957139045,92.0,1433.3333333333333,0.06555555555555556,2.7857142857142856,5555.0,5e-09,5e-11,0.85,1.02e-10,1.86e-10,-0.00016,0.3839724354387525,22.0,40,0,0,
1011,600.0,14.091966957139045,92.0,1433.3333333333333,0.06555555555555556,3.142857142857143,5555.0,5e-09,5e-11,0.85,1.02e-10,1.86e-10,-0.00016,0.3839724354387525,22.0,40,0,0,
1012,600.0,14.091966957139045,92.0,1433.3333333333333,0.06555555555555556,3.5,5555.0,5e-09,5e-11,0.85,1.02e-10,1.86e-10,-0.00016,0.3839724354387525,22.0,40,0,0,
1013,600.0,14.091966957139045,92.0,1433.3333333333333,0.06555555555555556,3.857142857142857,5555.0,5e-09,5e-11,0.85,1.02e-10,1.86e-10,-0.00016,0.3839724354387525,22.0,40,0,0,
1014,600.0,14.091966957139045,92.0,1433.3333333333333,0.06555555555555556,4.214285714285714,5555.0,5e-09,5e-11,0.85,1.02e-10,1.86e-10,-0.00016,0.3839724354387525,22.0,40,0,0,
1015,600.0,14.091966957139045,92.0,1433.3333333333333,0.06555555555555556,4.571428571428571,5555.0,5e-09,5e-11,0.85,1.02e-10,1.86e-10,-0.00016,0.3839724354387525,22.0,40,0,0,
1016,600.0,14.091966957139045,92.0,1433.3333333333333,0.06555555555555556,4.928571428571429,5555.0,5e-09,5e-11,0.85,1.02e-10,1.86e-10,-0.00016,0.3839724354387525,22.0,40,0,0,
1017,600.0,14.091966957139045,92.0,1433.3333333333333,0.06555555555555556,5.285714285714286,5555.0,5e-09,5e-11,0.85,1.02e-10,1.86e-10,-0.00016,0.3839724354387525,22.0,40,0,0,
1018,600.0,14.091966957139045,92.0,1433.3333333333333,0.06555555555555556,5.642857142857143,5555.0,5e-09,5e-11,0.85,1.02e-10,1.86e-10,-0.00016,0.3839724354387525,22.0,40,0,0,
1019,600.0,14.091966957139045,92.0,1433.3333333333333,0.06555555555555556,6.0,5555.0,5e-09,5e-11,0.85,1.02e-10,1.86e-10,-0.00016,0.3839724354387525,22.0,40,0,0,
1020,600.0,14.091966957139045,92.0,1433.3333333333333,0.06777777777777778,1.0,5555.0,5e-09,5e-11,0.85,1.02e-10,1.86e-10,-0.00016,0.3839724354387525,22.0,40,0,0,
1021,600.0,14.091966957139045,92.0,1433.3333333333333,0.06777777777777778,1.3571428571428572,5555.0,5e-09,5e-11,0.85,1.02e-10,1.86e-10,-0.00016,0.3839724354387525,22.0,40,0,0,
1022,600.0,14.091966957139045,92.0,1433.3333333333333,0.06777777777777778,1.7142857142857144,5555.0,5e-09,5e-11,0.85,1.02e-10,1.86e-10,-0.00016,0.3839724354387525,22.0,40,0,0,
1023,600.0,14.091966957139045,92.0,1433.3333333333333,0.06777777777777778,2.071428571428571,5555.0,5e-09,5e-11,0.85,1.02e-10,1.86e-10,-0.00016,0.3839724354387525,22.0,40,0,0,
1024,600.0,14.091966957139045,92.0,1433.3333333333333,0.06777777777777778,2.428571428571429,5555.0,5e-09,5e-11,0.85,1.02e-10,1.86e-10,-0.00016,0.3839724354387525,22.0,40,0,0,
1025,600.0,14.091966957139045,92.0,1433.3333333333333,0.06777777777777778,2.7857142857142856,5555.0,5e-09,5e-11,0.85,1.02e-10,1.86e-10,-0.00016,0.3839724354387525,22.0,40,0,0,
1026,600.0,14.091966957139045,92.0,1433.3333333333333,0.06777777777777778,3.142857142857143,5555.0,5e-09,5e-11,0.85,1.02e-10,1.86e-10,-0.00016,0.3839724354387525,22.0,40,0,0,
1027,600.0,14.091966957139045,92.0,1433.3333333333333,0.06777777777777778,3.5,5555.0,5e-09,5e-11,0.85,1.02e-10,1.86e-10,-0.00016,0.3839724354387525,22.0,40,0,0,
1028,600.0,14.091966957139045,92.0,1433.3333333333333,0.06777777777777778,3.857142857142857,5555.0,5e-09,5e-11,0.85,1.02e-10,1.86e-10,-0.00016,0.3839724354387525,22.0,40,0,0,
1029,600.0,14.091966957139045,92.0,1433.3333333333333,0.06777777777777778,4.214285714285714,5555.0,5e-09,5e-11,0.85,1.02e-10,1.86e-10,-0.00016,0.3839724354387525,22.0,40,0,0,
1030,600.0,14.091966957139045,92.0,1433.3333333333333,0.06777777777777778,4.571428571428571,5555.0,5e-09,5e-11,0.85,1.02e-10,1.86e-10,-0.00016,0.3839724354387525,22.0,40,0,0,
1031,600.0,14.091966957139045,92.0,1433.3333333333333,0.06777777777777778,4.928571428571429,5555.0,5e-09,5e-11,0.85,1.02e-10,1.86e-10,-0.00016,0.3839724354387525,22.0,40,0,0,
1032,600.0,14.091966957139045,92.0,1433.3333333333333,0.06777777777777778,5.285714285714286,5555.0,5e-09,5e-11,0.85,1.02e-10,1.86e-10,-0.00016,0.3839724354387525,22.0,40,0,0,
1033,600.0,14.091966957139045,92.0,1433.3333333333333,0.06777777777777778,5.642857142857143,5555.0,5e-09,5e-11,0.85,1.02e-10,1.86e-10,-0.00016,0.3839724354387525,22.0,40,0,0,
1034,600.0,14.091966957139045,92.0,1433.3333333333333,0.06777777777777778,6.0,5555.0,5e-09,5e-11,0.85,1.02e-10,1.86e-10,-0.00016,0.3839724354387525,22.0,40,0,0,
1035,600.0,14.091966957139045,92.0,1433.3333333333333,0.07,1.0,5555.0,5e-09,5e-11,0.85,1.02e-10,1.86e-10,-0.00016,0.3839724354387525,22.0,40,0,0,
1036,600.0,14.091966957139045,92.0,1433.3333333333333,0.07,1.3571428571428572,5555.0,5e-09,5e-11,0.85,1.02e-10,1.86e-10,-0.00016,0.3839724354387525,22.0,40,0,0,
1037,600.0,14.091966957139045,92.0,1433.3333333333333,0.07,1.7142857142857144,5555.0,5e-09,5e-11,0.85,1.02e-10,1.86e-10,-0.00016,0.3839724354387525,22.0,40,0,0,
1038,600.0,14.091966957139045,92.0,1433.3333333333333,0.07,2.071428571428571,5555.0,5e-09,5e-11,0.85,1.02e-10,1.86e-10,-0.00016,0.3839724354387525,22.0,40,0,0,
1039,600.0,14.091966957139045,92.0,1433.3333333333333,0.07,2.428571428571429,5555.0,5e-09,5e-11,0.85,1.02e-10,1.86e-10,-0.00016,0.3839724354387525,22.0,40,0,0,
1040,600.0,14.091966957139045,92.0,1433.3333333333333,0.07,2.7857142857142856,5555.0,5e-09,5e-11,0.85,1.02e-10,1.86e-10,-0.00016,0.3839724354387525,22.0,40,0,0,
1041,600.0,14.091966957139045,92.0,1433.3333333333333,0.07,3.142857142857143,5555.0,5e-09,5e-11,0.85,1.02e-10,1.86e-10,-0.00016,0.3839724354387525,22.0,40,0,0,
1042,600.0,14.091966957139045,92.0,1433.3333333333333,0.07,3.5,5555.0,5e-09,5e-11,0.85,1.02e-10,1.86e-10,-0.00016,0.3839724354387525,22.0,40,0,0,
1043,600.0,14.091966957139045,92.0,1433.3333333333333,0.07,3.857142857142857,5555.0,5e-09,5e-11,0.85,1.02e-10,1.86e-10,-0.00016,0.3839724354387525,22.0,40,0,0,
1044,600.0,14.091966957139045,92.0,1433.3333333333333,0.07,4.214285714285714,5555.0,5e-09,5e-11,0.85,1.02e-10,1.86e-10,-0.00016,0.3839724354387525,22.0,40,0,0,
1045,600.0,14.091966957139045,92.0,1433.3333333333333,0.07,4.571428571428571,5555.0,5e-09,5e-11,0.85,1.02e-10,1.86e-10,-0.00016,0.3839724354387525,22.0,40,0,0,
1046,600.0,14.091966957139045,92.0,1433.3333333333333,0.07,4.928571428571429,5555.0,5e-09,5e-11,0.85,1.02e-10,1.86e-10,-0.00016,0.3839724354387525,22.0,40,0,0,
1047,600.0,14.091966957139045,92.0,1433.3333333333333,0.07,5.285714285714286,5555.0,5e-09,5e-11,0.85,1.02e-10,1.86e-10,-0.00016,0.3839724354387525,22.0,40,0,0,
1048,600.0,14.091966957139045,92.0,1433.3333333333333,0.07,5.642857142857143,5555.0,5e-09,5e-11,0.85,1.02e-10,1.86e-10,-0.00016,0.3839724354387525,22.0,40,0,0,
1049,600.0,14.091966957139045,92.0,1433.3333333333333,0.07,6.0,5555.0,5e-09,5e-11,0.85,1.02e-10,1.86e-10,-0.00016,0.3839724354387525,22.0,40,0,0,
1050,600.0,14.091966957139045,92.0,1622.2222222222222,0.05,1.0,5555.0,5e-09,5e-11,0.85,1.02e-10,1.86e-10,-0.00016,0.3839724354387525,22.0,40,0,0,
1051,600.0,14.091966957139045,92.0,1622.2222222222222,0.05,1.3571428571428572,5555.0,5e-09,5e-11,0.85,1.02e-10,1.86e-10,-0.00016,0.3839724354387525,22.0,40,0,0,
1052,600.0,14.091966957139045,92.0,1622.2222222222222,0.05,1.7142857142857144,5555.0,5e-09,5e-11,0.85,1.02e-10,1.86e-10,-0.00016,0.3839724354387525,22.0,40,0,0,
1053,600.0,14.091966957139045,92.0,1622.2222222222222,0.05,2.071428571428571,5555.0,5e-09,5e-11,0.85,1.02e-10,1.86e-10,-0.00016,0.3839724354387525,22.0,40,0,0,
1054,600.0,14.091966957139045,92.0,1622.2222222222222,0.05,2.428571428571429,5555.0,5e-09,5e-11,0.85,1.02e-10,1.86e-10,-0.00016,0.3839724354387525,22.0,40,0,0,
1055,600.0,14.091966957139045,92.0,1622.2222222222222,0.05,2.7857142857142856,5555.0,5e-09,5e-11,0.85,1.02e-10,1.86e-10,-0.00016,0.3839724354387525,22.0,40,0,0,
1056,600.0,14.091966957139045,92.0,1622.2222222222222,0.05,3.142857142857143,5555.0,5e-09,5e-11,0.85,1.02e-10,1.86e-10,-0.00016,0.3839724354387525,22.0,40,0,0,
1057,600.0,14.091966957139045,92.0,1622.2222222222222,0.05,3.5,5555.0,5e-09,5e-11,0.85,1.02e-10,1.86e-10,-0.00016,0.3839724354387525,22.0,40,0,0,
1058,600.0,14.091966957139045,92.0,1622.2222222222222,0.05,3.857142857142857,5555.0,5e-09,5e-11,0.85,1.02e-10,1.86e-10,-0.00016,0.3839724354387525,22.0,40,0,0,
1059,600.0,14.091966957139045,92.0,1622.2222222222222,0.05,4.214285714285714,5555.0,5e-09,5e-11,0.85,1.02e-10,1.86e-10,-0.00016,0.3839724354387525,22.0,40,0,0,
1060,600.0,14.091966957139045,92.0,1622.2222222222222,0.05,4.571428571428571,5555.0,5e-09,5e-11,0.85,1.02e-10,1.86e-10,-0.00016,0.3839724354387525,22.0,40,0,0,
1061,600.0,14.091966957139045,92.0,1622.2222222222222,0.05,4.928571428571429,5555.0,5e-09,5e-11,0.85,1.02e-10,1.86e-10,-0.00016,0.3839724354387525,22.0,40,0,0,
1062,600.0,14.091966957139045,92.0,1622.2222222222222,0.05,5.285714285714286,5555.0,5e-09,5e-11,0.85,1.02e-10,1.86e-10,-0.00016,0.3839724354387525,22.0,40,0,0,
1063,600.0,14.091966957139045,92.0,1622.2222222222222,0.05,5.642857142857143,5555.0,5e-09,5e-11,0.85,1.02e-10,1.86e-10,-0.00016,0.3839724354387525,22.0,40,0,0,
1064,600.0,14.091966957139045,92.0,1622.2222222222222,0.05,6.0,5555.0,5e-09,5e-11,0.85,1.02e-10,1.86e-10,-0.00016,0.3839724354387525,22.0,40,0,0,
1065,600.0,14.091966957139045,92.0,1622.2222222222222,0.052222222222222225,1.0,5555.0,5e-09,5e-11,0.85,1.02e-10,1.86e-10,-0.00016,0.3839724354387525,22.0,40,0,0,
1066,600.0,14.091966957139045,92.0,1622.2222222222222,0.052222222222222225,1.3571428571428572,5555.0,5e-09,5e-11,0.85,1.02e-10,1.86e-10,-0.00016,0.3839724354387525,22.0,40,0,0,
1067,600.0,14.091966957139045,92.0,1622.2222222222222,0.052222222222222225,1.7142857142857144,5555.0,5e-09,5e-11,0.85,1.02e-10,1.86e-10,-0.00016,0.3839724354387525,22.0,40,0,0,
1068,600.0,14.091966957139045,92.0,1622.2222222222222,0.052222222222222225,2.071428571428571,5555.0,5e-09,5e-11,0.85,1.02e-10,1.86e-10,-0.00016,0.3839724354387525,22.0,40,0,0,
1069,600.0,14.091966957139045,92.0,1622.2222222222222,0.052222222222222225,2.428571428571429,5555.0,5e-09,5e-11,0.85,1.02e-10,1.86e-10,-0.00016,0.3839724354387525,22.0,40,0,0,
1070,600.0,14.091966957139045,92.0,1622.2222222222222,0.052222222222222225,2.7857142857142856,5555.0,5e-09,5e-11,0.85,1.02e-10,1.86e-10,-0.00016,0.3839724354387525,22.0,40,0,0,
1071,600.0,14.091966957139045,92.0,1622.2222222222222,0.052222222222222225,3.142857142857143,5555.0,5e-09,5e-11,0.85,1.02e-10,1.86e-10,-0.00016,0.3839724354387525,22.0,40,0,0,
1072,600.0,14.091966957139045,92.0,1622.2222222222222,0.052222222222222225,3.5,5555.0,5e-09,5e-11,0.85,1.02e-10,1.86e-10,-0.00016,0.3839724354387525,22.0,40,0,0,
1073,600.0,14.091966957139045,92.0,1622.2222222222222,0.052222222222222225,3.857142857142857,5555.0,5e-09,5e-11,0.85,1.02e-10,1.86e-10,-0.00016,0.3839724354387525,22.0,40,0,0,
1074,600.0,14.091966957139045,92.0,1622.2222222222222,0.052222222222222225,4.214285714285714,5555.0,5e-09,5e-11,0.85,1.02e-10,1.86e-10,-0.00016,0.3839724354387525,22.0,40,0,0,
1075,600.0,14.091966957139045,92.0,1622.2222222222222,0.052222222222222225,4.571428571428571,5555.0,5e-09,5e-11,0.85,1.02e-10,1.86e-10,-0.00016,0.3839724354387525,22.0,40,0,0,
1076,600.0,14.091966957139045,92.0,1622.2222222222222,0.052222222222222225,4.928571428571429,5555.0,5e-09,5e-11,0.85,1.02e-10,1.86e-10,-0.00016,0.3839724354387525,22.0,40,0,0,
1077,600.0,14.091966957139045,92.0,1622.2222222222222,0.052222222222222225,5.285714285714286,5555.0,5e-09,5e-11,0.85,1.02e-10,1.86e-10,-0.00016,0.3839724354387525,22.0,40,0,0,
1078,600.0,14.091966957139045,92.0,1622.2222222222222,0.052222222222222225,5.642857142857143,5555.0,5e-09,5e-11,0.85,1.02e-10,1.86e-10,-0.00016,0.3839724354387525,22.0,40,0,0,
1079,600.0,14.091966957139045,92.0,1622.2222222222222,0.052222222222222225,6.0,5555.0,5e-09,5e-11,0.85,1.02e-10,1.86e-10,-0.00016,0.3839724354387525,22.0,40,0,0,
1080,600.0,14.091966957139045,92.0,1622.2222222222222,0.05444444444444445,1.0,5555.0,5e-09,5e-11,0.85,1.02e-10,1.86e-10,-0.00016,0.3839724354387525,22.0,40,0,0,
1081,600.0,14.091966957139045,92.0,1622.2222222222222,0.05444444444444445,1.3571428571428572,5555.0,5e-09,5e-11,0.85,1.02e-10,1.86e-10,-0.00016,0.3839724354387525,22.0,40,0,0,
1082,600.0,14.091966957139045,92.0,1622.2222222222222,0.05444444444444445,1.7142857142857144,5555.0,5e-09,5e-11,0.85,1.02e-10,1.86e-10,-0.00016,0.3839724354387525,22.0,40,0,0,
1083,600.0,14.091966957139045,92.0,1622.2222222222222,0.05444444444444445,2.071428571428571,5555.0,5e-09,5e-11,0.85,1.02e-10,1.86e-10,-0.00016,0.3839724354387525,22.0,40,0,0,
1084,600.0,14.091966957139045,92.0,1622.2222222222222,0.05444444444444445,2.428571428571429,5555.0,5e-09,5e-11,0.85,1.02e-10,1.86e-10,-0.00016,0.3839724354387525,22.0,40,0,0,
1085,600.0,14.091966957139045,92.0,1622.2222222222222,0.05444444444444445,2.7857142857142856,5555.0,5e-09,5e-11,0.85,1.02e-10,1.86e-10,-0.00016,0.3839724354387525,22.0,40,0,0,
1086,600.0,14.091966957139045,92.0,1622.2222222222222,0.05444444444444445,3.142857142857143,5555.0,5e-09,5e-11,0.85,1.02e-10,1.86e-10,-0.00016,0.3839724354387525,22.0,40,0,0,
1087,600.0,14.091966957139045,92.0,1622.2222222222222,0.05444444444444445,3.5,5555.0,5e-09,5e-11,0.85,1.02e-10,1.86e-10,-0.00016,0.3839724354387525,22.0,40,0,0,
1088,600.0,14.091966957139045,92.0,1622.2222222222222,0.05444444444444445,3.857142857142857,5555.0,5e-09,5e-11,0.85,1.02e-10,1.86e-10,-0.00016,0.3839724354387525,22.0,40,0,0,
1089,600.0,14.091966957139045,92.0,1622.2222222222222,0.05444444444444445,4.214285714285714,5555.0,5e-09,5e-11,0.85,1.02e-10,1.86e-10,-0.00016,0.3839724354387525,22.0,40,0,0,
1090,600.0,14.091966957139045,92.0,1622.2222222222222,0.05444444444444445,4.571428571428571,5555.0,5e-09,5e-11,0.85,1.02e-10,1.86e-10,-0.00016,0.3839724354387525,22.0,40,0,0,
1091,600.0,14.091966957139045,92.0,1622.2222222222222,0.05444444444444445,4.928571428571429,5555.0,5e-09,5e-11,0.85,1.02e-10,1.86e-10,-0.00016,0.3839724354387525,22.0,40,0,0,
1092,600.0,14.091966957139045,92.0,1622.2222222222222,0.05444444444444445,5.285714285714286,5555.0,5e-09,5e-11,0.85,1.02e-10,1.86e-10,-0.00016,0.3839724354387525,22.0,40,0,0,
1093,600.0,14.091966957139045,92.0,1622.2222222222222,0.05444444444444445,5.642857142857143,5555.0,5e-09,5e-11,0.85,1.02e-10,1.86e-10,-0.00016,0.3839724354387525,22.0,40,0,0,
1094,600.0,14.091966957139045,92.0,1622.2222222222222,0.05444444444444445,6.0,5555.0,5e-09,5e-11,0.85,1.02e-10,1.86e-10,-0.00016,0.3839724354387525,22.0,40,0,0,
1095,600.0,14.091966957139045,92.0,1622.2222222222222,0.05666666666666667,1.0,5555.0,5e-09,5e-11,0.85,1.02e-10,1.86e-10,-0.00016,0.3839724354387525,22.0,40,0,0,
1096,600.0,14.091966957139045,92.0,1622.2222222222222,0.05666666666666667,1.3571428571428572,5555.0,5e-09,5e-11,0.85,1.02e-10,1.86e-10,-0.00016,0.3839724354387525,22.0,40,0,0,
1097,600.0,14.091966957139045,92.0,1622.2222222222222,0.05666666666666667,1.7142857142857144,5555.0,5e-09,5e-11,0.85,1.02e-10,1.86e-10,-0.00016,0.3839724354387525,22.0,40,0,0,
1098,600.0,14.091966957139045,92.0,1622.2222222222222,0.05666666666666667,2.071428571428571,5555.0,5e-09,5e-11,0.85,1.02e-10,1.86e-10,-0.00016,0.3839724354387525,22.0,40,0,0,
1099,600.0,14.091966957139045,92.0,1622.2222222222222,0.05666666666666667,2.428571428571429,5555.0,5e-09,5e-11,0.85,1.02e-10,1.86e-10,-0.00016,0.3839724354387525,22.0,40,0,0,
1100,600.0,14.091966957139045,92.0,1622.2222222222222,0.05666666666666667,2.7857142857142856,5555.0,5e-09,5e-11,0.85,1.02e-10,1.86e-10,-0.00016,0.3839724354387525,22.0,40,0,0,
1101,600.0,14.091966957139045,92.0,1622.2222222222222,0.05666666666666667,3.142857142857143,5555.0,5e-09,5e-11,0.85,1.02e-10,1.86e-10,-0.00016,0.3839724354387525,22.0,40,0,0,
1102,600.0,14.091966957139045,92.0,1622.2222222222222,0.05666666666666667,3.5,5555.0,5e-09,5e-11,0.85,1.02e-10,1.86e-10,-0.00016,0.3839724354387525,22.0,40,0,0,
1103,600.0,14.091966957139045,92.0,1622.2222222222222,0.05666666666666667,3.857142857142857,5555.0,5e-09,5e-11,0.85,1.02e-10,1.86e-10,-0.00016,0.3839724354387525,22.0,40,0,0,
1104,600.0,14.091966957139045,92.0,1622.2222222222222,0.05666666666666667,4.214285714285714,5555.0,5e-09,5e-11,0.85,1.02e-10,1.86e-10,-0.00016,0.3839724354387525,22.0,40,0,0,
1105,600.0,14.091966957139045,92.0,1622.2222222222222,0.05666666666666667,4.571428571428571,5555.0,5e-09,5e-11,0.85,1.02e-10,1.86e-10,-0.00016,0.3839724354387525,22.0,40,0,0,
1106,600.0,14.091966957139045,92.0,1622.2222222222222,0.05666666666666667,4.928571428571429,5555.0,5e-09,5e-11,0.85,1.02e-10,1.86e-10,-0.00016,0.3839724354387525,22.0,40,0,0,
1107,600.0,14.091966957139045,92.0,1622.2222222222222,0.05666666666666667,5.285714285714286,5555.0,5e-09,5e-11,0.85,1.02e-10,1.86e-10,-0.00016,0.3839724354387525,22.0,40,0,0,
1108,600.0,14.091966957139045,92.0,1622.2222222222222,0.05666666666666667,5.642857142857143,5555.0,5e-09,5e-11,0.85,1.02e-10,1.86e-10,-0.00016,0.3839724354387525,22.0,40,0,0,
1109,600.0,14.091966957139045,92.0,1622.2222222222222,0.05666666666666667,6.0,5555.0,5e-09,5e-11,0.85,1.02e-10,1.86e-10,-0.00016,0.3839724354387525,22.0,40,0,0,
1110,600.0,14.091966957139045,92.0,1622.2222222222222,0.05888888888888889,1.0,5555.0,5e-09,5e-11,0.85,1.02e-10,1.86e-10,-0.00016,0.3839724354387525,22.0,40,0,0,
1111,600.0,14.091966957139045,92.0,1622.2222222222222,0.05888888888888889,1.3571428571428572,5555.0,5e-09,5e-11,0.85,1.02e-10,1.86e-10,-0.00016,0.3839724354387525,22.0,40,0,0,
1112,600.0,14.091966957139045,92.0,1622.2222222222222,0.05888888888888889,1.7142857142857144,5555.0,5e-09,5e-11,0.85,1.02e-10,1.86e-10,-0.00016,0.3839724354387525,22.0,40,0,0,
1113,600.0,14.091966957139045,92.0,1622.2222222222222,0.05888888888888889,2.071428571428571,5555.0,5e-09,5e-11,0.85,1.02e-10,1.86e-10,-0.00016,0.3839724354387525,22.0,40,0,0,
1114,600.0,14.091966957139045,92.0,1622.2222222222222,0.05888888888888889,2.428571428571429,5555.0,5e-09,5e-11,0.85,1.02e-10,1.86e-10,-0.00016,0.3839724354387525,22.0,40,0,0,
1115,600.0,14.091966957139045,92.0,1622.2222222222222,0.05888888888888889,2.7857142857142856,5555.0,5e-09,5e-11,0.85,1.02e-10,1.86e-10,-0.00016,0.3839724354387525,22.0,40,0,0,
1116,600.0,14.091966957139045,92.0,1622.2222222222222,0.05888888888888889,3.142857142857143,5555.0,5e-09,5e-11,0.85,1.02e-10,1.86e-10,-0.00016,0.3839724354387525,22.0,40,0,0,
1117,600.0,14.091966957139045,92.0,1622.2222222222222,0.05888888888888889,3.5,5555.0,5e-09,5e-11,0.85,1.02e-10,1.86e-10,-0.00016,0.3839724354387525,22.0,40,0,0,
1118,600.0,14.091966957139045,92.0,1622.2222222222222,0.05888888888888889,3.857142857142857,5555.0,5e-09,5e-11,0.85,1.02e-10,1.86e-10,-0.00016,0.3839724354387525,22.0,40,0,0,
1119,600.0,14.091966957139045,92.0,1622.2222222222222,0.05888888888888889,4.214285714285714,5555.0,5e-09,5e-11,0.85,1.02e-10,1.86e-10,-0.00016,0.3839724354387525,22.0,40,0,0,
1120,600.0,14.091966957139045,92.0,1622.2222222222222,0.05888888888888889,4.571428571428571,5555.0,5e-09,5e-11,0.85,1.02e-10,1.86e-10,-0.00016,0.3839724354387525,22.0,40,0,0,
1121,600.0,14.091966957139045,92.0,1622.2222222222222,0.05888888888888889,4.928571428571429,5555.0,5e-09,5e-11,0.85,1.02e-10,1.86e-10,-0.00016,0.3839724354387525,22.0,40,0,0,
1122,600.0,14.091966957139045,92.0,1622.2222222222222,0.05888888888888889,5.285714285714286,5555.0,5e-09,5e-11,0.85,1.02e-10,1.86e-10,-0.00016,0.3839724354387525,22.0,40,0,0,
1123,600.0,14.091966957139045,92.0,1622.2222222222222,0.05888888888888889,5.642857142857143,5555.0,5e-09,5e-11,0.85,1.02e-10,1.86e-10,-0.00016,0.3839724354387525,22.0,40,0,0,
1124,600.0,14.091966957139045,92.0,1622.2222222222222,0.05888888888888889,6.0,5555.0,5e-09,5e-11,0.85,1.02e-10,1.86e-10,-0.00016,0.3839724354387525,22.0,40,0,0,
1125,600.0,14.091966957139045,92.0,1622.2222222222222,0.061111111111111116,1.0,5555.0,5e-09,5e-11,0.85,1.02e-10,1.86e-10,-0.00016,0.3839724354387525,22.0,40,0,0,
1126,600.0,14.091966957139045,92.0,1622.2222222222222,0.061111111111111116,1.3571428571428572,5555.0,5e-09,5e-11,0.85,1.02e-10,1.86e-10,-0.00016,0.3839724354387525,22.0,40,0,0,
1127,600.0,14.091966957139045,92.0,1622.2222222222222,0.061111111111111116,1.7142857142857144,5555.0,5e-09,5e-11,0.85,1.02e-10,1.86e-10,-0.00016,0.3839724354387525,22.0,40,0,0,
1128,600.0,14.091966957139045,92.0,1622.2222222222222,0.061111111111111116,2.071428571428571,5555.0,5e-09,5e-11,0.85,1.02e-10,1.86e-10,-0.00016,0.3839724354387525,22.0,40,0,0,
1129,600.0,14.091966957139045,92.0,1622.2222222222222,0.061111111111111116,2.428571428571429,5555.0,5e-09,5e-11,0.85,1.02e-10,1.86e-10,-0.00016,0.3839724354387525,22.0,40,0,0,
1130,600.0,14.091966957139045,92.0,1622.2222222222222,0.061111111111111116,2.7857142857142856,5555.0,5e-09,5e-11,0.85,1.02e-10,1.86e-10,-0.00016,0.3839724354387525,22.0,40,0,0,
1131,600.0,14.091966957139045,92.0,1622.2222222222222,0.061111111111111116,3.142857142857143,5555.0,5e-09,5e-11,0.85,1.02e-10,1.86e-10,-0.00016,0.3839724354387525,22.0,40,0,0,
1132,600.0,14.091966957139045,92.0,1622.2222222222222,0.061111111111111116,3.5,5555.0,5e-09,5e-11,0.85,1.02e-10,1.86e-10,-0.00016,0.3839724354387525,22.0,40,0,0,
1133,600.0,14.091966957139045,92.0,1622.2222222222222,0.061111111111111116,3.857142857142857,5555.0,5e-09,5e-11,0.85,1.02e-10,1.86e-10,-0.00016,0.3839724354387525,22.0,40,0,0,
1134,600.0,14.091966957139045,92.0,1622.2222222222222,0.061111111111111116,4.214285714285714,5555.0,5e-09,5e-11,0.85,1.02e-10,1.86e-10,-0.00016,0.3839724354387525,22.0,40,0,0,
1135,600.0,14.091966957139045,92.0,1622.2222222222222,0.061111111111111116,4.571428571428571,5555.0,5e-09,5e-11,0.85,1.02e-10,1.86e-10,-0.00016,0.3839724354387525,22.0,40,0,0,
1136,600.0,14.091966957139045,92.0,1622.2222222222222,0.061111111111111116,4.928571428571429,5555.0,5e-09,5e-11,0.85,1.02e-10,1.86e-10,-0.00016,0.3839724354387525,22.0,40,0,0,
1137,600.0,14.091966957139045,92.0,1622.2222222222222,0.061111111111111116,5.285714285714286,5555.0,5e-09,5e-11,0.85,1.02e-10,1.86e-10,-0.00016,0.3839724354387525,22.0,40,0,0,
1138,600.0,14.091966957139045,92.0,1622.2222222222222,0.061111111111111116,5.642857142857143,5555.0,5e-09,5e-11,0.85,1.02e-10,1.86e-10,-0.00016,0.3839724354387525,22.0,40,0,0,
1139,600.0,14.091966957139045,92.0,1622.2222222222222,0.061111111111111116,6.0,5555.0,5e-09,5e-11,0.85,1.02e-10,1.86e-10,-0.00016,0.3839724354387525,22.0,40,0,0,
1140,600.0,14.091966957139045,92.0,1622.2222222222222,0.06333333333333334,1.0,5555.0,5e-09,5e-11,0.85,1.02e-10,1.86e-10,-0.00016,0.3839724354387525,22.0,40,0,0,
1141,600.0,14.091966957139045,92.0,1622.2222222222222,0.06333333333333334,1.3571428571428572,5555.0,5e-09,5e-11,0.85,1.02e-10,1.86e-10,-0.00016,0.3839724354387525,22.0,40,0,0,
1142,600.0,14.091966957139045,92.0,1622.2222222222222,0.06333333333333334,1.7142857142857144,5555.0,5e-09,5e-11,0.85,1.02e-10,1.86e-10,-0.00016,0.3839724354387525,22.0,40,0,0,
1143,600.0,14.091966957139045,92.0,1622.2222222222222,0.06333333333333334,2.071428571428571,5555.0,5e-09,5e-11,0.85,1.02e-10,1.86e-10,-0.00016,0.3839724354387525,22.0,40,0,0,
1144,600.0,14.091966957139045,92.0,1622.2222222222222,0.06333333333333334,2.428571428571429,5555.0,5e-09,5e-11,0.85,1.02e-10,1.86e-10,-0.00016,0.3839724354387525,22.0,40,0,0,
1145,600.0,14.091966957139045,92.0,1622.2222222222222,0.06333333333333334,2.7857142857142856,5555.0,5e-09,5e-11,0.85,1.02e-10,1.86e-10,-0.00016,0.3839724354387525,22.0,40,0,0,
1146,600.0,14.091966957139045,92.0,1622.2222222222222,0.06333333333333334,3.142857142857143,5555.0,5e-09,5e-11,0.85,1.02e-10,1.86e-10,-0.00016,0.3839724354387525,22.0,40,0,0,
1147,600.0,14.091966957139045,92.0,1622.2222222222222,0.06333333333333334,3.5,5555.0,5e-09,5e-11,0.85,1.02e-10,1.86e-10,-0.00016,0.3839724354387525,22.0,40,0,0,
1148,600.0,14.091966957139045,92.0,1622.2222222222222,0.06333333333333334,3.857142857142857,5555.0,5e-09,5e-11,0.85,1.02e-10,1.86e-10,-0.00016,0.3839724354387525,22.0,40,0,0,
1149,600.0,14.091966957139045,92.0,1622.2222222222222,0.06333333333333334,4.214285714285714,5555.0,5e-09,5e-11,0.85,1.02e-10,1.86e-10,-0.00016,0.3839724354387525,22.0,40,0,0,
1150,600.0,14.091966957139045,92.0,1622.2222222222222,0.06333333333333334,4.571428571428571,5555.0,5e-09,5e-11,0.85,1.02e-10,1.86e-10,-0.00016,0.3839724354387525,22.0,40,0,0,
1151,600.0,14.091966957139045,92.0,1622.2222222222222,0.06333333333333334,4.928571428571429,5555.0,5e-09,5e-11,0.85,1.02e-10,1.86e-10,-0.00016,0.3839724354387525,22.0,40,0,0,
1152,600.0,14.091966957139045,92.0,1622.2222222222222,0.06333333333333334,5.285714285714286,5555.0,5e-09,5e-11,0.85,1.02e-10,1.86e-10,-0.00016,0.3839724354387525,22.0,40,0,0,
1153,600.0,14.091966957139045,92.0,1622.2222222222222,0.06333333333333334,5.642857142857143,5555.0,5e-09,5e-11,0.85,1.02e-10,1.86e-10,-0.00016,0.3839724354387525,22.0,40,0,0,
1154,600.0,14.091966957139045,92.0,1622.2222222222222,0.06333333333333334,6.0,5555.0,5e-09,5e-11,0.85,1.02e-10,1.86e-10,-0.00016,0.3839724354387525,22.0,40,0,0,
1155,600.0,14.091966957139045,92.0,1622.2222222222222,0.06555555555555556,1.0,5555.0,5e-09,5e-11,0.85,1.02e-10,1.86e-10,-0.00016,0.3839724354387525,22.0,40,0,0,
1156,600.0,14.091966957139045,92.0,1622.2222222222222,0.06555555555555556,1.3571428571428572,5555.0,5e-09,5e-11,0.85,1.02e-10,1.86e-10,-0.00016,0.3839724354387525,22.0,40,0,0,
1157,600.0,14.091966957139045,92.0,1622.2222222222222,0.06555555555555556,1.7142857142857144,5555.0,5e-09,5e-11,0.85,1.02e-10,1.86e-10,-0.00016,0.3839724354387525,22.0,40,0,0,
1158,600.0,14.091966957139045,92.0,1622.2222222222222,0.06555555555555556,2.071428571428571,5555.0,5e-09,5e-11,0.85,1.02e-10,1.86e-10,-0.00016,0.3839724354387525,22.0,40,0,0,
1159,600.0,14.091966957139045,92.0,1622.2222222222222,0.06555555555555556,2.428571428571429,5555.0,5e-09,5e-11,0.85,1.02e-10,1.86e-10,-0.00016,0.3839724354387525,22.0,40,0,0,
1160,600.0,14.091966957139045,92.0,1622.2222222222222,0.06555555555555556,2.7857142857142856,5555.0,5e-09,5e-11,0.85,1.02e-10,1.86e-10,-0.00016,0.3839724354387525,22.0,40,0,0,
1161,600.0,14.091966957139045,92.0,1622.2222222222222,0.06555555555555556,3.142857142857143,5555.0,5e-09,5e-11,0.85,1.02e-10,1.86e-10,-0.00016,0.3839724354387525,22.0,40,0,0,
1162,600.0,14.091966957139045,92.0,1622.2222222222222,0.06555555555555556,3.5,5555.0,5e-09,5e-11,0.85,1.02e-10,1.86e-10,-0.00016,0.3839724354387525,22.0,40,0,0,
1163,600.0,14.091966957139045,92.0,1622.2222222222222,0.06555555555555556,3.857142857142857,5555.0,5e-09,5e-11,0.85,1.02e-10,1.86e-10,-0.00016,0.3839724354387525,22.0,40,0,0,
1164,600.0,14.091966957139045,92.0,1622.2222222222222,0.06555555555555556,4.214285714285714,5555.0,5e-09,5e-11,0.85,1.02e-10,1.86e-10,-0.00016,0.3839724354387525,22.0,40,0,0,
1165,600.0,14.091966957139045,92.0,1622.2222222222222,0.06555555555555556,4.571428571428571,5555.0,5e-09,5e-11,0.85,1.02e-10,1.86e-10,-0.00016,0.3839724354387525,22.0,40,0,0,
1166,600.0,14.091966957139045,92.0,1622.2222222222222,0.06555555555555556,4.928571428571429,5555.0,5e-09,5e-11,0.85,1.02e-10,1.86e-10,-0.00016,0.3839724354387525,22.0,40,0,0,
1167,600.0,14.091966957139045,92.0,1622.2222222222222,0.06555555555555556,5.285714285714286,5555.0,5e-09,5e-11,0.85,1.02e-10,1.86e-10,-0.00016,0.3839724354387525,22.0,40,0,0,
1168,600.0,14.091966957139045,92.0,1622.2222222222222,0.06555555555555556,5.642857142857143,5555.0,5e-09,5e-11,0.85,1.02e-10,1.86e-10,-0.00016,0.3839724354387525,22.0,40,0,0,
1169,600.0,14.091966957139045,92.0,1622.2222222222222,0.06555555555555556,6.0,5555.0,5e-09,5e-11,0.85,1.02e-10,1.86e-10,-0.00016,0.3839724354387525,22.0,40,0,0,
1170,600.0,14.091966957139045,92.0,1622.2222222222222,0.06777777777777778,1.0,5555.0,5e-09,5e-11,0.85,1.02e-10,1.86e-10,-0.00016,0.3839724354387525,22.0,40,0,0,
1171,600.0,14.091966957139045,92.0,1622.2222222222222,0.06777777777777778,1.3571428571428572,5555.0,5e-09,5e-11,0.85,1.02e-10,1.86e-10,-0.00016,0.3839724354387525,22.0,40,0,0,
1172,600.0,14.091966957139045,92.0,1622.2222222222222,0.06777777777777778,1.7142857142857144,5555.0,5e-09,5e-11,0.85,1.02e-10,1.86e-10,-0.00016,0.3839724354387525,22.0,40,0,0,
1173,600.0,14.091966957139045,92.0,1622.2222222222222,0.06777777777777778,2.071428571428571,5555.0,5e-09,5e-11,0.85,1.02e-10,1.86e-10,-0.00016,0.3839724354387525,22.0,40,0,0,
1174,600.0,14.091966957139045,92.0,1622.2222222222222,0.06777777777777778,2.428571428571429,5555.0,5e-09,5e-11,0.85,1.02e-10,1.86e-10,-0.00016,0.3839724354387525,22.0,40,0,0,
1175,600.0,14.091966957139045,92.0,1622.2222222222222,0.06777777777777778,2.7857142857142856,5555.0,5e-09,5e-11,0.85,1.02e-10,1.86e-10,-0.00016,0.3839724354387525,22.0,40,0,0,
1176,600.0,14.091966957139045,92.0,1622.2222222222222,0.06777777777777778,3.142857142857143,5555.0,5e-09,5e-11,0.85,1.02e-10,1.86e-10,-0.00016,0.3839724354387525,22.0,40,0,0,
1177,600.0,14.091966957139045,92.0,1622.2222222222222,0.06777777777777778,3.5,5555.0,5e-09,5e-11,0.85,1.02e-10,1.86e-10,-0.00016,0.3839724354387525,22.0,40,0,0,
1178,600.0,14.091966957139045,92.0,1622.2222222222222,0.06777777777777778,3.857142857142857,5555.0,5e-09,5e-11,0.85,1.02e-10,1.86e-10,-0.00016,0.3839724354387525,22.0,40,0,0,
1179,600.0,14.091966957139045,92.0,1622.2222222222222,0.06777777777777778,4.214285714285714,5555.0,5e-09,5e-11,0.85,1.02e-10,1.86e-10,-0.00016,0.3839724354387525,22.0,40,0,0,
1180,600.0,14.091966957139045,92.0,1622.2222222222222,0.06777777777777778,4.571428571428571,5555.0,5e-09,5e-11,0.85,1.02e-10,1.86e-10,-0.00016,0.3839724354387525,22.0,40,0,0,
1181,600.0,14.091966957139045,92.0,1622.2222222222222,0.06777777777777778,4.928571428571429,5555.0,5e-09,5e-11,0.85,1.02e-10,1.86e-10,-0.00016,0.3839724354387525,22.0,40,0,0,
1182,600.0,14.091966957139045,92.0,1622.2222222222222,0.06777777777777778,5.285714285714286,5555.0,5e-09,5e-11,0.85,1.02e-10,1.86e-10,-0.00016,0.3839724354387525,22.0,40,0,0,
1183,600.0,14.091966957139045,92.0,1622.2222222222222,0.06777777777777778,5.642857142857143,5555.0,5e-09,5e-11,0.85,1.02e-10,1.86e-10,-0.00016,0.3839724354387525,22.0,40,0,0,
1184,600.0,14.091966957139045,92.0,1622.2222222222222,0.06777777777777778,6.0,5555.0,5e-09,5e-11,0.85,1.02e-10,1.86e-10,-0.00016,0.3839724354387525,22.0,40,0,0,
1185,600.0,14.091966957139045,92.0,1622.2222222222222,0.07,1.0,5555.0,5e-09,5e-11,0.85,1.02e-10,1.86e-10,-0.00016,0.3839724354387525,22.0,40,0,0,
1186,600.0,14.091966957139045,92.0,1622.2222222222222,0.07,1.3571428571428572,5555.0,5e-09,5e-11,0.85,1.02e-10,1.86e-10,-0.00016,0.3839724354387525,22.0,40,0,0,
1187,600.0,14.091966957139045,92.0,1622.2222222222222,0.07,1.7142857142857144,5555.0,5e-09,5e-11,0.85,1.02e-10,1.86e-10,-0.00016,0.3839724354387525,22.0,40,0,0,
1188,600.0,14.091966957139045,92.0,1622.2222222222222,0.07,2.071428571428571,5555.0,5e-09,5e-11,0.85,1.02e-10,1.86e-10,-0.00016,0.3839724354387525,22.0,40,0,0,
1189,600.0,14.091966957139045,92.0,1622.2222222222222,0.07,2.428571428571429,5555.0,5e-09,5e-11,0.85,1.02e-10,1.86e-10,-0.00016,0.3839724354387525,22.0,40,0,0,
1190,600.0,14.091966957139045,92.0,1622.2222222222222,0.07,2.7857142857142856,5555.0,5e-09,5e-11,0.85,1.02e-10,1.86e-10,-0.00016,0.3839724354387525,22.0,40,0,0,
1191,600.0,14.091966957139045,92.0,1622.2222222222222,0.07,3.142857142857143,5555.0,5e-09,5e-11,0.85,1.02e-10,1.86e-10,-0.00016,0.3839724354387525,22.0,40,0,0,
1192,600.0,14.091966957139045,92.0,1622.2222222222222,0.07,3.5,5555.0,5e-09,5e-11,0.85,1.02e-10,1.86e-10,-0.00016,0.3839724354387525,22.0,40,0,0,
1193,600.0,14.091966957139045,92.0,1622.2222222222222,0.07,3.857142857142857,5555.0,5e-09,5e-11,0.85,1.02e-10,1.86e-10,-0.00016,0.3839724354387525,22.0,40,0,0,
1194,600.0,14.091966957139045,92.0,1622.2222222222222,0.07,4.214285714285714,5555.0,5e-09,5e-11,0.85,1.02e-10,1.86e-10,-0.00016,0.3839724354387525,22.0,40,0,0,
1195,600.0,14.091966957139045,92.0,1622.2222222222222,0.07,4.571428571428571,5555.0,5e-09,5e-11,0.85,1.02e-10,1.86e-10,-0.00016,0.3839724354387525,22.0,40,0,0,
1196,600.0,14.091966957139045,92.0,1622.2222222222222,0.07,4.928571428571429,5555.0,5e-09,5e-11,0.85,1.02e-10,1.86e-10,-0.00016,0.3839724354387525,22.0,40,0,0,
1197,600.0,14.091966957139045,92.0,1622.2222222222222,0.07,5.285714285714286,5555.0,5e-09,5e-11,0.85,1.02e-10,1.86e-10,-0.00016,0.3839724354387525,22.0,40,0,0,
1198,600.0,14.091966957139045,92.0,1622.2222222222222,0.07,5.642857142857143,5555.0,5e-09,5e-11,0.85,1.02e-10,1.86e-10,-0.00016,0.3839724354387525,22.0,40,0,0,
1199,600.0,14.091966957139045,92.0,1622.2222222222222,0.07,6.0,5555.0,5e-09,5e-11,0.85,1.02e-10,1.86e-10,-0.00016,0.3839724354387525,22.0,40,0,0,
1200,600.0,14.091966957139045,92.0,1811.111111111111,0.05,1.0,5555.0,5e-09,5e-11,0.85,1.02e-10,1.86e-10,-0.00016,0.3839724354387525,22.0,40,0,0,
1201,600.0,14.091966957139045,92.0,1811.111111111111,0.05,1.3571428571428572,5555.0,5e-09,5e-11,0.85,1.02e-10,1.86e-10,-0.00016,0.3839724354387525,22.0,40,0,0,
1202,600.0,14.091966957139045,92.0,1811.111111111111,0.05,1.7142857142857144,5555.0,5e-09,5e-11,0.85,1.02e-10,1.86e-10,-0.00016,0.3839724354387525,22.0,40,0,0,
1203,600.0,14.091966957139045,92.0,1811.111111111111,0.05,2.071428571428571,5555.0,5e-09,5e-11,0.85,1.02e-10,1.86e-10,-0.00016,0.3839724354387525,22.0,40,0,0,
1204,600.0,14.091966957139045,92.0,1811.111111111111,0.05,2.428571428571429,5555.0,5e-09,5e-11,0.85,1.02e-10,1.86e-10,-0.00016,0.3839724354387525,22.0,40,0,0,
1205,600.0,14.091966957139045,92.0,1811.111111111111,0.05,2.7857142857142856,5555.0,5e-09,5e-11,0.85,1.02e-10,1.86e-10,-0.00016,0.3839724354387525,22.0,40,0,0,
1206,600.0,14.091966957139045,92.0,1811.111111111111,0.05,3.142857142857143,5555.0,5e-09,5e-11,0.85,1.02e-10,1.86e-10,-0.00016,0.3839724354387525,22.0,40,0,0,
1207,600.0,14.091966957139045,92.0,1811.111111111111,0.05,3.5,5555.0,5e-09,5e-11,0.85,1.02e-10,1.86e-10,-0.00016,0.3839724354387525,22.0,40,0,0,
1208,600.0,14.091966957139045,92.0,1811.111111111111,0.05,3.857142857142857,5555.0,5e-09,5e-11,0.85,1.02e-10,1.86e-10,-0.00016,0.3839724354387525,22.0,40,0,0,
1209,600.0,14.091966957139045,92.0,1811.111111111111,0.05,4.214285714285714,5555.0,5e-09,5e-11,0.85,1.02e-10,1.86e-10,-0.00016,0.3839724354387525,22.0,40,0,0,
1210,600.0,14.091966957139045,92.0,1811.111111111111,0.05,4.571428571428571,5555.0,5e-09,5e-11,0.85,1.02e-10,1.86e-10,-0.00016,0.3839724354387525,22.0,40,0,0,
1211,600.0,14.091966957139045,92.0,1811.111111111111,0.05,4.928571428571429,5555.0,5e-09,5e-11,0.85,1.02e-10,1.86e-10,-0.00016,0.3839724354387525,22.0,40,0,0,
1212,600.0,14.091966957139045,92.0,1811.111111111111,0.05,5.285714285714286,5555.0,5e-09,5e-11,0.85,1.02e-10,1.86e-10,-0.00016,0.3839724354387525,22.0,40,0,0,
1213,600.0,14.091966957139045,92.0,1811.111111111111,0.05,5.642857142857143,5555.0,5e-09,5e-11,0.85,1.02e-10,1.86e-10,-0.00016,0.3839724354387525,22.0,40,0,0,
1214,600.0,14.091966957139045,92.0,1811.111111111111,0.05,6.0,5555.0,5e-09,5e-11,0.85,1.02e-10,1.86e-10,-0.00016,0.3839724354387525,22.0,40,0,0,
1215,600.0,14.091966957139045,92.0,1811.111111111111,0.052222222222222225,1.0,5555.0,5e-09,5e-11,0.85,1.02e-10,1.86e-10,-0.00016,0.3839724354387525,22.0,40,0,0,
1216,600.0,14.091966957139045,92.0,1811.111111111111,0.052222222222222225,1.3571428571428572,5555.0,5e-09,5e-11,0.85,1.02e-10,1.86e-10,-0.00016,0.3839724354387525,22.0,40,0,0,
1217,600.0,14.091966957139045,92.0,1811.111111111111,0.052222222222222225,1.7142857142857144,5555.0,5e-09,5e-11,0.85,1.02e-10,1.86e-10,-0.00016,0.3839724354387525,22.0,40,0,0,
1218,600.0,14.091966957139045,92.0,1811.111111111111,0.052222222222222225,2.071428571428571,5555.0,5e-09,5e-11,0.85,1.02e-10,1.86e-10,-0.00016,0.3839724354387525,22.0,40,0,0,
1219,600.0,14.091966957139045,92.0,1811.111111111111,0.052222222222222225,2.428571428571429,5555.0,5e-09,5e-11,0.85,1.02e-10,1.86e-10,-0.00016,0.3839724354387525,22.0,40,0,0,
1220,600.0,14.091966957139045,92.0,1811.111111111111,0.052222222222222225,2.7857142857142856,5555.0,5e-09,5e-11,0.85,1.02e-10,1.86e-10,-0.00016,0.3839724354387525,22.0,40,0,0,
1221,600.0,14.091966957139045,92.0,1811.111111111111,0.052222222222222225,3.142857142857143,5555.0,5e-09,5e-11,0.85,1.02e-10,1.86e-10,-0.00016,0.3839724354387525,22.0,40,0,0,
1222,600.0,14.091966957139045,92.0,1811.111111111111,0.052222222222222225,3.5,5555.0,5e-09,5e-11,0.85,1.02e-10,1.86e-10,-0.00016,0.3839724354387525,22.0,40,0,0,
1223,600.0,14.091966957139045,92.0,1811.111111111111,0.052222222222222225,3.857142857142857,5555.0,5e-09,5e-11,0.85,1.02e-10,1.86e-10,-0.00016,0.3839724354387525,22.0,40,0,0,
1224,600.0,14.091966957139045,92.0,1811.111111111111,0.052222222222222225,4.214285714285714,5555.0,5e-09,5e-11,0.85,1.02e-10,1.86e-10,-0.00016,0.3839724354387525,22.0,40,0,0,
1225,600.0,14.091966957139045,92.0,1811.111111111111,0.052222222222222225,4.571428571428571,5555.0,5e-09,5e-11,0.85,1.02e-10,1.86e-10,-0.00016,0.3839724354387525,22.0,40,0,0,
1226,600.0,14.091966957139045,92.0,1811.111111111111,0.052222222222222225,4.928571428571429,5555.0,5e-09,5e-11,0.85,1.02e-10,1.86e-10,-0.00016,0.3839724354387525,22.0,40,0,0,
1227,600.0,14.091966957139045,92.0,1811.111111111111,0.052222222222222225,5.285714285714286,5555.0,5e-09,5e-11,0.85,1.02e-10,1.86e-10,-0.00016,0.3839724354387525,22.0,40,0,0,
1228,600.0,14.091966957139045,92.0,1811.111111111111,0.052222222222222225,5.642857142857143,5555.0,5e-09,5e-11,0.85,1.02e-10,1.86e-10,-0.00016,0.3839724354387525,22.0,40,0,0,
1229,600.0,14.091966957139045,92.0,1811.111111111111,0.052222222222222225,6.0,5555.0,5e-09,5e-11,0.85,1.02e-10,1.86e-10,-0.00016,0.3839724354387525,22.0,40,0,0,
1230,600.0,14.091966957139045,92.0,1811.111111111111,0.05444444444444445,1.0,5555.0,5e-09,5e-11,0.85,1.02e-10,1.86e-10,-0.00016,0.3839724354387525,22.0,40,0,0,
1231,600.0,14.091966957139045,92.0,1811.111111111111,0.05444444444444445,1.3571428571428572,5555.0,5e-09,5e-11,0.85,1.02e-10,1.86e-10,-0.00016,0.3839724354387525,22.0,40,0,0,
1232,600.0,14.091966957139045,92.0,1811.111111111111,0.05444444444444445,1.7142857142857144,5555.0,5e-09,5e-11,0.85,1.02e-10,1.86e-10,-0.00016,0.3839724354387525,22.0,40,0,0,
1233,600.0,14.091966957139045,92.0,1811.111111111111,0.05444444444444445,2.071428571428571,5555.0,5e-09,5e-11,0.85,1.02e-10,1.86e-10,-0.00016,0.3839724354387525,22.0,40,0,0,
1234,600.0,14.091966957139045,92.0,1811.111111111111,0.05444444444444445,2.428571428571429,5555.0,5e-09,5e-11,0.85,1.02e-10,1.86e-10,-0.00016,0.3839724354387525,22.0,40,0,0,
1235,600.0,14.091966957139045,92.0,1811.111111111111,0.05444444444444445,2.7857142857142856,5555.0,5e-09,5e-11,0.85,1.02e-10,1.86e-10,-0.00016,0.3839724354387525,22.0,40,0,0,
1236,600.0,14.091966957139045,92.0,1811.111111111111,0.05444444444444445,3.142857142857143,5555.0,5e-09,5e-11,0.85,1.02e-10,1.86e-10,-0.00016,0.3839724354387525,22.0,40,0,0,
1237,600.0,14.091966957139045,92.0,1811.111111111111,0.05444444444444445,3.5,5555.0,5e-09,5e-11,0.85,1.02e-10,1.86e-10,-0.00016,0.3839724354387525,22.0,40,0,0,
1238,600.0,14.091966957139045,92.0,1811.111111111111,0.05444444444444445,3.857142857142857,5555.0,5e-09,5e-11,0.85,1.02e-10,1.86e-10,-0.00016,0.3839724354387525,22.0,40,0,0,
1239,600.0,14.091966957139045,92.0,1811.111111111111,0.05444444444444445,4.214285714285714,5555.0,5e-09,5e-11,0.85,1.02e-10,1.86e-10,-0.00016,0.3839724354387525,22.0,40,0,0,
1240,600.0,14.091966957139045,92.0,1811.111111111111,0.05444444444444445,4.571428571428571,5555.0,5e-09,5e-11,0.85,1.02e-10,1.86e-10,-0.00016,0.3839724354387525,22.0,40,0,0,
1241,600.0,14.091966957139045,92.0,1811.111111111111,0.05444444444444445,4.928571428571429,5555.0,5e-09,5e-11,0.85,1.02e-10,1.86e-10,-0.00016,0.3839724354387525,22.0,40,0,0,
1242,600.0,14.091966957139045,92.0,1811.111111111111,0.05444444444444445,5.285714285714286,5555.0,5e-09,5e-11,0.85,1.02e-10,1.86e-10,-0.00016,0.3839724354387525,22.0,40,0,0,
1243,600.0,14.091966957139045,92.0,1811.111111111111,0.05444444444444445,5.642857142857143,5555.0,5e-09,5e-11,0.85,1.02e-10,1.86e-10,-0.00016,0.3839724354387525,22.0,40,0,0,
1244,600.0,14.091966957139045,92.0,1811.111111111111,0.05444444444444445,6.0,5555.0,5e-09,5e-11,0.85,1.02e-10,1.86e-10,-0.00016,0.3839724354387525,22.0,40,0,0,
1245,600.0,14.091966957139045,92.0,1811.111111111111,0.05666666666666667,1.0,5555.0,5e-09,5e-11,0.85,1.02e-10,1.86e-10,-0.00016,0.3839724354387525,22.0,40,0,0,
1246,600.0,14.091966957139045,92.0,1811.111111111111,0.05666666666666667,1.3571428571428572,5555.0,5e-09,5e-11,0.85,1.02e-10,1.86e-10,-0.00016,0.3839724354387525,22.0,40,0,0,
1247,600.0,14.091966957139045,92.0,1811.111111111111,0.05666666666666667,1.7142857142857144,5555.0,5e-09,5e-11,0.85,1.02e-10,1.86e-10,-0.00016,0.3839724354387525,22.0,40,0,0,
1248,600.0,14.091966957139045,92.0,1811.111111111111,0.05666666666666667,2.071428571428571,5555.0,5e-09,5e-11,0.85,1.02e-10,1.86e-10,-0.00016,0.3839724354387525,22.0,40,0,0,
1249,600.0,14.091966957139045,92.0,1811.111111111111,0.05666666666666667,2.428571428571429,5555.0,5e-09,5e-11,0.85,1.02e-10,1.86e-10,-0.00016,0.3839724354387525,22.0,40,0,0,
1250,600.0,14.091966957139045,92.0,1811.111111111111,0.05666666666666667,2.7857142857142856,5555.0,5e-09,5e-11,0.85,1.02e-10,1.86e-10,-0.00016,0.3839724354387525,22.0,40,0,0,
1251,600.0,14.091966957139045,92.0,1811.111111111111,0.05666666666666667,3.142857142857143,5555.0,5e-09,5e-11,0.85,1.02e-10,1.86e-10,-0.00016,0.3839724354387525,22.0,40,0,0,
1252,600.0,14.091966957139045,92.0,1811.111111111111,0.05666666666666667,3.5,5555.0,5e-09,5e-11,0.85,1.02e-10,1.86e-10,-0.00016,0.3839724354387525,22.0,40,0,0,
1253,600.0,14.091966957139045,92.0,1811.111111111111,0.05666666666666667,3.857142857142857,5555.0,5e-09,5e-11,0.85,1.02e-10,1.86e-10,-0.00016,0.3839724354387525,22.0,40,0,0,
1254,600.0,14.091966957139045,92.0,1811.111111111111,0.05666666666666667,4.214285714285714,5555.0,5e-09,5e-11,0.85,1.02e-10,1.86e-10,-0.00016,0.3839724354387525,22.0,40,0,0,
1255,600.0,14.091966957139045,92.0,1811.111111111111,0.05666666666666667,4.571428571428571,5555.0,5e-09,5e-11,0.85,1.02e-10,1.86e-10,-0.00016,0.3839724354387525,22.0,40,0,0,
1256,600.0,14.091966957139045,92.0,1811.111111111111,0.05666666666666667,4.928571428571429,5555.0,5e-09,5e-11,0.85,1.02e-10,1.86e-10,-0.00016,0.3839724354387525,22.0,40,0,0,
1257,600.0,14.091966957139045,92.0,1811.111111111111,0.05666666666666667,5.285714285714286,5555.0,5e-09,5e-11,0.85,1.02e-10,1.86e-10,-0.00016,0.3839724354387525,22.0,40,0,0,
1258,600.0,14.091966957139045,92.0,1811.111111111111,0.05666666666666667,5.642857142857143,5555.0,5e-09,5e-11,0.85,1.02e-10,1.86e-10,-0.00016,0.3839724354387525,22.0,40,0,0,
1259,600.0,14.091966957139045,92.0,1811.111111111111,0.05666666666666667,6.0,5555.0,5e-09,5e-11,0.85,1.02e-10,1.86e-10,-0.00016,0.3839724354387525,22.0,40,0,0,
1260,600.0,14.091966957139045,92.0,1811.111111111111,0.05888888888888889,1.0,5555.0,5e-09,5e-11,0.85,1.02e-10,1.86e-10,-0.00016,0.3839724354387525,22.0,40,0,0,
1261,600.0,14.091966957139045,92.0,1811.111111111111,0.05888888888888889,1.3571428571428572,5555.0,5e-09,5e-11,0.85,1.02e-10,1.86e-10,-0.00016,0.3839724354387525,22.0,40,0,0,
1262,600.0,14.091966957139045,92.0,1811.111111111111,0.05888888888888889,1.7142857142857144,5555.0,5e-09,5e-11,0.85,1.02e-10,1.86e-10,-0.00016,0.3839724354387525,22.0,40,0,0,
1263,600.0,14.091966957139045,92.0,1811.111111111111,0.05888888888888889,2.071428571428571,5555.0,5e-09,5e-11,0.85,1.02e-10,1.86e-10,-0.00016,0.3839724354387525,22.0,40,0,0,
1264,600.0,14.091966957139045,92.0,1811.111111111111,0.05888888888888889,2.428571428571429,5555.0,5e-09,5e-11,0.85,1.02e-10,1.86e-10,-0.00016,0.3839724354387525,22.0,40,0,0,
1265,600.0,14.091966957139045,92.0,1811.111111111111,0.05888888888888889,2.7857142857142856,5555.0,5e-09,5e-11,0.85,1.02e-10,1.86e-10,-0.00016,0.3839724354387525,22.0,40,0,0,
1266,600.0,14.091966957139045,92.0,1811.111111111111,0.05888888888888889,3.142857142857143,5555.0,5e-09,5e-11,0.85,1.02e-10,1.86e-10,-0.00016,0.3839724354387525,22.0,40,0,0,
1267,600.0,14.091966957139045,92.0,1811.111111111111,0.05888888888888889,3.5,5555.0,5e-09,5e-11,0.85,1.02e-10,1.86e-10,-0.00016,0.3839724354387525,22.0,40,0,0,
1268,600.0,14.091966957139045,92.0,1811.111111111111,0.05888888888888889,3.857142857142857,5555.0,5e-09,5e-11,0.85,1.02e-10,1.86e-10,-0.00016,0.3839724354387525,22.0,40,0,0,
1269,600.0,14.091966957139045,92.0,1811.111111111111,0.05888888888888889,4.214285714285714,5555.0,5e-09,5e-11,0.85,1.02e-10,1.86e-10,-0.00016,0.3839724354387525,22.0,40,0,0,
1270,600.0,14.091966957139045,92.0,1811.111111111111,0.05888888888888889,4.571428571428571,5555.0,5e-09,5e-11,0.85,1.02e-10,1.86e-10,-0.00016,0.3839724354387525,22.0,40,0,0,
1271,600.0,14.091966957139045,92.0,1811.111111111111,0.05888888888888889,4.928571428571429,5555.0,5e-09,5e-11,0.85,1.02e-10,1.86e-10,-0.00016,0.3839724354387525,22.0,40,0,0,
1272,600.0,14.091966957139045,92.0,1811.111111111111,0.05888888888888889,5.285714285714286,5555.0,5e-09,5e-11,0.85,1.02e-10,1.86e-10,-0.00016,0.3839724354387525,22.0,40,0,0,
1273,600.0,14.091966957139045,92.0,1811.111111111111,0.05888888888888889,5.642857142857143,5555.0,5e-09,5e-11,0.85,1.02e-10,1.86e-10,-0.00016,0.3839724354387525,22.0,40,0,0,
1274,600.0,14.091966957139045,92.0,1811.111111111111,0.05888888888888889,6.0,5555.0,5e-09,5e-11,0.85,1.02e-10,1.86e-10,-0.00016,0.3839724354387525,22.0,40,0,0,
1275,600.0,14.091966957139045,92.0,1811.111111111111,0.061111111111111116,1.0,5555.0,5e-09,5e-11,0.85,1.02e-10,1.86e-10,-0.00016,0.3839724354387525,22.0,40,0,0,
1276,600.0,14.091966957139045,92.0,1811.111111111111,0.061111111111111116,1.3571428571428572,5555.0,5e-09,5e-11,0.85,1.02e-10,1.86e-10,-0.00016,0.3839724354387525,22.0,40,0,0,
1277,600.0,14.091966957139045,92.0,1811.111111111111,0.061111111111111116,1.7142857142857144,5555.0,5e-09,5e-11,0.85,1.02e-10,1.86e-10,-0.00016,0.3839724354387525,22.0,40,0,0,
1278,600.0,14.091966957139045,92.0,1811.111111111111,0.061111111111111116,2.071428571428571,5555.0,5e-09,5e-11,0.85,1.02e-10,1.86e-10,-0.00016,0.3839724354387525,22.0,40,0,0,
1279,600.0,14.091966957139045,92.0,1811.111111111111,0.061111111111111116,2.428571428571429,5555.0,5e-09,5e-11,0.85,1.02e-10,1.86e-10,-0.00016,0.3839724354387525,22.0,40,0,0,
1280,600.0,14.091966957139045,92.0,1811.111111111111,0.061111111111111116,2.7857142857142856,5555.0,5e-09,5e-11,0.85,1.02e-10,1.86e-10,-0.00016,0.3839724354387525,22.0,40,0,0,
1281,600.0,14.091966957139045,92.0,1811.111111111111,0.061111111111111116,3.142857142857143,5555.0,5e-09,5e-11,0.85,1.02e-10,1.86e-10,-0.00016,0.3839724354387525,22.0,40,0,0,
1282,600.0,14.091966957139045,92.0,1811.111111111111,0.061111111111111116,3.5,5555.0,5e-09,5e-11,0.85,1.02e-10,1.86e-10,-0.00016,0.3839724354387525,22.0,40,0,0,
1283,600.0,14.091966957139045,92.0,1811.111111111111,0.061111111111111116,3.857142857142857,5555.0,5e-09,5e-11,0.85,1.02e-10,1.86e-10,-0.00016,0.3839724354387525,22.0,40,0,0,
1284,600.0,14.091966957139045,92.0,1811.111111111111,0.061111111111111116,4.214285714285714,5555.0,5e-09,5e-11,0.85,1.02e-10,1.86e-10,-0.00016,0.3839724354387525,22.0,40,0,0,
1285,600.0,14.091966957139045,92.0,1811.111111111111,0.061111111111111116,4.571428571428571,5555.0,5e-09,5e-11,0.85,1.02e-10,1.86e-10,-0.00016,0.3839724354387525,22.0,40,0,0,
1286,600.0,14.091966957139045,92.0,1811.111111111111,0.061111111111111116,4.928571428571429,5555.0,5e-09,5e-11,0.85,1.02e-10,1.86e-10,-0.00016,0.3839724354387525,22.0,40,0,0,
1287,600.0,14.091966957139045,92.0,1811.111111111111,0.061111111111111116,5.285714285714286,5555.0,5e-09,5e-11,0.85,1.02e-10,1.86e-10,-0.00016,0.3839724354387525,22.0,40,0,0,
1288,600.0,14.091966957139045,92.0,1811.111111111111,0.061111111111111116,5.642857142857143,5555.0,5e-09,5e-11,0.85,1.02e-10,1.86e-10,-0.00016,0.3839724354387525,22.0,40,0,0,
1289,600.0,14.091966957139045,92.0,1811.111111111111,0.061111111111111116,6.0,5555.0,5e-09,5e-11,0.85,1.02e-10,1.86e-10,-0.00016,0.3839724354387525,22.0,40,0,0,
1290,600.0,14.091966957139045,92.0,1811.111111111111,0.06333333333333334,1.0,5555.0,5e-09,5e-11,0.85,1.02e-10,1.86e-10,-0.00016,0.3839724354387525,22.0,40,0,0,
1291,600.0,14.091966957139045,92.0,1811.111111111111,0.06333333333333334,1.3571428571428572,5555.0,5e-09,5e-11,0.85,1.02e-10,1.86e-10,-0.00016,0.3839724354387525,22.0,40,0,0,
1292,600.0,14.091966957139045,92.0,1811.111111111111,0.06333333333333334,1.7142857142857144,5555.0,5e-09,5e-11,0.85,1.02e-10,1.86e-10,-0.00016,0.3839724354387525,22.0,40,0,0,
1293,600.0,14.091966957139045,92.0,1811.111111111111,0.06333333333333334,2.071428571428571,5555.0,5e-09,5e-11,0.85,1.02e-10,1.86e-10,-0.00016,0.3839724354387525,22.0,40,0,0,
1294,600.0,14.091966957139045,92.0,1811.111111111111,0.06333333333333334,2.428571428571429,5555.0,5e-09,5e-11,0.85,1.02e-10,1.86e-10,-0.00016,0.3839724354387525,22.0,40,0,0,
1295,600.0,14.091966957139045,92.0,1811.111111111111,0.06333333333333334,2.7857142857142856,5555.0,5e-09,5e-11,0.85,1.02e-10,1.86e-10,-0.00016,0.3839724354387525,22.0,40,0,0,
1296,600.0,14.091966957139045,92.0,1811.111111111111,0.06333333333333334,3.142857142857143,5555.0,5e-09,5e-11,0.85,1.02e-10,1.86e-10,-0.00016,0.3839724354387525,22.0,40,0,0,
1297,600.0,14.091966957139045,92.0,1811.111111111111,0.06333333333333334,3.5,5555.0,5e-09,5e-11,0.85,1.02e-10,1.86e-10,-0.00016,0.3839724354387525,22.0,40,0,0,
1298,600.0,14.091966957139045,92.0,1811.111111111111,0.06333333333333334,3.857142857142857,5555.0,5e-09,5e-11,0.85,1.02e-10,1.86e-10,-0.00016,0.3839724354387525,22.0,40,0,0,
1299,600.0,14.091966957139045,92.0,1811.111111111111,0.06333333333333334,4.214285714285714,5555.0,5e-09,5e-11,0.85,1.02e-10,1.86e-10,-0.00016,0.3839724354387525,22.0,40,0,0,
1300,600.0,14.091966957139045,92.0,1811.111111111111,0.06333333333333334,4.571428571428571,5555.0,5e-09,5e-11,0.85,1.02e-10,1.86e-10,-0.00016,0.3839724354387525,22.0,40,0,0,
1301,600.0,14.091966957139045,92.0,1811.111111111111,0.06333333333333334,4.928571428571429,5555.0,5e-09,5e-11,0.85,1.02e-10,1.86e-10,-0.00016,0.3839724354387525,22.0,40,0,0,
1302,600.0,14.091966957139045,92.0,1811.111111111111,0.06333333333333334,5.285714285714286,5555.0,5e-09,5e-11,0.85,1.02e-10,1.86e-10,-0.00016,0.3839724354387525,22.0,40,0,0,
1303,600.0,14.091966957139045,92.0,1811.111111111111,0.06333333333333334,5.642857142857143,5555.0,5e-09,5e-11,0.85,1.02e-10,1.86e-10,-0.00016,0.3839724354387525,22.0,40,0,0,
1304,600.0,14.091966957139045,92.0,1811.111111111111,0.06333333333333334,6.0,5555.0,5e-09,5e-11,0.85,1.02e-10,1.86e-10,-0.00016,0.3839724354387525,22.0,40,0,0,
1305,600.0,14.091966957139045,92.0,1811.111111111111,0.06555555555555556,1.0,5555.0,5e-09,5e-11,0.85,1.02e-10,1.86e-10,-0.00016,0.3839724354387525,22.0,40,0,0,
1306,600.0,14.091966957139045,92.0,1811.111111111111,0.06555555555555556,1.3571428571428572,5555.0,5e-09,5e-11,0.85,1.02e-10,1.86e-10,-0.00016,0.3839724354387525,22.0,40,0,0,
1307,600.0,14.091966957139045,92.0,1811.111111111111,0.06555555555555556,1.7142857142857144,5555.0,5e-09,5e-11,0.85,1.02e-10,1.86e-10,-0.00016,0.3839724354387525,22.0,40,0,0,
1308,600.0,14.091966957139045,92.0,1811.111111111111,0.06555555555555556,2.071428571428571,5555.0,5e-09,5e-11,0.85,1.02e-10,1.86e-10,-0.00016,0.3839724354387525,22.0,40,0,0,
1309,600.0,14.091966957139045,92.0,1811.111111111111,0.06555555555555556,2.428571428571429,5555.0,5e-09,5e-11,0.85,1.02e-10,1.86e-10,-0.00016,0.3839724354387525,22.0,40,0,0,
1310,600.0,14.091966957139045,92.0,1811.111111111111,0.06555555555555556,2.7857142857142856,5555.0,5e-09,5e-11,0.85,1.02e-10,1.86e-10,-0.00016,0.3839724354387525,22.0,40,0,0,
1311,600.0,14.091966957139045,92.0,1811.111111111111,0.06555555555555556,3.142857142857143,5555.0,5e-09,5e-11,0.85,1.02e-10,1.86e-10,-0.00016,0.3839724354387525,22.0,40,0,0,
1312,600.0,14.091966957139045,92.0,1811.111111111111,0.06555555555555556,3.5,5555.0,5e-09,5e-11,0.85,1.02e-10,1.86e-10,-0.00016,0.3839724354387525,22.0,40,0,0,
1313,600.0,14.091966957139045,92.0,1811.111111111111,0.06555555555555556,3.857142857142857,5555.0,5e-09,5e-11,0.85,1.02e-10,1.86e-10,-0.00016,0.3839724354387525,22.0,40,0,0,
1314,600.0,14.091966957139045,92.0,1811.111111111111,0.06555555555555556,4.214285714285714,5555.0,5e-09,5e-11,0.85,1.02e-10,1.86e-10,-0.00016,0.3839724354387525,22.0,40,0,0,
1315,600.0,14.091966957139045,92.0,1811.111111111111,0.06555555555555556,4.571428571428571,5555.0,5e-09,5e-11,0.85,1.02e-10,1.86e-10,-0.00016,0.3839724354387525,22.0,40,0,0,
1316,600.0,14.091966957139045,92.0,1811.111111111111,0.06555555555555556,4.928571428571429,5555.0,5e-09,5e-11,0.85,1.02e-10,1.86e-10,-0.00016,0.3839724354387525,22.0,40,0,0,
1317,600.0,14.091966957139045,92.0,1811.111111111111,0.06555555555555556,5.285714285714286,5555.0,5e-09,5e-11,0.85,1.02e-10,1.86e-10,-0.00016,0.3839724354387525,22.0,40,0,0,
1318,600.0,14.091966957139045,92.0,1811.111111111111,0.06555555555555556,5.642857142857143,5555.0,5e-09,5e-11,0.85,1.02e-10,1.86e-10,-0.00016,0.3839724354387525,22.0,40,0,0,
1319,600.0,14.091966957139045,92.0,1811.111111111111,0.06555555555555556,6.0,5555.0,5e-09,5e-11,0.85,1.02e-10,1.86e-10,-0.00016,0.3839724354387525,22.0,40,0,0,
1320,600.0,14.091966957139045,92.0,1811.111111111111,0.06777777777777778,1.0,5555.0,5e-09,5e-11,0.85,1.02e-10,1.86e-10,-0.00016,0.3839724354387525,22.0,40,0,0,
1321,600.0,14.091966957139045,92.0,1811.111111111111,0.06777777777777778,1.3571428571428572,5555.0,5e-09,5e-11,0.85,1.02e-10,1.86e-10,-0.00016,0.3839724354387525,22.0,40,0,0,
1322,600.0,14.091966957139045,92.0,1811.111111111111,0.06777777777777778,1.7142857142857144,5555.0,5e-09,5e-11,0.85,1.02e-10,1.86e-10,-0.00016,0.3839724354387525,22.0,40,0,0,
1323,600.0,14.091966957139045,92.0,1811.111111111111,0.06777777777777778,2.071428571428571,5555.0,5e-09,5e-11,0.85,1.02e-10,1.86e-10,-0.00016,0.3839724354387525,22.0,40,0,0,
1324,600.0,14.091966957139045,92.0,1811.111111111111,0.06777777777777778,2.428571428571429,5555.0,5e-09,5e-11,0.85,1.02e-10,1.86e-10,-0.00016,0.3839724354387525,22.0,40,0,0,
1325,600.0,14.091966957139045,92.0,1811.111111111111,0.06777777777777778,2.7857142857142856,5555.0,5e-09,5e-11,0.85,1.02e-10,1.86e-10,-0.00016,0.3839724354387525,22.0,40,0,0,
1326,600.0,14.091966957139045,92.0,1811.111111111111,0.06777777777777778,3.142857142857143,5555.0,5e-09,5e-11,0.85,1.02e-10,1.86e-10,-0.00016,0.3839724354387525,22.0,40,0,0,
1327,600.0,14.091966957139045,92.0,1811.111111111111,0.06777777777777778,3.5,5555.0,5e-09,5e-11,0.85,1.02e-10,1.86e-10,-0.00016,0.3839724354387525,22.0,40,0,0,
1328,600.0,14.091966957139045,92.0,1811.111111111111,0.06777777777777778,3.857142857142857,5555.0,5e-09,5e-11,0.85,1.02e-10,1.86e-10,-0.00016,0.3839724354387525,22.0,40,0,0,
1329,600.0,14.091966957139045,92.0,1811.111111111111,0.06777777777777778,4.214285714285714,5555.0,5e-09,5e-11,0.85,1.02e-10,1.86e-10,-0.00016,0.3839724354387525,22.0,40,0,0,
1330,600.0,14.091966957139045,92.0,1811.111111111111,0.06777777777777778,4.571428571428571,5555.0,5e-09,5e-11,0.85,1.02e-10,1.86e-10,-0.00016,0.3839724354387525,22.0,40,0,0,
1331,600.0,14.091966957139045,92.0,1811.111111111111,0.06777777777777778,4.928571428571429,5555.0,5e-09,5e-11,0.85,1.02e-10,1.86e-10,-0.00016,0.3839724354387525,22.0,40,0,0,
1332,600.0,14.091966957139045,92.0,1811.111111111111,0.06777777777777778,5.285714285714286,5555.0,5e-09,5e-11,0.85,1.02e-10,1.86e-10,-0.00016,0.3839724354387525,22.0,40,0,0,
1333,600.0,14.091966957139045,92.0,1811.111111111111,0.06777777777777778,5.642857142857143,5555.0,5e-09,5e-11,0.85,1.02e-10,1.86e-10,-0.00016,0.3839724354387525,22.0,40,0,0,
1334,600.0,14.091966957139045,92.0,1811.111111111111,0.06777777777777778,6.0,5555.0,5e-09,5e-11,0.85,1.02e-10,1.86e-10,-0.00016,0.3839724354387525,22.0,40,0,0,
1335,600.0,14.091966957139045,92.0,1811.111111111111,0.07,1.0,5555.0,5e-09,5e-11,0.85,1.02e-10,1.86e-10,-0.00016,0.3839724354387525,22.0,40,0,0,
1336,600.0,14.091966957139045,92.0,1811.111111111111,0.07,1.3571428571428572,5555.0,5e-09,5e-11,0.85,1.02e-10,1.86e-10,-0.00016,0.3839724354387525,22.0,40,0,0,
1337,600.0,14.091966957139045,92.0,1811.111111111111,0.07,1.7142857142857144,5555.0,5e-09,5e-11,0.85,1.02e-10,1.86e-10,-0.00016,0.3839724354387525,22.0,40,0,0,
1338,600.0,14.091966957139045,92.0,1811.111111111111,0.07,2.071428571428571,5555.0,5e-09,5e-11,0.85,1.02e-10,1.86e-10,-0.00016,0.3839724354387525,22.0,40,0,0,
1339,600.0,14.091966957139045,92.0,1811.111111111111,0.07,2.428571428571429,5555.0,5e-09,5e-11,0.85,1.02e-10,1.86e-10,-0.00016,0.3839724354387525,22.0,40,0,0,
1340,600.0,14.091966957139045,92.0,1811.111111111111,0.07,2.7857142857142856,5555.0,5e-09,5e-11,0.85,1.02e-10,1.86e-10,-0.00016,0.3839724354387525,22.0,40,0,0,
1341,600.0,14.091966957139045,92.0,1811.111111111111,0.07,3.142857142857143,5555.0,5e-09,5e-11,0.85,1.02e-10,1.86e-10,-0.00016,0.3839724354387525,22.0,40,0,0,
1342,600.0,14.091966957139045,92.0,1811.111111111111,0.07,3.5,5555.0,5e-09,5e-11,0.85,1.02e-10,1.86e-10,-0.00016,0.3839724354387525,22.0,40,0,0,
1343,600.0,14.091966957139045,92.0,1811.111111111111,0.07,3.857142857142857,5555.0,5e-09,5e-11,0.85,1.02e-10,1.86e-10,-0.00016,0.3839724354387525,22.0,40,0,0,
1344,600.0,14.091966957139045,92.0,1811.111111111111,0.07,4.214285714285714,5555.0,5e-09,5e-11,0.85,1.02e-10,1.86e-10,-0.00016,0.3839724354387525,22.0,40,0,0,
1345,600.0,14.091966957139045,92.0,1811.111111111111,0.07,4.571428571428571,5555.0,5e-09,5e-11,0.85,1.02e-10,1.86e-10,-0.00016,0.3839724354387525,22.0,40,0,0,
1346,600.0,14.091966957139045,92.0,1811.111111111111,0.07,4.928571428571429,5555.0,5e-09,5e-11,0.85,1.02e-10,1.86e-10,-0.00016,0.3839724354387525,22.0,40,0,0,
1347,600.0,14.091966957139045,92.0,1811.111111111111,0.07,5.285714285714286,5555.0,5e-09,5e-11,0.85,1.02e-10,1.86e-10,-0.00016,0.3839724354387525,22.0,40,0,0,
1348,600.0,14.091966957139045,92.0,1811.111111111111,0.07,5.642857142857143,5555.0,5e-09,5e-11,0.85,1.02e-10,1.86e-10,-0.00016,0.3839724354387525,22.0,40,0,0,
1349,600.0,14.091966957139045,92.0,1811.111111111111,0.07,6.0,5555.0,5e-09,5e-11,0.85,1.02e-10,1.86e-10,-0.00016,0.3839724354387525,22.0,40,0,0,
1350,600.0,14.091966957139045,92.0,2000.0,0.05,1.0,5555.0,5e-09,5e-11,0.85,1.02e-10,1.86e-10,-0.00016,0.3839724354387525,22.0,40,0,0,
1351,600.0,14.091966957139045,92.0,2000.0,0.05,1.3571428571428572,5555.0,5e-09,5e-11,0.85,1.02e-10,1.86e-10,-0.00016,0.3839724354387525,22.0,40,0,0,
1352,600.0,14.091966957139045,92.0,2000.0,0.05,1.7142857142857144,5555.0,5e-09,5e-11,0.85,1.02e-10,1.86e-10,-0.00016,0.3839724354387525,22.0,40,0,0,
1353,600.0,14.091966957139045,92.0,2000.0,0.05,2.071428571428571,5555.0,5e-09,5e-11,0.85,1.02e-10,1.86e-10,-0.00016,0.3839724354387525,22.0,40,0,0,
1354,600.0,14.091966957139045,92.0,2000.0,0.05,2.428571428571429,5555.0,5e-09,5e-11,0.85,1.02e-10,1.86e-10,-0.00016,0.3839724354387525,22.0,40,0,0,
1355,600.0,14.091966957139045,92.0,2000.0,0.05,2.7857142857142856,5555.0,5e-09,5e-11,0.85,1.02e-10,1.86e-10,-0.00016,0.3839724354387525,22.0,40,0,0,
1356,600.0,14.091966957139045,92.0,2000.0,0.05,3.142857142857143,5555.0,5e-09,5e-11,0.85,1.02e-10,1.86e-10,-0.00016,0.3839724354387525,22.0,40,0,0,
1357,600.0,14.091966957139045,92.0,2000.0,0.05,3.5,5555.0,5e-09,5e-11,0.85,1.02e-10,1.86e-10,-0.00016,0.3839724354387525,22.0,40,0,0,
1358,600.0,14.091966957139045,92.0,2000.0,0.05,3.857142857142857,5555.0,5e-09,5e-11,0.85,1.02e-10,1.86e-10,-0.00016,0.3839724354387525,22.0,40,0,0,
1359,600.0,14.091966957139045,92.0,2000.0,0.05,4.214285714285714,5555.0,5e-09,5e-11,0.85,1.02e-10,1.86e-10,-0.00016,0.3839724354387525,22.0,40,0,0,
1360,600.0,14.091966957139045,92.0,2000.0,0.05,4.571428571428571,5555.0,5e-09,5e-11,0.85,1.02e-10,1.86e-10,-0.00016,0.3839724354387525,22.0,40,0,0,
1361,600.0,14.091966957139045,92.0,2000.0,0.05,4.928571428571429,5555.0,5e-09,5e-11,0.85,1.02e-10,1.86e-10,-0.00016,0.3839724354387525,22.0,40,0,0,
1362,600.0,14.091966957139045,92.0,2000.0,0.05,5.285714285714286,5555.0,5e-09,5e-11,0.85,1.02e-10,1.86e-10,-0.00016,0.3839724354387525,22.0,40,0,0,
1363,600.0,14.091966957139045,92.0,2000.0,0.05,5.642857142857143,5555.0,5e-09,5e-11,0.85,1.02e-10,1.86e-10,-0.00016,0.3839724354387525,22.0,40,0,0,
1364,600.0,14.091966957139045,92.0,2000.0,0.05,6.0,5555.0,5e-09,5e-11,0.85,1.02e-10,1.86e-10,-0.00016,0.3839724354387525,22.0,40,0,0,
1365,600.0,14.091966957139045,92.0,2000.0,0.052222222222222225,1.0,5555.0,5e-09,5e-11,0.85,1.02e-10,1.86e-10,-0.00016,0.3839724354387525,22.0,40,0,0,
1366,600.0,14.091966957139045,92.0,2000.0,0.052222222222222225,1.3571428571428572,5555.0,5e-09,5e-11,0.85,1.02e-10,1.86e-10,-0.00016,0.3839724354387525,22.0,40,0,0,
1367,600.0,14.091966957139045,92.0,2000.0,0.052222222222222225,1.7142857142857144,5555.0,5e-09,5e-11,0.85,1.02e-10,1.86e-10,-0.00016,0.3839724354387525,22.0,40,0,0,
1368,600.0,14.091966957139045,92.0,2000.0,0.052222222222222225,2.071428571428571,5555.0,5e-09,5e-11,0.85,1.02e-10,1.86e-10,-0.00016,0.3839724354387525,22.0,40,0,0,
1369,600.0,14.091966957139045,92.0,2000.0,0.052222222222222225,2.428571428571429,5555.0,5e-09,5e-11,0.85,1.02e-10,1.86e-10,-0.00016,0.3839724354387525,22.0,40,0,0,
1370,600.0,14.091966957139045,92.0,2000.0,0.052222222222222225,2.7857142857142856,5555.0,5e-09,5e-11,0.85,1.02e-10,1.86e-10,-0.00016,0.3839724354387525,22.0,40,0,0,
1371,600.0,14.091966957139045,92.0,2000.0,0.052222222222222225,3.142857142857143,5555.0,5e-09,5e-11,0.85,1.02e-10,1.86e-10,-0.00016,0.3839724354387525,22.0,40,0,0,
1372,600.0,14.091966957139045,92.0,2000.0,0.052222222222222225,3.5,5555.0,5e-09,5e-11,0.85,1.02e-10,1.86e-10,-0.00016,0.3839724354387525,22.0,40,0,0,
1373,600.0,14.091966957139045,92.0,2000.0,0.052222222222222225,3.857142857142857,5555.0,5e-09,5e-11,0.85,1.02e-10,1.86e-10,-0.00016,0.3839724354387525,22.0,40,0,0,
1374,600.0,14.091966957139045,92.0,2000.0,0.052222222222222225,4.214285714285714,5555.0,5e-09,5e-11,0.85,1.02e-10,1.86e-10,-0.00016,0.3839724354387525,22.0,40,0,0,
1375,600.0,14.091966957139045,92.0,2000.0,0.052222222222222225,4.571428571428571,5555.0,5e-09,5e-11,0.85,1.02e-10,1.86e-10,-0.00016,0.3839724354387525,22.0,40,0,0,
1376,600.0,14.091966957139045,92.0,2000.0,0.052222222222222225,4.928571428571429,5555.0,5e-09,5e-11,0.85,1.02e-10,1.86e-10,-0.00016,0.3839724354387525,22.0,40,0,0,
1377,600.0,14.091966957139045,92.0,2000.0,0.052222222222222225,5.285714285714286,5555.0,5e-09,5e-11,0.85,1.02e-10,1.86e-10,-0.00016,0.3839724354387525,22.0,40,0,0,
1378,600.0,14.091966957139045,92.0,2000.0,0.052222222222222225,5.642857142857143,5555.0,5e-09,5e-11,0.85,1.02e-10,1.86e-10,-0.00016,0.3839724354387525,22.0,40,0,0,
1379,600.0,14.091966957139045,92.0,2000.0,0.052222222222222225,6.0,5555.0,5e-09,5e-11,0.85,1.02e-10,1.86e-10,-0.00016,0.3839724354387525,22.0,40,0,0,
1380,600.0,14.091966957139045,92.0,2000.0,0.05444444444444445,1.0,5555.0,5e-09,5e-11,0.85,1.02e-10,1.86e-10,-0.00016,0.3839724354387525,22.0,40,0,0,
1381,600.0,14.091966957139045,92.0,2000.0,0.05444444444444445,1.3571428571428572,5555.0,5e-09,5e-11,0.85,1.02e-10,1.86e-10,-0.00016,0.3839724354387525,22.0,40,0,0,
1382,600.0,14.091966957139045,92.0,2000.0,0.05444444444444445,1.7142857142857144,5555.0,5e-09,5e-11,0.85,1.02e-10,1.86e-10,-0.00016,0.3839724354387525,22.0,40,0,0,
1383,600.0,14.091966957139045,92.0,2000.0,0.05444444444444445,2.071428571428571,5555.0,5e-09,5e-11,0.85,1.02e-10,1.86e-10,-0.00016,0.3839724354387525,22.0,40,0,0,
1384,600.0,14.091966957139045,92.0,2000.0,0.05444444444444445,2.428571428571429,5555.0,5e-09,5e-11,0.85,1.02e-10,1.86e-10,-0.00016,0.3839724354387525,22.0,40,0,0,
1385,600.0,14.091966957139045,92.0,2000.0,0.05444444444444445,2.7857142857142856,5555.0,5e-09,5e-11,0.85,1.02e-10,1.86e-10,-0.00016,0.3839724354387525,22.0,40,0,0,
1386,600.0,14.091966957139045,92.0,2000.0,0.05444444444444445,3.142857142857143,5555.0,5e-09,5e-11,0.85,1.02e-10,1.86e-10,-0.00016,0.3839724354387525,22.0,40,0,0,
1387,600.0,14.091966957139045,92.0,2000.0,0.05444444444444445,3.5,5555.0,5e-09,5e-11,0.85,1.02e-10,1.86e-10,-0.00016,0.3839724354387525,22.0,40,0,0,
1388,600.0,14.091966957139045,92.0,2000.0,0.05444444444444445,3.857142857142857,5555.0,5e-09,5e-11,0.85,1.02e-10,1.86e-10,-0.00016,0.3839724354387525,22.0,40,0,0,
1389,600.0,14.091966957139045,92.0,2000.0,0.05444444444444445,4.214285714285714,5555.0,5e-09,5e-11,0.85,1.02e-10,1.86e-10,-0.00016,0.3839724354387525,22.0,40,0,0,
1390,600.0,14.091966957139045,92.0,2000.0,0.05444444444444445,4.571428571428571,5555.0,5e-09,5e-11,0.85,1.02e-10,1.86e-10,-0.00016,0.3839724354387525,22.0,40,0,0,
1391,600.0,14.091966957139045,92.0,2000.0,0.05444444444444445,4.928571428571429,5555.0,5e-09,5e-11,0.85,1.02e-10,1.86e-10,-0.00016,0.3839724354387525,22.0,40,0,0,
1392,600.0,14.091966957139045,92.0,2000.0,0.05444444444444445,5.285714285714286,5555.0,5e-09,5e-11,0.85,1.02e-10,1.86e-10,-0.00016,0.3839724354387525,22.0,40,0,0,
1393,600.0,14.091966957139045,92.0,2000.0,0.05444444444444445,5.642857142857143,5555.0,5e-09,5e-11,0.85,1.02e-10,1.86e-10,-0.00016,0.3839724354387525,22.0,40,0,0,
1394,600.0,14.091966957139045,92.0,2000.0,0.05444444444444445,6.0,5555.0,5e-09,5e-11,0.85,1.02e-10,1.86e-10,-0.00016,0.3839724354387525,22.0,40,0,0,
1395,600.0,14.091966957139045,92.0,2000.0,0.05666666666666667,1.0,5555.0,5e-09,5e-11,0.85,1.02e-10,1.86e-10,-0.00016,0.3839724354387525,22.0,40,0,0,
1396,600.0,14.091966957139045,92.0,2000.0,0.05666666666666667,1.3571428571428572,5555.0,5e-09,5e-11,0.85,1.02e-10,1.86e-10,-0.00016,0.3839724354387525,22.0,40,0,0,
1397,600.0,14.091966957139045,92.0,2000.0,0.05666666666666667,1.7142857142857144,5555.0,5e-09,5e-11,0.85,1.02e-10,1.86e-10,-0.00016,0.3839724354387525,22.0,40,0,0,
1398,600.0,14.091966957139045,92.0,2000.0,0.05666666666666667,2.071428571428571,5555.0,5e-09,5e-11,0.85,1.02e-10,1.86e-10,-0.00016,0.3839724354387525,22.0,40,0,0,
1399,600.0,14.091966957139045,92.0,2000.0,0.05666666666666667,2.428571428571429,5555.0,5e-09,5e-11,0.85,1.02e-10,1.86e-10,-0.00016,0.3839724354387525,22.0,40,0,0,
1400,600.0,14.091966957139045,92.0,2000.0,0.05666666666666667,2.7857142857142856,5555.0,5e-09,5e-11,0.85,1.02e-10,1.86e-10,-0.00016,0.3839724354387525,22.0,40,0,0,
1401,600.0,14.091966957139045,92.0,2000.0,0.05666666666666667,3.142857142857143,5555.0,5e-09,5e-11,0.85,1.02e-10,1.86e-10,-0.00016,0.3839724354387525,22.0,40,0,0,
1402,600.0,14.091966957139045,92.0,2000.0,0.05666666666666667,3.5,5555.0,5e-09,5e-11,0.85,1.02e-10,1.86e-10,-0.00016,0.3839724354387525,22.0,40,0,0,
1403,600.0,14.091966957139045,92.0,2000.0,0.05666666666666667,3.857142857142857,5555.0,5e-09,5e-11,0.85,1.02e-10,1.86e-10,-0.00016,0.3839724354387525,22.0,40,0,0,
1404,600.0,14.091966957139045,92.0,2000.0,0.05666666666666667,4.214285714285714,5555.0,5e-09,5e-11,0.85,1.02e-10,1.86e-10,-0.00016,0.3839724354387525,22.0,40,0,0,
1405,600.0,14.091966957139045,92.0,2000.0,0.05666666666666667,4.571428571428571,5555.0,5e-09,5e-11,0.85,1.02e-10,1.86e-10,-0.00016,0.3839724354387525,22.0,40,0,0,
1406,600.0,14.091966957139045,92.0,2000.0,0.05666666666666667,4.928571428571429,5555.0,5e-09,5e-11,0.85,1.02e-10,1.86e-10,-0.00016,0.3839724354387525,22.0,40,0,0,
1407,600.0,14.091966957139045,92.0,2000.0,0.05666666666666667,5.285714285714286,5555.0,5e-09,5e-11,0.85,1.02e-10,1.86e-10,-0.00016,0.3839724354387525,22.0,40,0,0,
1408,600.0,14.091966957139045,92.0,2000.0,0.05666666666666667,5.642857142857143,5555.0,5e-09,5e-11,0.85,1.02e-10,1.86e-10,-0.00016,0.3839724354387525,22.0,40,0,0,
1409,600.0,14.091966957139045,92.0,2000.0,0.05666666666666667,6.0,5555.0,5e-09,5e-11,0.85,1.02e-10,1.86e-10,-0.00016,0.3839724354387525,22.0,40,0,0,
1410,600.0,14.091966957139045,92.0,2000.0,0.05888888888888889,1.0,5555.0,5e-09,5e-11,0.85,1.02e-10,1.86e-10,-0.00016,0.3839724354387525,22.0,40,0,0,
1411,600.0,14.091966957139045,92.0,2000.0,0.05888888888888889,1.3571428571428572,5555.0,5e-09,5e-11,0.85,1.02e-10,1.86e-10,-0.00016,0.3839724354387525,22.0,40,0,0,
1412,600.0,14.091966957139045,92.0,2000.0,0.05888888888888889,1.7142857142857144,5555.0,5e-09,5e-11,0.85,1.02e-10,1.86e-10,-0.00016,0.3839724354387525,22.0,40,0,0,
1413,600.0,14.091966957139045,92.0,2000.0,0.05888888888888889,2.071428571428571,5555.0,5e-09,5e-11,0.85,1.02e-10,1.86e-10,-0.00016,0.3839724354387525,22.0,40,0,0,
1414,600.0,14.091966957139045,92.0,2000.0,0.05888888888888889,2.428571428571429,5555.0,5e-09,5e-11,0.85,1.02e-10,1.86e-10,-0.00016,0.3839724354387525,22.0,40,0,0,
1415,600.0,14.091966957139045,92.0,2000.0,0.05888888888888889,2.7857142857142856,5555.0,5e-09,5e-11,0.85,1.02e-10,1.86e-10,-0.00016,0.3839724354387525,22.0,40,0,0,
1416,600.0,14.091966957139045,92.0,2000.0,0.05888888888888889,3.142857142857143,5555.0,5e-09,5e-11,0.85,1.02e-10,1.86e-10,-0.00016,0.3839724354387525,22.0,40,0,0,
1417,600.0,14.091966957139045,92.0,2000.0,0.05888888888888889,3.5,5555.0,5e-09,5e-11,0.85,1.02e-10,1.86e-10,-0.00016,0.3839724354387525,22.0,40,0,0,
1418,600.0,14.091966957139045,92.0,2000.0,0.05888888888888889,3.857142857142857,5555.0,5e-09,5e-11,0.85,1.02e-10,1.86e-10,-0.00016,0.3839724354387525,22.0,40,0,0,
1419,600.0,14.091966957139045,92.0,2000.0,0.05888888888888889,4.214285714285714,5555.0,5e-09,5e-11,0.85,1.02e-10,1.86e-10,-0.00016,0.3839724354387525,22.0,40,0,0,
1420,600.0,14.091966957139045,92.0,2000.0,0.05888888888888889,4.571428571428571,5555.0,5e-09,5e-11,0.85,1.02e-10,1.86e-10,-0.00016,0.3839724354387525,22.0,40,0,0,
1421,600.0,14.091966957139045,92.0,2000.0,0.05888888888888889,4.928571428571429,5555.0,5e-09,5e-11,0.85,1.02e-10,1.86e-10,-0.00016,0.3839724354387525,22.0,40,0,0,
1422,600.0,14.091966957139045,92.0,2000.0,0.05888888888888889,5.285714285714286,5555.0,5e-09,5e-11,0.85,1.02e-10,1.86e-10,-0.00016,0.3839724354387525,22.0,40,0,0,
1423,600.0,14.091966957139045,92.0,2000.0,0.05888888888888889,5.642857142857143,5555.0,5e-09,5e-11,0.85,1.02e-10,1.86e-10,-0.00016,0.3839724354387525,22.0,40,0,0,
1424,600.0,14.091966957139045,92.0,2000.0,0.05888888888888889,6.0,5555.0,5e-09,5e-11,0.85,1.02e-10,1.86e-10,-0.00016,0.3839724354387525,22.0,40,0,0,
1425,600.0,14.091966957139045,92.0,2000.0,0.061111111111111116,1.0,5555.0,5e-09,5e-11,0.85,1.02e-10,1.86e-10,-0.00016,0.3839724354387525,22.0,40,0,0,
1426,600.0,14.091966957139045,92.0,2000.0,0.061111111111111116,1.3571428571428572,5555.0,5e-09,5e-11,0.85,1.02e-10,1.86e-10,-0.00016,0.3839724354387525,22.0,40,0,0,
1427,600.0,14.091966957139045,92.0,2000.0,0.061111111111111116,1.7142857142857144,5555.0,5e-09,5e-11,0.85,1.02e-10,1.86e-10,-0.00016,0.3839724354387525,22.0,40,0,0,
1428,600.0,14.091966957139045,92.0,2000.0,0.061111111111111116,2.071428571428571,5555.0,5e-09,5e-11,0.85,1.02e-10,1.86e-10,-0.00016,0.3839724354387525,22.0,40,0,0,
1429,600.0,14.091966957139045,92.0,2000.0,0.061111111111111116,2.428571428571429,5555.0,5e-09,5e-11,0.85,1.02e-10,1.86e-10,-0.00016,0.3839724354387525,22.0,40,0,0,
1430,600.0,14.091966957139045,92.0,2000.0,0.061111111111111116,2.7857142857142856,5555.0,5e-09,5e-11,0.85,1.02e-10,1.86e-10,-0.00016,0.3839724354387525,22.0,40,0,0,
1431,600.0,14.091966957139045,92.0,2000.0,0.061111111111111116,3.142857142857143,5555.0,5e-09,5e-11,0.85,1.02e-10,1.86e-10,-0.00016,0.3839724354387525,22.0,40,0,0,
1432,600.0,14.091966957139045,92.0,2000.0,0.061111111111111116,3.5,5555.0,5e-09,5e-11,0.85,1.02e-10,1.86e-10,-0.00016,0.3839724354387525,22.0,40,0,0,
1433,600.0,14.091966957139045,92.0,2000.0,0.061111111111111116,3.857142857142857,5555.0,5e-09,5e-11,0.85,1.02e-10,1.86e-10,-0.00016,0.3839724354387525,22.0,40,0,0,
1434,600.0,14.091966957139045,92.0,2000.0,0.061111111111111116,4.214285714285714,5555.0,5e-09,5e-11,0.85,1.02e-10,1.86e-10,-0.00016,0.3839724354387525,22.0,40,0,0,
1435,600.0,14.091966957139045,92.0,2000.0,0.061111111111111116,4.571428571428571,5555.0,5e-09,5e-11,0.85,1.02e-10,1.86e-10,-0.00016,0.3839724354387525,22.0,40,0,0,
1436,600.0,14.091966957139045,92.0,2000.0,0.061111111111111116,4.928571428571429,5555.0,5e-09,5e-11,0.85,1.02e-10,1.86e-10,-0.00016,0.3839724354387525,22.0,40,0,0,
1437,600.0,14.091966957139045,92.0,2000.0,0.061111111111111116,5.285714285714286,5555.0,5e-09,5e-11,0.85,1.02e-10,1.86e-10,-0.00016,0.3839724354387525,22.0,40,0,0,
1438,600.0,14.091966957139045,92.0,2000.0,0.061111111111111116,5.642857142857143,5555.0,5e-09,5e-11,0.85,1.02e-10,1.86e-10,-0.00016,0.3839724354387525,22.0,40,0,0,
1439,600.0,14.091966957139045,92.0,2000.0,0.061111111111111116,6.0,5555.0,5e-09,5e-11,0.85,1.02e-10,1.86e-10,-0.00016,0.3839724354387525,22.0,40,0,0,
1440,600.0,14.091966957139045,92.0,2000.0,0.06333333333333334,1.0,5555.0,5e-09,5e-11,0.85,1.02e-10,1.86e-10,-0.00016,0.3839724354387525,22.0,40,0,0,
1441,600.0,14.091966957139045,92.0,2000.0,0.06333333333333334,1.3571428571428572,5555.0,5e-09,5e-11,0.85,1.02e-10,1.86e-10,-0.00016,0.3839724354387525,22.0,40,0,0,
1442,600.0,14.091966957139045,92.0,2000.0,0.06333333333333334,1.7142857142857144,5555.0,5e-09,5e-11,0.85,1.02e-10,1.86e-10,-0.00016,0.3839724354387525,22.0,40,0,0,
1443,600.0,14.091966957139045,92.0,2000.0,0.06333333333333334,2.071428571428571,5555.0,5e-09,5e-11,0.85,1.02e-10,1.86e-10,-0.00016,0.3839724354387525,22.0,40,0,0,
1444,600.0,14.091966957139045,92.0,2000.0,0.06333333333333334,2.428571428571429,5555.0,5e-09,5e-11,0.85,1.02e-10,1.86e-10,-0.00016,0.3839724354387525,22.0,40,0,0,
1445,600.0,14.091966957139045,92.0,2000.0,0.06333333333333334,2.7857142857142856,5555.0,5e-09,5e-11,0.85,1.02e-10,1.86e-10,-0.00016,0.3839724354387525,22.0,40,0,0,
1446,600.0,14.091966957139045,92.0,2000.0,0.06333333333333334,3.142857142857143,5555.0,5e-09,5e-11,0.85,1.02e-10,1.86e-10,-0.00016,0.3839724354387525,22.0,40,0,0,
1447,600.0,14.091966957139045,92.0,2000.0,0.06333333333333334,3.5,5555.0,5e-09,5e-11,0.85,1.02e-10,1.86e-10,-0.00016,0.3839724354387525,22.0,40,0,0,
1448,600.0,14.091966957139045,92.0,2000.0,0.06333333333333334,3.857142857142857,5555.0,5e-09,5e-11,0.85,1.02e-10,1.86e-10,-0.00016,0.3839724354387525,22.0,40,0,0,
1449,600.0,14.091966957139045,92.0,2000.0,0.06333333333333334,4.214285714285714,5555.0,5e-09,5e-11,0.85,1.02e-10,1.86e-10,-0.00016,0.3839724354387525,22.0,40,0,0,
1450,600.0,14.091966957139045,92.0,2000.0,0.06333333333333334,4.571428571428571,5555.0,5e-09,5e-11,0.85,1.02e-10,1.86e-10,-0.00016,0.3839724354387525,22.0,40,0,0,
1451,600.0,14.091966957139045,92.0,2000.0,0.06333333333333334,4.928571428571429,5555.0,5e-09,5e-11,0.85,1.02e-10,1.86e-10,-0.00016,0.3839724354387525,22.0,40,0,0,
1452,600.0,14.091966957139045,92.0,2000.0,0.06333333333333334,5.285714285714286,5555.0,5e-09,5e-11,0.85,1.02e-10,1.86e-10,-0.00016,0.3839724354387525,22.0,40,0,0,
1453,600.0,14.091966957139045,92.0,2000.0,0.06333333333333334,5.642857142857143,5555.0,5e-09,5e-11,0.85,1.02e-10,1.86e-10,-0.00016,0.3839724354387525,22.0,40,0,0,
1454,600.0,14.091966957139045,92.0,2000.0,0.06333333333333334,6.0,5555.0,5e-09,5e-11,0.85,1.02e-10,1.86e-10,-0.00016,0.3839724354387525,22.0,40,0,0,
1455,600.0,14.091966957139045,92.0,2000.0,0.06555555555555556,1.0,5555.0,5e-09,5e-11,0.85,1.02e-10,1.86e-10,-0.00016,0.3839724354387525,22.0,40,0,0,
1456,600.0,14.091966957139045,92.0,2000.0,0.06555555555555556,1.3571428571428572,5555.0,5e-09,5e-11,0.85,1.02e-10,1.86e-10,-0.00016,0.3839724354387525,22.0,40,0,0,
1457,600.0,14.091966957139045,92.0,2000.0,0.06555555555555556,1.7142857142857144,5555.0,5e-09,5e-11,0.85,1.02e-10,1.86e-10,-0.00016,0.3839724354387525,22.0,40,0,0,
1458,600.0,14.091966957139045,92.0,2000.0,0.06555555555555556,2.071428571428571,5555.0,5e-09,5e-11,0.85,1.02e-10,1.86e-10,-0.00016,0.3839724354387525,22.0,40,0,0,
1459,600.0,14.091966957139045,92.0,2000.0,0.06555555555555556,2.428571428571429,5555.0,5e-09,5e-11,0.85,1.02e-10,1.86e-10,-0.00016,0.3839724354387525,22.0,40,0,0,
1460,600.0,14.091966957139045,92.0,2000.0,0.06555555555555556,2.7857142857142856,5555.0,5e-09,5e-11,0.85,1.02e-10,1.86e-10,-0.00016,0.3839724354387525,22.0,40,0,0,
1461,600.0,14.091966957139045,92.0,2000.0,0.06555555555555556,3.142857142857143,5555.0,5e-09,5e-11,0.85,1.02e-10,1.86e-10,-0.00016,0.3839724354387525,22.0,40,0,0,
1462,600.0,14.091966957139045,92.0,2000.0,0.06555555555555556,3.5,5555.0,5e-09,5e-11,0.85,1.02e-10,1.86e-10,-0.00016,0.3839724354387525,22.0,40,0,0,
1463,600.0,14.091966957139045,92.0,2000.0,0.06555555555555556,3.857142857142857,5555.0,5e-09,5e-11,0.85,1.02e-10,1.86e-10,-0.00016,0.3839724354387525,22.0,40,0,0,
1464,600.0,14.091966957139045,92.0,2000.0,0.06555555555555556,4.214285714285714,5555.0,5e-09,5e-11,0.85,1.02e-10,1.86e-10,-0.00016,0.3839724354387525,22.0,40,0,0,
1465,600.0,14.091966957139045,92.0,2000.0,0.06555555555555556,4.571428571428571,5555.0,5e-09,5e-11,0.85,1.02e-10,1.86e-10,-0.00016,0.3839724354387525,22.0,40,0,0,
1466,600.0,14.091966957139045,92.0,2000.0,0.06555555555555556,4.928571428571429,5555.0,5e-09,5e-11,0.85,1.02e-10,1.86e-10,-0.00016,0.3839724354387525,22.0,40,0,0,
1467,600.0,14.091966957139045,92.0,2000.0,0.06555555555555556,5.285714285714286,5555.0,5e-09,5e-11,0.85,1.02e-10,1.86e-10,-0.00016,0.3839724354387525,22.0,40,0,0,
1468,600.0,14.091966957139045,92.0,2000.0,0.06555555555555556,5.642857142857143,5555.0,5e-09,5e-11,0.85,1.02e-10,1.86e-10,-0.00016,0.3839724354387525,22.0,40,0,0,
1469,600.0,14.091966957139045,92.0,2000.0,0.06555555555555556,6.0,5555.0,5e-09,5e-11,0.85,1.02e-10,1.86e-10,-0.00016,0.3839724354387525,22.0,40,0,0,
1470,600.0,14.091966957139045,92.0,2000.0,0.06777777777777778,1.0,5555.0,5e-09,5e-11,0.85,1.02e-10,1.86e-10,-0.00016,0.3839724354387525,22.0,40,0,0,
1471,600.0,14.091966957139045,92.0,2000.0,0.06777777777777778,1.3571428571428572,5555.0,5e-09,5e-11,0.85,1.02e-10,1.86e-10,-0.00016,0.3839724354387525,22.0,40,0,0,
1472,600.0,14.091966957139045,92.0,2000.0,0.06777777777777778,1.7142857142857144,5555.0,5e-09,5e-11,0.85,1.02e-10,1.86e-10,-0.00016,0.3839724354387525,22.0,40,0,0,
1473,600.0,14.091966957139045,92.0,2000.0,0.06777777777777778,2.071428571428571,5555.0,5e-09,5e-11,0.85,1.02e-10,1.86e-10,-0.00016,0.3839724354387525,22.0,40,0,0,
1474,600.0,14.091966957139045,92.0,2000.0,0.06777777777777778,2.428571428571429,5555.0,5e-09,5e-11,0.85,1.02e-10,1.86e-10,-0.00016,0.3839724354387525,22.0,40,0,0,
1475,600.0,14.091966957139045,92.0,2000.0,0.06777777777777778,2.7857142857142856,5555.0,5e-09,5e-11,0.85,1.02e-10,1.86e-10,-0.00016,0.3839724354387525,22.0,40,0,0,
1476,600.0,14.091966957139045,92.0,2000.0,0.06777777777777778,3.142857142857143,5555.0,5e-09,5e-11,0.85,1.02e-10,1.86e-10,-0.00016,0.3839724354387525,22.0,40,0,0,
1477,600.0,14.091966957139045,92.0,2000.0,0.06777777777777778,3.5,5555.0,5e-09,5e-11,0.85,1.02e-10,1.86e-10,-0.00016,0.3839724354387525,22.0,40,0,0,
1478,600.0,14.091966957139045,92.0,2000.0,0.06777777777777778,3.857142857142857,5555.0,5e-09,5e-11,0.85,1.02e-10,1.86e-10,-0.00016,0.3839724354387525,22.0,40,0,0,
1479,600.0,14.091966957139045,92.0,2000.0,0.06777777777777778,4.214285714285714,5555.0,5e-09,5e-11,0.85,1.02e-10,1.86e-10,-0.00016,0.3839724354387525,22.0,40,0,0,
1480,600.0,14.091966957139045,92.0,2000.0,0.06777777777777778,4.571428571428571,5555.0,5e-09,5e-11,0.85,1.02e-10,1.86e-10,-0.00016,0.3839724354387525,22.0,40,0,0,
1481,600.0,14.091966957139045,92.0,2000.0,0.06777777777777778,4.928571428571429,5555.0,5e-09,5e-11,0.85,1.02e-10,1.86e-10,-0.00016,0.3839724354387525,22.0,40,0,0,
1482,600.0,14.091966957139045,92.0,2000.0,0.06777777777777778,5.285714285714286,5555.0,5e-09,5e-11,0.85,1.02e-10,1.86e-10,-0.00016,0.3839724354387525,22.0,40,0,0,
1483,600.0,14.091966957139045,92.0,2000.0,0.06777777777777778,5.642857142857143,5555.0,5e-09,5e-11,0.85,1.02e-10,1.86e-10,-0.00016,0.3839724354387525,22.0,40,0,0,
1484,600.0,14.091966957139045,92.0,2000.0,0.06777777777777778,6.0,5555.0,5e-09,5e-11,0.85,1.02e-10,1.86e-10,-0.00016,0.3839724354387525,22.0,40,0,0,
1485,600.0,14.091966957139045,92.0,2000.0,0.07,1.0,5555.0,5e-09,5e-11,0.85,1.02e-10,1.86e-10,-0.00016,0.3839724354387525,22.0,40,0,0,
1486,600.0,14.091966957139045,92.0,2000.0,0.07,1.3571428571428572,5555.0,5e-09,5e-11,0.85,1.02e-10,1.86e-10,-0.00016,0.3839724354387525,22.0,40,0,0,
1487,600.0,14.091966957139045,92.0,2000.0,0.07,1.7142857142857144,5555.0,5e-09,5e-11,0.85,1.02e-10,1.86e-10,-0.00016,0.3839724354387525,22.0,40,0,0,
1488,600.0,14.091966957139045,92.0,2000.0,0.07,2.071428571428571,5555.0,5e-09,5e-11,0.85,1.02e-10,1.86e-10,-0.00016,0.3839724354387525,22.0,40,0,0,
1489,600.0,14.091966957139045,92.0,2000.0,0.07,2.428571428571429,5555.0,5e-09,5e-11,0.85,1.02e-10,1.86e-10,-0.00016,0.3839724354387525,22.0,40,0,0,
1490,600.0,14.091966957139045,92.0,2000.0,0.07,2.7857142857142856,5555.0,5e-09,5e-11,0.85,1.02e-10,1.86e-10,-0.00016,0.3839724354387525,22.0,40,0,0,
1491,600.0,14.091966957139045,92.0,2000.0,0.07,3.142857142857143,5555.0,5e-09,5e-11,0.85,1.02e-10,1.86e-10,-0.00016,0.3839724354387525,22.0,40,0,0,
1492,600.0,14.091966957139045,92.0,2000.0,0.07,3.5,5555.0,5e-09,5e-11,0.85,1.02e-10,1.86e-10,-0.00016,0.3839724354387525,22.0,40,0,0,
1493,600.0,14.091966957139045,92.0,2000.0,0.07,3.857142857142857,5555.0,5e-09,5e-11,0.85,1.02e-10,1.86e-10,-0.00016,0.3839724354387525,22.0,40,0,0,
1494,600.0,14.091966957139045,92.0,2000.0,0.07,4.214285714285714,5555.0,5e-09,5e-11,0.85,1.02e-10,1.86e-10,-0.00016,0.3839724354387525,22.0,40,0,0,
1495,600.0,14.091966957139045,92.0,2000.0,0.07,4.571428571428571,5555.0,5e-09,5e-11,0.85,1.02e-10,1.86e-10,-0.00016,0.3839724354387525,22.0,40,0,0,
1496,600.0,14.091966957139045,92.0,2000.0,0.07,4.928571428571429,5555.0,5e-09,5e-11,0.85,1.02e-10,1.86e-10,-0.00016,0.3839724354387525,22.0,40,0,0,
1497,600.0,14.091966957139045,92.0,2000.0,0.07,5.285714285714286,5555.0,5e-09,5e-11,0.85,1.02e-10,1.86e-10,-0.00016,0.3839724354387525,22.0,40,0,0,
1498,600.0,14.091966957139045,92.0,2000.0,0.07,5.642857142857143,5555.0,5e-09,5e-11,0.85,1.02e-10,1.86e-10,-0.00016,0.3839724354387525,22.0,40,0,0,
1499,600.0,14.091966957139045,92.0,2000.0,0.07,6.0,5555.0,5e-09,5e-11,0.85,1.02e-10,1.86e-10,-0.00016,0.3839724354387525,22.0,40,0,0,
1500,800.0,18.789289276185396,92.0,300.0,0.05,1.0,5555.0,5e-09,5e-11,0.85,1.02e-10,1.86e-10,-0.00016,0.3839724354387525,22.0,40,0,0,
1501,800.0,18.789289276185396,92.0,300.0,0.05,1.3571428571428572,5555.0,5e-09,5e-11,0.85,1.02e-10,1.86e-10,-0.00016,0.3839724354387525,22.0,40,0,0,
1502,800.0,18.789289276185396,92.0,300.0,0.05,1.7142857142857144,5555.0,5e-09,5e-11,0.85,1.02e-10,1.86e-10,-0.00016,0.3839724354387525,22.0,40,0,0,
1503,800.0,18.789289276185396,92.0,300.0,0.05,2.071428571428571,5555.0,5e-09,5e-11,0.85,1.02e-10,1.86e-10,-0.00016,0.3839724354387525,22.0,40,0,0,
1504,800.0,18.789289276185396,92.0,300.0,0.05,2.428571428571429,5555.0,5e-09,5e-11,0.85,1.02e-10,1.86e-10,-0.00016,0.3839724354387525,22.0,40,0,0,
1505,800.0,18.789289276185396,92.0,300.0,0.05,2.7857142857142856,5555.0,5e-09,5e-11,0.85,1.02e-10,1.86e-10,-0.00016,0.3839724354387525,22.0,40,0,0,
1506,800.0,18.789289276185396,92.0,300.0,0.05,3.142857142857143,5555.0,5e-09,5e-11,0.85,1.02e-10,1.86e-10,-0.00016,0.3839724354387525,22.0,40,0,0,
1507,800.0,18.789289276185396,92.0,300.0,0.05,3.5,5555.0,5e-09,5e-11,0.85,1.02e-10,1.86e-10,-0.00016,0.3839724354387525,22.0,40,0,0,
1508,800.0,18.789289276185396,92.0,300.0,0.05,3.857142857142857,5555.0,5e-09,5e-11,0.85,1.02e-10,1.86e-10,-0.00016,0.3839724354387525,22.0,40,0,0,
1509,800.0,18.789289276185396,92.0,300.0,0.05,4.214285714285714,5555.0,5e-09,5e-11,0.85,1.02e-10,1.86e-10,-0.00016,0.3839724354387525,22.0,40,0,0,
1510,800.0,18.789289276185396,92.0,300.0,0.05,4.571428571428571,5555.0,5e-09,5e-11,0.85,1.02e-10,1.86e-10,-0.00016,0.3839724354387525,22.0,40,0,0,
1511,800.0,18.789289276185396,92.0,300.0,0.05,4.928571428571429,5555.0,5e-09,5e-11,0.85,1.02e-10,1.86e-10,-0.00016,0.3839724354387525,22.0,40,0,0,
1512,800.0,18.789289276185396,92.0,300.0,0.05,5.285714285714286,5555.0,5e-09,5e-11,0.85,1.02e-10,1.86e-10,-0.00016,0.3839724354387525,22.0,40,0,0,
1513,800.0,18.789289276185396,92.0,300.0,0.05,5.642857142857143,5555.0,5e-09,5e-11,0.85,1.02e-10,1.86e-10,-0.00016,0.3839724354387525,22.0,40,0,0,
1514,800.0,18.789289276185396,92.0,300.0,0.05,6.0,5555.0,5e-09,5e-11,0.85,1.02e-10,1.86e-10,-0.00016,0.3839724354387525,22.0,40,0,0,
1515,800.0,18.789289276185396,92.0,300.0,0.052222222222222225,1.0,5555.0,5e-09,5e-11,0.85,1.02e-10,1.86e-10,-0.00016,0.3839724354387525,22.0,40,0,0,
1516,800.0,18.789289276185396,92.0,300.0,0.052222222222222225,1.3571428571428572,5555.0,5e-09,5e-11,0.85,1.02e-10,1.86e-10,-0.00016,0.3839724354387525,22.0,40,0,0,
1517,800.0,18.789289276185396,92.0,300.0,0.052222222222222225,1.7142857142857144,5555.0,5e-09,5e-11,0.85,1.02e-10,1.86e-10,-0.00016,0.3839724354387525,22.0,40,0,0,
1518,800.0,18.789289276185396,92.0,300.0,0.052222222222222225,2.071428571428571,5555.0,5e-09,5e-11,0.85,1.02e-10,1.86e-10,-0.00016,0.3839724354387525,22.0,40,0,0,
1519,800.0,18.789289276185396,92.0,300.0,0.052222222222222225,2.428571428571429,5555.0,5e-09,5e-11,0.85,1.02e-10,1.86e-10,-0.00016,0.3839724354387525,22.0,40,0,0,
1520,800.0,18.789289276185396,92.0,300.0,0.052222222222222225,2.7857142857142856,5555.0,5e-09,5e-11,0.85,1.02e-10,1.86e-10,-0.00016,0.3839724354387525,22.0,40,0,0,
1521,800.0,18.789289276185396,92.0,300.0,0.052222222222222225,3.142857142857143,5555.0,5e-09,5e-11,0.85,1.02e-10,1.86e-10,-0.00016,0.3839724354387525,22.0,40,0,0,
1522,800.0,18.789289276185396,92.0,300.0,0.052222222222222225,3.5,5555.0,5e-09,5e-11,0.85,1.02e-10,1.86e-10,-0.00016,0.3839724354387525,22.0,40,0,0,
1523,800.0,18.789289276185396,92.0,300.0,0.052222222222222225,3.857142857142857,5555.0,5e-09,5e-11,0.85,1.02e-10,1.86e-10,-0.00016,0.3839724354387525,22.0,40,0,0,
1524,800.0,18.789289276185396,92.0,300.0,0.052222222222222225,4.214285714285714,5555.0,5e-09,5e-11,0.85,1.02e-10,1.86e-10,-0.00016,0.3839724354387525,22.0,40,0,0,
1525,800.0,18.789289276185396,92.0,300.0,0.052222222222222225,4.571428571428571,5555.0,5e-09,5e-11,0.85,1.02e-10,1.86e-10,-0.00016,0.3839724354387525,22.0,40,0,0,
1526,800.0,18.789289276185396,92.0,300.0,0.052222222222222225,4.928571428571429,5555.0,5e-09,5e-11,0.85,1.02e-10,1.86e-10,-0.00016,0.3839724354387525,22.0,40,0,0,
1527,800.0,18.789289276185396,92.0,300.0,0.052222222222222225,5.285714285714286,5555.0,5e-09,5e-11,0.85,1.02e-10,1.86e-10,-0.00016,0.3839724354387525,22.0,40,0,0,
1528,800.0,18.789289276185396,92.0,300.0,0.052222222222222225,5.642857142857143,5555.0,5e-09,5e-11,0.85,1.02e-10,1.86e-10,-0.00016,0.3839724354387525,22.0,40,0,0,
1529,800.0,18.789289276185396,92.0,300.0,0.052222222222222225,6.0,5555.0,5e-09,5e-11,0.85,1.02e-10,1.86e-10,-0.00016,0.3839724354387525,22.0,40,0,0,
1530,800.0,18.789289276185396,92.0,300.0,0.05444444444444445,1.0,5555.0,5e-09,5e-11,0.85,1.02e-10,1.86e-10,-0.00016,0.3839724354387525,22.0,40,0,0,
1531,800.0,18.789289276185396,92.0,300.0,0.05444444444444445,1.3571428571428572,5555.0,5e-09,5e-11,0.85,1.02e-10,1.86e-10,-0.00016,0.3839724354387525,22.0,40,0,0,
1532,800.0,18.789289276185396,92.0,300.0,0.05444444444444445,1.7142857142857144,5555.0,5e-09,5e-11,0.85,1.02e-10,1.86e-10,-0.00016,0.3839724354387525,22.0,40,0,0,
1533,800.0,18.789289276185396,92.0,300.0,0.05444444444444445,2.071428571428571,5555.0,5e-09,5e-11,0.85,1.02e-10,1.86e-10,-0.00016,0.3839724354387525,22.0,40,0,0,
1534,800.0,18.789289276185396,92.0,300.0,0.05444444444444445,2.428571428571429,5555.0,5e-09,5e-11,0.85,1.02e-10,1.86e-10,-0.00016,0.3839724354387525,22.0,40,0,0,
1535,800.0,18.789289276185396,92.0,300.0,0.05444444444444445,2.7857142857142856,5555.0,5e-09,5e-11,0.85,1.02e-10,1.86e-10,-0.00016,0.3839724354387525,22.0,40,0,0,
1536,800.0,18.789289276185396,92.0,300.0,0.05444444444444445,3.142857142857143,5555.0,5e-09,5e-11,0.85,1.02e-10,1.86e-10,-0.00016,0.3839724354387525,22.0,40,0,0,
1537,800.0,18.789289276185396,92.0,300.0,0.05444444444444445,3.5,5555.0,5e-09,5e-11,0.85,1.02e-10,1.86e-10,-0.00016,0.3839724354387525,22.0,40,0,0,
1538,800.0,18.789289276185396,92.0,300.0,0.05444444444444445,3.857142857142857,5555.0,5e-09,5e-11,0.85,1.02e-10,1.86e-10,-0.00016,0.3839724354387525,22.0,40,0,0,
1539,800.0,18.789289276185396,92.0,300.0,0.05444444444444445,4.214285714285714,5555.0,5e-09,5e-11,0.85,1.02e-10,1.86e-10,-0.00016,0.3839724354387525,22.0,40,0,0,
1540,800.0,18.789289276185396,92.0,300.0,0.05444444444444445,4.571428571428571,5555.0,5e-09,5e-11,0.85,1.02e-10,1.86e-10,-0.00016,0.3839724354387525,22.0,40,0,0,
1541,800.0,18.789289276185396,92.0,300.0,0.05444444444444445,4.928571428571429,5555.0,5e-09,5e-11,0.85,1.02e-10,1.86e-10,-0.00016,0.3839724354387525,22.0,40,0,0,
1542,800.0,18.789289276185396,92.0,300.0,0.05444444444444445,5.285714285714286,5555.0,5e-09,5e-11,0.85,1.02e-10,1.86e-10,-0.00016,0.3839724354387525,22.0,40,0,0,
1543,800.0,18.789289276185396,92.0,300.0,0.05444444444444445,5.642857142857143,5555.0,5e-09,5e-11,0.85,1.02e-10,1.86e-10,-0.00016,0.3839724354387525,22.0,40,0,0,
1544,800.0,18.789289276185396,92.0,300.0,0.05444444444444445,6.0,5555.0,5e-09,5e-11,0.85,1.02e-10,1.86e-10,-0.00016,0.3839724354387525,22.0,40,0,0,
1545,800.0,18.789289276185396,92.0,300.0,0.05666666666666667,1.0,5555.0,5e-09,5e-11,0.85,1.02e-10,1.86e-10,-0.00016,0.3839724354387525,22.0,40,0,0,
1546,800.0,18.789289276185396,92.0,300.0,0.05666666666666667,1.3571428571428572,5555.0,5e-09,5e-11,0.85,1.02e-10,1.86e-10,-0.00016,0.3839724354387525,22.0,40,0,0,
1547,800.0,18.789289276185396,92.0,300.0,0.05666666666666667,1.7142857142857144,5555.0,5e-09,5e-11,0.85,1.02e-10,1.86e-10,-0.00016,0.3839724354387525,22.0,40,0,0,
1548,800.0,18.789289276185396,92.0,300.0,0.05666666666666667,2.071428571428571,5555.0,5e-09,5e-11,0.85,1.02e-10,1.86e-10,-0.00016,0.3839724354387525,22.0,40,0,0,
1549,800.0,18.789289276185396,92.0,300.0,0.05666666666666667,2.428571428571429,5555.0,5e-09,5e-11,0.85,1.02e-10,1.86e-10,-0.00016,0.3839724354387525,22.0,40,0,0,
1550,800.0,18.789289276185396,92.0,300.0,0.05666666666666667,2.7857142857142856,5555.0,5e-09,5e-11,0.85,1.02e-10,1.86e-10,-0.00016,0.3839724354387525,22.0,40,0,0,
1551,800.0,18.789289276185396,92.0,300.0,0.05666666666666667,3.142857142857143,5555.0,5e-09,5e-11,0.85,1.02e-10,1.86e-10,-0.00016,0.3839724354387525,22.0,40,0,0,
1552,800.0,18.789289276185396,92.0,300.0,0.05666666666666667,3.5,5555.0,5e-09,5e-11,0.85,1.02e-10,1.86e-10,-0.00016,0.3839724354387525,22.0,40,0,0,
1553,800.0,18.789289276185396,92.0,300.0,0.05666666666666667,3.857142857142857,5555.0,5e-09,5e-11,0.85,1.02e-10,1.86e-10,-0.00016,0.3839724354387525,22.0,40,0,0,
1554,800.0,18.789289276185396,92.0,300.0,0.05666666666666667,4.214285714285714,5555.0,5e-09,5e-11,0.85,1.02e-10,1.86e-10,-0.00016,0.3839724354387525,22.0,40,0,0,
1555,800.0,18.789289276185396,92.0,300.0,0.05666666666666667,4.571428571428571,5555.0,5e-09,5e-11,0.85,1.02e-10,1.86e-10,-0.00016,0.3839724354387525,22.0,40,0,0,
1556,800.0,18.789289276185396,92.0,300.0,0.05666666666666667,4.928571428571429,5555.0,5e-09,5e-11,0.85,1.02e-10,1.86e-10,-0.00016,0.3839724354387525,22.0,40,0,0,
1557,800.0,18.789289276185396,92.0,300.0,0.05666666666666667,5.285714285714286,5555.0,5e-09,5e-11,0.85,1.02e-10,1.86e-10,-0.00016,0.3839724354387525,22.0,40,0,0,
1558,800.0,18.789289276185396,92.0,300.0,0.05666666666666667,5.642857142857143,5555.0,5e-09,5e-11,0.85,1.02e-10,1.86e-10,-0.00016,0.3839724354387525,22.0,40,0,0,
1559,800.0,18.789289276185396,92.0,300.0,0.05666666666666667,6.0,5555.0,5e-09,5e-11,0.85,1.02e-10,1.86e-10,-0.00016,0.3839724354387525,22.0,40,0,0,
1560,800.0,18.789289276185396,92.0,300.0,0.05888888888888889,1.0,5555.0,5e-09,5e-11,0.85,1.02e-10,1.86e-10,-0.00016,0.3839724354387525,22.0,40,0,0,
1561,800.0,18.789289276185396,92.0,300.0,0.05888888888888889,1.3571428571428572,5555.0,5e-09,5e-11,0.85,1.02e-10,1.86e-10,-0.00016,0.3839724354387525,22.0,40,0,0,
1562,800.0,18.789289276185396,92.0,300.0,0.05888888888888889,1.7142857142857144,5555.0,5e-09,5e-11,0.85,1.02e-10,1.86e-10,-0.00016,0.3839724354387525,22.0,40,0,0,
1563,800.0,18.789289276185396,92.0,300.0,0.05888888888888889,2.071428571428571,5555.0,5e-09,5e-11,0.85,1.02e-10,1.86e-10,-0.00016,0.3839724354387525,22.0,40,0,0,
1564,800.0,18.789289276185396,92.0,300.0,0.05888888888888889,2.428571428571429,5555.0,5e-09,5e-11,0.85,1.02e-10,1.86e-10,-0.00016,0.3839724354387525,22.0,40,0,0,
1565,800.0,18.789289276185396,92.0,300.0,0.05888888888888889,2.7857142857142856,5555.0,5e-09,5e-11,0.85,1.02e-10,1.86e-10,-0.00016,0.3839724354387525,22.0,40,0,0,
1566,800.0,18.789289276185396,92.0,300.0,0.05888888888888889,3.142857142857143,5555.0,5e-09,5e-11,0.85,1.02e-10,1.86e-10,-0.00016,0.3839724354387525,22.0,40,0,0,
1567,800.0,18.789289276185396,92.0,300.0,0.05888888888888889,3.5,5555.0,5e-09,5e-11,0.85,1.02e-10,1.86e-10,-0.00016,0.3839724354387525,22.0,40,0,0,
1568,800.0,18.789289276185396,92.0,300.0,0.05888888888888889,3.857142857142857,5555.0,5e-09,5e-11,0.85,1.02e-10,1.86e-10,-0.00016,0.3839724354387525,22.0,40,0,0,
1569,800.0,18.789289276185396,92.0,300.0,0.05888888888888889,4.214285714285714,5555.0,5e-09,5e-11,0.85,1.02e-10,1.86e-10,-0.00016,0.3839724354387525,22.0,40,0,0,
1570,800.0,18.789289276185396,92.0,300.0,0.05888888888888889,4.571428571428571,5555.0,5e-09,5e-11,0.85,1.02e-10,1.86e-10,-0.00016,0.3839724354387525,22.0,40,0,0,
1571,800.0,18.789289276185396,92.0,300.0,0.05888888888888889,4.928571428571429,5555.0,5e-09,5e-11,0.85,1.02e-10,1.86e-10,-0.00016,0.3839724354387525,22.0,40,0,0,
1572,800.0,18.789289276185396,92.0,300.0,0.05888888888888889,5.285714285714286,5555.0,5e-09,5e-11,0.85,1.02e-10,1.86e-10,-0.00016,0.3839724354387525,22.0,40,0,0,
1573,800.0,18.789289276185396,92.0,300.0,0.05888888888888889,5.642857142857143,5555.0,5e-09,5e-11,0.85,1.02e-10,1.86e-10,-0.00016,0.3839724354387525,22.0,40,0,0,
1574,800.0,18.789289276185396,92.0,300.0,0.05888888888888889,6.0,5555.0,5e-09,5e-11,0.85,1.02e-10,1.86e-10,-0.00016,0.3839724354387525,22.0,40,0,0,
1575,800.0,18.789289276185396,92.0,300.0,0.061111111111111116,1.0,5555.0,5e-09,5e-11,0.85,1.02e-10,1.86e-10,-0.00016,0.3839724354387525,22.0,40,0,0,
1576,800.0,18.789289276185396,92.0,300.0,0.061111111111111116,1.3571428571428572,5555.0,5e-09,5e-11,0.85,1.02e-10,1.86e-10,-0.00016,0.3839724354387525,22.0,40,0,0,
1577,800.0,18.789289276185396,92.0,300.0,0.061111111111111116,1.7142857142857144,5555.0,5e-09,5e-11,0.85,1.02e-10,1.86e-10,-0.00016,0.3839724354387525,22.0,40,0,0,
1578,800.0,18.789289276185396,92.0,300.0,0.061111111111111116,2.071428571428571,5555.0,5e-09,5e-11,0.85,1.02e-10,1.86e-10,-0.00016,0.3839724354387525,22.0,40,0,0,
1579,800.0,18.789289276185396,92.0,300.0,0.061111111111111116,2.428571428571429,5555.0,5e-09,5e-11,0.85,1.02e-10,1.86e-10,-0.00016,0.3839724354387525,22.0,40,0,0,
1580,800.0,18.789289276185396,92.0,300.0,0.061111111111111116,2.7857142857142856,5555.0,5e-09,5e-11,0.85,1.02e-10,1.86e-10,-0.00016,0.3839724354387525,22.0,40,0,0,
1581,800.0,18.789289276185396,92.0,300.0,0.061111111111111116,3.142857142857143,5555.0,5e-09,5e-11,0.85,1.02e-10,1.86e-10,-0.00016,0.3839724354387525,22.0,40,0,0,
1582,800.0,18.789289276185396,92.0,300.0,0.061111111111111116,3.5,5555.0,5e-09,5e-11,0.85,1.02e-10,1.86e-10,-0.00016,0.3839724354387525,22.0,40,0,0,
1583,800.0,18.789289276185396,92.0,300.0,0.061111111111111116,3.857142857142857,5555.0,5e-09,5e-11,0.85,1.02e-10,1.86e-10,-0.00016,0.3839724354387525,22.0,40,0,0,
1584,800.0,18.789289276185396,92.0,300.0,0.061111111111111116,4.214285714285714,5555.0,5e-09,5e-11,0.85,1.02e-10,1.86e-10,-0.00016,0.3839724354387525,22.0,40,0,0,
1585,800.0,18.789289276185396,92.0,300.0,0.061111111111111116,4.571428571428571,5555.0,5e-09,5e-11,0.85,1.02e-10,1.86e-10,-0.00016,0.3839724354387525,22.0,40,0,0,
1586,800.0,18.789289276185396,92.0,300.0,0.061111111111111116,4.928571428571429,5555.0,5e-09,5e-11,0.85,1.02e-10,1.86e-10,-0.00016,0.3839724354387525,22.0,40,0,0,
1587,800.0,18.789289276185396,92.0,300.0,0.061111111111111116,5.285714285714286,5555.0,5e-09,5e-11,0.85,1.02e-10,1.86e-10,-0.00016,0.3839724354387525,22.0,40,0,0,
1588,800.0,18.789289276185396,92.0,300.0,0.061111111111111116,5.642857142857143,5555.0,5e-09,5e-11,0.85,1.02e-10,1.86e-10,-0.00016,0.3839724354387525,22.0,40,0,0,
1589,800.0,18.789289276185396,92.0,300.0,0.061111111111111116,6.0,5555.0,5e-09,5e-11,0.85,1.02e-10,1.86e-10,-0.00016,0.3839724354387525,22.0,40,0,0,
1590,800.0,18.789289276185396,92.0,300.0,0.06333333333333334,1.0,5555.0,5e-09,5e-11,0.85,1.02e-10,1.86e-10,-0.00016,0.3839724354387525,22.0,40,0,0,
1591,800.0,18.789289276185396,92.0,300.0,0.06333333333333334,1.3571428571428572,5555.0,5e-09,5e-11,0.85,1.02e-10,1.86e-10,-0.00016,0.3839724354387525,22.0,40,0,0,
1592,800.0,18.789289276185396,92.0,300.0,0.06333333333333334,1.7142857142857144,5555.0,5e-09,5e-11,0.85,1.02e-10,1.86e-10,-0.00016,0.3839724354387525,22.0,40,0,0,
1593,800.0,18.789289276185396,92.0,300.0,0.06333333333333334,2.071428571428571,5555.0,5e-09,5e-11,0.85,1.02e-10,1.86e-10,-0.00016,0.3839724354387525,22.0,40,0,0,
1594,800.0,18.789289276185396,92.0,300.0,0.06333333333333334,2.428571428571429,5555.0,5e-09,5e-11,0.85,1.02e-10,1.86e-10,-0.00016,0.3839724354387525,22.0,40,0,0,
1595,800.0,18.789289276185396,92.0,300.0,0.06333333333333334,2.7857142857142856,5555.0,5e-09,5e-11,0.85,1.02e-10,1.86e-10,-0.00016,0.3839724354387525,22.0,40,0,0,
1596,800.0,18.789289276185396,92.0,300.0,0.06333333333333334,3.142857142857143,5555.0,5e-09,5e-11,0.85,1.02e-10,1.86e-10,-0.00016,0.3839724354387525,22.0,40,0,0,
1597,800.0,18.789289276185396,92.0,300.0,0.06333333333333334,3.5,5555.0,5e-09,5e-11,0.85,1.02e-10,1.86e-10,-0.00016,0.3839724354387525,22.0,40,0,0,
1598,800.0,18.789289276185396,92.0,300.0,0.06333333333333334,3.857142857142857,5555.0,5e-09,5e-11,0.85,1.02e-10,1.86e-10,-0.00016,0.3839724354387525,22.0,40,0,0,
1599,800.0,18.789289276185396,92.0,300.0,0.06333333333333334,4.214285714285714,5555.0,5e-09,5e-11,0.85,1.02e-10,1.86e-10,-0.00016,0.3839724354387525,22.0,40,0,0,
1600,800.0,18.789289276185396,92.0,300.0,0.06333333333333334,4.571428571428571,5555.0,5e-09,5e-11,0.85,1.02e-10,1.86e-10,-0.00016,0.3839724354387525,22.0,40,0,0,
1601,800.0,18.789289276185396,92.0,300.0,0.06333333333333334,4.928571428571429,5555.0,5e-09,5e-11,0.85,1.02e-10,1.86e-10,-0.00016,0.3839724354387525,22.0,40,0,0,
1602,800.0,18.789289276185396,92.0,300.0,0.06333333333333334,5.285714285714286,5555.0,5e-09,5e-11,0.85,1.02e-10,1.86e-10,-0.00016,0.3839724354387525,22.0,40,0,0,
1603,800.0,18.789289276185396,92.0,300.0,0.06333333333333334,5.642857142857143,5555.0,5e-09,5e-11,0.85,1.02e-10,1.86e-10,-0.00016,0.3839724354387525,22.0,40,0,0,
1604,800.0,18.789289276185396,92.0,300.0,0.06333333333333334,6.0,5555.0,5e-09,5e-11,0.85,1.02e-10,1.86e-10,-0.00016,0.3839724354387525,22.0,40,0,0,
1605,800.0,18.789289276185396,92.0,300.0,0.06555555555555556,1.0,5555.0,5e-09,5e-11,0.85,1.02e-10,1.86e-10,-0.00016,0.3839724354387525,22.0,40,0,0,
1606,800.0,18.789289276185396,92.0,300.0,0.06555555555555556,1.3571428571428572,5555.0,5e-09,5e-11,0.85,1.02e-10,1.86e-10,-0.00016,0.3839724354387525,22.0,40,0,0,
1607,800.0,18.789289276185396,92.0,300.0,0.06555555555555556,1.7142857142857144,5555.0,5e-09,5e-11,0.85,1.02e-10,1.86e-10,-0.00016,0.3839724354387525,22.0,40,0,0,
1608,800.0,18.789289276185396,92.0,300.0,0.06555555555555556,2.071428571428571,5555.0,5e-09,5e-11,0.85,1.02e-10,1.86e-10,-0.00016,0.3839724354387525,22.0,40,0,0,
1609,800.0,18.789289276185396,92.0,300.0,0.06555555555555556,2.428571428571429,5555.0,5e-09,5e-11,0.85,1.02e-10,1.86e-10,-0.00016,0.3839724354387525,22.0,40,0,0,
1610,800.0,18.789289276185396,92.0,300.0,0.06555555555555556,2.7857142857142856,5555.0,5e-09,5e-11,0.85,1.02e-10,1.86e-10,-0.00016,0.3839724354387525,22.0,40,0,0,
1611,800.0,18.789289276185396,92.0,300.0,0.06555555555555556,3.142857142857143,5555.0,5e-09,5e-11,0.85,1.02e-10,1.86e-10,-0.00016,0.3839724354387525,22.0,40,0,0,
1612,800.0,18.789289276185396,92.0,300.0,0.06555555555555556,3.5,5555.0,5e-09,5e-11,0.85,1.02e-10,1.86e-10,-0.00016,0.3839724354387525,22.0,40,0,0,
1613,800.0,18.789289276185396,92.0,300.0,0.06555555555555556,3.857142857142857,5555.0,5e-09,5e-11,0.85,1.02e-10,1.86e-10,-0.00016,0.3839724354387525,22.0,40,0,0,
1614,800.0,18.789289276185396,92.0,300.0,0.06555555555555556,4.214285714285714,5555.0,5e-09,5e-11,0.85,1.02e-10,1.86e-10,-0.00016,0.3839724354387525,22.0,40,0,0,
1615,800.0,18.789289276185396,92.0,300.0,0.06555555555555556,4.571428571428571,5555.0,5e-09,5e-11,0.85,1.02e-10,1.86e-10,-0.00016,0.3839724354387525,22.0,40,0,0,
1616,800.0,18.789289276185396,92.0,300.0,0.06555555555555556,4.928571428571429,5555.0,5e-09,5e-11,0.85,1.02e-10,1.86e-10,-0.00016,0.3839724354387525,22.0,40,0,0,
1617,800.0,18.789289276185396,92.0,300.0,0.06555555555555556,5.285714285714286,5555.0,5e-09,5e-11,0.85,1.02e-10,1.86e-10,-0.00016,0.3839724354387525,22.0,40,0,0,
1618,800.0,18.789289276185396,92.0,300.0,0.06555555555555556,5.642857142857143,5555.0,5e-09,5e-11,0.85,1.02e-10,1.86e-10,-0.00016,0.3839724354387525,22.0,40,0,0,
1619,800.0,18.789289276185396,92.0,300.0,0.06555555555555556,6.0,5555.0,5e-09,5e-11,0.85,1.02e-10,1.86e-10,-0.00016,0.3839724354387525,22.0,40,0,0,
1620,800.0,18.789289276185396,92.0,300.0,0.06777777777777778,1.0,5555.0,5e-09,5e-11,0.85,1.02e-10,1.86e-10,-0.00016,0.3839724354387525,22.0,40,0,0,
1621,800.0,18.789289276185396,92.0,300.0,0.06777777777777778,1.3571428571428572,5555.0,5e-09,5e-11,0.85,1.02e-10,1.86e-10,-0.00016,0.3839724354387525,22.0,40,0,0,
1622,800.0,18.789289276185396,92.0,300.0,0.06777777777777778,1.7142857142857144,5555.0,5e-09,5e-11,0.85,1.02e-10,1.86e-10,-0.00016,0.3839724354387525,22.0,40,0,0,
1623,800.0,18.789289276185396,92.0,300.0,0.06777777777777778,2.071428571428571,5555.0,5e-09,5e-11,0.85,1.02e-10,1.86e-10,-0.00016,0.3839724354387525,22.0,40,0,0,
1624,800.0,18.789289276185396,92.0,300.0,0.06777777777777778,2.428571428571429,5555.0,5e-09,5e-11,0.85,1.02e-10,1.86e-10,-0.00016,0.3839724354387525,22.0,40,0,0,
1625,800.0,18.789289276185396,92.0,300.0,0.06777777777777778,2.7857142857142856,5555.0,5e-09,5e-11,0.85,1.02e-10,1.86e-10,-0.00016,0.3839724354387525,22.0,40,0,0,
1626,800.0,18.789289276185396,92.0,300.0,0.06777777777777778,3.142857142857143,5555.0,5e-09,5e-11,0.85,1.02e-10,1.86e-10,-0.00016,0.3839724354387525,22.0,40,0,0,
1627,800.0,18.789289276185396,92.0,300.0,0.06777777777777778,3.5,5555.0,5e-09,5e-11,0.85,1.02e-10,1.86e-10,-0.00016,0.3839724354387525,22.0,40,0,0,
1628,800.0,18.789289276185396,92.0,300.0,0.06777777777777778,3.857142857142857,5555.0,5e-09,5e-11,0.85,1.02e-10,1.86e-10,-0.00016,0.3839724354387525,22.0,40,0,0,
1629,800.0,18.789289276185396,92.0,300.0,0.06777777777777778,4.214285714285714,5555.0,5e-09,5e-11,0.85,1.02e-10,1.86e-10,-0.00016,0.3839724354387525,22.0,40,0,0,
1630,800.0,18.789289276185396,92.0,300.0,0.06777777777777778,4.571428571428571,5555.0,5e-09,5e-11,0.85,1.02e-10,1.86e-10,-0.00016,0.3839724354387525,22.0,40,0,0,
1631,800.0,18.789289276185396,92.0,300.0,0.06777777777777778,4.928571428571429,5555.0,5e-09,5e-11,0.85,1.02e-10,1.86e-10,-0.00016,0.3839724354387525,22.0,40,0,0,
1632,800.0,18.789289276185396,92.0,300.0,0.06777777777777778,5.285714285714286,5555.0,5e-09,5e-11,0.85,1.02e-10,1.86e-10,-0.00016,0.3839724354387525,22.0,40,0,0,
1633,800.0,18.789289276185396,92.0,300.0,0.06777777777777778,5.642857142857143,5555.0,5e-09,5e-11,0.85,1.02e-10,1.86e-10,-0.00016,0.3839724354387525,22.0,40,0,0,
1634,800.0,18.789289276185396,92.0,300.0,0.06777777777777778,6.0,5555.0,5e-09,5e-11,0.85,1.02e-10,1.86e-10,-0.00016,0.3839724354387525,22.0,40,0,0,
1635,800.0,18.789289276185396,92.0,300.0,0.07,1.0,5555.0,5e-09,5e-11,0.85,1.02e-10,1.86e-10,-0.00016,0.3839724354387525,22.0,40,0,0,
1636,800.0,18.789289276185396,92.0,300.0,0.07,1.3571428571428572,5555.0,5e-09,5e-11,0.85,1.02e-10,1.86e-10,-0.00016,0.3839724354387525,22.0,40,0,0,
1637,800.0,18.789289276185396,92.0,300.0,0.07,1.7142857142857144,5555.0,5e-09,5e-11,0.85,1.02e-10,1.86e-10,-0.00016,0.3839724354387525,22.0,40,0,0,
1638,800.0,18.789289276185396,92.0,300.0,0.07,2.071428571428571,5555.0,5e-09,5e-11,0.85,1.02e-10,1.86e-10,-0.00016,0.3839724354387525,22.0,40,0,0,
1639,800.0,18.789289276185396,92.0,300.0,0.07,2.428571428571429,5555.0,5e-09,5e-11,0.85,1.02e-10,1.86e-10,-0.00016,0.3839724354387525,22.0,40,0,0,
1640,800.0,18.789289276185396,92.0,300.0,0.07,2.7857142857142856,5555.0,5e-09,5e-11,0.85,1.02e-10,1.86e-10,-0.00016,0.3839724354387525,22.0,40,0,0,
1641,800.0,18.789289276185396,92.0,300.0,0.07,3.142857142857143,5555.0,5e-09,5e-11,0.85,1.02e-10,1.86e-10,-0.00016,0.3839724354387525,22.0,40,0,0,
1642,800.0,18.789289276185396,92.0,300.0,0.07,3.5,5555.0,5e-09,5e-11,0.85,1.02e-10,1.86e-10,-0.00016,0.3839724354387525,22.0,40,0,0,
1643,800.0,18.789289276185396,92.0,300.0,0.07,3.857142857142857,5555.0,5e-09,5e-11,0.85,1.02e-10,1.86e-10,-0.00016,0.3839724354387525,22.0,40,0,0,
1644,800.0,18.789289276185396,92.0,300.0,0.07,4.214285714285714,5555.0,5e-09,5e-11,0.85,1.02e-10,1.86e-10,-0.00016,0.3839724354387525,22.0,40,0,0,
1645,800.0,18.789289276185396,92.0,300.0,0.07,4.571428571428571,5555.0,5e-09,5e-11,0.85,1.02e-10,1.86e-10,-0.00016,0.3839724354387525,22.0,40,0,0,
1646,800.0,18.789289276185396,92.0,300.0,0.07,4.928571428571429,5555.0,5e-09,5e-11,0.85,1.02e-10,1.86e-10,-0.00016,0.3839724354387525,22.0,40,0,0,
1647,800.0,18.789289276185396,92.0,300.0,0.07,5.285714285714286,5555.0,5e-09,5e-11,0.85,1.02e-10,1.86e-10,-0.00016,0.3839724354387525,22.0,40,0,0,
1648,800.0,18.789289276185396,92.0,300.0,0.07,5.642857142857143,5555.0,5e-09,5e-11,0.85,1.02e-10,1.86e-10,-0.00016,0.3839724354387525,22.0,40,0,0,
1649,800.0,18.789289276185396,92.0,300.0,0.07,6.0,5555.0,5e-09,5e-11,0.85,1.02e-10,1.86e-10,-0.00016,0.3839724354387525,22.0,40,0,0,
1650,800.0,18.789289276185396,92.0,488.8888888888889,0.05,1.0,5555.0,5e-09,5e-11,0.85,1.02e-10,1.86e-10,-0.00016,0.3839724354387525,22.0,40,0,0,
1651,800.0,18.789289276185396,92.0,488.8888888888889,0.05,1.3571428571428572,5555.0,5e-09,5e-11,0.85,1.02e-10,1.86e-10,-0.00016,0.3839724354387525,22.0,40,0,0,
1652,800.0,18.789289276185396,92.0,488.8888888888889,0.05,1.7142857142857144,5555.0,5e-09,5e-11,0.85,1.02e-10,1.86e-10,-0.00016,0.3839724354387525,22.0,40,0,0,
1653,800.0,18.789289276185396,92.0,488.8888888888889,0.05,2.071428571428571,5555.0,5e-09,5e-11,0.85,1.02e-10,1.86e-10,-0.00016,0.3839724354387525,22.0,40,0,0,
1654,800.0,18.789289276185396,92.0,488.8888888888889,0.05,2.428571428571429,5555.0,5e-09,5e-11,0.85,1.02e-10,1.86e-10,-0.00016,0.3839724354387525,22.0,40,0,0,
1655,800.0,18.789289276185396,92.0,488.8888888888889,0.05,2.7857142857142856,5555.0,5e-09,5e-11,0.85,1.02e-10,1.86e-10,-0.00016,0.3839724354387525,22.0,40,0,0,
1656,800.0,18.789289276185396,92.0,488.8888888888889,0.05,3.142857142857143,5555.0,5e-09,5e-11,0.85,1.02e-10,1.86e-10,-0.00016,0.3839724354387525,22.0,40,0,0,
1657,800.0,18.789289276185396,92.0,488.8888888888889,0.05,3.5,5555.0,5e-09,5e-11,0.85,1.02e-10,1.86e-10,-0.00016,0.3839724354387525,22.0,40,0,0,
1658,800.0,18.789289276185396,92.0,488.8888888888889,0.05,3.857142857142857,5555.0,5e-09,5e-11,0.85,1.02e-10,1.86e-10,-0.00016,0.3839724354387525,22.0,40,0,0,
1659,800.0,18.789289276185396,92.0,488.8888888888889,0.05,4.214285714285714,5555.0,5e-09,5e-11,0.85,1.02e-10,1.86e-10,-0.00016,0.3839724354387525,22.0,40,0,0,
1660,800.0,18.789289276185396,92.0,488.8888888888889,0.05,4.571428571428571,5555.0,5e-09,5e-11,0.85,1.02e-10,1.86e-10,-0.00016,0.3839724354387525,22.0,40,0,0,
1661,800.0,18.789289276185396,92.0,488.8888888888889,0.05,4.928571428571429,5555.0,5e-09,5e-11,0.85,1.02e-10,1.86e-10,-0.00016,0.3839724354387525,22.0,40,0,0,
1662,800.0,18.789289276185396,92.0,488.8888888888889,0.05,5.285714285714286,5555.0,5e-09,5e-11,0.85,1.02e-10,1.86e-10,-0.00016,0.3839724354387525,22.0,40,0,0,
1663,800.0,18.789289276185396,92.0,488.8888888888889,0.05,5.642857142857143,5555.0,5e-09,5e-11,0.85,1.02e-10,1.86e-10,-0.00016,0.3839724354387525,22.0,40,0,0,
1664,800.0,18.789289276185396,92.0,488.8888888888889,0.05,6.0,5555.0,5e-09,5e-11,0.85,1.02e-10,1.86e-10,-0.00016,0.3839724354387525,22.0,40,0,0,
1665,800.0,18.789289276185396,92.0,488.8888888888889,0.052222222222222225,1.0,5555.0,5e-09,5e-11,0.85,1.02e-10,1.86e-10,-0.00016,0.3839724354387525,22.0,40,0,0,
1666,800.0,18.789289276185396,92.0,488.8888888888889,0.052222222222222225,1.3571428571428572,5555.0,5e-09,5e-11,0.85,1.02e-10,1.86e-10,-0.00016,0.3839724354387525,22.0,40,0,0,
1667,800.0,18.789289276185396,92.0,488.8888888888889,0.052222222222222225,1.7142857142857144,5555.0,5e-09,5e-11,0.85,1.02e-10,1.86e-10,-0.00016,0.3839724354387525,22.0,40,0,0,
1668,800.0,18.789289276185396,92.0,488.8888888888889,0.052222222222222225,2.071428571428571,5555.0,5e-09,5e-11,0.85,1.02e-10,1.86e-10,-0.00016,0.3839724354387525,22.0,40,0,0,
1669,800.0,18.789289276185396,92.0,488.8888888888889,0.052222222222222225,2.428571428571429,5555.0,5e-09,5e-11,0.85,1.02e-10,1.86e-10,-0.00016,0.3839724354387525,22.0,40,0,0,
1670,800.0,18.789289276185396,92.0,488.8888888888889,0.052222222222222225,2.7857142857142856,5555.0,5e-09,5e-11,0.85,1.02e-10,1.86e-10,-0.00016,0.3839724354387525,22.0,40,0,0,
1671,800.0,18.789289276185396,92.0,488.8888888888889,0.052222222222222225,3.142857142857143,5555.0,5e-09,5e-11,0.85,1.02e-10,1.86e-10,-0.00016,0.3839724354387525,22.0,40,0,0,
1672,800.0,18.789289276185396,92.0,488.8888888888889,0.052222222222222225,3.5,5555.0,5e-09,5e-11,0.85,1.02e-10,1.86e-10,-0.00016,0.3839724354387525,22.0,40,0,0,
1673,800.0,18.789289276185396,92.0,488.8888888888889,0.052222222222222225,3.857142857142857,5555.0,5e-09,5e-11,0.85,1.02e-10,1.86e-10,-0.00016,0.3839724354387525,22.0,40,0,0,
1674,800.0,18.789289276185396,92.0,488.8888888888889,0.052222222222222225,4.214285714285714,5555.0,5e-09,5e-11,0.85,1.02e-10,1.86e-10,-0.00016,0.3839724354387525,22.0,40,0,0,
1675,800.0,18.789289276185396,92.0,488.8888888888889,0.052222222222222225,4.571428571428571,5555.0,5e-09,5e-11,0.85,1.02e-10,1.86e-10,-0.00016,0.3839724354387525,22.0,40,0,0,
1676,800.0,18.789289276185396,92.0,488.8888888888889,0.052222222222222225,4.928571428571429,5555.0,5e-09,5e-11,0.85,1.02e-10,1.86e-10,-0.00016,0.3839724354387525,22.0,40,0,0,
1677,800.0,18.789289276185396,92.0,488.8888888888889,0.052222222222222225,5.285714285714286,5555.0,5e-09,5e-11,0.85,1.02e-10,1.86e-10,-0.00016,0.3839724354387525,22.0,40,0,0,
1678,800.0,18.789289276185396,92.0,488.8888888888889,0.052222222222222225,5.642857142857143,5555.0,5e-09,5e-11,0.85,1.02e-10,1.86e-10,-0.00016,0.3839724354387525,22.0,40,0,0,
1679,800.0,18.789289276185396,92.0,488.8888888888889,0.052222222222222225,6.0,5555.0,5e-09,5e-11,0.85,1.02e-10,1.86e-10,-0.00016,0.3839724354387525,22.0,40,0,0,
1680,800.0,18.789289276185396,92.0,488.8888888888889,0.05444444444444445,1.0,5555.0,5e-09,5e-11,0.85,1.02e-10,1.86e-10,-0.00016,0.3839724354387525,22.0,40,0,0,
1681,800.0,18.789289276185396,92.0,488.8888888888889,0.05444444444444445,1.3571428571428572,5555.0,5e-09,5e-11,0.85,1.02e-10,1.86e-10,-0.00016,0.3839724354387525,22.0,40,0,0,
1682,800.0,18.789289276185396,92.0,488.8888888888889,0.05444444444444445,1.7142857142857144,5555.0,5e-09,5e-11,0.85,1.02e-10,1.86e-10,-0.00016,0.3839724354387525,22.0,40,0,0,
1683,800.0,18.789289276185396,92.0,488.8888888888889,0.05444444444444445,2.071428571428571,5555.0,5e-09,5e-11,0.85,1.02e-10,1.86e-10,-0.00016,0.3839724354387525,22.0,40,0,0,
1684,800.0,18.789289276185396,92.0,488.8888888888889,0.05444444444444445,2.428571428571429,5555.0,5e-09,5e-11,0.85,1.02e-10,1.86e-10,-0.00016,0.3839724354387525,22.0,40,0,0,
1685,800.0,18.789289276185396,92.0,488.8888888888889,0.05444444444444445,2.7857142857142856,5555.0,5e-09,5e-11,0.85,1.02e-10,1.86e-10,-0.00016,0.3839724354387525,22.0,40,0,0,
1686,800.0,18.789289276185396,92.0,488.8888888888889,0.05444444444444445,3.142857142857143,5555.0,5e-09,5e-11,0.85,1.02e-10,1.86e-10,-0.00016,0.3839724354387525,22.0,40,0,0,
1687,800.0,18.789289276185396,92.0,488.8888888888889,0.05444444444444445,3.5,5555.0,5e-09,5e-11,0.85,1.02e-10,1.86e-10,-0.00016,0.3839724354387525,22.0,40,0,0,
1688,800.0,18.789289276185396,92.0,488.8888888888889,0.05444444444444445,3.857142857142857,5555.0,5e-09,5e-11,0.85,1.02e-10,1.86e-10,-0.00016,0.3839724354387525,22.0,40,0,0,
1689,800.0,18.789289276185396,92.0,488.8888888888889,0.05444444444444445,4.214285714285714,5555.0,5e-09,5e-11,0.85,1.02e-10,1.86e-10,-0.00016,0.3839724354387525,22.0,40,0,0,
1690,800.0,18.789289276185396,92.0,488.8888888888889,0.05444444444444445,4.571428571428571,5555.0,5e-09,5e-11,0.85,1.02e-10,1.86e-10,-0.00016,0.3839724354387525,22.0,40,0,0,
1691,800.0,18.789289276185396,92.0,488.8888888888889,0.05444444444444445,4.928571428571429,5555.0,5e-09,5e-11,0.85,1.02e-10,1.86e-10,-0.00016,0.3839724354387525,22.0,40,0,0,
1692,800.0,18.789289276185396,92.0,488.8888888888889,0.05444444444444445,5.285714285714286,5555.0,5e-09,5e-11,0.85,1.02e-10,1.86e-10,-0.00016,0.3839724354387525,22.0,40,0,0,
1693,800.0,18.789289276185396,92.0,488.8888888888889,0.05444444444444445,5.642857142857143,5555.0,5e-09,5e-11,0.85,1.02e-10,1.86e-10,-0.00016,0.3839724354387525,22.0,40,0,0,
1694,800.0,18.789289276185396,92.0,488.8888888888889,0.05444444444444445,6.0,5555.0,5e-09,5e-11,0.85,1.02e-10,1.86e-10,-0.00016,0.3839724354387525,22.0,40,0,0,
1695,800.0,18.789289276185396,92.0,488.8888888888889,0.05666666666666667,1.0,5555.0,5e-09,5e-11,0.85,1.02e-10,1.86e-10,-0.00016,0.3839724354387525,22.0,40,0,0,
1696,800.0,18.789289276185396,92.0,488.8888888888889,0.05666666666666667,1.3571428571428572,5555.0,5e-09,5e-11,0.85,1.02e-10,1.86e-10,-0.00016,0.3839724354387525,22.0,40,0,0,
1697,800.0,18.789289276185396,92.0,488.8888888888889,0.05666666666666667,1.7142857142857144,5555.0,5e-09,5e-11,0.85,1.02e-10,1.86e-10,-0.00016,0.3839724354387525,22.0,40,0,0,
1698,800.0,18.789289276185396,92.0,488.8888888888889,0.05666666666666667,2.071428571428571,5555.0,5e-09,5e-11,0.85,1.02e-10,1.86e-10,-0.00016,0.3839724354387525,22.0,40,0,0,
1699,800.0,18.789289276185396,92.0,488.8888888888889,0.05666666666666667,2.428571428571429,5555.0,5e-09,5e-11,0.85,1.02e-10,1.86e-10,-0.00016,0.3839724354387525,22.0,40,0,0,
1700,800.0,18.789289276185396,92.0,488.8888888888889,0.05666666666666667,2.7857142857142856,5555.0,5e-09,5e-11,0.85,1.02e-10,1.86e-10,-0.00016,0.3839724354387525,22.0,40,0,0,
1701,800.0,18.789289276185396,92.0,488.8888888888889,0.05666666666666667,3.142857142857143,5555.0,5e-09,5e-11,0.85,1.02e-10,1.86e-10,-0.00016,0.3839724354387525,22.0,40,0,0,
1702,800.0,18.789289276185396,92.0,488.8888888888889,0.05666666666666667,3.5,5555.0,5e-09,5e-11,0.85,1.02e-10,1.86e-10,-0.00016,0.3839724354387525,22.0,40,0,0,
1703,800.0,18.789289276185396,92.0,488.8888888888889,0.05666666666666667,3.857142857142857,5555.0,5e-09,5e-11,0.85,1.02e-10,1.86e-10,-0.00016,0.3839724354387525,22.0,40,0,0,
1704,800.0,18.789289276185396,92.0,488.8888888888889,0.05666666666666667,4.214285714285714,5555.0,5e-09,5e-11,0.85,1.02e-10,1.86e-10,-0.00016,0.3839724354387525,22.0,40,0,0,
1705,800.0,18.789289276185396,92.0,488.8888888888889,0.05666666666666667,4.571428571428571,5555.0,5e-09,5e-11,0.85,1.02e-10,1.86e-10,-0.00016,0.3839724354387525,22.0,40,0,0,
1706,800.0,18.789289276185396,92.0,488.8888888888889,0.05666666666666667,4.928571428571429,5555.0,5e-09,5e-11,0.85,1.02e-10,1.86e-10,-0.00016,0.3839724354387525,22.0,40,0,0,
1707,800.0,18.789289276185396,92.0,488.8888888888889,0.05666666666666667,5.285714285714286,5555.0,5e-09,5e-11,0.85,1.02e-10,1.86e-10,-0.00016,0.3839724354387525,22.0,40,0,0,
1708,800.0,18.789289276185396,92.0,488.8888888888889,0.05666666666666667,5.642857142857143,5555.0,5e-09,5e-11,0.85,1.02e-10,1.86e-10,-0.00016,0.3839724354387525,22.0,40,0,0,
1709,800.0,18.789289276185396,92.0,488.8888888888889,0.05666666666666667,6.0,5555.0,5e-09,5e-11,0.85,1.02e-10,1.86e-10,-0.00016,0.3839724354387525,22.0,40,0,0,
1710,800.0,18.789289276185396,92.0,488.8888888888889,0.05888888888888889,1.0,5555.0,5e-09,5e-11,0.85,1.02e-10,1.86e-10,-0.00016,0.3839724354387525,22.0,40,0,0,
1711,800.0,18.789289276185396,92.0,488.8888888888889,0.05888888888888889,1.3571428571428572,5555.0,5e-09,5e-11,0.85,1.02e-10,1.86e-10,-0.00016,0.3839724354387525,22.0,40,0,0,
1712,800.0,18.789289276185396,92.0,488.8888888888889,0.05888888888888889,1.7142857142857144,5555.0,5e-09,5e-11,0.85,1.02e-10,1.86e-10,-0.00016,0.3839724354387525,22.0,40,0,0,
1713,800.0,18.789289276185396,92.0,488.8888888888889,0.05888888888888889,2.071428571428571,5555.0,5e-09,5e-11,0.85,1.02e-10,1.86e-10,-0.00016,0.3839724354387525,22.0,40,0,0,
1714,800.0,18.789289276185396,92.0,488.8888888888889,0.05888888888888889,2.428571428571429,5555.0,5e-09,5e-11,0.85,1.02e-10,1.86e-10,-0.00016,0.3839724354387525,22.0,40,0,0,
1715,800.0,18.789289276185396,92.0,488.8888888888889,0.05888888888888889,2.7857142857142856,5555.0,5e-09,5e-11,0.85,1.02e-10,1.86e-10,-0.00016,0.3839724354387525,22.0,40,0,0,
1716,800.0,18.789289276185396,92.0,488.8888888888889,0.05888888888888889,3.142857142857143,5555.0,5e-09,5e-11,0.85,1.02e-10,1.86e-10,-0.00016,0.3839724354387525,22.0,40,0,0,
1717,800.0,18.789289276185396,92.0,488.8888888888889,0.05888888888888889,3.5,5555.0,5e-09,5e-11,0.85,1.02e-10,1.86e-10,-0.00016,0.3839724354387525,22.0,40,0,0,
1718,800.0,18.789289276185396,92.0,488.8888888888889,0.05888888888888889,3.857142857142857,5555.0,5e-09,5e-11,0.85,1.02e-10,1.86e-10,-0.00016,0.3839724354387525,22.0,40,0,0,
1719,800.0,18.789289276185396,92.0,488.8888888888889,0.05888888888888889,4.214285714285714,5555.0,5e-09,5e-11,0.85,1.02e-10,1.86e-10,-0.00016,0.3839724354387525,22.0,40,0,0,
1720,800.0,18.789289276185396,92.0,488.8888888888889,0.05888888888888889,4.571428571428571,5555.0,5e-09,5e-11,0.85,1.02e-10,1.86e-10,-0.00016,0.3839724354387525,22.0,40,0,0,
1721,800.0,18.789289276185396,92.0,488.8888888888889,0.05888888888888889,4.928571428571429,5555.0,5e-09,5e-11,0.85,1.02e-10,1.86e-10,-0.00016,0.3839724354387525,22.0,40,0,0,
1722,800.0,18.789289276185396,92.0,488.8888888888889,0.05888888888888889,5.285714285714286,5555.0,5e-09,5e-11,0.85,1.02e-10,1.86e-10,-0.00016,0.3839724354387525,22.0,40,0,0,
1723,800.0,18.789289276185396,92.0,488.8888888888889,0.05888888888888889,5.642857142857143,5555.0,5e-09,5e-11,0.85,1.02e-10,1.86e-10,-0.00016,0.3839724354387525,22.0,40,0,0,
1724,800.0,18.789289276185396,92.0,488.8888888888889,0.05888888888888889,6.0,5555.0,5e-09,5e-11,0.85,1.02e-10,1.86e-10,-0.00016,0.3839724354387525,22.0,40,0,0,
1725,800.0,18.789289276185396,92.0,488.8888888888889,0.061111111111111116,1.0,5555.0,5e-09,5e-11,0.85,1.02e-10,1.86e-10,-0.00016,0.3839724354387525,22.0,40,0,0,
1726,800.0,18.789289276185396,92.0,488.8888888888889,0.061111111111111116,1.3571428571428572,5555.0,5e-09,5e-11,0.85,1.02e-10,1.86e-10,-0.00016,0.3839724354387525,22.0,40,0,0,
1727,800.0,18.789289276185396,92.0,488.8888888888889,0.061111111111111116,1.7142857142857144,5555.0,5e-09,5e-11,0.85,1.02e-10,1.86e-10,-0.00016,0.3839724354387525,22.0,40,0,0,
1728,800.0,18.789289276185396,92.0,488.8888888888889,0.061111111111111116,2.071428571428571,5555.0,5e-09,5e-11,0.85,1.02e-10,1.86e-10,-0.00016,0.3839724354387525,22.0,40,0,0,
1729,800.0,18.789289276185396,92.0,488.8888888888889,0.061111111111111116,2.428571428571429,5555.0,5e-09,5e-11,0.85,1.02e-10,1.86e-10,-0.00016,0.3839724354387525,22.0,40,0,0,
1730,800.0,18.789289276185396,92.0,488.8888888888889,0.061111111111111116,2.7857142857142856,5555.0,5e-09,5e-11,0.85,1.02e-10,1.86e-10,-0.00016,0.3839724354387525,22.0,40,0,0,
1731,800.0,18.789289276185396,92.0,488.8888888888889,0.061111111111111116,3.142857142857143,5555.0,5e-09,5e-11,0.85,1.02e-10,1.86e-10,-0.00016,0.3839724354387525,22.0,40,0,0,
1732,800.0,18.789289276185396,92.0,488.8888888888889,0.061111111111111116,3.5,5555.0,5e-09,5e-11,0.85,1.02e-10,1.86e-10,-0.00016,0.3839724354387525,22.0,40,0,0,
1733,800.0,18.789289276185396,92.0,488.8888888888889,0.061111111111111116,3.857142857142857,5555.0,5e-09,5e-11,0.85,1.02e-10,1.86e-10,-0.00016,0.3839724354387525,22.0,40,0,0,
1734,800.0,18.789289276185396,92.0,488.8888888888889,0.061111111111111116,4.214285714285714,5555.0,5e-09,5e-11,0.85,1.02e-10,1.86e-10,-0.00016,0.3839724354387525,22.0,40,0,0,
1735,800.0,18.789289276185396,92.0,488.8888888888889,0.061111111111111116,4.571428571428571,5555.0,5e-09,5e-11,0.85,1.02e-10,1.86e-10,-0.00016,0.3839724354387525,22.0,40,0,0,
1736,800.0,18.789289276185396,92.0,488.8888888888889,0.061111111111111116,4.928571428571429,5555.0,5e-09,5e-11,0.85,1.02e-10,1.86e-10,-0.00016,0.3839724354387525,22.0,40,0,0,
1737,800.0,18.789289276185396,92.0,488.8888888888889,0.061111111111111116,5.285714285714286,5555.0,5e-09,5e-11,0.85,1.02e-10,1.86e-10,-0.00016,0.3839724354387525,22.0,40,0,0,
1738,800.0,18.789289276185396,92.0,488.8888888888889,0.061111111111111116,5.642857142857143,5555.0,5e-09,5e-11,0.85,1.02e-10,1.86e-10,-0.00016,0.3839724354387525,22.0,40,0,0,
1739,800.0,18.789289276185396,92.0,488.8888888888889,0.061111111111111116,6.0,5555.0,5e-09,5e-11,0.85,1.02e-10,1.86e-10,-0.00016,0.3839724354387525,22.0,40,0,0,
1740,800.0,18.789289276185396,92.0,488.8888888888889,0.06333333333333334,1.0,5555.0,5e-09,5e-11,0.85,1.02e-10,1.86e-10,-0.00016,0.3839724354387525,22.0,40,0,0,
1741,800.0,18.789289276185396,92.0,488.8888888888889,0.06333333333333334,1.3571428571428572,5555.0,5e-09,5e-11,0.85,1.02e-10,1.86e-10,-0.00016,0.3839724354387525,22.0,40,0,0,
1742,800.0,18.789289276185396,92.0,488.8888888888889,0.06333333333333334,1.7142857142857144,5555.0,5e-09,5e-11,0.85,1.02e-10,1.86e-10,-0.00016,0.3839724354387525,22.0,40,0,0,
1743,800.0,18.789289276185396,92.0,488.8888888888889,0.06333333333333334,2.071428571428571,5555.0,5e-09,5e-11,0.85,1.02e-10,1.86e-10,-0.00016,0.3839724354387525,22.0,40,0,0,
1744,800.0,18.789289276185396,92.0,488.8888888888889,0.06333333333333334,2.428571428571429,5555.0,5e-09,5e-11,0.85,1.02e-10,1.86e-10,-0.00016,0.3839724354387525,22.0,40,0,0,
1745,800.0,18.789289276185396,92.0,488.8888888888889,0.06333333333333334,2.7857142857142856,5555.0,5e-09,5e-11,0.85,1.02e-10,1.86e-10,-0.00016,0.3839724354387525,22.0,40,0,0,
1746,800.0,18.789289276185396,92.0,488.8888888888889,0.06333333333333334,3.142857142857143,5555.0,5e-09,5e-11,0.85,1.02e-10,1.86e-10,-0.00016,0.3839724354387525,22.0,40,0,0,
1747,800.0,18.789289276185396,92.0,488.8888888888889,0.06333333333333334,3.5,5555.0,5e-09,5e-11,0.85,1.02e-10,1.86e-10,-0.00016,0.3839724354387525,22.0,40,0,0,
1748,800.0,18.789289276185396,92.0,488.8888888888889,0.06333333333333334,3.857142857142857,5555.0,5e-09,5e-11,0.85,1.02e-10,1.86e-10,-0.00016,0.3839724354387525,22.0,40,0,0,
1749,800.0,18.789289276185396,92.0,488.8888888888889,0.06333333333333334,4.214285714285714,5555.0,5e-09,5e-11,0.85,1.02e-10,1.86e-10,-0.00016,0.3839724354387525,22.0,40,0,0,
1750,800.0,18.789289276185396,92.0,488.8888888888889,0.06333333333333334,4.571428571428571,5555.0,5e-09,5e-11,0.85,1.02e-10,1.86e-10,-0.00016,0.3839724354387525,22.0,40,0,0,
1751,800.0,18.789289276185396,92.0,488.8888888888889,0.06333333333333334,4.928571428571429,5555.0,5e-09,5e-11,0.85,1.02e-10,1.86e-10,-0.00016,0.3839724354387525,22.0,40,0,0,
1752,800.0,18.789289276185396,92.0,488.8888888888889,0.06333333333333334,5.285714285714286,5555.0,5e-09,5e-11,0.85,1.02e-10,1.86e-10,-0.00016,0.3839724354387525,22.0,40,0,0,
1753,800.0,18.789289276185396,92.0,488.8888888888889,0.06333333333333334,5.642857142857143,5555.0,5e-09,5e-11,0.85,1.02e-10,1.86e-10,-0.00016,0.3839724354387525,22.0,40,0,0,
1754,800.0,18.789289276185396,92.0,488.8888888888889,0.06333333333333334,6.0,5555.0,5e-09,5e-11,0.85,1.02e-10,1.86e-10,-0.00016,0.3839724354387525,22.0,40,0,0,
1755,800.0,18.789289276185396,92.0,488.8888888888889,0.06555555555555556,1.0,5555.0,5e-09,5e-11,0.85,1.02e-10,1.86e-10,-0.00016,0.3839724354387525,22.0,40,0,0,
1756,800.0,18.789289276185396,92.0,488.8888888888889,0.06555555555555556,1.3571428571428572,5555.0,5e-09,5e-11,0.85,1.02e-10,1.86e-10,-0.00016,0.3839724354387525,22.0,40,0,0,
1757,800.0,18.789289276185396,92.0,488.8888888888889,0.06555555555555556,1.7142857142857144,5555.0,5e-09,5e-11,0.85,1.02e-10,1.86e-10,-0.00016,0.3839724354387525,22.0,40,0,0,
1758,800.0,18.789289276185396,92.0,488.8888888888889,0.06555555555555556,2.071428571428571,5555.0,5e-09,5e-11,0.85,1.02e-10,1.86e-10,-0.00016,0.3839724354387525,22.0,40,0,0,
1759,800.0,18.789289276185396,92.0,488.8888888888889,0.06555555555555556,2.428571428571429,5555.0,5e-09,5e-11,0.85,1.02e-10,1.86e-10,-0.00016,0.3839724354387525,22.0,40,0,0,
1760,800.0,18.789289276185396,92.0,488.8888888888889,0.06555555555555556,2.7857142857142856,5555.0,5e-09,5e-11,0.85,1.02e-10,1.86e-10,-0.00016,0.3839724354387525,22.0,40,0,0,
1761,800.0,18.789289276185396,92.0,488.8888888888889,0.06555555555555556,3.142857142857143,5555.0,5e-09,5e-11,0.85,1.02e-10,1.86e-10,-0.00016,0.3839724354387525,22.0,40,0,0,
1762,800.0,18.789289276185396,92.0,488.8888888888889,0.06555555555555556,3.5,5555.0,5e-09,5e-11,0.85,1.02e-10,1.86e-10,-0.00016,0.3839724354387525,22.0,40,0,0,
1763,800.0,18.789289276185396,92.0,488.8888888888889,0.06555555555555556,3.857142857142857,5555.0,5e-09,5e-11,0.85,1.02e-10,1.86e-10,-0.00016,0.3839724354387525,22.0,40,0,0,
1764,800.0,18.789289276185396,92.0,488.8888888888889,0.06555555555555556,4.214285714285714,5555.0,5e-09,5e-11,0.85,1.02e-10,1.86e-10,-0.00016,0.3839724354387525,22.0,40,0,0,
1765,800.0,18.789289276185396,92.0,488.8888888888889,0.06555555555555556,4.571428571428571,5555.0,5e-09,5e-11,0.85,1.02e-10,1.86e-10,-0.00016,0.3839724354387525,22.0,40,0,0,
1766,800.0,18.789289276185396,92.0,488.8888888888889,0.06555555555555556,4.928571428571429,5555.0,5e-09,5e-11,0.85,1.02e-10,1.86e-10,-0.00016,0.3839724354387525,22.0,40,0,0,
1767,800.0,18.789289276185396,92.0,488.8888888888889,0.06555555555555556,5.285714285714286,5555.0,5e-09,5e-11,0.85,1.02e-10,1.86e-10,-0.00016,0.3839724354387525,22.0,40,0,0,
1768,800.0,18.789289276185396,92.0,488.8888888888889,0.06555555555555556,5.642857142857143,5555.0,5e-09,5e-11,0.85,1.02e-10,1.86e-10,-0.00016,0.3839724354387525,22.0,40,0,0,
1769,800.0,18.789289276185396,92.0,488.8888888888889,0.06555555555555556,6.0,5555.0,5e-09,5e-11,0.85,1.02e-10,1.86e-10,-0.00016,0.3839724354387525,22.0,40,0,0,
1770,800.0,18.789289276185396,92.0,488.8888888888889,0.06777777777777778,1.0,5555.0,5e-09,5e-11,0.85,1.02e-10,1.86e-10,-0.00016,0.3839724354387525,22.0,40,0,0,
1771,800.0,18.789289276185396,92.0,488.8888888888889,0.06777777777777778,1.3571428571428572,5555.0,5e-09,5e-11,0.85,1.02e-10,1.86e-10,-0.00016,0.3839724354387525,22.0,40,0,0,
1772,800.0,18.789289276185396,92.0,488.8888888888889,0.06777777777777778,1.7142857142857144,5555.0,5e-09,5e-11,0.85,1.02e-10,1.86e-10,-0.00016,0.3839724354387525,22.0,40,0,0,
1773,800.0,18.789289276185396,92.0,488.8888888888889,0.06777777777777778,2.071428571428571,5555.0,5e-09,5e-11,0.85,1.02e-10,1.86e-10,-0.00016,0.3839724354387525,22.0,40,0,0,
1774,800.0,18.789289276185396,92.0,488.8888888888889,0.06777777777777778,2.428571428571429,5555.0,5e-09,5e-11,0.85,1.02e-10,1.86e-10,-0.00016,0.3839724354387525,22.0,40,0,0,
1775,800.0,18.789289276185396,92.0,488.8888888888889,0.06777777777777778,2.7857142857142856,5555.0,5e-09,5e-11,0.85,1.02e-10,1.86e-10,-0.00016,0.3839724354387525,22.0,40,0,0,
1776,800.0,18.789289276185396,92.0,488.8888888888889,0.06777777777777778,3.142857142857143,5555.0,5e-09,5e-11,0.85,1.02e-10,1.86e-10,-0.00016,0.3839724354387525,22.0,40,0,0,
1777,800.0,18.789289276185396,92.0,488.8888888888889,0.06777777777777778,3.5,5555.0,5e-09,5e-11,0.85,1.02e-10,1.86e-10,-0.00016,0.3839724354387525,22.0,40,0,0,
1778,800.0,18.789289276185396,92.0,488.8888888888889,0.06777777777777778,3.857142857142857,5555.0,5e-09,5e-11,0.85,1.02e-10,1.86e-10,-0.00016,0.3839724354387525,22.0,40,0,0,
1779,800.0,18.789289276185396,92.0,488.8888888888889,0.06777777777777778,4.214285714285714,5555.0,5e-09,5e-11,0.85,1.02e-10,1.86e-10,-0.00016,0.3839724354387525,22.0,40,0,0,
1780,800.0,18.789289276185396,92.0,488.8888888888889,0.06777777777777778,4.571428571428571,5555.0,5e-09,5e-11,0.85,1.02e-10,1.86e-10,-0.00016,0.3839724354387525,22.0,40,0,0,
1781,800.0,18.789289276185396,92.0,488.8888888888889,0.06777777777777778,4.928571428571429,5555.0,5e-09,5e-11,0.85,1.02e-10,1.86e-10,-0.00016,0.3839724354387525,22.0,40,0,0,
1782,800.0,18.789289276185396,92.0,488.8888888888889,0.06777777777777778,5.285714285714286,5555.0,5e-09,5e-11,0.85,1.02e-10,1.86e-10,-0.00016,0.3839724354387525,22.0,40,0,0,
1783,800.0,18.789289276185396,92.0,488.8888888888889,0.06777777777777778,5.642857142857143,5555.0,5e-09,5e-11,0.85,1.02e-10,1.86e-10,-0.00016,0.3839724354387525,22.0,40,0,0,
1784,800.0,18.789289276185396,92.0,488.8888888888889,0.06777777777777778,6.0,5555.0,5e-09,5e-11,0.85,1.02e-10,1.86e-10,-0.00016,0.3839724354387525,22.0,40,0,0,
1785,800.0,18.789289276185396,92.0,488.8888888888889,0.07,1.0,5555.0,5e-09,5e-11,0.85,1.02e-10,1.86e-10,-0.00016,0.3839724354387525,22.0,40,0,0,
1786,800.0,18.789289276185396,92.0,488.8888888888889,0.07,1.3571428571428572,5555.0,5e-09,5e-11,0.85,1.02e-10,1.86e-10,-0.00016,0.3839724354387525,22.0,40,0,0,
1787,800.0,18.789289276185396,92.0,488.8888888888889,0.07,1.7142857142857144,5555.0,5e-09,5e-11,0.85,1.02e-10,1.86e-10,-0.00016,0.3839724354387525,22.0,40,0,0,
1788,800.0,18.789289276185396,92.0,488.8888888888889,0.07,2.071428571428571,5555.0,5e-09,5e-11,0.85,1.02e-10,1.86e-10,-0.00016,0.3839724354387525,22.0,40,0,0,
1789,800.0,18.789289276185396,92.0,488.8888888888889,0.07,2.428571428571429,5555.0,5e-09,5e-11,0.85,1.02e-10,1.86e-10,-0.00016,0.3839724354387525,22.0,40,0,0,
1790,800.0,18.789289276185396,92.0,488.8888888888889,0.07,2.7857142857142856,5555.0,5e-09,5e-11,0.85,1.02e-10,1.86e-10,-0.00016,0.3839724354387525,22.0,40,0,0,
1791,800.0,18.789289276185396,92.0,488.8888888888889,0.07,3.142857142857143,5555.0,5e-09,5e-11,0.85,1.02e-10,1.86e-10,-0.00016,0.3839724354387525,22.0,40,0,0,
1792,800.0,18.789289276185396,92.0,488.8888888888889,0.07,3.5,5555.0,5e-09,5e-11,0.85,1.02e-10,1.86e-10,-0.00016,0.3839724354387525,22.0,40,0,0,
1793,800.0,18.789289276185396,92.0,488.8888888888889,0.07,3.857142857142857,5555.0,5e-09,5e-11,0.85,1.02e-10,1.86e-10,-0.00016,0.3839724354387525,22.0,40,0,0,
1794,800.0,18.789289276185396,92.0,488.8888888888889,0.07,4.214285714285714,5555.0,5e-09,5e-11,0.85,1.02e-10,1.86e-10,-0.00016,0.3839724354387525,22.0,40,0,0,
1795,800.0,18.789289276185396,92.0,488.8888888888889,0.07,4.571428571428571,5555.0,5e-09,5e-11,0.85,1.02e-10,1.86e-10,-0.00016,0.3839724354387525,22.0,40,0,0,
1796,800.0,18.789289276185396,92.0,488.8888888888889,0.07,4.928571428571429,5555.0,5e-09,5e-11,0.85,1.02e-10,1.86e-10,-0.00016,0.3839724354387525,22.0,40,0,0,
1797,800.0,18.789289276185396,92.0,488.8888888888889,0.07,5.285714285714286,5555.0,5e-09,5e-11,0.85,1.02e-10,1.86e-10,-0.00016,0.3839724354387525,22.0,40,0,0,
1798,800.0,18.789289276185396,92.0,488.8888888888889,0.07,5.642857142857143,5555.0,5e-09,5e-11,0.85,1.02e-10,1.86e-10,-0.00016,0.3839724354387525,22.0,40,0,0,
1799,800.0,18.789289276185396,92.0,488.8888888888889,0.07,6.0,5555.0,5e-09,5e-11,0.85,1.02e-10,1.86e-10,-0.00016,0.3839724354387525,22.0,40,0,0,
1800,800.0,18.789289276185396,92.0,677.7777777777778,0.05,1.0,5555.0,5e-09,5e-11,0.85,1.02e-10,1.86e-10,-0.00016,0.3839724354387525,22.0,40,0,0,
1801,800.0,18.789289276185396,92.0,677.7777777777778,0.05,1.3571428571428572,5555.0,5e-09,5e-11,0.85,1.02e-10,1.86e-10,-0.00016,0.3839724354387525,22.0,40,0,0,
1802,800.0,18.789289276185396,92.0,677.7777777777778,0.05,1.7142857142857144,5555.0,5e-09,5e-11,0.85,1.02e-10,1.86e-10,-0.00016,0.3839724354387525,22.0,40,0,0,
1803,800.0,18.789289276185396,92.0,677.7777777777778,0.05,2.071428571428571,5555.0,5e-09,5e-11,0.85,1.02e-10,1.86e-10,-0.00016,0.3839724354387525,22.0,40,0,0,
1804,800.0,18.789289276185396,92.0,677.7777777777778,0.05,2.428571428571429,5555.0,5e-09,5e-11,0.85,1.02e-10,1.86e-10,-0.00016,0.3839724354387525,22.0,40,0,0,
1805,800.0,18.789289276185396,92.0,677.7777777777778,0.05,2.7857142857142856,5555.0,5e-09,5e-11,0.85,1.02e-10,1.86e-10,-0.00016,0.3839724354387525,22.0,40,0,0,
1806,800.0,18.789289276185396,92.0,677.7777777777778,0.05,3.142857142857143,5555.0,5e-09,5e-11,0.85,1.02e-10,1.86e-10,-0.00016,0.3839724354387525,22.0,40,0,0,
1807,800.0,18.789289276185396,92.0,677.7777777777778,0.05,3.5,5555.0,5e-09,5e-11,0.85,1.02e-10,1.86e-10,-0.00016,0.3839724354387525,22.0,40,0,0,
1808,800.0,18.789289276185396,92.0,677.7777777777778,0.05,3.857142857142857,5555.0,5e-09,5e-11,0.85,1.02e-10,1.86e-10,-0.00016,0.3839724354387525,22.0,40,0,0,
1809,800.0,18.789289276185396,92.0,677.7777777777778,0.05,4.214285714285714,5555.0,5e-09,5e-11,0.85,1.02e-10,1.86e-10,-0.00016,0.3839724354387525,22.0,40,0,0,
1810,800.0,18.789289276185396,92.0,677.7777777777778,0.05,4.571428571428571,5555.0,5e-09,5e-11,0.85,1.02e-10,1.86e-10,-0.00016,0.3839724354387525,22.0,40,0,0,
1811,800.0,18.789289276185396,92.0,677.7777777777778,0.05,4.928571428571429,5555.0,5e-09,5e-11,0.85,1.02e-10,1.86e-10,-0.00016,0.3839724354387525,22.0,40,0,0,
1812,800.0,18.789289276185396,92.0,677.7777777777778,0.05,5.285714285714286,5555.0,5e-09,5e-11,0.85,1.02e-10,1.86e-10,-0.00016,0.3839724354387525,22.0,40,0,0,
1813,800.0,18.789289276185396,92.0,677.7777777777778,0.05,5.642857142857143,5555.0,5e-09,5e-11,0.85,1.02e-10,1.86e-10,-0.00016,0.3839724354387525,22.0,40,0,0,
1814,800.0,18.789289276185396,92.0,677.7777777777778,0.05,6.0,5555.0,5e-09,5e-11,0.85,1.02e-10,1.86e-10,-0.00016,0.3839724354387525,22.0,40,0,0,
1815,800.0,18.789289276185396,92.0,677.7777777777778,0.052222222222222225,1.0,5555.0,5e-09,5e-11,0.85,1.02e-10,1.86e-10,-0.00016,0.3839724354387525,22.0,40,0,0,
1816,800.0,18.789289276185396,92.0,677.7777777777778,0.052222222222222225,1.3571428571428572,5555.0,5e-09,5e-11,0.85,1.02e-10,1.86e-10,-0.00016,0.3839724354387525,22.0,40,0,0,
1817,800.0,18.789289276185396,92.0,677.7777777777778,0.052222222222222225,1.7142857142857144,5555.0,5e-09,5e-11,0.85,1.02e-10,1.86e-10,-0.00016,0.3839724354387525,22.0,40,0,0,
1818,800.0,18.789289276185396,92.0,677.7777777777778,0.052222222222222225,2.071428571428571,5555.0,5e-09,5e-11,0.85,1.02e-10,1.86e-10,-0.00016,0.3839724354387525,22.0,40,0,0,
1819,800.0,18.789289276185396,92.0,677.7777777777778,0.052222222222222225,2.428571428571429,5555.0,5e-09,5e-11,0.85,1.02e-10,1.86e-10,-0.00016,0.3839724354387525,22.0,40,0,0,
1820,800.0,18.789289276185396,92.0,677.7777777777778,0.052222222222222225,2.7857142857142856,5555.0,5e-09,5e-11,0.85,1.02e-10,1.86e-10,-0.00016,0.3839724354387525,22.0,40,0,0,
1821,800.0,18.789289276185396,92.0,677.7777777777778,0.052222222222222225,3.142857142857143,5555.0,5e-09,5e-11,0.85,1.02e-10,1.86e-10,-0.00016,0.3839724354387525,22.0,40,0,0,
1822,800.0,18.789289276185396,92.0,677.7777777777778,0.052222222222222225,3.5,5555.0,5e-09,5e-11,0.85,1.02e-10,1.86e-10,-0.00016,0.3839724354387525,22.0,40,0,0,
1823,800.0,18.789289276185396,92.0,677.7777777777778,0.052222222222222225,3.857142857142857,5555.0,5e-09,5e-11,0.85,1.02e-10,1.86e-10,-0.00016,0.3839724354387525,22.0,40,0,0,
1824,800.0,18.789289276185396,92.0,677.7777777777778,0.052222222222222225,4.214285714285714,5555.0,5e-09,5e-11,0.85,1.02e-10,1.86e-10,-0.00016,0.3839724354387525,22.0,40,0,0,
1825,800.0,18.789289276185396,92.0,677.7777777777778,0.052222222222222225,4.571428571428571,5555.0,5e-09,5e-11,0.85,1.02e-10,1.86e-10,-0.00016,0.3839724354387525,22.0,40,0,0,
1826,800.0,18.789289276185396,92.0,677.7777777777778,0.052222222222222225,4.928571428571429,5555.0,5e-09,5e-11,0.85,1.02e-10,1.86e-10,-0.00016,0.3839724354387525,22.0,40,0,0,
1827,800.0,18.789289276185396,92.0,677.7777777777778,0.052222222222222225,5.285714285714286,5555.0,5e-09,5e-11,0.85,1.02e-10,1.86e-10,-0.00016,0.3839724354387525,22.0,40,0,0,
1828,800.0,18.789289276185396,92.0,677.7777777777778,0.052222222222222225,5.642857142857143,5555.0,5e-09,5e-11,0.85,1.02e-10,1.86e-10,-0.00016,0.3839724354387525,22.0,40,0,0,
1829,800.0,18.789289276185396,92.0,677.7777777777778,0.052222222222222225,6.0,5555.0,5e-09,5e-11,0.85,1.02e-10,1.86e-10,-0.00016,0.3839724354387525,22.0,40,0,0,
1830,800.0,18.789289276185396,92.0,677.7777777777778,0.05444444444444445,1.0,5555.0,5e-09,5e-11,0.85,1.02e-10,1.86e-10,-0.00016,0.3839724354387525,22.0,40,0,0,
1831,800.0,18.789289276185396,92.0,677.7777777777778,0.05444444444444445,1.3571428571428572,5555.0,5e-09,5e-11,0.85,1.02e-10,1.86e-10,-0.00016,0.3839724354387525,22.0,40,0,0,
1832,800.0,18.789289276185396,92.0,677.7777777777778,0.05444444444444445,1.7142857142857144,5555.0,5e-09,5e-11,0.85,1.02e-10,1.86e-10,-0.00016,0.3839724354387525,22.0,40,0,0,
1833,800.0,18.789289276185396,92.0,677.7777777777778,0.05444444444444445,2.071428571428571,5555.0,5e-09,5e-11,0.85,1.02e-10,1.86e-10,-0.00016,0.3839724354387525,22.0,40,0,0,
1834,800.0,18.789289276185396,92.0,677.7777777777778,0.05444444444444445,2.428571428571429,5555.0,5e-09,5e-11,0.85,1.02e-10,1.86e-10,-0.00016,0.3839724354387525,22.0,40,0,0,
1835,800.0,18.789289276185396,92.0,677.7777777777778,0.05444444444444445,2.7857142857142856,5555.0,5e-09,5e-11,0.85,1.02e-10,1.86e-10,-0.00016,0.3839724354387525,22.0,40,0,0,
1836,800.0,18.789289276185396,92.0,677.7777777777778,0.05444444444444445,3.142857142857143,5555.0,5e-09,5e-11,0.85,1.02e-10,1.86e-10,-0.00016,0.3839724354387525,22.0,40,0,0,
1837,800.0,18.789289276185396,92.0,677.7777777777778,0.05444444444444445,3.5,5555.0,5e-09,5e-11,0.85,1.02e-10,1.86e-10,-0.00016,0.3839724354387525,22.0,40,0,0,
1838,800.0,18.789289276185396,92.0,677.7777777777778,0.05444444444444445,3.857142857142857,5555.0,5e-09,5e-11,0.85,1.02e-10,1.86e-10,-0.00016,0.3839724354387525,22.0,40,0,0,
1839,800.0,18.789289276185396,92.0,677.7777777777778,0.05444444444444445,4.214285714285714,5555.0,5e-09,5e-11,0.85,1.02e-10,1.86e-10,-0.00016,0.3839724354387525,22.0,40,0,0,
1840,800.0,18.789289276185396,92.0,677.7777777777778,0.05444444444444445,4.571428571428571,5555.0,5e-09,5e-11,0.85,1.02e-10,1.86e-10,-0.00016,0.3839724354387525,22.0,40,0,0,
1841,800.0,18.789289276185396,92.0,677.7777777777778,0.05444444444444445,4.928571428571429,5555.0,5e-09,5e-11,0.85,1.02e-10,1.86e-10,-0.00016,0.3839724354387525,22.0,40,0,0,
1842,800.0,18.789289276185396,92.0,677.7777777777778,0.05444444444444445,5.285714285714286,5555.0,5e-09,5e-11,0.85,1.02e-10,1.86e-10,-0.00016,0.3839724354387525,22.0,40,0,0,
1843,800.0,18.789289276185396,92.0,677.7777777777778,0.05444444444444445,5.642857142857143,5555.0,5e-09,5e-11,0.85,1.02e-10,1.86e-10,-0.00016,0.3839724354387525,22.0,40,0,0,
1844,800.0,18.789289276185396,92.0,677.7777777777778,0.05444444444444445,6.0,5555.0,5e-09,5e-11,0.85,1.02e-10,1.86e-10,-0.00016,0.3839724354387525,22.0,40,0,0,
1845,800.0,18.789289276185396,92.0,677.7777777777778,0.05666666666666667,1.0,5555.0,5e-09,5e-11,0.85,1.02e-10,1.86e-10,-0.00016,0.3839724354387525,22.0,40,0,0,
1846,800.0,18.789289276185396,92.0,677.7777777777778,0.05666666666666667,1.3571428571428572,5555.0,5e-09,5e-11,0.85,1.02e-10,1.86e-10,-0.00016,0.3839724354387525,22.0,40,0,0,
1847,800.0,18.789289276185396,92.0,677.7777777777778,0.05666666666666667,1.7142857142857144,5555.0,5e-09,5e-11,0.85,1.02e-10,1.86e-10,-0.00016,0.3839724354387525,22.0,40,0,0,
1848,800.0,18.789289276185396,92.0,677.7777777777778,0.05666666666666667,2.071428571428571,5555.0,5e-09,5e-11,0.85,1.02e-10,1.86e-10,-0.00016,0.3839724354387525,22.0,40,0,0,
1849,800.0,18.789289276185396,92.0,677.7777777777778,0.05666666666666667,2.428571428571429,5555.0,5e-09,5e-11,0.85,1.02e-10,1.86e-10,-0.00016,0.3839724354387525,22.0,40,0,0,
1850,800.0,18.789289276185396,92.0,677.7777777777778,0.05666666666666667,2.7857142857142856,5555.0,5e-09,5e-11,0.85,1.02e-10,1.86e-10,-0.00016,0.3839724354387525,22.0,40,0,0,
1851,800.0,18.789289276185396,92.0,677.7777777777778,0.05666666666666667,3.142857142857143,5555.0,5e-09,5e-11,0.85,1.02e-10,1.86e-10,-0.00016,0.3839724354387525,22.0,40,0,0,
1852,800.0,18.789289276185396,92.0,677.7777777777778,0.05666666666666667,3.5,5555.0,5e-09,5e-11,0.85,1.02e-10,1.86e-10,-0.00016,0.3839724354387525,22.0,40,0,0,
1853,800.0,18.789289276185396,92.0,677.7777777777778,0.05666666666666667,3.857142857142857,5555.0,5e-09,5e-11,0.85,1.02e-10,1.86e-10,-0.00016,0.3839724354387525,22.0,40,0,0,
1854,800.0,18.789289276185396,92.0,677.7777777777778,0.05666666666666667,4.214285714285714,5555.0,5e-09,5e-11,0.85,1.02e-10,1.86e-10,-0.00016,0.3839724354387525,22.0,40,0,0,
1855,800.0,18.789289276185396,92.0,677.7777777777778,0.05666666666666667,4.571428571428571,5555.0,5e-09,5e-11,0.85,1.02e-10,1.86e-10,-0.00016,0.3839724354387525,22.0,40,0,0,
1856,800.0,18.789289276185396,92.0,677.7777777777778,0.05666666666666667,4.928571428571429,5555.0,5e-09,5e-11,0.85,1.02e-10,1.86e-10,-0.00016,0.3839724354387525,22.0,40,0,0,
1857,800.0,18.789289276185396,92.0,677.7777777777778,0.05666666666666667,5.285714285714286,5555.0,5e-09,5e-11,0.85,1.02e-10,1.86e-10,-0.00016,0.3839724354387525,22.0,40,0,0,
1858,800.0,18.789289276185396,92.0,677.7777777777778,0.05666666666666667,5.642857142857143,5555.0,5e-09,5e-11,0.85,1.02e-10,1.86e-10,-0.00016,0.3839724354387525,22.0,40,0,0,
1859,800.0,18.789289276185396,92.0,677.7777777777778,0.05666666666666667,6.0,5555.0,5e-09,5e-11,0.85,1.02e-10,1.86e-10,-0.00016,0.3839724354387525,22.0,40,0,0,
1860,800.0,18.789289276185396,92.0,677.7777777777778,0.05888888888888889,1.0,5555.0,5e-09,5e-11,0.85,1.02e-10,1.86e-10,-0.00016,0.3839724354387525,22.0,40,0,0,
1861,800.0,18.789289276185396,92.0,677.7777777777778,0.05888888888888889,1.3571428571428572,5555.0,5e-09,5e-11,0.85,1.02e-10,1.86e-10,-0.00016,0.3839724354387525,22.0,40,0,0,
1862,800.0,18.789289276185396,92.0,677.7777777777778,0.05888888888888889,1.7142857142857144,5555.0,5e-09,5e-11,0.85,1.02e-10,1.86e-10,-0.00016,0.3839724354387525,22.0,40,0,0,
1863,800.0,18.789289276185396,92.0,677.7777777777778,0.05888888888888889,2.071428571428571,5555.0,5e-09,5e-11,0.85,1.02e-10,1.86e-10,-0.00016,0.3839724354387525,22.0,40,0,0,
1864,800.0,18.789289276185396,92.0,677.7777777777778,0.05888888888888889,2.428571428571429,5555.0,5e-09,5e-11,0.85,1.02e-10,1.86e-10,-0.00016,0.3839724354387525,22.0,40,0,0,
1865,800.0,18.789289276185396,92.0,677.7777777777778,0.05888888888888889,2.7857142857142856,5555.0,5e-09,5e-11,0.85,1.02e-10,1.86e-10,-0.00016,0.3839724354387525,22.0,40,0,0,
1866,800.0,18.789289276185396,92.0,677.7777777777778,0.05888888888888889,3.142857142857143,5555.0,5e-09,5e-11,0.85,1.02e-10,1.86e-10,-0.00016,0.3839724354387525,22.0,40,0,0,
1867,800.0,18.789289276185396,92.0,677.7777777777778,0.05888888888888889,3.5,5555.0,5e-09,5e-11,0.85,1.02e-10,1.86e-10,-0.00016,0.3839724354387525,22.0,40,0,0,
1868,800.0,18.789289276185396,92.0,677.7777777777778,0.05888888888888889,3.857142857142857,5555.0,5e-09,5e-11,0.85,1.02e-10,1.86e-10,-0.00016,0.3839724354387525,22.0,40,0,0,
1869,800.0,18.789289276185396,92.0,677.7777777777778,0.05888888888888889,4.214285714285714,5555.0,5e-09,5e-11,0.85,1.02e-10,1.86e-10,-0.00016,0.3839724354387525,22.0,40,0,0,
1870,800.0,18.789289276185396,92.0,677.7777777777778,0.05888888888888889,4.571428571428571,5555.0,5e-09,5e-11,0.85,1.02e-10,1.86e-10,-0.00016,0.3839724354387525,22.0,40,0,0,
1871,800.0,18.789289276185396,92.0,677.7777777777778,0.05888888888888889,4.928571428571429,5555.0,5e-09,5e-11,0.85,1.02e-10,1.86e-10,-0.00016,0.3839724354387525,22.0,40,0,0,
1872,800.0,18.789289276185396,92.0,677.7777777777778,0.05888888888888889,5.285714285714286,5555.0,5e-09,5e-11,0.85,1.02e-10,1.86e-10,-0.00016,0.3839724354387525,22.0,40,0,0,
1873,800.0,18.789289276185396,92.0,677.7777777777778,0.05888888888888889,5.642857142857143,5555.0,5e-09,5e-11,0.85,1.02e-10,1.86e-10,-0.00016,0.3839724354387525,22.0,40,0,0,
1874,800.0,18.789289276185396,92.0,677.7777777777778,0.05888888888888889,6.0,5555.0,5e-09,5e-11,0.85,1.02e-10,1.86e-10,-0.00016,0.3839724354387525,22.0,40,0,0,
1875,800.0,18.789289276185396,92.0,677.7777777777778,0.061111111111111116,1.0,5555.0,5e-09,5e-11,0.85,1.02e-10,1.86e-10,-0.00016,0.3839724354387525,22.0,40,0,0,
1876,800.0,18.789289276185396,92.0,677.7777777777778,0.061111111111111116,1.3571428571428572,5555.0,5e-09,5e-11,0.85,1.02e-10,1.86e-10,-0.00016,0.3839724354387525,22.0,40,0,0,
1877,800.0,18.789289276185396,92.0,677.7777777777778,0.061111111111111116,1.7142857142857144,5555.0,5e-09,5e-11,0.85,1.02e-10,1.86e-10,-0.00016,0.3839724354387525,22.0,40,0,0,
1878,800.0,18.789289276185396,92.0,677.7777777777778,0.061111111111111116,2.071428571428571,5555.0,5e-09,5e-11,0.85,1.02e-10,1.86e-10,-0.00016,0.3839724354387525,22.0,40,0,0,
1879,800.0,18.789289276185396,92.0,677.7777777777778,0.061111111111111116,2.428571428571429,5555.0,5e-09,5e-11,0.85,1.02e-10,1.86e-10,-0.00016,0.3839724354387525,22.0,40,0,0,
1880,800.0,18.789289276185396,92.0,677.7777777777778,0.061111111111111116,2.7857142857142856,5555.0,5e-09,5e-11,0.85,1.02e-10,1.86e-10,-0.00016,0.3839724354387525,22.0,40,0,0,
1881,800.0,18.789289276185396,92.0,677.7777777777778,0.061111111111111116,3.142857142857143,5555.0,5e-09,5e-11,0.85,1.02e-10,1.86e-10,-0.00016,0.3839724354387525,22.0,40,0,0,
1882,800.0,18.789289276185396,92.0,677.7777777777778,0.061111111111111116,3.5,5555.0,5e-09,5e-11,0.85,1.02e-10,1.86e-10,-0.00016,0.3839724354387525,22.0,40,0,0,
1883,800.0,18.789289276185396,92.0,677.7777777777778,0.061111111111111116,3.857142857142857,5555.0,5e-09,5e-11,0.85,1.02e-10,1.86e-10,-0.00016,0.3839724354387525,22.0,40,0,0,
1884,800.0,18.789289276185396,92.0,677.7777777777778,0.061111111111111116,4.214285714285714,5555.0,5e-09,5e-11,0.85,1.02e-10,1.86e-10,-0.00016,0.3839724354387525,22.0,40,0,0,
1885,800.0,18.789289276185396,92.0,677.7777777777778,0.061111111111111116,4.571428571428571,5555.0,5e-09,5e-11,0.85,1.02e-10,1.86e-10,-0.00016,0.3839724354387525,22.0,40,0,0,
1886,800.0,18.789289276185396,92.0,677.7777777777778,0.061111111111111116,4.928571428571429,5555.0,5e-09,5e-11,0.85,1.02e-10,1.86e-10,-0.00016,0.3839724354387525,22.0,40,0,0,
1887,800.0,18.789289276185396,92.0,677.7777777777778,0.061111111111111116,5.285714285714286,5555.0,5e-09,5e-11,0.85,1.02e-10,1.86e-10,-0.00016,0.3839724354387525,22.0,40,0,0,
1888,800.0,18.789289276185396,92.0,677.7777777777778,0.061111111111111116,5.642857142857143,5555.0,5e-09,5e-11,0.85,1.02e-10,1.86e-10,-0.00016,0.3839724354387525,22.0,40,0,0,
1889,800.0,18.789289276185396,92.0,677.7777777777778,0.061111111111111116,6.0,5555.0,5e-09,5e-11,0.85,1.02e-10,1.86e-10,-0.00016,0.3839724354387525,22.0,40,0,0,
1890,800.0,18.789289276185396,92.0,677.7777777777778,0.06333333333333334,1.0,5555.0,5e-09,5e-11,0.85,1.02e-10,1.86e-10,-0.00016,0.3839724354387525,22.0,40,0,0,
1891,800.0,18.789289276185396,92.0,677.7777777777778,0.06333333333333334,1.3571428571428572,5555.0,5e-09,5e-11,0.85,1.02e-10,1.86e-10,-0.00016,0.3839724354387525,22.0,40,0,0,
1892,800.0,18.789289276185396,92.0,677.7777777777778,0.06333333333333334,1.7142857142857144,5555.0,5e-09,5e-11,0.85,1.02e-10,1.86e-10,-0.00016,0.3839724354387525,22.0,40,0,0,
1893,800.0,18.789289276185396,92.0,677.7777777777778,0.06333333333333334,2.071428571428571,5555.0,5e-09,5e-11,0.85,1.02e-10,1.86e-10,-0.00016,0.3839724354387525,22.0,40,0,0,
1894,800.0,18.789289276185396,92.0,677.7777777777778,0.06333333333333334,2.428571428571429,5555.0,5e-09,5e-11,0.85,1.02e-10,1.86e-10,-0.00016,0.3839724354387525,22.0,40,0,0,
1895,800.0,18.789289276185396,92.0,677.7777777777778,0.06333333333333334,2.7857142857142856,5555.0,5e-09,5e-11,0.85,1.02e-10,1.86e-10,-0.00016,0.3839724354387525,22.0,40,0,0,
1896,800.0,18.789289276185396,92.0,677.7777777777778,0.06333333333333334,3.142857142857143,5555.0,5e-09,5e-11,0.85,1.02e-10,1.86e-10,-0.00016,0.3839724354387525,22.0,40,0,0,
1897,800.0,18.789289276185396,92.0,677.7777777777778,0.06333333333333334,3.5,5555.0,5e-09,5e-11,0.85,1.02e-10,1.86e-10,-0.00016,0.3839724354387525,22.0,40,0,0,
1898,800.0,18.789289276185396,92.0,677.7777777777778,0.06333333333333334,3.857142857142857,5555.0,5e-09,5e-11,0.85,1.02e-10,1.86e-10,-0.00016,0.3839724354387525,22.0,40,0,0,
1899,800.0,18.789289276185396,92.0,677.7777777777778,0.06333333333333334,4.214285714285714,5555.0,5e-09,5e-11,0.85,1.02e-10,1.86e-10,-0.00016,0.3839724354387525,22.0,40,0,0,
1900,800.0,18.789289276185396,92.0,677.7777777777778,0.06333333333333334,4.571428571428571,5555.0,5e-09,5e-11,0.85,1.02e-10,1.86e-10,-0.00016,0.3839724354387525,22.0,40,0,0,
1901,800.0,18.789289276185396,92.0,677.7777777777778,0.06333333333333334,4.928571428571429,5555.0,5e-09,5e-11,0.85,1.02e-10,1.86e-10,-0.00016,0.3839724354387525,22.0,40,0,0,
1902,800.0,18.789289276185396,92.0,677.7777777777778,0.06333333333333334,5.285714285714286,5555.0,5e-09,5e-11,0.85,1.02e-10,1.86e-10,-0.00016,0.3839724354387525,22.0,40,0,0,
1903,800.0,18.789289276185396,92.0,677.7777777777778,0.06333333333333334,5.642857142857143,5555.0,5e-09,5e-11,0.85,1.02e-10,1.86e-10,-0.00016,0.3839724354387525,22.0,40,0,0,
1904,800.0,18.789289276185396,92.0,677.7777777777778,0.06333333333333334,6.0,5555.0,5e-09,5e-11,0.85,1.02e-10,1.86e-10,-0.00016,0.3839724354387525,22.0,40,0,0,
1905,800.0,18.789289276185396,92.0,677.7777777777778,0.06555555555555556,1.0,5555.0,5e-09,5e-11,0.85,1.02e-10,1.86e-10,-0.00016,0.3839724354387525,22.0,40,0,0,
1906,800.0,18.789289276185396,92.0,677.7777777777778,0.06555555555555556,1.3571428571428572,5555.0,5e-09,5e-11,0.85,1.02e-10,1.86e-10,-0.00016,0.3839724354387525,22.0,40,0,0,
1907,800.0,18.789289276185396,92.0,677.7777777777778,0.06555555555555556,1.7142857142857144,5555.0,5e-09,5e-11,0.85,1.02e-10,1.86e-10,-0.00016,0.3839724354387525,22.0,40,0,0,
1908,800.0,18.789289276185396,92.0,677.7777777777778,0.06555555555555556,2.071428571428571,5555.0,5e-09,5e-11,0.85,1.02e-10,1.86e-10,-0.00016,0.3839724354387525,22.0,40,0,0,
1909,800.0,18.789289276185396,92.0,677.7777777777778,0.06555555555555556,2.428571428571429,5555.0,5e-09,5e-11,0.85,1.02e-10,1.86e-10,-0.00016,0.3839724354387525,22.0,40,0,0,
1910,800.0,18.789289276185396,92.0,677.7777777777778,0.06555555555555556,2.7857142857142856,5555.0,5e-09,5e-11,0.85,1.02e-10,1.86e-10,-0.00016,0.3839724354387525,22.0,40,0,0,
1911,800.0,18.789289276185396,92.0,677.7777777777778,0.06555555555555556,3.142857142857143,5555.0,5e-09,5e-11,0.85,1.02e-10,1.86e-10,-0.00016,0.3839724354387525,22.0,40,0,0,
1912,800.0,18.789289276185396,92.0,677.7777777777778,0.06555555555555556,3.5,5555.0,5e-09,5e-11,0.85,1.02e-10,1.86e-10,-0.00016,0.3839724354387525,22.0,40,0,0,
1913,800.0,18.789289276185396,92.0,677.7777777777778,0.06555555555555556,3.857142857142857,5555.0,5e-09,5e-11,0.85,1.02e-10,1.86e-10,-0.00016,0.3839724354387525,22.0,40,0,0,
1914,800.0,18.789289276185396,92.0,677.7777777777778,0.06555555555555556,4.214285714285714,5555.0,5e-09,5e-11,0.85,1.02e-10,1.86e-10,-0.00016,0.3839724354387525,22.0,40,0,0,
1915,800.0,18.789289276185396,92.0,677.7777777777778,0.06555555555555556,4.571428571428571,5555.0,5e-09,5e-11,0.85,1.02e-10,1.86e-10,-0.00016,0.3839724354387525,22.0,40,0,0,
1916,800.0,18.789289276185396,92.0,677.7777777777778,0.06555555555555556,4.928571428571429,5555.0,5e-09,5e-11,0.85,1.02e-10,1.86e-10,-0.00016,0.3839724354387525,22.0,40,0,0,
1917,800.0,18.789289276185396,92.0,677.7777777777778,0.06555555555555556,5.285714285714286,5555.0,5e-09,5e-11,0.85,1.02e-10,1.86e-10,-0.00016,0.3839724354387525,22.0,40,0,0,
1918,800.0,18.789289276185396,92.0,677.7777777777778,0.06555555555555556,5.642857142857143,5555.0,5e-09,5e-11,0.85,1.02e-10,1.86e-10,-0.00016,0.3839724354387525,22.0,40,0,0,
1919,800.0,18.789289276185396,92.0,677.7777777777778,0.06555555555555556,6.0,5555.0,5e-09,5e-11,0.85,1.02e-10,1.86e-10,-0.00016,0.3839724354387525,22.0,40,0,0,
1920,800.0,18.789289276185396,92.0,677.7777777777778,0.06777777777777778,1.0,5555.0,5e-09,5e-11,0.85,1.02e-10,1.86e-10,-0.00016,0.3839724354387525,22.0,40,0,0,
1921,800.0,18.789289276185396,92.0,677.7777777777778,0.06777777777777778,1.3571428571428572,5555.0,5e-09,5e-11,0.85,1.02e-10,1.86e-10,-0.00016,0.3839724354387525,22.0,40,0,0,
1922,800.0,18.789289276185396,92.0,677.7777777777778,0.06777777777777778,1.7142857142857144,5555.0,5e-09,5e-11,0.85,1.02e-10,1.86e-10,-0.00016,0.3839724354387525,22.0,40,0,0,
1923,800.0,18.789289276185396,92.0,677.7777777777778,0.06777777777777778,2.071428571428571,5555.0,5e-09,5e-11,0.85,1.02e-10,1.86e-10,-0.00016,0.3839724354387525,22.0,40,0,0,
1924,800.0,18.789289276185396,92.0,677.7777777777778,0.06777777777777778,2.428571428571429,5555.0,5e-09,5e-11,0.85,1.02e-10,1.86e-10,-0.00016,0.3839724354387525,22.0,40,0,0,
1925,800.0,18.789289276185396,92.0,677.7777777777778,0.06777777777777778,2.7857142857142856,5555.0,5e-09,5e-11,0.85,1.02e-10,1.86e-10,-0.00016,0.3839724354387525,22.0,40,0,0,
1926,800.0,18.789289276185396,92.0,677.7777777777778,0.06777777777777778,3.142857142857143,5555.0,5e-09,5e-11,0.85,1.02e-10,1.86e-10,-0.00016,0.3839724354387525,22.0,40,0,0,
1927,800.0,18.789289276185396,92.0,677.7777777777778,0.06777777777777778,3.5,5555.0,5e-09,5e-11,0.85,1.02e-10,1.86e-10,-0.00016,0.3839724354387525,22.0,40,0,0,
1928,800.0,18.789289276185396,92.0,677.7777777777778,0.06777777777777778,3.857142857142857,5555.0,5e-09,5e-11,0.85,1.02e-10,1.86e-10,-0.00016,0.3839724354387525,22.0,40,0,0,
1929,800.0,18.789289276185396,92.0,677.7777777777778,0.06777777777777778,4.214285714285714,5555.0,5e-09,5e-11,0.85,1.02e-10,1.86e-10,-0.00016,0.3839724354387525,22.0,40,0,0,
1930,800.0,18.789289276185396,92.0,677.7777777777778,0.06777777777777778,4.571428571428571,5555.0,5e-09,5e-11,0.85,1.02e-10,1.86e-10,-0.00016,0.3839724354387525,22.0,40,0,0,
1931,800.0,18.789289276185396,92.0,677.7777777777778,0.06777777777777778,4.928571428571429,5555.0,5e-09,5e-11,0.85,1.02e-10,1.86e-10,-0.00016,0.3839724354387525,22.0,40,0,0,
1932,800.0,18.789289276185396,92.0,677.7777777777778,0.06777777777777778,5.285714285714286,5555.0,5e-09,5e-11,0.85,1.02e-10,1.86e-10,-0.00016,0.3839724354387525,22.0,40,0,0,
1933,800.0,18.789289276185396,92.0,677.7777777777778,0.06777777777777778,5.642857142857143,5555.0,5e-09,5e-11,0.85,1.02e-10,1.86e-10,-0.00016,0.3839724354387525,22.0,40,0,0,
1934,800.0,18.789289276185396,92.0,677.7777777777778,0.06777777777777778,6.0,5555.0,5e-09,5e-11,0.85,1.02e-10,1.86e-10,-0.00016,0.3839724354387525,22.0,40,0,0,
1935,800.0,18.789289276185396,92.0,677.7777777777778,0.07,1.0,5555.0,5e-09,5e-11,0.85,1.02e-10,1.86e-10,-0.00016,0.3839724354387525,22.0,40,0,0,
1936,800.0,18.789289276185396,92.0,677.7777777777778,0.07,1.3571428571428572,5555.0,5e-09,5e-11,0.85,1.02e-10,1.86e-10,-0.00016,0.3839724354387525,22.0,40,0,0,
1937,800.0,18.789289276185396,92.0,677.7777777777778,0.07,1.7142857142857144,5555.0,5e-09,5e-11,0.85,1.02e-10,1.86e-10,-0.00016,0.3839724354387525,22.0,40,0,0,
1938,800.0,18.789289276185396,92.0,677.7777777777778,0.07,2.071428571428571,5555.0,5e-09,5e-11,0.85,1.02e-10,1.86e-10,-0.00016,0.3839724354387525,22.0,40,0,0,
1939,800.0,18.789289276185396,92.0,677.7777777777778,0.07,2.428571428571429,5555.0,5e-09,5e-11,0.85,1.02e-10,1.86e-10,-0.00016,0.3839724354387525,22.0,40,0,0,
1940,800.0,18.789289276185396,92.0,677.7777777777778,0.07,2.7857142857142856,5555.0,5e-09,5e-11,0.85,1.02e-10,1.86e-10,-0.00016,0.3839724354387525,22.0,40,0,0,
1941,800.0,18.789289276185396,92.0,677.7777777777778,0.07,3.142857142857143,5555.0,5e-09,5e-11,0.85,1.02e-10,1.86e-10,-0.00016,0.3839724354387525,22.0,40,0,0,
1942,800.0,18.789289276185396,92.0,677.7777777777778,0.07,3.5,5555.0,5e-09,5e-11,0.85,1.02e-10,1.86e-10,-0.00016,0.3839724354387525,22.0,40,0,0,
1943,800.0,18.789289276185396,92.0,677.7777777777778,0.07,3.857142857142857,5555.0,5e-09,5e-11,0.85,1.02e-10,1.86e-10,-0.00016,0.3839724354387525,22.0,40,0,0,
1944,800.0,18.789289276185396,92.0,677.7777777777778,0.07,4.214285714285714,5555.0,5e-09,5e-11,0.85,1.02e-10,1.86e-10,-0.00016,0.3839724354387525,22.0,40,0,0,
1945,800.0,18.789289276185396,92.0,677.7777777777778,0.07,4.571428571428571,5555.0,5e-09,5e-11,0.85,1.02e-10,1.86e-10,-0.00016,0.3839724354387525,22.0,40,0,0,
1946,800.0,18.789289276185396,92.0,677.7777777777778,0.07,4.928571428571429,5555.0,5e-09,5e-11,0.85,1.02e-10,1.86e-10,-0.00016,0.3839724354387525,22.0,40,0,0,
1947,800.0,18.789289276185396,92.0,677.7777777777778,0.07,5.285714285714286,5555.0,5e-09,5e-11,0.85,1.02e-10,1.86e-10,-0.00016,0.3839724354387525,22.0,40,0,0,
1948,800.0,18.789289276185396,92.0,677.7777777777778,0.07,5.642857142857143,5555.0,5e-09,5e-11,0.85,1.02e-10,1.86e-10,-0.00016,0.3839724354387525,22.0,40,0,0,
1949,800.0,18.789289276185396,92.0,677.7777777777778,0.07,6.0,5555.0,5e-09,5e-11,0.85,1.02e-10,1.86e-10,-0.00016,0.3839724354387525,22.0,40,0,0,
1950,800.0,18.789289276185396,92.0,866.6666666666666,0.05,1.0,5555.0,5e-09,5e-11,0.85,1.02e-10,1.86e-10,-0.00016,0.3839724354387525,22.0,40,0,0,
1951,800.0,18.789289276185396,92.0,866.6666666666666,0.05,1.3571428571428572,5555.0,5e-09,5e-11,0.85,1.02e-10,1.86e-10,-0.00016,0.3839724354387525,22.0,40,0,0,
1952,800.0,18.789289276185396,92.0,866.6666666666666,0.05,1.7142857142857144,5555.0,5e-09,5e-11,0.85,1.02e-10,1.86e-10,-0.00016,0.3839724354387525,22.0,40,0,0,
1953,800.0,18.789289276185396,92.0,866.6666666666666,0.05,2.071428571428571,5555.0,5e-09,5e-11,0.85,1.02e-10,1.86e-10,-0.00016,0.3839724354387525,22.0,40,0,0,
1954,800.0,18.789289276185396,92.0,866.6666666666666,0.05,2.428571428571429,5555.0,5e-09,5e-11,0.85,1.02e-10,1.86e-10,-0.00016,0.3839724354387525,22.0,40,0,0,
1955,800.0,18.789289276185396,92.0,866.6666666666666,0.05,2.7857142857142856,5555.0,5e-09,5e-11,0.85,1.02e-10,1.86e-10,-0.00016,0.3839724354387525,22.0,40,0,0,
1956,800.0,18.789289276185396,92.0,866.6666666666666,0.05,3.142857142857143,5555.0,5e-09,5e-11,0.85,1.02e-10,1.86e-10,-0.00016,0.3839724354387525,22.0,40,0,0,
1957,800.0,18.789289276185396,92.0,866.6666666666666,0.05,3.5,5555.0,5e-09,5e-11,0.85,1.02e-10,1.86e-10,-0.00016,0.3839724354387525,22.0,40,0,0,
1958,800.0,18.789289276185396,92.0,866.6666666666666,0.05,3.857142857142857,5555.0,5e-09,5e-11,0.85,1.02e-10,1.86e-10,-0.00016,0.3839724354387525,22.0,40,0,0,
1959,800.0,18.789289276185396,92.0,866.6666666666666,0.05,4.214285714285714,5555.0,5e-09,5e-11,0.85,1.02e-10,1.86e-10,-0.00016,0.3839724354387525,22.0,40,0,0,
1960,800.0,18.789289276185396,92.0,866.6666666666666,0.05,4.571428571428571,5555.0,5e-09,5e-11,0.85,1.02e-10,1.86e-10,-0.00016,0.3839724354387525,22.0,40,0,0,
1961,800.0,18.789289276185396,92.0,866.6666666666666,0.05,4.928571428571429,5555.0,5e-09,5e-11,0.85,1.02e-10,1.86e-10,-0.00016,0.3839724354387525,22.0,40,0,0,
1962,800.0,18.789289276185396,92.0,866.6666666666666,0.05,5.285714285714286,5555.0,5e-09,5e-11,0.85,1.02e-10,1.86e-10,-0.00016,0.3839724354387525,22.0,40,0,0,
1963,800.0,18.789289276185396,92.0,866.6666666666666,0.05,5.642857142857143,5555.0,5e-09,5e-11,0.85,1.02e-10,1.86e-10,-0.00016,0.3839724354387525,22.0,40,0,0,
1964,800.0,18.789289276185396,92.0,866.6666666666666,0.05,6.0,5555.0,5e-09,5e-11,0.85,1.02e-10,1.86e-10,-0.00016,0.3839724354387525,22.0,40,0,0,
1965,800.0,18.789289276185396,92.0,866.6666666666666,0.052222222222222225,1.0,5555.0,5e-09,5e-11,0.85,1.02e-10,1.86e-10,-0.00016,0.3839724354387525,22.0,40,0,0,
1966,800.0,18.789289276185396,92.0,866.6666666666666,0.052222222222222225,1.3571428571428572,5555.0,5e-09,5e-11,0.85,1.02e-10,1.86e-10,-0.00016,0.3839724354387525,22.0,40,0,0,
1967,800.0,18.789289276185396,92.0,866.6666666666666,0.052222222222222225,1.7142857142857144,5555.0,5e-09,5e-11,0.85,1.02e-10,1.86e-10,-0.00016,0.3839724354387525,22.0,40,0,0,
1968,800.0,18.789289276185396,92.0,866.6666666666666,0.052222222222222225,2.071428571428571,5555.0,5e-09,5e-11,0.85,1.02e-10,1.86e-10,-0.00016,0.3839724354387525,22.0,40,0,0,
1969,800.0,18.789289276185396,92.0,866.6666666666666,0.052222222222222225,2.428571428571429,5555.0,5e-09,5e-11,0.85,1.02e-10,1.86e-10,-0.00016,0.3839724354387525,22.0,40,0,0,
1970,800.0,18.789289276185396,92.0,866.6666666666666,0.052222222222222225,2.7857142857142856,5555.0,5e-09,5e-11,0.85,1.02e-10,1.86e-10,-0.00016,0.3839724354387525,22.0,40,0,0,
1971,800.0,18.789289276185396,92.0,866.6666666666666,0.052222222222222225,3.142857142857143,5555.0,5e-09,5e-11,0.85,1.02e-10,1.86e-10,-0.00016,0.3839724354387525,22.0,40,0,0,
1972,800.0,18.789289276185396,92.0,866.6666666666666,0.052222222222222225,3.5,5555.0,5e-09,5e-11,0.85,1.02e-10,1.86e-10,-0.00016,0.3839724354387525,22.0,40,0,0,
1973,800.0,18.789289276185396,92.0,866.6666666666666,0.052222222222222225,3.857142857142857,5555.0,5e-09,5e-11,0.85,1.02e-10,1.86e-10,-0.00016,0.3839724354387525,22.0,40,0,0,
1974,800.0,18.789289276185396,92.0,866.6666666666666,0.052222222222222225,4.214285714285714,5555.0,5e-09,5e-11,0.85,1.02e-10,1.86e-10,-0.00016,0.3839724354387525,22.0,40,0,0,
1975,800.0,18.789289276185396,92.0,866.6666666666666,0.052222222222222225,4.571428571428571,5555.0,5e-09,5e-11,0.85,1.02e-10,1.86e-10,-0.00016,0.3839724354387525,22.0,40,0,0,
1976,800.0,18.789289276185396,92.0,866.6666666666666,0.052222222222222225,4.928571428571429,5555.0,5e-09,5e-11,0.85,1.02e-10,1.86e-10,-0.00016,0.3839724354387525,22.0,40,0,0,
1977,800.0,18.789289276185396,92.0,866.6666666666666,0.052222222222222225,5.285714285714286,5555.0,5e-09,5e-11,0.85,1.02e-10,1.86e-10,-0.00016,0.3839724354387525,22.0,40,0,0,
1978,800.0,18.789289276185396,92.0,866.6666666666666,0.052222222222222225,5.642857142857143,5555.0,5e-09,5e-11,0.85,1.02e-10,1.86e-10,-0.00016,0.3839724354387525,22.0,40,0,0,
1979,800.0,18.789289276185396,92.0,866.6666666666666,0.052222222222222225,6.0,5555.0,5e-09,5e-11,0.85,1.02e-10,1.86e-10,-0.00016,0.3839724354387525,22.0,40,0,0,
1980,800.0,18.789289276185396,92.0,866.6666666666666,0.05444444444444445,1.0,5555.0,5e-09,5e-11,0.85,1.02e-10,1.86e-10,-0.00016,0.3839724354387525,22.0,40,0,0,
1981,800.0,18.789289276185396,92.0,866.6666666666666,0.05444444444444445,1.3571428571428572,5555.0,5e-09,5e-11,0.85,1.02e-10,1.86e-10,-0.00016,0.3839724354387525,22.0,40,0,0,
1982,800.0,18.789289276185396,92.0,866.6666666666666,0.05444444444444445,1.7142857142857144,5555.0,5e-09,5e-11,0.85,1.02e-10,1.86e-10,-0.00016,0.3839724354387525,22.0,40,0,0,
1983,800.0,18.789289276185396,92.0,866.6666666666666,0.05444444444444445,2.071428571428571,5555.0,5e-09,5e-11,0.85,1.02e-10,1.86e-10,-0.00016,0.3839724354387525,22.0,40,0,0,
1984,800.0,18.789289276185396,92.0,866.6666666666666,0.05444444444444445,2.428571428571429,5555.0,5e-09,5e-11,0.85,1.02e-10,1.86e-10,-0.00016,0.3839724354387525,22.0,40,0,0,
1985,800.0,18.789289276185396,92.0,866.6666666666666,0.05444444444444445,2.7857142857142856,5555.0,5e-09,5e-11,0.85,1.02e-10,1.86e-10,-0.00016,0.3839724354387525,22.0,40,0,0,
1986,800.0,18.789289276185396,92.0,866.6666666666666,0.05444444444444445,3.142857142857143,5555.0,5e-09,5e-11,0.85,1.02e-10,1.86e-10,-0.00016,0.3839724354387525,22.0,40,0,0,
1987,800.0,18.789289276185396,92.0,866.6666666666666,0.05444444444444445,3.5,5555.0,5e-09,5e-11,0.85,1.02e-10,1.86e-10,-0.00016,0.3839724354387525,22.0,40,0,0,
1988,800.0,18.789289276185396,92.0,866.6666666666666,0.05444444444444445,3.857142857142857,5555.0,5e-09,5e-11,0.85,1.02e-10,1.86e-10,-0.00016,0.3839724354387525,22.0,40,0,0,
1989,800.0,18.789289276185396,92.0,866.6666666666666,0.05444444444444445,4.214285714285714,5555.0,5e-09,5e-11,0.85,1.02e-10,1.86e-10,-0.00016,0.3839724354387525,22.0,40,0,0,
1990,800.0,18.789289276185396,92.0,866.6666666666666,0.05444444444444445,4.571428571428571,5555.0,5e-09,5e-11,0.85,1.02e-10,1.86e-10,-0.00016,0.3839724354387525,22.0,40,0,0,
1991,800.0,18.789289276185396,92.0,866.6666666666666,0.05444444444444445,4.928571428571429,5555.0,5e-09,5e-11,0.85,1.02e-10,1.86e-10,-0.00016,0.3839724354387525,22.0,40,0,0,
1992,800.0,18.789289276185396,92.0,866.6666666666666,0.05444444444444445,5.285714285714286,5555.0,5e-09,5e-11,0.85,1.02e-10,1.86e-10,-0.00016,0.3839724354387525,22.0,40,0,0,
1993,800.0,18.789289276185396,92.0,866.6666666666666,0.05444444444444445,5.642857142857143,5555.0,5e-09,5e-11,0.85,1.02e-10,1.86e-10,-0.00016,0.3839724354387525,22.0,40,0,0,
1994,800.0,18.789289276185396,92.0,866.6666666666666,0.05444444444444445,6.0,5555.0,5e-09,5e-11,0.85,1.02e-10,1.86e-10,-0.00016,0.3839724354387525,22.0,40,0,0,
1995,800.0,18.789289276185396,92.0,866.6666666666666,0.05666666666666667,1.0,5555.0,5e-09,5e-11,0.85,1.02e-10,1.86e-10,-0.00016,0.3839724354387525,22.0,40,0,0,
1996,800.0,18.789289276185396,92.0,866.6666666666666,0.05666666666666667,1.3571428571428572,5555.0,5e-09,5e-11,0.85,1.02e-10,1.86e-10,-0.00016,0.3839724354387525,22.0,40,0,0,
1997,800.0,18.789289276185396,92.0,866.6666666666666,0.05666666666666667,1.7142857142857144,5555.0,5e-09,5e-11,0.85,1.02e-10,1.86e-10,-0.00016,0.3839724354387525,22.0,40,0,0,
1998,800.0,18.789289276185396,92.0,866.6666666666666,0.05666666666666667,2.071428571428571,5555.0,5e-09,5e-11,0.85,1.02e-10,1.86e-10,-0.00016,0.3839724354387525,22.0,40,0,0,
1999,800.0,18.789289276185396,92.0,866.6666666666666,0.05666666666666667,2.428571428571429,5555.0,5e-09,5e-11,0.85,1.02e-10,1.86e-10,-0.00016,0.3839724354387525,22.0,40,0,0,
2000,800.0,18.789289276185396,92.0,866.6666666666666,0.05666666666666667,2.7857142857142856,5555.0,5e-09,5e-11,0.85,1.02e-10,1.86e-10,-0.00016,0.3839724354387525,22.0,40,0,0,
2001,800.0,18.789289276185396,92.0,866.6666666666666,0.05666666666666667,3.142857142857143,5555.0,5e-09,5e-11,0.85,1.02e-10,1.86e-10,-0.00016,0.3839724354387525,22.0,40,0,0,
2002,800.0,18.789289276185396,92.0,866.6666666666666,0.05666666666666667,3.5,5555.0,5e-09,5e-11,0.85,1.02e-10,1.86e-10,-0.00016,0.3839724354387525,22.0,40,0,0,
2003,800.0,18.789289276185396,92.0,866.6666666666666,0.05666666666666667,3.857142857142857,5555.0,5e-09,5e-11,0.85,1.02e-10,1.86e-10,-0.00016,0.3839724354387525,22.0,40,0,0,
2004,800.0,18.789289276185396,92.0,866.6666666666666,0.05666666666666667,4.214285714285714,5555.0,5e-09,5e-11,0.85,1.02e-10,1.86e-10,-0.00016,0.3839724354387525,22.0,40,0,0,
2005,800.0,18.789289276185396,92.0,866.6666666666666,0.05666666666666667,4.571428571428571,5555.0,5e-09,5e-11,0.85,1.02e-10,1.86e-10,-0.00016,0.3839724354387525,22.0,40,0,0,
2006,800.0,18.789289276185396,92.0,866.6666666666666,0.05666666666666667,4.928571428571429,5555.0,5e-09,5e-11,0.85,1.02e-10,1.86e-10,-0.00016,0.3839724354387525,22.0,40,0,0,
2007,800.0,18.789289276185396,92.0,866.6666666666666,0.05666666666666667,5.285714285714286,5555.0,5e-09,5e-11,0.85,1.02e-10,1.86e-10,-0.00016,0.3839724354387525,22.0,40,0,0,
2008,800.0,18.789289276185396,92.0,866.6666666666666,0.05666666666666667,5.642857142857143,5555.0,5e-09,5e-11,0.85,1.02e-10,1.86e-10,-0.00016,0.3839724354387525,22.0,40,0,0,
2009,800.0,18.789289276185396,92.0,866.6666666666666,0.05666666666666667,6.0,5555.0,5e-09,5e-11,0.85,1.02e-10,1.86e-10,-0.00016,0.3839724354387525,22.0,40,0,0,
2010,800.0,18.789289276185396,92.0,866.6666666666666,0.05888888888888889,1.0,5555.0,5e-09,5e-11,0.85,1.02e-10,1.86e-10,-0.00016,0.3839724354387525,22.0,40,0,0,
2011,800.0,18.789289276185396,92.0,866.6666666666666,0.05888888888888889,1.3571428571428572,5555.0,5e-09,5e-11,0.85,1.02e-10,1.86e-10,-0.00016,0.3839724354387525,22.0,40,0,0,
2012,800.0,18.789289276185396,92.0,866.6666666666666,0.05888888888888889,1.7142857142857144,5555.0,5e-09,5e-11,0.85,1.02e-10,1.86e-10,-0.00016,0.3839724354387525,22.0,40,0,0,
2013,800.0,18.789289276185396,92.0,866.6666666666666,0.05888888888888889,2.071428571428571,5555.0,5e-09,5e-11,0.85,1.02e-10,1.86e-10,-0.00016,0.3839724354387525,22.0,40,0,0,
2014,800.0,18.789289276185396,92.0,866.6666666666666,0.05888888888888889,2.428571428571429,5555.0,5e-09,5e-11,0.85,1.02e-10,1.86e-10,-0.00016,0.3839724354387525,22.0,40,0,0,
2015,800.0,18.789289276185396,92.0,866.6666666666666,0.05888888888888889,2.7857142857142856,5555.0,5e-09,5e-11,0.85,1.02e-10,1.86e-10,-0.00016,0.3839724354387525,22.0,40,0,0,
2016,800.0,18.789289276185396,92.0,866.6666666666666,0.05888888888888889,3.142857142857143,5555.0,5e-09,5e-11,0.85,1.02e-10,1.86e-10,-0.00016,0.3839724354387525,22.0,40,0,0,
2017,800.0,18.789289276185396,92.0,866.6666666666666,0.05888888888888889,3.5,5555.0,5e-09,5e-11,0.85,1.02e-10,1.86e-10,-0.00016,0.3839724354387525,22.0,40,0,0,
2018,800.0,18.789289276185396,92.0,866.6666666666666,0.05888888888888889,3.857142857142857,5555.0,5e-09,5e-11,0.85,1.02e-10,1.86e-10,-0.00016,0.3839724354387525,22.0,40,0,0,
2019,800.0,18.789289276185396,92.0,866.6666666666666,0.05888888888888889,4.214285714285714,5555.0,5e-09,5e-11,0.85,1.02e-10,1.86e-10,-0.00016,0.3839724354387525,22.0,40,0,0,
2020,800.0,18.789289276185396,92.0,866.6666666666666,0.05888888888888889,4.571428571428571,5555.0,5e-09,5e-11,0.85,1.02e-10,1.86e-10,-0.00016,0.3839724354387525,22.0,40,0,0,
2021,800.0,18.789289276185396,92.0,866.6666666666666,0.05888888888888889,4.928571428571429,5555.0,5e-09,5e-11,0.85,1.02e-10,1.86e-10,-0.00016,0.3839724354387525,22.0,40,0,0,
2022,800.0,18.789289276185396,92.0,866.6666666666666,0.05888888888888889,5.285714285714286,5555.0,5e-09,5e-11,0.85,1.02e-10,1.86e-10,-0.00016,0.3839724354387525,22.0,40,0,0,
2023,800.0,18.789289276185396,92.0,866.6666666666666,0.05888888888888889,5.642857142857143,5555.0,5e-09,5e-11,0.85,1.02e-10,1.86e-10,-0.00016,0.3839724354387525,22.0,40,0,0,
2024,800.0,18.789289276185396,92.0,866.6666666666666,0.05888888888888889,6.0,5555.0,5e-09,5e-11,0.85,1.02e-10,1.86e-10,-0.00016,0.3839724354387525,22.0,40,0,0,
2025,800.0,18.789289276185396,92.0,866.6666666666666,0.061111111111111116,1.0,5555.0,5e-09,5e-11,0.85,1.02e-10,1.86e-10,-0.00016,0.3839724354387525,22.0,40,0,0,
2026,800.0,18.789289276185396,92.0,866.6666666666666,0.061111111111111116,1.3571428571428572,5555.0,5e-09,5e-11,0.85,1.02e-10,1.86e-10,-0.00016,0.3839724354387525,22.0,40,0,0,
2027,800.0,18.789289276185396,92.0,866.6666666666666,0.061111111111111116,1.7142857142857144,5555.0,5e-09,5e-11,0.85,1.02e-10,1.86e-10,-0.00016,0.3839724354387525,22.0,40,0,0,
2028,800.0,18.789289276185396,92.0,866.6666666666666,0.061111111111111116,2.071428571428571,5555.0,5e-09,5e-11,0.85,1.02e-10,1.86e-10,-0.00016,0.3839724354387525,22.0,40,0,0,
2029,800.0,18.789289276185396,92.0,866.6666666666666,0.061111111111111116,2.428571428571429,5555.0,5e-09,5e-11,0.85,1.02e-10,1.86e-10,-0.00016,0.3839724354387525,22.0,40,0,0,
2030,800.0,18.789289276185396,92.0,866.6666666666666,0.061111111111111116,2.7857142857142856,5555.0,5e-09,5e-11,0.85,1.02e-10,1.86e-10,-0.00016,0.3839724354387525,22.0,40,0,0,
2031,800.0,18.789289276185396,92.0,866.6666666666666,0.061111111111111116,3.142857142857143,5555.0,5e-09,5e-11,0.85,1.02e-10,1.86e-10,-0.00016,0.3839724354387525,22.0,40,0,0,
2032,800.0,18.789289276185396,92.0,866.6666666666666,0.061111111111111116,3.5,5555.0,5e-09,5e-11,0.85,1.02e-10,1.86e-10,-0.00016,0.3839724354387525,22.0,40,0,0,
2033,800.0,18.789289276185396,92.0,866.6666666666666,0.061111111111111116,3.857142857142857,5555.0,5e-09,5e-11,0.85,1.02e-10,1.86e-10,-0.00016,0.3839724354387525,22.0,40,0,0,
2034,800.0,18.789289276185396,92.0,866.6666666666666,0.061111111111111116,4.214285714285714,5555.0,5e-09,5e-11,0.85,1.02e-10,1.86e-10,-0.00016,0.3839724354387525,22.0,40,0,0,
2035,800.0,18.789289276185396,92.0,866.6666666666666,0.061111111111111116,4.571428571428571,5555.0,5e-09,5e-11,0.85,1.02e-10,1.86e-10,-0.00016,0.3839724354387525,22.0,40,0,0,
2036,800.0,18.789289276185396,92.0,866.6666666666666,0.061111111111111116,4.928571428571429,5555.0,5e-09,5e-11,0.85,1.02e-10,1.86e-10,-0.00016,0.3839724354387525,22.0,40,0,0,
2037,800.0,18.789289276185396,92.0,866.6666666666666,0.061111111111111116,5.285714285714286,5555.0,5e-09,5e-11,0.85,1.02e-10,1.86e-10,-0.00016,0.3839724354387525,22.0,40,0,0,
2038,800.0,18.789289276185396,92.0,866.6666666666666,0.061111111111111116,5.642857142857143,5555.0,5e-09,5e-11,0.85,1.02e-10,1.86e-10,-0.00016,0.3839724354387525,22.0,40,0,0,
2039,800.0,18.789289276185396,92.0,866.6666666666666,0.061111111111111116,6.0,5555.0,5e-09,5e-11,0.85,1.02e-10,1.86e-10,-0.00016,0.3839724354387525,22.0,40,0,0,
2040,800.0,18.789289276185396,92.0,866.6666666666666,0.06333333333333334,1.0,5555.0,5e-09,5e-11,0.85,1.02e-10,1.86e-10,-0.00016,0.3839724354387525,22.0,40,0,0,
2041,800.0,18.789289276185396,92.0,866.6666666666666,0.06333333333333334,1.3571428571428572,5555.0,5e-09,5e-11,0.85,1.02e-10,1.86e-10,-0.00016,0.3839724354387525,22.0,40,0,0,
2042,800.0,18.789289276185396,92.0,866.6666666666666,0.06333333333333334,1.7142857142857144,5555.0,5e-09,5e-11,0.85,1.02e-10,1.86e-10,-0.00016,0.3839724354387525,22.0,40,0,0,
2043,800.0,18.789289276185396,92.0,866.6666666666666,0.06333333333333334,2.071428571428571,5555.0,5e-09,5e-11,0.85,1.02e-10,1.86e-10,-0.00016,0.3839724354387525,22.0,40,0,0,
2044,800.0,18.789289276185396,92.0,866.6666666666666,0.06333333333333334,2.428571428571429,5555.0,5e-09,5e-11,0.85,1.02e-10,1.86e-10,-0.00016,0.3839724354387525,22.0,40,0,0,
2045,800.0,18.789289276185396,92.0,866.6666666666666,0.06333333333333334,2.7857142857142856,5555.0,5e-09,5e-11,0.85,1.02e-10,1.86e-10,-0.00016,0.3839724354387525,22.0,40,0,0,
2046,800.0,18.789289276185396,92.0,866.6666666666666,0.06333333333333334,3.142857142857143,5555.0,5e-09,5e-11,0.85,1.02e-10,1.86e-10,-0.00016,0.3839724354387525,22.0,40,0,0,
2047,800.0,18.789289276185396,92.0,866.6666666666666,0.06333333333333334,3.5,5555.0,5e-09,5e-11,0.85,1.02e-10,1.86e-10,-0.00016,0.3839724354387525,22.0,40,0,0,
2048,800.0,18.789289276185396,92.0,866.6666666666666,0.06333333333333334,3.857142857142857,5555.0,5e-09,5e-11,0.85,1.02e-10,1.86e-10,-0.00016,0.3839724354387525,22.0,40,0,0,
2049,800.0,18.789289276185396,92.0,866.6666666666666,0.06333333333333334,4.214285714285714,5555.0,5e-09,5e-11,0.85,1.02e-10,1.86e-10,-0.00016,0.3839724354387525,22.0,40,0,0,
2050,800.0,18.789289276185396,92.0,866.6666666666666,0.06333333333333334,4.571428571428571,5555.0,5e-09,5e-11,0.85,1.02e-10,1.86e-10,-0.00016,0.3839724354387525,22.0,40,0,0,
2051,800.0,18.789289276185396,92.0,866.6666666666666,0.06333333333333334,4.928571428571429,5555.0,5e-09,5e-11,0.85,1.02e-10,1.86e-10,-0.00016,0.3839724354387525,22.0,40,0,0,
2052,800.0,18.789289276185396,92.0,866.6666666666666,0.06333333333333334,5.285714285714286,5555.0,5e-09,5e-11,0.85,1.02e-10,1.86e-10,-0.00016,0.3839724354387525,22.0,40,0,0,
2053,800.0,18.789289276185396,92.0,866.6666666666666,0.06333333333333334,5.642857142857143,5555.0,5e-09,5e-11,0.85,1.02e-10,1.86e-10,-0.00016,0.3839724354387525,22.0,40,0,0,
2054,800.0,18.789289276185396,92.0,866.6666666666666,0.06333333333333334,6.0,5555.0,5e-09,5e-11,0.85,1.02e-10,1.86e-10,-0.00016,0.3839724354387525,22.0,40,0,0,
2055,800.0,18.789289276185396,92.0,866.6666666666666,0.06555555555555556,1.0,5555.0,5e-09,5e-11,0.85,1.02e-10,1.86e-10,-0.00016,0.3839724354387525,22.0,40,0,0,
2056,800.0,18.789289276185396,92.0,866.6666666666666,0.06555555555555556,1.3571428571428572,5555.0,5e-09,5e-11,0.85,1.02e-10,1.86e-10,-0.00016,0.3839724354387525,22.0,40,0,0,
2057,800.0,18.789289276185396,92.0,866.6666666666666,0.06555555555555556,1.7142857142857144,5555.0,5e-09,5e-11,0.85,1.02e-10,1.86e-10,-0.00016,0.3839724354387525,22.0,40,0,0,
2058,800.0,18.789289276185396,92.0,866.6666666666666,0.06555555555555556,2.071428571428571,5555.0,5e-09,5e-11,0.85,1.02e-10,1.86e-10,-0.00016,0.3839724354387525,22.0,40,0,0,
2059,800.0,18.789289276185396,92.0,866.6666666666666,0.06555555555555556,2.428571428571429,5555.0,5e-09,5e-11,0.85,1.02e-10,1.86e-10,-0.00016,0.3839724354387525,22.0,40,0,0,
2060,800.0,18.789289276185396,92.0,866.6666666666666,0.06555555555555556,2.7857142857142856,5555.0,5e-09,5e-11,0.85,1.02e-10,1.86e-10,-0.00016,0.3839724354387525,22.0,40,0,0,
2061,800.0,18.789289276185396,92.0,866.6666666666666,0.06555555555555556,3.142857142857143,5555.0,5e-09,5e-11,0.85,1.02e-10,1.86e-10,-0.00016,0.3839724354387525,22.0,40,0,0,
2062,800.0,18.789289276185396,92.0,866.6666666666666,0.06555555555555556,3.5,5555.0,5e-09,5e-11,0.85,1.02e-10,1.86e-10,-0.00016,0.3839724354387525,22.0,40,0,0,
2063,800.0,18.789289276185396,92.0,866.6666666666666,0.06555555555555556,3.857142857142857,5555.0,5e-09,5e-11,0.85,1.02e-10,1.86e-10,-0.00016,0.3839724354387525,22.0,40,0,0,
2064,800.0,18.789289276185396,92.0,866.6666666666666,0.06555555555555556,4.214285714285714,5555.0,5e-09,5e-11,0.85,1.02e-10,1.86e-10,-0.00016,0.3839724354387525,22.0,40,0,0,
2065,800.0,18.789289276185396,92.0,866.6666666666666,0.06555555555555556,4.571428571428571,5555.0,5e-09,5e-11,0.85,1.02e-10,1.86e-10,-0.00016,0.3839724354387525,22.0,40,0,0,
2066,800.0,18.789289276185396,92.0,866.6666666666666,0.06555555555555556,4.928571428571429,5555.0,5e-09,5e-11,0.85,1.02e-10,1.86e-10,-0.00016,0.3839724354387525,22.0,40,0,0,
2067,800.0,18.789289276185396,92.0,866.6666666666666,0.06555555555555556,5.285714285714286,5555.0,5e-09,5e-11,0.85,1.02e-10,1.86e-10,-0.00016,0.3839724354387525,22.0,40,0,0,
2068,800.0,18.789289276185396,92.0,866.6666666666666,0.06555555555555556,5.642857142857143,5555.0,5e-09,5e-11,0.85,1.02e-10,1.86e-10,-0.00016,0.3839724354387525,22.0,40,0,0,
2069,800.0,18.789289276185396,92.0,866.6666666666666,0.06555555555555556,6.0,5555.0,5e-09,5e-11,0.85,1.02e-10,1.86e-10,-0.00016,0.3839724354387525,22.0,40,0,0,
2070,800.0,18.789289276185396,92.0,866.6666666666666,0.06777777777777778,1.0,5555.0,5e-09,5e-11,0.85,1.02e-10,1.86e-10,-0.00016,0.3839724354387525,22.0,40,0,0,
2071,800.0,18.789289276185396,92.0,866.6666666666666,0.06777777777777778,1.3571428571428572,5555.0,5e-09,5e-11,0.85,1.02e-10,1.86e-10,-0.00016,0.3839724354387525,22.0,40,0,0,
2072,800.0,18.789289276185396,92.0,866.6666666666666,0.06777777777777778,1.7142857142857144,5555.0,5e-09,5e-11,0.85,1.02e-10,1.86e-10,-0.00016,0.3839724354387525,22.0,40,0,0,
2073,800.0,18.789289276185396,92.0,866.6666666666666,0.06777777777777778,2.071428571428571,5555.0,5e-09,5e-11,0.85,1.02e-10,1.86e-10,-0.00016,0.3839724354387525,22.0,40,0,0,
2074,800.0,18.789289276185396,92.0,866.6666666666666,0.06777777777777778,2.428571428571429,5555.0,5e-09,5e-11,0.85,1.02e-10,1.86e-10,-0.00016,0.3839724354387525,22.0,40,0,0,
2075,800.0,18.789289276185396,92.0,866.6666666666666,0.06777777777777778,2.7857142857142856,5555.0,5e-09,5e-11,0.85,1.02e-10,1.86e-10,-0.00016,0.3839724354387525,22.0,40,0,0,
2076,800.0,18.789289276185396,92.0,866.6666666666666,0.06777777777777778,3.142857142857143,5555.0,5e-09,5e-11,0.85,1.02e-10,1.86e-10,-0.00016,0.3839724354387525,22.0,40,0,0,
2077,800.0,18.789289276185396,92.0,866.6666666666666,0.06777777777777778,3.5,5555.0,5e-09,5e-11,0.85,1.02e-10,1.86e-10,-0.00016,0.3839724354387525,22.0,40,0,0,
2078,800.0,18.789289276185396,92.0,866.6666666666666,0.06777777777777778,3.857142857142857,5555.0,5e-09,5e-11,0.85,1.02e-10,1.86e-10,-0.00016,0.3839724354387525,22.0,40,0,0,
2079,800.0,18.789289276185396,92.0,866.6666666666666,0.06777777777777778,4.214285714285714,5555.0,5e-09,5e-11,0.85,1.02e-10,1.86e-10,-0.00016,0.3839724354387525,22.0,40,0,0,
2080,800.0,18.789289276185396,92.0,866.6666666666666,0.06777777777777778,4.571428571428571,5555.0,5e-09,5e-11,0.85,1.02e-10,1.86e-10,-0.00016,0.3839724354387525,22.0,40,0,0,
2081,800.0,18.789289276185396,92.0,866.6666666666666,0.06777777777777778,4.928571428571429,5555.0,5e-09,5e-11,0.85,1.02e-10,1.86e-10,-0.00016,0.3839724354387525,22.0,40,0,0,
2082,800.0,18.789289276185396,92.0,866.6666666666666,0.06777777777777778,5.285714285714286,5555.0,5e-09,5e-11,0.85,1.02e-10,1.86e-10,-0.00016,0.3839724354387525,22.0,40,0,0,
2083,800.0,18.789289276185396,92.0,866.6666666666666,0.06777777777777778,5.642857142857143,5555.0,5e-09,5e-11,0.85,1.02e-10,1.86e-10,-0.00016,0.3839724354387525,22.0,40,0,0,
2084,800.0,18.789289276185396,92.0,866.6666666666666,0.06777777777777778,6.0,5555.0,5e-09,5e-11,0.85,1.02e-10,1.86e-10,-0.00016,0.3839724354387525,22.0,40,0,0,
2085,800.0,18.789289276185396,92.0,866.6666666666666,0.07,1.0,5555.0,5e-09,5e-11,0.85,1.02e-10,1.86e-10,-0.00016,0.3839724354387525,22.0,40,0,0,
2086,800.0,18.789289276185396,92.0,866.6666666666666,0.07,1.3571428571428572,5555.0,5e-09,5e-11,0.85,1.02e-10,1.86e-10,-0.00016,0.3839724354387525,22.0,40,0,0,
2087,800.0,18.789289276185396,92.0,866.6666666666666,0.07,1.7142857142857144,5555.0,5e-09,5e-11,0.85,1.02e-10,1.86e-10,-0.00016,0.3839724354387525,22.0,40,0,0,
2088,800.0,18.789289276185396,92.0,866.6666666666666,0.07,2.071428571428571,5555.0,5e-09,5e-11,0.85,1.02e-10,1.86e-10,-0.00016,0.3839724354387525,22.0,40,0,0,
2089,800.0,18.789289276185396,92.0,866.6666666666666,0.07,2.428571428571429,5555.0,5e-09,5e-11,0.85,1.02e-10,1.86e-10,-0.00016,0.3839724354387525,22.0,40,0,0,
2090,800.0,18.789289276185396,92.0,866.6666666666666,0.07,2.7857142857142856,5555.0,5e-09,5e-11,0.85,1.02e-10,1.86e-10,-0.00016,0.3839724354387525,22.0,40,0,0,
2091,800.0,18.789289276185396,92.0,866.6666666666666,0.07,3.142857142857143,5555.0,5e-09,5e-11,0.85,1.02e-10,1.86e-10,-0.00016,0.3839724354387525,22.0,40,0,0,
2092,800.0,18.789289276185396,92.0,866.6666666666666,0.07,3.5,5555.0,5e-09,5e-11,0.85,1.02e-10,1.86e-10,-0.00016,0.3839724354387525,22.0,40,0,0,
2093,800.0,18.789289276185396,92.0,866.6666666666666,0.07,3.857142857142857,5555.0,5e-09,5e-11,0.85,1.02e-10,1.86e-10,-0.00016,0.3839724354387525,22.0,40,0,0,
2094,800.0,18.789289276185396,92.0,866.6666666666666,0.07,4.214285714285714,5555.0,5e-09,5e-11,0.85,1.02e-10,1.86e-10,-0.00016,0.3839724354387525,22.0,40,0,0,
2095,800.0,18.789289276185396,92.0,866.6666666666666,0.07,4.571428571428571,5555.0,5e-09,5e-11,0.85,1.02e-10,1.86e-10,-0.00016,0.3839724354387525,22.0,40,0,0,
2096,800.0,18.789289276185396,92.0,866.6666666666666,0.07,4.928571428571429,5555.0,5e-09,5e-11,0.85,1.02e-10,1.86e-10,-0.00016,0.3839724354387525,22.0,40,0,0,
2097,800.0,18.789289276185396,92.0,866.6666666666666,0.07,5.285714285714286,5555.0,5e-09,5e-11,0.85,1.02e-10,1.86e-10,-0.00016,0.3839724354387525,22.0,40,0,0,
2098,800.0,18.789289276185396,92.0,866.6666666666666,0.07,5.642857142857143,5555.0,5e-09,5e-11,0.85,1.02e-10,1.86e-10,-0.00016,0.3839724354387525,22.0,40,0,0,
2099,800.0,18.789289276185396,92.0,866.6666666666666,0.07,6.0,5555.0,5e-09,5e-11,0.85,1.02e-10,1.86e-10,-0.00016,0.3839724354387525,22.0,40,0,0,
2100,800.0,18.789289276185396,92.0,1055.5555555555557,0.05,1.0,5555.0,5e-09,5e-11,0.85,1.02e-10,1.86e-10,-0.00016,0.3839724354387525,22.0,40,0,0,
2101,800.0,18.789289276185396,92.0,1055.5555555555557,0.05,1.3571428571428572,5555.0,5e-09,5e-11,0.85,1.02e-10,1.86e-10,-0.00016,0.3839724354387525,22.0,40,0,0,
2102,800.0,18.789289276185396,92.0,1055.5555555555557,0.05,1.7142857142857144,5555.0,5e-09,5e-11,0.85,1.02e-10,1.86e-10,-0.00016,0.3839724354387525,22.0,40,0,0,
2103,800.0,18.789289276185396,92.0,1055.5555555555557,0.05,2.071428571428571,5555.0,5e-09,5e-11,0.85,1.02e-10,1.86e-10,-0.00016,0.3839724354387525,22.0,40,0,0,
2104,800.0,18.789289276185396,92.0,1055.5555555555557,0.05,2.428571428571429,5555.0,5e-09,5e-11,0.85,1.02e-10,1.86e-10,-0.00016,0.3839724354387525,22.0,40,0,0,
2105,800.0,18.789289276185396,92.0,1055.5555555555557,0.05,2.7857142857142856,5555.0,5e-09,5e-11,0.85,1.02e-10,1.86e-10,-0.00016,0.3839724354387525,22.0,40,0,0,
2106,800.0,18.789289276185396,92.0,1055.5555555555557,0.05,3.142857142857143,5555.0,5e-09,5e-11,0.85,1.02e-10,1.86e-10,-0.00016,0.3839724354387525,22.0,40,0,0,
2107,800.0,18.789289276185396,92.0,1055.5555555555557,0.05,3.5,5555.0,5e-09,5e-11,0.85,1.02e-10,1.86e-10,-0.00016,0.3839724354387525,22.0,40,0,0,
2108,800.0,18.789289276185396,92.0,1055.5555555555557,0.05,3.857142857142857,5555.0,5e-09,5e-11,0.85,1.02e-10,1.86e-10,-0.00016,0.3839724354387525,22.0,40,0,0,
2109,800.0,18.789289276185396,92.0,1055.5555555555557,0.05,4.214285714285714,5555.0,5e-09,5e-11,0.85,1.02e-10,1.86e-10,-0.00016,0.3839724354387525,22.0,40,0,0,
2110,800.0,18.789289276185396,92.0,1055.5555555555557,0.05,4.571428571428571,5555.0,5e-09,5e-11,0.85,1.02e-10,1.86e-10,-0.00016,0.3839724354387525,22.0,40,0,0,
2111,800.0,18.789289276185396,92.0,1055.5555555555557,0.05,4.928571428571429,5555.0,5e-09,5e-11,0.85,1.02e-10,1.86e-10,-0.00016,0.3839724354387525,22.0,40,0,0,
2112,800.0,18.789289276185396,92.0,1055.5555555555557,0.05,5.285714285714286,5555.0,5e-09,5e-11,0.85,1.02e-10,1.86e-10,-0.00016,0.3839724354387525,22.0,40,0,0,
2113,800.0,18.789289276185396,92.0,1055.5555555555557,0.05,5.642857142857143,5555.0,5e-09,5e-11,0.85,1.02e-10,1.86e-10,-0.00016,0.3839724354387525,22.0,40,0,0,
2114,800.0,18.789289276185396,92.0,1055.5555555555557,0.05,6.0,5555.0,5e-09,5e-11,0.85,1.02e-10,1.86e-10,-0.00016,0.3839724354387525,22.0,40,0,0,
2115,800.0,18.789289276185396,92.0,1055.5555555555557,0.052222222222222225,1.0,5555.0,5e-09,5e-11,0.85,1.02e-10,1.86e-10,-0.00016,0.3839724354387525,22.0,40,0,0,
2116,800.0,18.789289276185396,92.0,1055.5555555555557,0.052222222222222225,1.3571428571428572,5555.0,5e-09,5e-11,0.85,1.02e-10,1.86e-10,-0.00016,0.3839724354387525,22.0,40,0,0,
2117,800.0,18.789289276185396,92.0,1055.5555555555557,0.052222222222222225,1.7142857142857144,5555.0,5e-09,5e-11,0.85,1.02e-10,1.86e-10,-0.00016,0.3839724354387525,22.0,40,0,0,
2118,800.0,18.789289276185396,92.0,1055.5555555555557,0.052222222222222225,2.071428571428571,5555.0,5e-09,5e-11,0.85,1.02e-10,1.86e-10,-0.00016,0.3839724354387525,22.0,40,0,0,
2119,800.0,18.789289276185396,92.0,1055.5555555555557,0.052222222222222225,2.428571428571429,5555.0,5e-09,5e-11,0.85,1.02e-10,1.86e-10,-0.00016,0.3839724354387525,22.0,40,0,0,
2120,800.0,18.789289276185396,92.0,1055.5555555555557,0.052222222222222225,2.7857142857142856,5555.0,5e-09,5e-11,0.85,1.02e-10,1.86e-10,-0.00016,0.3839724354387525,22.0,40,0,0,
2121,800.0,18.789289276185396,92.0,1055.5555555555557,0.052222222222222225,3.142857142857143,5555.0,5e-09,5e-11,0.85,1.02e-10,1.86e-10,-0.00016,0.3839724354387525,22.0,40,0,0,
2122,800.0,18.789289276185396,92.0,1055.5555555555557,0.052222222222222225,3.5,5555.0,5e-09,5e-11,0.85,1.02e-10,1.86e-10,-0.00016,0.3839724354387525,22.0,40,0,0,
2123,800.0,18.789289276185396,92.0,1055.5555555555557,0.052222222222222225,3.857142857142857,5555.0,5e-09,5e-11,0.85,1.02e-10,1.86e-10,-0.00016,0.3839724354387525,22.0,40,0,0,
2124,800.0,18.789289276185396,92.0,1055.5555555555557,0.052222222222222225,4.214285714285714,5555.0,5e-09,5e-11,0.85,1.02e-10,1.86e-10,-0.00016,0.3839724354387525,22.0,40,0,0,
2125,800.0,18.789289276185396,92.0,1055.5555555555557,0.052222222222222225,4.571428571428571,5555.0,5e-09,5e-11,0.85,1.02e-10,1.86e-10,-0.00016,0.3839724354387525,22.0,40,0,0,
2126,800.0,18.789289276185396,92.0,1055.5555555555557,0.052222222222222225,4.928571428571429,5555.0,5e-09,5e-11,0.85,1.02e-10,1.86e-10,-0.00016,0.3839724354387525,22.0,40,0,0,
2127,800.0,18.789289276185396,92.0,1055.5555555555557,0.052222222222222225,5.285714285714286,5555.0,5e-09,5e-11,0.85,1.02e-10,1.86e-10,-0.00016,0.3839724354387525,22.0,40,0,0,
2128,800.0,18.789289276185396,92.0,1055.5555555555557,0.052222222222222225,5.642857142857143,5555.0,5e-09,5e-11,0.85,1.02e-10,1.86e-10,-0.00016,0.3839724354387525,22.0,40,0,0,
2129,800.0,18.789289276185396,92.0,1055.5555555555557,0.052222222222222225,6.0,5555.0,5e-09,5e-11,0.85,1.02e-10,1.86e-10,-0.00016,0.3839724354387525,22.0,40,0,0,
2130,800.0,18.789289276185396,92.0,1055.5555555555557,0.05444444444444445,1.0,5555.0,5e-09,5e-11,0.85,1.02e-10,1.86e-10,-0.00016,0.3839724354387525,22.0,40,0,0,
2131,800.0,18.789289276185396,92.0,1055.5555555555557,0.05444444444444445,1.3571428571428572,5555.0,5e-09,5e-11,0.85,1.02e-10,1.86e-10,-0.00016,0.3839724354387525,22.0,40,0,0,
2132,800.0,18.789289276185396,92.0,1055.5555555555557,0.05444444444444445,1.7142857142857144,5555.0,5e-09,5e-11,0.85,1.02e-10,1.86e-10,-0.00016,0.3839724354387525,22.0,40,0,0,
2133,800.0,18.789289276185396,92.0,1055.5555555555557,0.05444444444444445,2.071428571428571,5555.0,5e-09,5e-11,0.85,1.02e-10,1.86e-10,-0.00016,0.3839724354387525,22.0,40,0,0,
2134,800.0,18.789289276185396,92.0,1055.5555555555557,0.05444444444444445,2.428571428571429,5555.0,5e-09,5e-11,0.85,1.02e-10,1.86e-10,-0.00016,0.3839724354387525,22.0,40,0,0,
2135,800.0,18.789289276185396,92.0,1055.5555555555557,0.05444444444444445,2.7857142857142856,5555.0,5e-09,5e-11,0.85,1.02e-10,1.86e-10,-0.00016,0.3839724354387525,22.0,40,0,0,
2136,800.0,18.789289276185396,92.0,1055.5555555555557,0.05444444444444445,3.142857142857143,5555.0,5e-09,5e-11,0.85,1.02e-10,1.86e-10,-0.00016,0.3839724354387525,22.0,40,0,0,
2137,800.0,18.789289276185396,92.0,1055.5555555555557,0.05444444444444445,3.5,5555.0,5e-09,5e-11,0.85,1.02e-10,1.86e-10,-0.00016,0.3839724354387525,22.0,40,0,0,
2138,800.0,18.789289276185396,92.0,1055.5555555555557,0.05444444444444445,3.857142857142857,5555.0,5e-09,5e-11,0.85,1.02e-10,1.86e-10,-0.00016,0.3839724354387525,22.0,40,0,0,
2139,800.0,18.789289276185396,92.0,1055.5555555555557,0.05444444444444445,4.214285714285714,5555.0,5e-09,5e-11,0.85,1.02e-10,1.86e-10,-0.00016,0.3839724354387525,22.0,40,0,0,
2140,800.0,18.789289276185396,92.0,1055.5555555555557,0.05444444444444445,4.571428571428571,5555.0,5e-09,5e-11,0.85,1.02e-10,1.86e-10,-0.00016,0.3839724354387525,22.0,40,0,0,
2141,800.0,18.789289276185396,92.0,1055.5555555555557,0.05444444444444445,4.928571428571429,5555.0,5e-09,5e-11,0.85,1.02e-10,1.86e-10,-0.00016,0.3839724354387525,22.0,40,0,0,
2142,800.0,18.789289276185396,92.0,1055.5555555555557,0.05444444444444445,5.285714285714286,5555.0,5e-09,5e-11,0.85,1.02e-10,1.86e-10,-0.00016,0.3839724354387525,22.0,40,0,0,
2143,800.0,18.789289276185396,92.0,1055.5555555555557,0.05444444444444445,5.642857142857143,5555.0,5e-09,5e-11,0.85,1.02e-10,1.86e-10,-0.00016,0.3839724354387525,22.0,40,0,0,
2144,800.0,18.789289276185396,92.0,1055.5555555555557,0.05444444444444445,6.0,5555.0,5e-09,5e-11,0.85,1.02e-10,1.86e-10,-0.00016,0.3839724354387525,22.0,40,0,0,
2145,800.0,18.789289276185396,92.0,1055.5555555555557,0.05666666666666667,1.0,5555.0,5e-09,5e-11,0.85,1.02e-10,1.86e-10,-0.00016,0.3839724354387525,22.0,40,0,0,
2146,800.0,18.789289276185396,92.0,1055.5555555555557,0.05666666666666667,1.3571428571428572,5555.0,5e-09,5e-11,0.85,1.02e-10,1.86e-10,-0.00016,0.3839724354387525,22.0,40,0,0,
2147,800.0,18.789289276185396,92.0,1055.5555555555557,0.05666666666666667,1.7142857142857144,5555.0,5e-09,5e-11,0.85,1.02e-10,1.86e-10,-0.00016,0.3839724354387525,22.0,40,0,0,
2148,800.0,18.789289276185396,92.0,1055.5555555555557,0.05666666666666667,2.071428571428571,5555.0,5e-09,5e-11,0.85,1.02e-10,1.86e-10,-0.00016,0.3839724354387525,22.0,40,0,0,
2149,800.0,18.789289276185396,92.0,1055.5555555555557,0.05666666666666667,2.428571428571429,5555.0,5e-09,5e-11,0.85,1.02e-10,1.86e-10,-0.00016,0.3839724354387525,22.0,40,0,0,
2150,800.0,18.789289276185396,92.0,1055.5555555555557,0.05666666666666667,2.7857142857142856,5555.0,5e-09,5e-11,0.85,1.02e-10,1.86e-10,-0.00016,0.3839724354387525,22.0,40,0,0,
2151,800.0,18.789289276185396,92.0,1055.5555555555557,0.05666666666666667,3.142857142857143,5555.0,5e-09,5e-11,0.85,1.02e-10,1.86e-10,-0.00016,0.3839724354387525,22.0,40,0,0,
2152,800.0,18.789289276185396,92.0,1055.5555555555557,0.05666666666666667,3.5,5555.0,5e-09,5e-11,0.85,1.02e-10,1.86e-10,-0.00016,0.3839724354387525,22.0,40,0,0,
2153,800.0,18.789289276185396,92.0,1055.5555555555557,0.05666666666666667,3.857142857142857,5555.0,5e-09,5e-11,0.85,1.02e-10,1.86e-10,-0.00016,0.3839724354387525,22.0,40,0,0,
2154,800.0,18.789289276185396,92.0,1055.5555555555557,0.05666666666666667,4.214285714285714,5555.0,5e-09,5e-11,0.85,1.02e-10,1.86e-10,-0.00016,0.3839724354387525,22.0,40,0,0,
2155,800.0,18.789289276185396,92.0,1055.5555555555557,0.05666666666666667,4.571428571428571,5555.0,5e-09,5e-11,0.85,1.02e-10,1.86e-10,-0.00016,0.3839724354387525,22.0,40,0,0,
2156,800.0,18.789289276185396,92.0,1055.5555555555557,0.05666666666666667,4.928571428571429,5555.0,5e-09,5e-11,0.85,1.02e-10,1.86e-10,-0.00016,0.3839724354387525,22.0,40,0,0,
2157,800.0,18.789289276185396,92.0,1055.5555555555557,0.05666666666666667,5.285714285714286,5555.0,5e-09,5e-11,0.85,1.02e-10,1.86e-10,-0.00016,0.3839724354387525,22.0,40,0,0,
2158,800.0,18.789289276185396,92.0,1055.5555555555557,0.05666666666666667,5.642857142857143,5555.0,5e-09,5e-11,0.85,1.02e-10,1.86e-10,-0.00016,0.3839724354387525,22.0,40,0,0,
2159,800.0,18.789289276185396,92.0,1055.5555555555557,0.05666666666666667,6.0,5555.0,5e-09,5e-11,0.85,1.02e-10,1.86e-10,-0.00016,0.3839724354387525,22.0,40,0,0,
2160,800.0,18.789289276185396,92.0,1055.5555555555557,0.05888888888888889,1.0,5555.0,5e-09,5e-11,0.85,1.02e-10,1.86e-10,-0.00016,0.3839724354387525,22.0,40,0,0,
2161,800.0,18.789289276185396,92.0,1055.5555555555557,0.05888888888888889,1.3571428571428572,5555.0,5e-09,5e-11,0.85,1.02e-10,1.86e-10,-0.00016,0.3839724354387525,22.0,40,0,0,
2162,800.0,18.789289276185396,92.0,1055.5555555555557,0.05888888888888889,1.7142857142857144,5555.0,5e-09,5e-11,0.85,1.02e-10,1.86e-10,-0.00016,0.3839724354387525,22.0,40,0,0,
2163,800.0,18.789289276185396,92.0,1055.5555555555557,0.05888888888888889,2.071428571428571,5555.0,5e-09,5e-11,0.85,1.02e-10,1.86e-10,-0.00016,0.3839724354387525,22.0,40,0,0,
2164,800.0,18.789289276185396,92.0,1055.5555555555557,0.05888888888888889,2.428571428571429,5555.0,5e-09,5e-11,0.85,1.02e-10,1.86e-10,-0.00016,0.3839724354387525,22.0,40,0,0,
2165,800.0,18.789289276185396,92.0,1055.5555555555557,0.05888888888888889,2.7857142857142856,5555.0,5e-09,5e-11,0.85,1.02e-10,1.86e-10,-0.00016,0.3839724354387525,22.0,40,0,0,
2166,800.0,18.789289276185396,92.0,1055.5555555555557,0.05888888888888889,3.142857142857143,5555.0,5e-09,5e-11,0.85,1.02e-10,1.86e-10,-0.00016,0.3839724354387525,22.0,40,0,0,
2167,800.0,18.789289276185396,92.0,1055.5555555555557,0.05888888888888889,3.5,5555.0,5e-09,5e-11,0.85,1.02e-10,1.86e-10,-0.00016,0.3839724354387525,22.0,40,0,0,
2168,800.0,18.789289276185396,92.0,1055.5555555555557,0.05888888888888889,3.857142857142857,5555.0,5e-09,5e-11,0.85,1.02e-10,1.86e-10,-0.00016,0.3839724354387525,22.0,40,0,0,
2169,800.0,18.789289276185396,92.0,1055.5555555555557,0.05888888888888889,4.214285714285714,5555.0,5e-09,5e-11,0.85,1.02e-10,1.86e-10,-0.00016,0.3839724354387525,22.0,40,0,0,
2170,800.0,18.789289276185396,92.0,1055.5555555555557,0.05888888888888889,4.571428571428571,5555.0,5e-09,5e-11,0.85,1.02e-10,1.86e-10,-0.00016,0.3839724354387525,22.0,40,0,0,
2171,800.0,18.789289276185396,92.0,1055.5555555555557,0.05888888888888889,4.928571428571429,5555.0,5e-09,5e-11,0.85,1.02e-10,1.86e-10,-0.00016,0.3839724354387525,22.0,40,0,0,
2172,800.0,18.789289276185396,92.0,1055.5555555555557,0.05888888888888889,5.285714285714286,5555.0,5e-09,5e-11,0.85,1.02e-10,1.86e-10,-0.00016,0.3839724354387525,22.0,40,0,0,
2173,800.0,18.789289276185396,92.0,1055.5555555555557,0.05888888888888889,5.642857142857143,5555.0,5e-09,5e-11,0.85,1.02e-10,1.86e-10,-0.00016,0.3839724354387525,22.0,40,0,0,
2174,800.0,18.789289276185396,92.0,1055.5555555555557,0.05888888888888889,6.0,5555.0,5e-09,5e-11,0.85,1.02e-10,1.86e-10,-0.00016,0.3839724354387525,22.0,40,0,0,
2175,800.0,18.789289276185396,92.0,1055.5555555555557,0.061111111111111116,1.0,5555.0,5e-09,5e-11,0.85,1.02e-10,1.86e-10,-0.00016,0.3839724354387525,22.0,40,0,0,
2176,800.0,18.789289276185396,92.0,1055.5555555555557,0.061111111111111116,1.3571428571428572,5555.0,5e-09,5e-11,0.85,1.02e-10,1.86e-10,-0.00016,0.3839724354387525,22.0,40,0,0,
2177,800.0,18.789289276185396,92.0,1055.5555555555557,0.061111111111111116,1.7142857142857144,5555.0,5e-09,5e-11,0.85,1.02e-10,1.86e-10,-0.00016,0.3839724354387525,22.0,40,0,0,
2178,800.0,18.789289276185396,92.0,1055.5555555555557,0.061111111111111116,2.071428571428571,5555.0,5e-09,5e-11,0.85,1.02e-10,1.86e-10,-0.00016,0.3839724354387525,22.0,40,0,0,
2179,800.0,18.789289276185396,92.0,1055.5555555555557,0.061111111111111116,2.428571428571429,5555.0,5e-09,5e-11,0.85,1.02e-10,1.86e-10,-0.00016,0.3839724354387525,22.0,40,0,0,
2180,800.0,18.789289276185396,92.0,1055.5555555555557,0.061111111111111116,2.7857142857142856,5555.0,5e-09,5e-11,0.85,1.02e-10,1.86e-10,-0.00016,0.3839724354387525,22.0,40,0,0,
2181,800.0,18.789289276185396,92.0,1055.5555555555557,0.061111111111111116,3.142857142857143,5555.0,5e-09,5e-11,0.85,1.02e-10,1.86e-10,-0.00016,0.3839724354387525,22.0,40,0,0,
2182,800.0,18.789289276185396,92.0,1055.5555555555557,0.061111111111111116,3.5,5555.0,5e-09,5e-11,0.85,1.02e-10,1.86e-10,-0.00016,0.3839724354387525,22.0,40,0,0,
2183,800.0,18.789289276185396,92.0,1055.5555555555557,0.061111111111111116,3.857142857142857,5555.0,5e-09,5e-11,0.85,1.02e-10,1.86e-10,-0.00016,0.3839724354387525,22.0,40,0,0,
2184,800.0,18.789289276185396,92.0,1055.5555555555557,0.061111111111111116,4.214285714285714,5555.0,5e-09,5e-11,0.85,1.02e-10,1.86e-10,-0.00016,0.3839724354387525,22.0,40,0,0,
2185,800.0,18.789289276185396,92.0,1055.5555555555557,0.061111111111111116,4.571428571428571,5555.0,5e-09,5e-11,0.85,1.02e-10,1.86e-10,-0.00016,0.3839724354387525,22.0,40,0,0,
2186,800.0,18.789289276185396,92.0,1055.5555555555557,0.061111111111111116,4.928571428571429,5555.0,5e-09,5e-11,0.85,1.02e-10,1.86e-10,-0.00016,0.3839724354387525,22.0,40,0,0,
2187,800.0,18.789289276185396,92.0,1055.5555555555557,0.061111111111111116,5.285714285714286,5555.0,5e-09,5e-11,0.85,1.02e-10,1.86e-10,-0.00016,0.3839724354387525,22.0,40,0,0,
2188,800.0,18.789289276185396,92.0,1055.5555555555557,0.061111111111111116,5.642857142857143,5555.0,5e-09,5e-11,0.85,1.02e-10,1.86e-10,-0.00016,0.3839724354387525,22.0,40,0,0,
2189,800.0,18.789289276185396,92.0,1055.5555555555557,0.061111111111111116,6.0,5555.0,5e-09,5e-11,0.85,1.02e-10,1.86e-10,-0.00016,0.3839724354387525,22.0,40,0,0,
2190,800.0,18.789289276185396,92.0,1055.5555555555557,0.06333333333333334,1.0,5555.0,5e-09,5e-11,0.85,1.02e-10,1.86e-10,-0.00016,0.3839724354387525,22.0,40,0,0,
2191,800.0,18.789289276185396,92.0,1055.5555555555557,0.06333333333333334,1.3571428571428572,5555.0,5e-09,5e-11,0.85,1.02e-10,1.86e-10,-0.00016,0.3839724354387525,22.0,40,0,0,
2192,800.0,18.789289276185396,92.0,1055.5555555555557,0.06333333333333334,1.7142857142857144,5555.0,5e-09,5e-11,0.85,1.02e-10,1.86e-10,-0.00016,0.3839724354387525,22.0,40,0,0,
2193,800.0,18.789289276185396,92.0,1055.5555555555557,0.06333333333333334,2.071428571428571,5555.0,5e-09,5e-11,0.85,1.02e-10,1.86e-10,-0.00016,0.3839724354387525,22.0,40,0,0,
2194,800.0,18.789289276185396,92.0,1055.5555555555557,0.06333333333333334,2.428571428571429,5555.0,5e-09,5e-11,0.85,1.02e-10,1.86e-10,-0.00016,0.3839724354387525,22.0,40,0,0,
2195,800.0,18.789289276185396,92.0,1055.5555555555557,0.06333333333333334,2.7857142857142856,5555.0,5e-09,5e-11,0.85,1.02e-10,1.86e-10,-0.00016,0.3839724354387525,22.0,40,0,0,
2196,800.0,18.789289276185396,92.0,1055.5555555555557,0.06333333333333334,3.142857142857143,5555.0,5e-09,5e-11,0.85,1.02e-10,1.86e-10,-0.00016,0.3839724354387525,22.0,40,0,0,
2197,800.0,18.789289276185396,92.0,1055.5555555555557,0.06333333333333334,3.5,5555.0,5e-09,5e-11,0.85,1.02e-10,1.86e-10,-0.00016,0.3839724354387525,22.0,40,0,0,
2198,800.0,18.789289276185396,92.0,1055.5555555555557,0.06333333333333334,3.857142857142857,5555.0,5e-09,5e-11,0.85,1.02e-10,1.86e-10,-0.00016,0.3839724354387525,22.0,40,0,0,
2199,800.0,18.789289276185396,92.0,1055.5555555555557,0.06333333333333334,4.214285714285714,5555.0,5e-09,5e-11,0.85,1.02e-10,1.86e-10,-0.00016,0.3839724354387525,22.0,40,0,0,
2200,800.0,18.789289276185396,92.0,1055.5555555555557,0.06333333333333334,4.571428571428571,5555.0,5e-09,5e-11,0.85,1.02e-10,1.86e-10,-0.00016,0.3839724354387525,22.0,40,0,0,
2201,800.0,18.789289276185396,92.0,1055.5555555555557,0.06333333333333334,4.928571428571429,5555.0,5e-09,5e-11,0.85,1.02e-10,1.86e-10,-0.00016,0.3839724354387525,22.0,40,0,0,
2202,800.0,18.789289276185396,92.0,1055.5555555555557,0.06333333333333334,5.285714285714286,5555.0,5e-09,5e-11,0.85,1.02e-10,1.86e-10,-0.00016,0.3839724354387525,22.0,40,0,0,
2203,800.0,18.789289276185396,92.0,1055.5555555555557,0.06333333333333334,5.642857142857143,5555.0,5e-09,5e-11,0.85,1.02e-10,1.86e-10,-0.00016,0.3839724354387525,22.0,40,0,0,
2204,800.0,18.789289276185396,92.0,1055.5555555555557,0.06333333333333334,6.0,5555.0,5e-09,5e-11,0.85,1.02e-10,1.86e-10,-0.00016,0.3839724354387525,22.0,40,0,0,
2205,800.0,18.789289276185396,92.0,1055.5555555555557,0.06555555555555556,1.0,5555.0,5e-09,5e-11,0.85,1.02e-10,1.86e-10,-0.00016,0.3839724354387525,22.0,40,0,0,
2206,800.0,18.789289276185396,92.0,1055.5555555555557,0.06555555555555556,1.3571428571428572,5555.0,5e-09,5e-11,0.85,1.02e-10,1.86e-10,-0.00016,0.3839724354387525,22.0,40,0,0,
2207,800.0,18.789289276185396,92.0,1055.5555555555557,0.06555555555555556,1.7142857142857144,5555.0,5e-09,5e-11,0.85,1.02e-10,1.86e-10,-0.00016,0.3839724354387525,22.0,40,0,0,
2208,800.0,18.789289276185396,92.0,1055.5555555555557,0.06555555555555556,2.071428571428571,5555.0,5e-09,5e-11,0.85,1.02e-10,1.86e-10,-0.00016,0.3839724354387525,22.0,40,0,0,
2209,800.0,18.789289276185396,92.0,1055.5555555555557,0.06555555555555556,2.428571428571429,5555.0,5e-09,5e-11,0.85,1.02e-10,1.86e-10,-0.00016,0.3839724354387525,22.0,40,0,0,
2210,800.0,18.789289276185396,92.0,1055.5555555555557,0.06555555555555556,2.7857142857142856,5555.0,5e-09,5e-11,0.85,1.02e-10,1.86e-10,-0.00016,0.3839724354387525,22.0,40,0,0,
2211,800.0,18.789289276185396,92.0,1055.5555555555557,0.06555555555555556,3.142857142857143,5555.0,5e-09,5e-11,0.85,1.02e-10,1.86e-10,-0.00016,0.3839724354387525,22.0,40,0,0,
2212,800.0,18.789289276185396,92.0,1055.5555555555557,0.06555555555555556,3.5,5555.0,5e-09,5e-11,0.85,1.02e-10,1.86e-10,-0.00016,0.3839724354387525,22.0,40,0,0,
2213,800.0,18.789289276185396,92.0,1055.5555555555557,0.06555555555555556,3.857142857142857,5555.0,5e-09,5e-11,0.85,1.02e-10,1.86e-10,-0.00016,0.3839724354387525,22.0,40,0,0,
2214,800.0,18.789289276185396,92.0,1055.5555555555557,0.06555555555555556,4.214285714285714,5555.0,5e-09,5e-11,0.85,1.02e-10,1.86e-10,-0.00016,0.3839724354387525,22.0,40,0,0,
2215,800.0,18.789289276185396,92.0,1055.5555555555557,0.06555555555555556,4.571428571428571,5555.0,5e-09,5e-11,0.85,1.02e-10,1.86e-10,-0.00016,0.3839724354387525,22.0,40,0,0,
2216,800.0,18.789289276185396,92.0,1055.5555555555557,0.06555555555555556,4.928571428571429,5555.0,5e-09,5e-11,0.85,1.02e-10,1.86e-10,-0.00016,0.3839724354387525,22.0,40,0,0,
2217,800.0,18.789289276185396,92.0,1055.5555555555557,0.06555555555555556,5.285714285714286,5555.0,5e-09,5e-11,0.85,1.02e-10,1.86e-10,-0.00016,0.3839724354387525,22.0,40,0,0,
2218,800.0,18.789289276185396,92.0,1055.5555555555557,0.06555555555555556,5.642857142857143,5555.0,5e-09,5e-11,0.85,1.02e-10,1.86e-10,-0.00016,0.3839724354387525,22.0,40,0,0,
2219,800.0,18.789289276185396,92.0,1055.5555555555557,0.06555555555555556,6.0,5555.0,5e-09,5e-11,0.85,1.02e-10,1.86e-10,-0.00016,0.3839724354387525,22.0,40,0,0,
2220,800.0,18.789289276185396,92.0,1055.5555555555557,0.06777777777777778,1.0,5555.0,5e-09,5e-11,0.85,1.02e-10,1.86e-10,-0.00016,0.3839724354387525,22.0,40,0,0,
2221,800.0,18.789289276185396,92.0,1055.5555555555557,0.06777777777777778,1.3571428571428572,5555.0,5e-09,5e-11,0.85,1.02e-10,1.86e-10,-0.00016,0.3839724354387525,22.0,40,0,0,
2222,800.0,18.789289276185396,92.0,1055.5555555555557,0.06777777777777778,1.7142857142857144,5555.0,5e-09,5e-11,0.85,1.02e-10,1.86e-10,-0.00016,0.3839724354387525,22.0,40,0,0,
2223,800.0,18.789289276185396,92.0,1055.5555555555557,0.06777777777777778,2.071428571428571,5555.0,5e-09,5e-11,0.85,1.02e-10,1.86e-10,-0.00016,0.3839724354387525,22.0,40,0,0,
2224,800.0,18.789289276185396,92.0,1055.5555555555557,0.06777777777777778,2.428571428571429,5555.0,5e-09,5e-11,0.85,1.02e-10,1.86e-10,-0.00016,0.3839724354387525,22.0,40,0,0,
2225,800.0,18.789289276185396,92.0,1055.5555555555557,0.06777777777777778,2.7857142857142856,5555.0,5e-09,5e-11,0.85,1.02e-10,1.86e-10,-0.00016,0.3839724354387525,22.0,40,0,0,
2226,800.0,18.789289276185396,92.0,1055.5555555555557,0.06777777777777778,3.142857142857143,5555.0,5e-09,5e-11,0.85,1.02e-10,1.86e-10,-0.00016,0.3839724354387525,22.0,40,0,0,
2227,800.0,18.789289276185396,92.0,1055.5555555555557,0.06777777777777778,3.5,5555.0,5e-09,5e-11,0.85,1.02e-10,1.86e-10,-0.00016,0.3839724354387525,22.0,40,0,0,
2228,800.0,18.789289276185396,92.0,1055.5555555555557,0.06777777777777778,3.857142857142857,5555.0,5e-09,5e-11,0.85,1.02e-10,1.86e-10,-0.00016,0.3839724354387525,22.0,40,0,0,
2229,800.0,18.789289276185396,92.0,1055.5555555555557,0.06777777777777778,4.214285714285714,5555.0,5e-09,5e-11,0.85,1.02e-10,1.86e-10,-0.00016,0.3839724354387525,22.0,40,0,0,
2230,800.0,18.789289276185396,92.0,1055.5555555555557,0.06777777777777778,4.571428571428571,5555.0,5e-09,5e-11,0.85,1.02e-10,1.86e-10,-0.00016,0.3839724354387525,22.0,40,0,0,
2231,800.0,18.789289276185396,92.0,1055.5555555555557,0.06777777777777778,4.928571428571429,5555.0,5e-09,5e-11,0.85,1.02e-10,1.86e-10,-0.00016,0.3839724354387525,22.0,40,0,0,
2232,800.0,18.789289276185396,92.0,1055.5555555555557,0.06777777777777778,5.285714285714286,5555.0,5e-09,5e-11,0.85,1.02e-10,1.86e-10,-0.00016,0.3839724354387525,22.0,40,0,0,
2233,800.0,18.789289276185396,92.0,1055.5555555555557,0.06777777777777778,5.642857142857143,5555.0,5e-09,5e-11,0.85,1.02e-10,1.86e-10,-0.00016,0.3839724354387525,22.0,40,0,0,
2234,800.0,18.789289276185396,92.0,1055.5555555555557,0.06777777777777778,6.0,5555.0,5e-09,5e-11,0.85,1.02e-10,1.86e-10,-0.00016,0.3839724354387525,22.0,40,0,0,
2235,800.0,18.789289276185396,92.0,1055.5555555555557,0.07,1.0,5555.0,5e-09,5e-11,0.85,1.02e-10,1.86e-10,-0.00016,0.3839724354387525,22.0,40,0,0,
2236,800.0,18.789289276185396,92.0,1055.5555555555557,0.07,1.3571428571428572,5555.0,5e-09,5e-11,0.85,1.02e-10,1.86e-10,-0.00016,0.3839724354387525,22.0,40,0,0,
2237,800.0,18.789289276185396,92.0,1055.5555555555557,0.07,1.7142857142857144,5555.0,5e-09,5e-11,0.85,1.02e-10,1.86e-10,-0.00016,0.3839724354387525,22.0,40,0,0,
2238,800.0,18.789289276185396,92.0,1055.5555555555557,0.07,2.071428571428571,5555.0,5e-09,5e-11,0.85,1.02e-10,1.86e-10,-0.00016,0.3839724354387525,22.0,40,0,0,
2239,800.0,18.789289276185396,92.0,1055.5555555555557,0.07,2.428571428571429,5555.0,5e-09,5e-11,0.85,1.02e-10,1.86e-10,-0.00016,0.3839724354387525,22.0,40,0,0,
2240,800.0,18.789289276185396,92.0,1055.5555555555557,0.07,2.7857142857142856,5555.0,5e-09,5e-11,0.85,1.02e-10,1.86e-10,-0.00016,0.3839724354387525,22.0,40,0,0,
2241,800.0,18.789289276185396,92.0,1055.5555555555557,0.07,3.142857142857143,5555.0,5e-09,5e-11,0.85,1.02e-10,1.86e-10,-0.00016,0.3839724354387525,22.0,40,0,0,
2242,800.0,18.789289276185396,92.0,1055.5555555555557,0.07,3.5,5555.0,5e-09,5e-11,0.85,1.02e-10,1.86e-10,-0.00016,0.3839724354387525,22.0,40,0,0,
2243,800.0,18.789289276185396,92.0,1055.5555555555557,0.07,3.857142857142857,5555.0,5e-09,5e-11,0.85,1.02e-10,1.86e-10,-0.00016,0.3839724354387525,22.0,40,0,0,
2244,800.0,18.789289276185396,92.0,1055.5555555555557,0.07,4.214285714285714,5555.0,5e-09,5e-11,0.85,1.02e-10,1.86e-10,-0.00016,0.3839724354387525,22.0,40,0,0,
2245,800.0,18.789289276185396,92.0,1055.5555555555557,0.07,4.571428571428571,5555.0,5e-09,5e-11,0.85,1.02e-10,1.86e-10,-0.00016,0.3839724354387525,22.0,40,0,0,
2246,800.0,18.789289276185396,92.0,1055.5555555555557,0.07,4.928571428571429,5555.0,5e-09,5e-11,0.85,1.02e-10,1.86e-10,-0.00016,0.3839724354387525,22.0,40,0,0,
2247,800.0,18.789289276185396,92.0,1055.5555555555557,0.07,5.285714285714286,5555.0,5e-09,5e-11,0.85,1.02e-10,1.86e-10,-0.00016,0.3839724354387525,22.0,40,0,0,
2248,800.0,18.789289276185396,92.0,1055.5555555555557,0.07,5.642857142857143,5555.0,5e-09,5e-11,0.85,1.02e-10,1.86e-10,-0.00016,0.3839724354387525,22.0,40,0,0,
2249,800.0,18.789289276185396,92.0,1055.5555555555557,0.07,6.0,5555.0,5e-09,5e-11,0.85,1.02e-10,1.86e-10,-0.00016,0.3839724354387525,22.0,40,0,0,
2250,800.0,18.789289276185396,92.0,1244.4444444444443,0.05,1.0,5555.0,5e-09,5e-11,0.85,1.02e-10,1.86e-10,-0.00016,0.3839724354387525,22.0,40,0,0,
2251,800.0,18.789289276185396,92.0,1244.4444444444443,0.05,1.3571428571428572,5555.0,5e-09,5e-11,0.85,1.02e-10,1.86e-10,-0.00016,0.3839724354387525,22.0,40,0,0,
2252,800.0,18.789289276185396,92.0,1244.4444444444443,0.05,1.7142857142857144,5555.0,5e-09,5e-11,0.85,1.02e-10,1.86e-10,-0.00016,0.3839724354387525,22.0,40,0,0,
2253,800.0,18.789289276185396,92.0,1244.4444444444443,0.05,2.071428571428571,5555.0,5e-09,5e-11,0.85,1.02e-10,1.86e-10,-0.00016,0.3839724354387525,22.0,40,0,0,
2254,800.0,18.789289276185396,92.0,1244.4444444444443,0.05,2.428571428571429,5555.0,5e-09,5e-11,0.85,1.02e-10,1.86e-10,-0.00016,0.3839724354387525,22.0,40,0,0,
2255,800.0,18.789289276185396,92.0,1244.4444444444443,0.05,2.7857142857142856,5555.0,5e-09,5e-11,0.85,1.02e-10,1.86e-10,-0.00016,0.3839724354387525,22.0,40,0,0,
2256,800.0,18.789289276185396,92.0,1244.4444444444443,0.05,3.142857142857143,5555.0,5e-09,5e-11,0.85,1.02e-10,1.86e-10,-0.00016,0.3839724354387525,22.0,40,0,0,
2257,800.0,18.789289276185396,92.0,1244.4444444444443,0.05,3.5,5555.0,5e-09,5e-11,0.85,1.02e-10,1.86e-10,-0.00016,0.3839724354387525,22.0,40,0,0,
2258,800.0,18.789289276185396,92.0,1244.4444444444443,0.05,3.857142857142857,5555.0,5e-09,5e-11,0.85,1.02e-10,1.86e-10,-0.00016,0.3839724354387525,22.0,40,0,0,
2259,800.0,18.789289276185396,92.0,1244.4444444444443,0.05,4.214285714285714,5555.0,5e-09,5e-11,0.85,1.02e-10,1.86e-10,-0.00016,0.3839724354387525,22.0,40,0,0,
2260,800.0,18.789289276185396,92.0,1244.4444444444443,0.05,4.571428571428571,5555.0,5e-09,5e-11,0.85,1.02e-10,1.86e-10,-0.00016,0.3839724354387525,22.0,40,0,0,
2261,800.0,18.789289276185396,92.0,1244.4444444444443,0.05,4.928571428571429,5555.0,5e-09,5e-11,0.85,1.02e-10,1.86e-10,-0.00016,0.3839724354387525,22.0,40,0,0,
2262,800.0,18.789289276185396,92.0,1244.4444444444443,0.05,5.285714285714286,5555.0,5e-09,5e-11,0.85,1.02e-10,1.86e-10,-0.00016,0.3839724354387525,22.0,40,0,0,
2263,800.0,18.789289276185396,92.0,1244.4444444444443,0.05,5.642857142857143,5555.0,5e-09,5e-11,0.85,1.02e-10,1.86e-10,-0.00016,0.3839724354387525,22.0,40,0,0,
2264,800.0,18.789289276185396,92.0,1244.4444444444443,0.05,6.0,5555.0,5e-09,5e-11,0.85,1.02e-10,1.86e-10,-0.00016,0.3839724354387525,22.0,40,0,0,
2265,800.0,18.789289276185396,92.0,1244.4444444444443,0.052222222222222225,1.0,5555.0,5e-09,5e-11,0.85,1.02e-10,1.86e-10,-0.00016,0.3839724354387525,22.0,40,0,0,
2266,800.0,18.789289276185396,92.0,1244.4444444444443,0.052222222222222225,1.3571428571428572,5555.0,5e-09,5e-11,0.85,1.02e-10,1.86e-10,-0.00016,0.3839724354387525,22.0,40,0,0,
2267,800.0,18.789289276185396,92.0,1244.4444444444443,0.052222222222222225,1.7142857142857144,5555.0,5e-09,5e-11,0.85,1.02e-10,1.86e-10,-0.00016,0.3839724354387525,22.0,40,0,0,
2268,800.0,18.789289276185396,92.0,1244.4444444444443,0.052222222222222225,2.071428571428571,5555.0,5e-09,5e-11,0.85,1.02e-10,1.86e-10,-0.00016,0.3839724354387525,22.0,40,0,0,
2269,800.0,18.789289276185396,92.0,1244.4444444444443,0.052222222222222225,2.428571428571429,5555.0,5e-09,5e-11,0.85,1.02e-10,1.86e-10,-0.00016,0.3839724354387525,22.0,40,0,0,
2270,800.0,18.789289276185396,92.0,1244.4444444444443,0.052222222222222225,2.7857142857142856,5555.0,5e-09,5e-11,0.85,1.02e-10,1.86e-10,-0.00016,0.3839724354387525,22.0,40,0,0,
2271,800.0,18.789289276185396,92.0,1244.4444444444443,0.052222222222222225,3.142857142857143,5555.0,5e-09,5e-11,0.85,1.02e-10,1.86e-10,-0.00016,0.3839724354387525,22.0,40,0,0,
2272,800.0,18.789289276185396,92.0,1244.4444444444443,0.052222222222222225,3.5,5555.0,5e-09,5e-11,0.85,1.02e-10,1.86e-10,-0.00016,0.3839724354387525,22.0,40,0,0,
2273,800.0,18.789289276185396,92.0,1244.4444444444443,0.052222222222222225,3.857142857142857,5555.0,5e-09,5e-11,0.85,1.02e-10,1.86e-10,-0.00016,0.3839724354387525,22.0,40,0,0,
2274,800.0,18.789289276185396,92.0,1244.4444444444443,0.052222222222222225,4.214285714285714,5555.0,5e-09,5e-11,0.85,1.02e-10,1.86e-10,-0.00016,0.3839724354387525,22.0,40,0,0,
2275,800.0,18.789289276185396,92.0,1244.4444444444443,0.052222222222222225,4.571428571428571,5555.0,5e-09,5e-11,0.85,1.02e-10,1.86e-10,-0.00016,0.3839724354387525,22.0,40,0,0,
2276,800.0,18.789289276185396,92.0,1244.4444444444443,0.052222222222222225,4.928571428571429,5555.0,5e-09,5e-11,0.85,1.02e-10,1.86e-10,-0.00016,0.3839724354387525,22.0,40,0,0,
2277,800.0,18.789289276185396,92.0,1244.4444444444443,0.052222222222222225,5.285714285714286,5555.0,5e-09,5e-11,0.85,1.02e-10,1.86e-10,-0.00016,0.3839724354387525,22.0,40,0,0,
2278,800.0,18.789289276185396,92.0,1244.4444444444443,0.052222222222222225,5.642857142857143,5555.0,5e-09,5e-11,0.85,1.02e-10,1.86e-10,-0.00016,0.3839724354387525,22.0,40,0,0,
2279,800.0,18.789289276185396,92.0,1244.4444444444443,0.052222222222222225,6.0,5555.0,5e-09,5e-11,0.85,1.02e-10,1.86e-10,-0.00016,0.3839724354387525,22.0,40,0,0,
2280,800.0,18.789289276185396,92.0,1244.4444444444443,0.05444444444444445,1.0,5555.0,5e-09,5e-11,0.85,1.02e-10,1.86e-10,-0.00016,0.3839724354387525,22.0,40,0,0,
2281,800.0,18.789289276185396,92.0,1244.4444444444443,0.05444444444444445,1.3571428571428572,5555.0,5e-09,5e-11,0.85,1.02e-10,1.86e-10,-0.00016,0.3839724354387525,22.0,40,0,0,
2282,800.0,18.789289276185396,92.0,1244.4444444444443,0.05444444444444445,1.7142857142857144,5555.0,5e-09,5e-11,0.85,1.02e-10,1.86e-10,-0.00016,0.3839724354387525,22.0,40,0,0,
2283,800.0,18.789289276185396,92.0,1244.4444444444443,0.05444444444444445,2.071428571428571,5555.0,5e-09,5e-11,0.85,1.02e-10,1.86e-10,-0.00016,0.3839724354387525,22.0,40,0,0,
2284,800.0,18.789289276185396,92.0,1244.4444444444443,0.05444444444444445,2.428571428571429,5555.0,5e-09,5e-11,0.85,1.02e-10,1.86e-10,-0.00016,0.3839724354387525,22.0,40,0,0,
2285,800.0,18.789289276185396,92.0,1244.4444444444443,0.05444444444444445,2.7857142857142856,5555.0,5e-09,5e-11,0.85,1.02e-10,1.86e-10,-0.00016,0.3839724354387525,22.0,40,0,0,
2286,800.0,18.789289276185396,92.0,1244.4444444444443,0.05444444444444445,3.142857142857143,5555.0,5e-09,5e-11,0.85,1.02e-10,1.86e-10,-0.00016,0.3839724354387525,22.0,40,0,0,
2287,800.0,18.789289276185396,92.0,1244.4444444444443,0.05444444444444445,3.5,5555.0,5e-09,5e-11,0.85,1.02e-10,1.86e-10,-0.00016,0.3839724354387525,22.0,40,0,0,
2288,800.0,18.789289276185396,92.0,1244.4444444444443,0.05444444444444445,3.857142857142857,5555.0,5e-09,5e-11,0.85,1.02e-10,1.86e-10,-0.00016,0.3839724354387525,22.0,40,0,0,
2289,800.0,18.789289276185396,92.0,1244.4444444444443,0.05444444444444445,4.214285714285714,5555.0,5e-09,5e-11,0.85,1.02e-10,1.86e-10,-0.00016,0.3839724354387525,22.0,40,0,0,
2290,800.0,18.789289276185396,92.0,1244.4444444444443,0.05444444444444445,4.571428571428571,5555.0,5e-09,5e-11,0.85,1.02e-10,1.86e-10,-0.00016,0.3839724354387525,22.0,40,0,0,
2291,800.0,18.789289276185396,92.0,1244.4444444444443,0.05444444444444445,4.928571428571429,5555.0,5e-09,5e-11,0.85,1.02e-10,1.86e-10,-0.00016,0.3839724354387525,22.0,40,0,0,
2292,800.0,18.789289276185396,92.0,1244.4444444444443,0.05444444444444445,5.285714285714286,5555.0,5e-09,5e-11,0.85,1.02e-10,1.86e-10,-0.00016,0.3839724354387525,22.0,40,0,0,
2293,800.0,18.789289276185396,92.0,1244.4444444444443,0.05444444444444445,5.642857142857143,5555.0,5e-09,5e-11,0.85,1.02e-10,1.86e-10,-0.00016,0.3839724354387525,22.0,40,0,0,
2294,800.0,18.789289276185396,92.0,1244.4444444444443,0.05444444444444445,6.0,5555.0,5e-09,5e-11,0.85,1.02e-10,1.86e-10,-0.00016,0.3839724354387525,22.0,40,0,0,
2295,800.0,18.789289276185396,92.0,1244.4444444444443,0.05666666666666667,1.0,5555.0,5e-09,5e-11,0.85,1.02e-10,1.86e-10,-0.00016,0.3839724354387525,22.0,40,0,0,
2296,800.0,18.789289276185396,92.0,1244.4444444444443,0.05666666666666667,1.3571428571428572,5555.0,5e-09,5e-11,0.85,1.02e-10,1.86e-10,-0.00016,0.3839724354387525,22.0,40,0,0,
2297,800.0,18.789289276185396,92.0,1244.4444444444443,0.05666666666666667,1.7142857142857144,5555.0,5e-09,5e-11,0.85,1.02e-10,1.86e-10,-0.00016,0.3839724354387525,22.0,40,0,0,
2298,800.0,18.789289276185396,92.0,1244.4444444444443,0.05666666666666667,2.071428571428571,5555.0,5e-09,5e-11,0.85,1.02e-10,1.86e-10,-0.00016,0.3839724354387525,22.0,40,0,0,
2299,800.0,18.789289276185396,92.0,1244.4444444444443,0.05666666666666667,2.428571428571429,5555.0,5e-09,5e-11,0.85,1.02e-10,1.86e-10,-0.00016,0.3839724354387525,22.0,40,0,0,
2300,800.0,18.789289276185396,92.0,1244.4444444444443,0.05666666666666667,2.7857142857142856,5555.0,5e-09,5e-11,0.85,1.02e-10,1.86e-10,-0.00016,0.3839724354387525,22.0,40,0,0,
2301,800.0,18.789289276185396,92.0,1244.4444444444443,0.05666666666666667,3.142857142857143,5555.0,5e-09,5e-11,0.85,1.02e-10,1.86e-10,-0.00016,0.3839724354387525,22.0,40,0,0,
2302,800.0,18.789289276185396,92.0,1244.4444444444443,0.05666666666666667,3.5,5555.0,5e-09,5e-11,0.85,1.02e-10,1.86e-10,-0.00016,0.3839724354387525,22.0,40,0,0,
2303,800.0,18.789289276185396,92.0,1244.4444444444443,0.05666666666666667,3.857142857142857,5555.0,5e-09,5e-11,0.85,1.02e-10,1.86e-10,-0.00016,0.3839724354387525,22.0,40,0,0,
2304,800.0,18.789289276185396,92.0,1244.4444444444443,0.05666666666666667,4.214285714285714,5555.0,5e-09,5e-11,0.85,1.02e-10,1.86e-10,-0.00016,0.3839724354387525,22.0,40,0,0,
2305,800.0,18.789289276185396,92.0,1244.4444444444443,0.05666666666666667,4.571428571428571,5555.0,5e-09,5e-11,0.85,1.02e-10,1.86e-10,-0.00016,0.3839724354387525,22.0,40,0,0,
2306,800.0,18.789289276185396,92.0,1244.4444444444443,0.05666666666666667,4.928571428571429,5555.0,5e-09,5e-11,0.85,1.02e-10,1.86e-10,-0.00016,0.3839724354387525,22.0,40,0,0,
2307,800.0,18.789289276185396,92.0,1244.4444444444443,0.05666666666666667,5.285714285714286,5555.0,5e-09,5e-11,0.85,1.02e-10,1.86e-10,-0.00016,0.3839724354387525,22.0,40,0,0,
2308,800.0,18.789289276185396,92.0,1244.4444444444443,0.05666666666666667,5.642857142857143,5555.0,5e-09,5e-11,0.85,1.02e-10,1.86e-10,-0.00016,0.3839724354387525,22.0,40,0,0,
2309,800.0,18.789289276185396,92.0,1244.4444444444443,0.05666666666666667,6.0,5555.0,5e-09,5e-11,0.85,1.02e-10,1.86e-10,-0.00016,0.3839724354387525,22.0,40,0,0,
2310,800.0,18.789289276185396,92.0,1244.4444444444443,0.05888888888888889,1.0,5555.0,5e-09,5e-11,0.85,1.02e-10,1.86e-10,-0.00016,0.3839724354387525,22.0,40,0,0,
2311,800.0,18.789289276185396,92.0,1244.4444444444443,0.05888888888888889,1.3571428571428572,5555.0,5e-09,5e-11,0.85,1.02e-10,1.86e-10,-0.00016,0.3839724354387525,22.0,40,0,0,
2312,800.0,18.789289276185396,92.0,1244.4444444444443,0.05888888888888889,1.7142857142857144,5555.0,5e-09,5e-11,0.85,1.02e-10,1.86e-10,-0.00016,0.3839724354387525,22.0,40,0,0,
2313,800.0,18.789289276185396,92.0,1244.4444444444443,0.05888888888888889,2.071428571428571,5555.0,5e-09,5e-11,0.85,1.02e-10,1.86e-10,-0.00016,0.3839724354387525,22.0,40,0,0,
2314,800.0,18.789289276185396,92.0,1244.4444444444443,0.05888888888888889,2.428571428571429,5555.0,5e-09,5e-11,0.85,1.02e-10,1.86e-10,-0.00016,0.3839724354387525,22.0,40,0,0,
2315,800.0,18.789289276185396,92.0,1244.4444444444443,0.05888888888888889,2.7857142857142856,5555.0,5e-09,5e-11,0.85,1.02e-10,1.86e-10,-0.00016,0.3839724354387525,22.0,40,0,0,
2316,800.0,18.789289276185396,92.0,1244.4444444444443,0.05888888888888889,3.142857142857143,5555.0,5e-09,5e-11,0.85,1.02e-10,1.86e-10,-0.00016,0.3839724354387525,22.0,40,0,0,
2317,800.0,18.789289276185396,92.0,1244.4444444444443,0.05888888888888889,3.5,5555.0,5e-09,5e-11,0.85,1.02e-10,1.86e-10,-0.00016,0.3839724354387525,22.0,40,0,0,
2318,800.0,18.789289276185396,92.0,1244.4444444444443,0.05888888888888889,3.857142857142857,5555.0,5e-09,5e-11,0.85,1.02e-10,1.86e-10,-0.00016,0.3839724354387525,22.0,40,0,0,
2319,800.0,18.789289276185396,92.0,1244.4444444444443,0.05888888888888889,4.214285714285714,5555.0,5e-09,5e-11,0.85,1.02e-10,1.86e-10,-0.00016,0.3839724354387525,22.0,40,0,0,
2320,800.0,18.789289276185396,92.0,1244.4444444444443,0.05888888888888889,4.571428571428571,5555.0,5e-09,5e-11,0.85,1.02e-10,1.86e-10,-0.00016,0.3839724354387525,22.0,40,0,0,
2321,800.0,18.789289276185396,92.0,1244.4444444444443,0.05888888888888889,4.928571428571429,5555.0,5e-09,5e-11,0.85,1.02e-10,1.86e-10,-0.00016,0.3839724354387525,22.0,40,0,0,
2322,800.0,18.789289276185396,92.0,1244.4444444444443,0.05888888888888889,5.285714285714286,5555.0,5e-09,5e-11,0.85,1.02e-10,1.86e-10,-0.00016,0.3839724354387525,22.0,40,0,0,
2323,800.0,18.789289276185396,92.0,1244.4444444444443,0.05888888888888889,5.642857142857143,5555.0,5e-09,5e-11,0.85,1.02e-10,1.86e-10,-0.00016,0.3839724354387525,22.0,40,0,0,
2324,800.0,18.789289276185396,92.0,1244.4444444444443,0.05888888888888889,6.0,5555.0,5e-09,5e-11,0.85,1.02e-10,1.86e-10,-0.00016,0.3839724354387525,22.0,40,0,0,
2325,800.0,18.789289276185396,92.0,1244.4444444444443,0.061111111111111116,1.0,5555.0,5e-09,5e-11,0.85,1.02e-10,1.86e-10,-0.00016,0.3839724354387525,22.0,40,0,0,
2326,800.0,18.789289276185396,92.0,1244.4444444444443,0.061111111111111116,1.3571428571428572,5555.0,5e-09,5e-11,0.85,1.02e-10,1.86e-10,-0.00016,0.3839724354387525,22.0,40,0,0,
2327,800.0,18.789289276185396,92.0,1244.4444444444443,0.061111111111111116,1.7142857142857144,5555.0,5e-09,5e-11,0.85,1.02e-10,1.86e-10,-0.00016,0.3839724354387525,22.0,40,0,0,
2328,800.0,18.789289276185396,92.0,1244.4444444444443,0.061111111111111116,2.071428571428571,5555.0,5e-09,5e-11,0.85,1.02e-10,1.86e-10,-0.00016,0.3839724354387525,22.0,40,0,0,
2329,800.0,18.789289276185396,92.0,1244.4444444444443,0.061111111111111116,2.428571428571429,5555.0,5e-09,5e-11,0.85,1.02e-10,1.86e-10,-0.00016,0.3839724354387525,22.0,40,0,0,
2330,800.0,18.789289276185396,92.0,1244.4444444444443,0.061111111111111116,2.7857142857142856,5555.0,5e-09,5e-11,0.85,1.02e-10,1.86e-10,-0.00016,0.3839724354387525,22.0,40,0,0,
2331,800.0,18.789289276185396,92.0,1244.4444444444443,0.061111111111111116,3.142857142857143,5555.0,5e-09,5e-11,0.85,1.02e-10,1.86e-10,-0.00016,0.3839724354387525,22.0,40,0,0,
2332,800.0,18.789289276185396,92.0,1244.4444444444443,0.061111111111111116,3.5,5555.0,5e-09,5e-11,0.85,1.02e-10,1.86e-10,-0.00016,0.3839724354387525,22.0,40,0,0,
2333,800.0,18.789289276185396,92.0,1244.4444444444443,0.061111111111111116,3.857142857142857,5555.0,5e-09,5e-11,0.85,1.02e-10,1.86e-10,-0.00016,0.3839724354387525,22.0,40,0,0,
2334,800.0,18.789289276185396,92.0,1244.4444444444443,0.061111111111111116,4.214285714285714,5555.0,5e-09,5e-11,0.85,1.02e-10,1.86e-10,-0.00016,0.3839724354387525,22.0,40,0,0,
2335,800.0,18.789289276185396,92.0,1244.4444444444443,0.061111111111111116,4.571428571428571,5555.0,5e-09,5e-11,0.85,1.02e-10,1.86e-10,-0.00016,0.3839724354387525,22.0,40,0,0,
2336,800.0,18.789289276185396,92.0,1244.4444444444443,0.061111111111111116,4.928571428571429,5555.0,5e-09,5e-11,0.85,1.02e-10,1.86e-10,-0.00016,0.3839724354387525,22.0,40,0,0,
2337,800.0,18.789289276185396,92.0,1244.4444444444443,0.061111111111111116,5.285714285714286,5555.0,5e-09,5e-11,0.85,1.02e-10,1.86e-10,-0.00016,0.3839724354387525,22.0,40,0,0,
2338,800.0,18.789289276185396,92.0,1244.4444444444443,0.061111111111111116,5.642857142857143,5555.0,5e-09,5e-11,0.85,1.02e-10,1.86e-10,-0.00016,0.3839724354387525,22.0,40,0,0,
2339,800.0,18.789289276185396,92.0,1244.4444444444443,0.061111111111111116,6.0,5555.0,5e-09,5e-11,0.85,1.02e-10,1.86e-10,-0.00016,0.3839724354387525,22.0,40,0,0,
2340,800.0,18.789289276185396,92.0,1244.4444444444443,0.06333333333333334,1.0,5555.0,5e-09,5e-11,0.85,1.02e-10,1.86e-10,-0.00016,0.3839724354387525,22.0,40,0,0,
2341,800.0,18.789289276185396,92.0,1244.4444444444443,0.06333333333333334,1.3571428571428572,5555.0,5e-09,5e-11,0.85,1.02e-10,1.86e-10,-0.00016,0.3839724354387525,22.0,40,0,0,
2342,800.0,18.789289276185396,92.0,1244.4444444444443,0.06333333333333334,1.7142857142857144,5555.0,5e-09,5e-11,0.85,1.02e-10,1.86e-10,-0.00016,0.3839724354387525,22.0,40,0,0,
2343,800.0,18.789289276185396,92.0,1244.4444444444443,0.06333333333333334,2.071428571428571,5555.0,5e-09,5e-11,0.85,1.02e-10,1.86e-10,-0.00016,0.3839724354387525,22.0,40,0,0,
2344,800.0,18.789289276185396,92.0,1244.4444444444443,0.06333333333333334,2.428571428571429,5555.0,5e-09,5e-11,0.85,1.02e-10,1.86e-10,-0.00016,0.3839724354387525,22.0,40,0,0,
2345,800.0,18.789289276185396,92.0,1244.4444444444443,0.06333333333333334,2.7857142857142856,5555.0,5e-09,5e-11,0.85,1.02e-10,1.86e-10,-0.00016,0.3839724354387525,22.0,40,0,0,
2346,800.0,18.789289276185396,92.0,1244.4444444444443,0.06333333333333334,3.142857142857143,5555.0,5e-09,5e-11,0.85,1.02e-10,1.86e-10,-0.00016,0.3839724354387525,22.0,40,0,0,
2347,800.0,18.789289276185396,92.0,1244.4444444444443,0.06333333333333334,3.5,5555.0,5e-09,5e-11,0.85,1.02e-10,1.86e-10,-0.00016,0.3839724354387525,22.0,40,0,0,
2348,800.0,18.789289276185396,92.0,1244.4444444444443,0.06333333333333334,3.857142857142857,5555.0,5e-09,5e-11,0.85,1.02e-10,1.86e-10,-0.00016,0.3839724354387525,22.0,40,0,0,
2349,800.0,18.789289276185396,92.0,1244.4444444444443,0.06333333333333334,4.214285714285714,5555.0,5e-09,5e-11,0.85,1.02e-10,1.86e-10,-0.00016,0.3839724354387525,22.0,40,0,0,
2350,800.0,18.789289276185396,92.0,1244.4444444444443,0.06333333333333334,4.571428571428571,5555.0,5e-09,5e-11,0.85,1.02e-10,1.86e-10,-0.00016,0.3839724354387525,22.0,40,0,0,
2351,800.0,18.789289276185396,92.0,1244.4444444444443,0.06333333333333334,4.928571428571429,5555.0,5e-09,5e-11,0.85,1.02e-10,1.86e-10,-0.00016,0.3839724354387525,22.0,40,0,0,
2352,800.0,18.789289276185396,92.0,1244.4444444444443,0.06333333333333334,5.285714285714286,5555.0,5e-09,5e-11,0.85,1.02e-10,1.86e-10,-0.00016,0.3839724354387525,22.0,40,0,0,
2353,800.0,18.789289276185396,92.0,1244.4444444444443,0.06333333333333334,5.642857142857143,5555.0,5e-09,5e-11,0.85,1.02e-10,1.86e-10,-0.00016,0.3839724354387525,22.0,40,0,0,
2354,800.0,18.789289276185396,92.0,1244.4444444444443,0.06333333333333334,6.0,5555.0,5e-09,5e-11,0.85,1.02e-10,1.86e-10,-0.00016,0.3839724354387525,22.0,40,0,0,
2355,800.0,18.789289276185396,92.0,1244.4444444444443,0.06555555555555556,1.0,5555.0,5e-09,5e-11,0.85,1.02e-10,1.86e-10,-0.00016,0.3839724354387525,22.0,40,0,0,
2356,800.0,18.789289276185396,92.0,1244.4444444444443,0.06555555555555556,1.3571428571428572,5555.0,5e-09,5e-11,0.85,1.02e-10,1.86e-10,-0.00016,0.3839724354387525,22.0,40,0,0,
2357,800.0,18.789289276185396,92.0,1244.4444444444443,0.06555555555555556,1.7142857142857144,5555.0,5e-09,5e-11,0.85,1.02e-10,1.86e-10,-0.00016,0.3839724354387525,22.0,40,0,0,
2358,800.0,18.789289276185396,92.0,1244.4444444444443,0.06555555555555556,2.071428571428571,5555.0,5e-09,5e-11,0.85,1.02e-10,1.86e-10,-0.00016,0.3839724354387525,22.0,40,0,0,
2359,800.0,18.789289276185396,92.0,1244.4444444444443,0.06555555555555556,2.428571428571429,5555.0,5e-09,5e-11,0.85,1.02e-10,1.86e-10,-0.00016,0.3839724354387525,22.0,40,0,0,
2360,800.0,18.789289276185396,92.0,1244.4444444444443,0.06555555555555556,2.7857142857142856,5555.0,5e-09,5e-11,0.85,1.02e-10,1.86e-10,-0.00016,0.3839724354387525,22.0,40,0,0,
2361,800.0,18.789289276185396,92.0,1244.4444444444443,0.06555555555555556,3.142857142857143,5555.0,5e-09,5e-11,0.85,1.02e-10,1.86e-10,-0.00016,0.3839724354387525,22.0,40,0,0,
2362,800.0,18.789289276185396,92.0,1244.4444444444443,0.06555555555555556,3.5,5555.0,5e-09,5e-11,0.85,1.02e-10,1.86e-10,-0.00016,0.3839724354387525,22.0,40,0,0,
2363,800.0,18.789289276185396,92.0,1244.4444444444443,0.06555555555555556,3.857142857142857,5555.0,5e-09,5e-11,0.85,1.02e-10,1.86e-10,-0.00016,0.3839724354387525,22.0,40,0,0,
2364,800.0,18.789289276185396,92.0,1244.4444444444443,0.06555555555555556,4.214285714285714,5555.0,5e-09,5e-11,0.85,1.02e-10,1.86e-10,-0.00016,0.3839724354387525,22.0,40,0,0,
2365,800.0,18.789289276185396,92.0,1244.4444444444443,0.06555555555555556,4.571428571428571,5555.0,5e-09,5e-11,0.85,1.02e-10,1.86e-10,-0.00016,0.3839724354387525,22.0,40,0,0,
2366,800.0,18.789289276185396,92.0,1244.4444444444443,0.06555555555555556,4.928571428571429,5555.0,5e-09,5e-11,0.85,1.02e-10,1.86e-10,-0.00016,0.3839724354387525,22.0,40,0,0,
2367,800.0,18.789289276185396,92.0,1244.4444444444443,0.06555555555555556,5.285714285714286,5555.0,5e-09,5e-11,0.85,1.02e-10,1.86e-10,-0.00016,0.3839724354387525,22.0,40,0,0,
2368,800.0,18.789289276185396,92.0,1244.4444444444443,0.06555555555555556,5.642857142857143,5555.0,5e-09,5e-11,0.85,1.02e-10,1.86e-10,-0.00016,0.3839724354387525,22.0,40,0,0,
2369,800.0,18.789289276185396,92.0,1244.4444444444443,0.06555555555555556,6.0,5555.0,5e-09,5e-11,0.85,1.02e-10,1.86e-10,-0.00016,0.3839724354387525,22.0,40,0,0,
2370,800.0,18.789289276185396,92.0,1244.4444444444443,0.06777777777777778,1.0,5555.0,5e-09,5e-11,0.85,1.02e-10,1.86e-10,-0.00016,0.3839724354387525,22.0,40,0,0,
2371,800.0,18.789289276185396,92.0,1244.4444444444443,0.06777777777777778,1.3571428571428572,5555.0,5e-09,5e-11,0.85,1.02e-10,1.86e-10,-0.00016,0.3839724354387525,22.0,40,0,0,
2372,800.0,18.789289276185396,92.0,1244.4444444444443,0.06777777777777778,1.7142857142857144,5555.0,5e-09,5e-11,0.85,1.02e-10,1.86e-10,-0.00016,0.3839724354387525,22.0,40,0,0,
2373,800.0,18.789289276185396,92.0,1244.4444444444443,0.06777777777777778,2.071428571428571,5555.0,5e-09,5e-11,0.85,1.02e-10,1.86e-10,-0.00016,0.3839724354387525,22.0,40,0,0,
2374,800.0,18.789289276185396,92.0,1244.4444444444443,0.06777777777777778,2.428571428571429,5555.0,5e-09,5e-11,0.85,1.02e-10,1.86e-10,-0.00016,0.3839724354387525,22.0,40,0,0,
2375,800.0,18.789289276185396,92.0,1244.4444444444443,0.06777777777777778,2.7857142857142856,5555.0,5e-09,5e-11,0.85,1.02e-10,1.86e-10,-0.00016,0.3839724354387525,22.0,40,0,0,
2376,800.0,18.789289276185396,92.0,1244.4444444444443,0.06777777777777778,3.142857142857143,5555.0,5e-09,5e-11,0.85,1.02e-10,1.86e-10,-0.00016,0.3839724354387525,22.0,40,0,0,
2377,800.0,18.789289276185396,92.0,1244.4444444444443,0.06777777777777778,3.5,5555.0,5e-09,5e-11,0.85,1.02e-10,1.86e-10,-0.00016,0.3839724354387525,22.0,40,0,0,
2378,800.0,18.789289276185396,92.0,1244.4444444444443,0.06777777777777778,3.857142857142857,5555.0,5e-09,5e-11,0.85,1.02e-10,1.86e-10,-0.00016,0.3839724354387525,22.0,40,0,0,
2379,800.0,18.789289276185396,92.0,1244.4444444444443,0.06777777777777778,4.214285714285714,5555.0,5e-09,5e-11,0.85,1.02e-10,1.86e-10,-0.00016,0.3839724354387525,22.0,40,0,0,
2380,800.0,18.789289276185396,92.0,1244.4444444444443,0.06777777777777778,4.571428571428571,5555.0,5e-09,5e-11,0.85,1.02e-10,1.86e-10,-0.00016,0.3839724354387525,22.0,40,0,0,
2381,800.0,18.789289276185396,92.0,1244.4444444444443,0.06777777777777778,4.928571428571429,5555.0,5e-09,5e-11,0.85,1.02e-10,1.86e-10,-0.00016,0.3839724354387525,22.0,40,0,0,
2382,800.0,18.789289276185396,92.0,1244.4444444444443,0.06777777777777778,5.285714285714286,5555.0,5e-09,5e-11,0.85,1.02e-10,1.86e-10,-0.00016,0.3839724354387525,22.0,40,0,0,
2383,800.0,18.789289276185396,92.0,1244.4444444444443,0.06777777777777778,5.642857142857143,5555.0,5e-09,5e-11,0.85,1.02e-10,1.86e-10,-0.00016,0.3839724354387525,22.0,40,0,0,
2384,800.0,18.789289276185396,92.0,1244.4444444444443,0.06777777777777778,6.0,5555.0,5e-09,5e-11,0.85,1.02e-10,1.86e-10,-0.00016,0.3839724354387525,22.0,40,0,0,
2385,800.0,18.789289276185396,92.0,1244.4444444444443,0.07,1.0,5555.0,5e-09,5e-11,0.85,1.02e-10,1.86e-10,-0.00016,0.3839724354387525,22.0,40,0,0,
2386,800.0,18.789289276185396,92.0,1244.4444444444443,0.07,1.3571428571428572,5555.0,5e-09,5e-11,0.85,1.02e-10,1.86e-10,-0.00016,0.3839724354387525,22.0,40,0,0,
2387,800.0,18.789289276185396,92.0,1244.4444444444443,0.07,1.7142857142857144,5555.0,5e-09,5e-11,0.85,1.02e-10,1.86e-10,-0.00016,0.3839724354387525,22.0,40,0,0,
2388,800.0,18.789289276185396,92.0,1244.4444444444443,0.07,2.071428571428571,5555.0,5e-09,5e-11,0.85,1.02e-10,1.86e-10,-0.00016,0.3839724354387525,22.0,40,0,0,
2389,800.0,18.789289276185396,92.0,1244.4444444444443,0.07,2.428571428571429,5555.0,5e-09,5e-11,0.85,1.02e-10,1.86e-10,-0.00016,0.3839724354387525,22.0,40,0,0,
2390,800.0,18.789289276185396,92.0,1244.4444444444443,0.07,2.7857142857142856,5555.0,5e-09,5e-11,0.85,1.02e-10,1.86e-10,-0.00016,0.3839724354387525,22.0,40,0,0,
2391,800.0,18.789289276185396,92.0,1244.4444444444443,0.07,3.142857142857143,5555.0,5e-09,5e-11,0.85,1.02e-10,1.86e-10,-0.00016,0.3839724354387525,22.0,40,0,0,
2392,800.0,18.789289276185396,92.0,1244.4444444444443,0.07,3.5,5555.0,5e-09,5e-11,0.85,1.02e-10,1.86e-10,-0.00016,0.3839724354387525,22.0,40,0,0,
2393,800.0,18.789289276185396,92.0,1244.4444444444443,0.07,3.857142857142857,5555.0,5e-09,5e-11,0.85,1.02e-10,1.86e-10,-0.00016,0.3839724354387525,22.0,40,0,0,
2394,800.0,18.789289276185396,92.0,1244.4444444444443,0.07,4.214285714285714,5555.0,5e-09,5e-11,0.85,1.02e-10,1.86e-10,-0.00016,0.3839724354387525,22.0,40,0,0,
2395,800.0,18.789289276185396,92.0,1244.4444444444443,0.07,4.571428571428571,5555.0,5e-09,5e-11,0.85,1.02e-10,1.86e-10,-0.00016,0.3839724354387525,22.0,40,0,0,
2396,800.0,18.789289276185396,92.0,1244.4444444444443,0.07,4.928571428571429,5555.0,5e-09,5e-11,0.85,1.02e-10,1.86e-10,-0.00016,0.3839724354387525,22.0,40,0,0,
2397,800.0,18.789289276185396,92.0,1244.4444444444443,0.07,5.285714285714286,5555.0,5e-09,5e-11,0.85,1.02e-10,1.86e-10,-0.00016,0.3839724354387525,22.0,40,0,0,
2398,800.0,18.789289276185396,92.0,1244.4444444444443,0.07,5.642857142857143,5555.0,5e-09,5e-11,0.85,1.02e-10,1.86e-10,-0.00016,0.3839724354387525,22.0,40,0,0,
2399,800.0,18.789289276185396,92.0,1244.4444444444443,0.07,6.0,5555.0,5e-09,5e-11,0.85,1.02e-10,1.86e-10,-0.00016,0.3839724354387525,22.0,40,0,0,
2400,800.0,18.789289276185396,92.0,1433.3333333333333,0.05,1.0,5555.0,5e-09,5e-11,0.85,1.02e-10,1.86e-10,-0.00016,0.3839724354387525,22.0,40,0,0,
2401,800.0,18.789289276185396,92.0,1433.3333333333333,0.05,1.3571428571428572,5555.0,5e-09,5e-11,0.85,1.02e-10,1.86e-10,-0.00016,0.3839724354387525,22.0,40,0,0,
2402,800.0,18.789289276185396,92.0,1433.3333333333333,0.05,1.7142857142857144,5555.0,5e-09,5e-11,0.85,1.02e-10,1.86e-10,-0.00016,0.3839724354387525,22.0,40,0,0,
2403,800.0,18.789289276185396,92.0,1433.3333333333333,0.05,2.071428571428571,5555.0,5e-09,5e-11,0.85,1.02e-10,1.86e-10,-0.00016,0.3839724354387525,22.0,40,0,0,
2404,800.0,18.789289276185396,92.0,1433.3333333333333,0.05,2.428571428571429,5555.0,5e-09,5e-11,0.85,1.02e-10,1.86e-10,-0.00016,0.3839724354387525,22.0,40,0,0,
2405,800.0,18.789289276185396,92.0,1433.3333333333333,0.05,2.7857142857142856,5555.0,5e-09,5e-11,0.85,1.02e-10,1.86e-10,-0.00016,0.3839724354387525,22.0,40,0,0,
2406,800.0,18.789289276185396,92.0,1433.3333333333333,0.05,3.142857142857143,5555.0,5e-09,5e-11,0.85,1.02e-10,1.86e-10,-0.00016,0.3839724354387525,22.0,40,0,0,
2407,800.0,18.789289276185396,92.0,1433.3333333333333,0.05,3.5,5555.0,5e-09,5e-11,0.85,1.02e-10,1.86e-10,-0.00016,0.3839724354387525,22.0,40,0,0,
2408,800.0,18.789289276185396,92.0,1433.3333333333333,0.05,3.857142857142857,5555.0,5e-09,5e-11,0.85,1.02e-10,1.86e-10,-0.00016,0.3839724354387525,22.0,40,0,0,
2409,800.0,18.789289276185396,92.0,1433.3333333333333,0.05,4.214285714285714,5555.0,5e-09,5e-11,0.85,1.02e-10,1.86e-10,-0.00016,0.3839724354387525,22.0,40,0,0,
2410,800.0,18.789289276185396,92.0,1433.3333333333333,0.05,4.571428571428571,5555.0,5e-09,5e-11,0.85,1.02e-10,1.86e-10,-0.00016,0.3839724354387525,22.0,40,0,0,
2411,800.0,18.789289276185396,92.0,1433.3333333333333,0.05,4.928571428571429,5555.0,5e-09,5e-11,0.85,1.02e-10,1.86e-10,-0.00016,0.3839724354387525,22.0,40,0,0,
2412,800.0,18.789289276185396,92.0,1433.3333333333333,0.05,5.285714285714286,5555.0,5e-09,5e-11,0.85,1.02e-10,1.86e-10,-0.00016,0.3839724354387525,22.0,40,0,0,
2413,800.0,18.789289276185396,92.0,1433.3333333333333,0.05,5.642857142857143,5555.0,5e-09,5e-11,0.85,1.02e-10,1.86e-10,-0.00016,0.3839724354387525,22.0,40,0,0,
2414,800.0,18.789289276185396,92.0,1433.3333333333333,0.05,6.0,5555.0,5e-09,5e-11,0.85,1.02e-10,1.86e-10,-0.00016,0.3839724354387525,22.0,40,0,0,
2415,800.0,18.789289276185396,92.0,1433.3333333333333,0.052222222222222225,1.0,5555.0,5e-09,5e-11,0.85,1.02e-10,1.86e-10,-0.00016,0.3839724354387525,22.0,40,0,0,
2416,800.0,18.789289276185396,92.0,1433.3333333333333,0.052222222222222225,1.3571428571428572,5555.0,5e-09,5e-11,0.85,1.02e-10,1.86e-10,-0.00016,0.3839724354387525,22.0,40,0,0,
2417,800.0,18.789289276185396,92.0,1433.3333333333333,0.052222222222222225,1.7142857142857144,5555.0,5e-09,5e-11,0.85,1.02e-10,1.86e-10,-0.00016,0.3839724354387525,22.0,40,0,0,
2418,800.0,18.789289276185396,92.0,1433.3333333333333,0.052222222222222225,2.071428571428571,5555.0,5e-09,5e-11,0.85,1.02e-10,1.86e-10,-0.00016,0.3839724354387525,22.0,40,0,0,
2419,800.0,18.789289276185396,92.0,1433.3333333333333,0.052222222222222225,2.428571428571429,5555.0,5e-09,5e-11,0.85,1.02e-10,1.86e-10,-0.00016,0.3839724354387525,22.0,40,0,0,
2420,800.0,18.789289276185396,92.0,1433.3333333333333,0.052222222222222225,2.7857142857142856,5555.0,5e-09,5e-11,0.85,1.02e-10,1.86e-10,-0.00016,0.3839724354387525,22.0,40,0,0,
2421,800.0,18.789289276185396,92.0,1433.3333333333333,0.052222222222222225,3.142857142857143,5555.0,5e-09,5e-11,0.85,1.02e-10,1.86e-10,-0.00016,0.3839724354387525,22.0,40,0,0,
2422,800.0,18.789289276185396,92.0,1433.3333333333333,0.052222222222222225,3.5,5555.0,5e-09,5e-11,0.85,1.02e-10,1.86e-10,-0.00016,0.3839724354387525,22.0,40,0,0,
2423,800.0,18.789289276185396,92.0,1433.3333333333333,0.052222222222222225,3.857142857142857,5555.0,5e-09,5e-11,0.85,1.02e-10,1.86e-10,-0.00016,0.3839724354387525,22.0,40,0,0,
2424,800.0,18.789289276185396,92.0,1433.3333333333333,0.052222222222222225,4.214285714285714,5555.0,5e-09,5e-11,0.85,1.02e-10,1.86e-10,-0.00016,0.3839724354387525,22.0,40,0,0,
2425,800.0,18.789289276185396,92.0,1433.3333333333333,0.052222222222222225,4.571428571428571,5555.0,5e-09,5e-11,0.85,1.02e-10,1.86e-10,-0.00016,0.3839724354387525,22.0,40,0,0,
2426,800.0,18.789289276185396,92.0,1433.3333333333333,0.052222222222222225,4.928571428571429,5555.0,5e-09,5e-11,0.85,1.02e-10,1.86e-10,-0.00016,0.3839724354387525,22.0,40,0,0,
2427,800.0,18.789289276185396,92.0,1433.3333333333333,0.052222222222222225,5.285714285714286,5555.0,5e-09,5e-11,0.85,1.02e-10,1.86e-10,-0.00016,0.3839724354387525,22.0,40,0,0,
2428,800.0,18.789289276185396,92.0,1433.3333333333333,0.052222222222222225,5.642857142857143,5555.0,5e-09,5e-11,0.85,1.02e-10,1.86e-10,-0.00016,0.3839724354387525,22.0,40,0,0,
2429,800.0,18.789289276185396,92.0,1433.3333333333333,0.052222222222222225,6.0,5555.0,5e-09,5e-11,0.85,1.02e-10,1.86e-10,-0.00016,0.3839724354387525,22.0,40,0,0,
2430,800.0,18.789289276185396,92.0,1433.3333333333333,0.05444444444444445,1.0,5555.0,5e-09,5e-11,0.85,1.02e-10,1.86e-10,-0.00016,0.3839724354387525,22.0,40,0,0,
2431,800.0,18.789289276185396,92.0,1433.3333333333333,0.05444444444444445,1.3571428571428572,5555.0,5e-09,5e-11,0.85,1.02e-10,1.86e-10,-0.00016,0.3839724354387525,22.0,40,0,0,
2432,800.0,18.789289276185396,92.0,1433.3333333333333,0.05444444444444445,1.7142857142857144,5555.0,5e-09,5e-11,0.85,1.02e-10,1.86e-10,-0.00016,0.3839724354387525,22.0,40,0,0,
2433,800.0,18.789289276185396,92.0,1433.3333333333333,0.05444444444444445,2.071428571428571,5555.0,5e-09,5e-11,0.85,1.02e-10,1.86e-10,-0.00016,0.3839724354387525,22.0,40,0,0,
2434,800.0,18.789289276185396,92.0,1433.3333333333333,0.05444444444444445,2.428571428571429,5555.0,5e-09,5e-11,0.85,1.02e-10,1.86e-10,-0.00016,0.3839724354387525,22.0,40,0,0,
2435,800.0,18.789289276185396,92.0,1433.3333333333333,0.05444444444444445,2.7857142857142856,5555.0,5e-09,5e-11,0.85,1.02e-10,1.86e-10,-0.00016,0.3839724354387525,22.0,40,0,0,
2436,800.0,18.789289276185396,92.0,1433.3333333333333,0.05444444444444445,3.142857142857143,5555.0,5e-09,5e-11,0.85,1.02e-10,1.86e-10,-0.00016,0.3839724354387525,22.0,40,0,0,
2437,800.0,18.789289276185396,92.0,1433.3333333333333,0.05444444444444445,3.5,5555.0,5e-09,5e-11,0.85,1.02e-10,1.86e-10,-0.00016,0.3839724354387525,22.0,40,0,0,
2438,800.0,18.789289276185396,92.0,1433.3333333333333,0.05444444444444445,3.857142857142857,5555.0,5e-09,5e-11,0.85,1.02e-10,1.86e-10,-0.00016,0.3839724354387525,22.0,40,0,0,
2439,800.0,18.789289276185396,92.0,1433.3333333333333,0.05444444444444445,4.214285714285714,5555.0,5e-09,5e-11,0.85,1.02e-10,1.86e-10,-0.00016,0.3839724354387525,22.0,40,0,0,
2440,800.0,18.789289276185396,92.0,1433.3333333333333,0.05444444444444445,4.571428571428571,5555.0,5e-09,5e-11,0.85,1.02e-10,1.86e-10,-0.00016,0.3839724354387525,22.0,40,0,0,
2441,800.0,18.789289276185396,92.0,1433.3333333333333,0.05444444444444445,4.928571428571429,5555.0,5e-09,5e-11,0.85,1.02e-10,1.86e-10,-0.00016,0.3839724354387525,22.0,40,0,0,
2442,800.0,18.789289276185396,92.0,1433.3333333333333,0.05444444444444445,5.285714285714286,5555.0,5e-09,5e-11,0.85,1.02e-10,1.86e-10,-0.00016,0.3839724354387525,22.0,40,0,0,
2443,800.0,18.789289276185396,92.0,1433.3333333333333,0.05444444444444445,5.642857142857143,5555.0,5e-09,5e-11,0.85,1.02e-10,1.86e-10,-0.00016,0.3839724354387525,22.0,40,0,0,
2444,800.0,18.789289276185396,92.0,1433.3333333333333,0.05444444444444445,6.0,5555.0,5e-09,5e-11,0.85,1.02e-10,1.86e-10,-0.00016,0.3839724354387525,22.0,40,0,0,
2445,800.0,18.789289276185396,92.0,1433.3333333333333,0.05666666666666667,1.0,5555.0,5e-09,5e-11,0.85,1.02e-10,1.86e-10,-0.00016,0.3839724354387525,22.0,40,0,0,
2446,800.0,18.789289276185396,92.0,1433.3333333333333,0.05666666666666667,1.3571428571428572,5555.0,5e-09,5e-11,0.85,1.02e-10,1.86e-10,-0.00016,0.3839724354387525,22.0,40,0,0,
2447,800.0,18.789289276185396,92.0,1433.3333333333333,0.05666666666666667,1.7142857142857144,5555.0,5e-09,5e-11,0.85,1.02e-10,1.86e-10,-0.00016,0.3839724354387525,22.0,40,0,0,
2448,800.0,18.789289276185396,92.0,1433.3333333333333,0.05666666666666667,2.071428571428571,5555.0,5e-09,5e-11,0.85,1.02e-10,1.86e-10,-0.00016,0.3839724354387525,22.0,40,0,0,
2449,800.0,18.789289276185396,92.0,1433.3333333333333,0.05666666666666667,2.428571428571429,5555.0,5e-09,5e-11,0.85,1.02e-10,1.86e-10,-0.00016,0.3839724354387525,22.0,40,0,0,
2450,800.0,18.789289276185396,92.0,1433.3333333333333,0.05666666666666667,2.7857142857142856,5555.0,5e-09,5e-11,0.85,1.02e-10,1.86e-10,-0.00016,0.3839724354387525,22.0,40,0,0,
2451,800.0,18.789289276185396,92.0,1433.3333333333333,0.05666666666666667,3.142857142857143,5555.0,5e-09,5e-11,0.85,1.02e-10,1.86e-10,-0.00016,0.3839724354387525,22.0,40,0,0,
2452,800.0,18.789289276185396,92.0,1433.3333333333333,0.05666666666666667,3.5,5555.0,5e-09,5e-11,0.85,1.02e-10,1.86e-10,-0.00016,0.3839724354387525,22.0,40,0,0,
2453,800.0,18.789289276185396,92.0,1433.3333333333333,0.05666666666666667,3.857142857142857,5555.0,5e-09,5e-11,0.85,1.02e-10,1.86e-10,-0.00016,0.3839724354387525,22.0,40,0,0,
2454,800.0,18.789289276185396,92.0,1433.3333333333333,0.05666666666666667,4.214285714285714,5555.0,5e-09,5e-11,0.85,1.02e-10,1.86e-10,-0.00016,0.3839724354387525,22.0,40,0,0,
2455,800.0,18.789289276185396,92.0,1433.3333333333333,0.05666666666666667,4.571428571428571,5555.0,5e-09,5e-11,0.85,1.02e-10,1.86e-10,-0.00016,0.3839724354387525,22.0,40,0,0,
2456,800.0,18.789289276185396,92.0,1433.3333333333333,0.05666666666666667,4.928571428571429,5555.0,5e-09,5e-11,0.85,1.02e-10,1.86e-10,-0.00016,0.3839724354387525,22.0,40,0,0,
2457,800.0,18.789289276185396,92.0,1433.3333333333333,0.05666666666666667,5.285714285714286,5555.0,5e-09,5e-11,0.85,1.02e-10,1.86e-10,-0.00016,0.3839724354387525,22.0,40,0,0,
2458,800.0,18.789289276185396,92.0,1433.3333333333333,0.05666666666666667,5.642857142857143,5555.0,5e-09,5e-11,0.85,1.02e-10,1.86e-10,-0.00016,0.3839724354387525,22.0,40,0,0,
2459,800.0,18.789289276185396,92.0,1433.3333333333333,0.05666666666666667,6.0,5555.0,5e-09,5e-11,0.85,1.02e-10,1.86e-10,-0.00016,0.3839724354387525,22.0,40,0,0,
2460,800.0,18.789289276185396,92.0,1433.3333333333333,0.05888888888888889,1.0,5555.0,5e-09,5e-11,0.85,1.02e-10,1.86e-10,-0.00016,0.3839724354387525,22.0,40,0,0,
2461,800.0,18.789289276185396,92.0,1433.3333333333333,0.05888888888888889,1.3571428571428572,5555.0,5e-09,5e-11,0.85,1.02e-10,1.86e-10,-0.00016,0.3839724354387525,22.0,40,0,0,
2462,800.0,18.789289276185396,92.0,1433.3333333333333,0.05888888888888889,1.7142857142857144,5555.0,5e-09,5e-11,0.85,1.02e-10,1.86e-10,-0.00016,0.3839724354387525,22.0,40,0,0,
2463,800.0,18.789289276185396,92.0,1433.3333333333333,0.05888888888888889,2.071428571428571,5555.0,5e-09,5e-11,0.85,1.02e-10,1.86e-10,-0.00016,0.3839724354387525,22.0,40,0,0,
2464,800.0,18.789289276185396,92.0,1433.3333333333333,0.05888888888888889,2.428571428571429,5555.0,5e-09,5e-11,0.85,1.02e-10,1.86e-10,-0.00016,0.3839724354387525,22.0,40,0,0,
2465,800.0,18.789289276185396,92.0,1433.3333333333333,0.05888888888888889,2.7857142857142856,5555.0,5e-09,5e-11,0.85,1.02e-10,1.86e-10,-0.00016,0.3839724354387525,22.0,40,0,0,
2466,800.0,18.789289276185396,92.0,1433.3333333333333,0.05888888888888889,3.142857142857143,5555.0,5e-09,5e-11,0.85,1.02e-10,1.86e-10,-0.00016,0.3839724354387525,22.0,40,0,0,
2467,800.0,18.789289276185396,92.0,1433.3333333333333,0.05888888888888889,3.5,5555.0,5e-09,5e-11,0.85,1.02e-10,1.86e-10,-0.00016,0.3839724354387525,22.0,40,0,0,
2468,800.0,18.789289276185396,92.0,1433.3333333333333,0.05888888888888889,3.857142857142857,5555.0,5e-09,5e-11,0.85,1.02e-10,1.86e-10,-0.00016,0.3839724354387525,22.0,40,0,0,
2469,800.0,18.789289276185396,92.0,1433.3333333333333,0.05888888888888889,4.214285714285714,5555.0,5e-09,5e-11,0.85,1.02e-10,1.86e-10,-0.00016,0.3839724354387525,22.0,40,0,0,
2470,800.0,18.789289276185396,92.0,1433.3333333333333,0.05888888888888889,4.571428571428571,5555.0,5e-09,5e-11,0.85,1.02e-10,1.86e-10,-0.00016,0.3839724354387525,22.0,40,0,0,
2471,800.0,18.789289276185396,92.0,1433.3333333333333,0.05888888888888889,4.928571428571429,5555.0,5e-09,5e-11,0.85,1.02e-10,1.86e-10,-0.00016,0.3839724354387525,22.0,40,0,0,
2472,800.0,18.789289276185396,92.0,1433.3333333333333,0.05888888888888889,5.285714285714286,5555.0,5e-09,5e-11,0.85,1.02e-10,1.86e-10,-0.00016,0.3839724354387525,22.0,40,0,0,
2473,800.0,18.789289276185396,92.0,1433.3333333333333,0.05888888888888889,5.642857142857143,5555.0,5e-09,5e-11,0.85,1.02e-10,1.86e-10,-0.00016,0.3839724354387525,22.0,40,0,0,
2474,800.0,18.789289276185396,92.0,1433.3333333333333,0.05888888888888889,6.0,5555.0,5e-09,5e-11,0.85,1.02e-10,1.86e-10,-0.00016,0.3839724354387525,22.0,40,0,0,
2475,800.0,18.789289276185396,92.0,1433.3333333333333,0.061111111111111116,1.0,5555.0,5e-09,5e-11,0.85,1.02e-10,1.86e-10,-0.00016,0.3839724354387525,22.0,40,0,0,
2476,800.0,18.789289276185396,92.0,1433.3333333333333,0.061111111111111116,1.3571428571428572,5555.0,5e-09,5e-11,0.85,1.02e-10,1.86e-10,-0.00016,0.3839724354387525,22.0,40,0,0,
2477,800.0,18.789289276185396,92.0,1433.3333333333333,0.061111111111111116,1.7142857142857144,5555.0,5e-09,5e-11,0.85,1.02e-10,1.86e-10,-0.00016,0.3839724354387525,22.0,40,0,0,
2478,800.0,18.789289276185396,92.0,1433.3333333333333,0.061111111111111116,2.071428571428571,5555.0,5e-09,5e-11,0.85,1.02e-10,1.86e-10,-0.00016,0.3839724354387525,22.0,40,0,0,
2479,800.0,18.789289276185396,92.0,1433.3333333333333,0.061111111111111116,2.428571428571429,5555.0,5e-09,5e-11,0.85,1.02e-10,1.86e-10,-0.00016,0.3839724354387525,22.0,40,0,0,
2480,800.0,18.789289276185396,92.0,1433.3333333333333,0.061111111111111116,2.7857142857142856,5555.0,5e-09,5e-11,0.85,1.02e-10,1.86e-10,-0.00016,0.3839724354387525,22.0,40,0,0,
2481,800.0,18.789289276185396,92.0,1433.3333333333333,0.061111111111111116,3.142857142857143,5555.0,5e-09,5e-11,0.85,1.02e-10,1.86e-10,-0.00016,0.3839724354387525,22.0,40,0,0,
2482,800.0,18.789289276185396,92.0,1433.3333333333333,0.061111111111111116,3.5,5555.0,5e-09,5e-11,0.85,1.02e-10,1.86e-10,-0.00016,0.3839724354387525,22.0,40,0,0,
2483,800.0,18.789289276185396,92.0,1433.3333333333333,0.061111111111111116,3.857142857142857,5555.0,5e-09,5e-11,0.85,1.02e-10,1.86e-10,-0.00016,0.3839724354387525,22.0,40,0,0,
2484,800.0,18.789289276185396,92.0,1433.3333333333333,0.061111111111111116,4.214285714285714,5555.0,5e-09,5e-11,0.85,1.02e-10,1.86e-10,-0.00016,0.3839724354387525,22.0,40,0,0,
2485,800.0,18.789289276185396,92.0,1433.3333333333333,0.061111111111111116,4.571428571428571,5555.0,5e-09,5e-11,0.85,1.02e-10,1.86e-10,-0.00016,0.3839724354387525,22.0,40,0,0,
2486,800.0,18.789289276185396,92.0,1433.3333333333333,0.061111111111111116,4.928571428571429,5555.0,5e-09,5e-11,0.85,1.02e-10,1.86e-10,-0.00016,0.3839724354387525,22.0,40,0,0,
2487,800.0,18.789289276185396,92.0,1433.3333333333333,0.061111111111111116,5.285714285714286,5555.0,5e-09,5e-11,0.85,1.02e-10,1.86e-10,-0.00016,0.3839724354387525,22.0,40,0,0,
2488,800.0,18.789289276185396,92.0,1433.3333333333333,0.061111111111111116,5.642857142857143,5555.0,5e-09,5e-11,0.85,1.02e-10,1.86e-10,-0.00016,0.3839724354387525,22.0,40,0,0,
2489,800.0,18.789289276185396,92.0,1433.3333333333333,0.061111111111111116,6.0,5555.0,5e-09,5e-11,0.85,1.02e-10,1.86e-10,-0.00016,0.3839724354387525,22.0,40,0,0,
2490,800.0,18.789289276185396,92.0,1433.3333333333333,0.06333333333333334,1.0,5555.0,5e-09,5e-11,0.85,1.02e-10,1.86e-10,-0.00016,0.3839724354387525,22.0,40,0,0,
2491,800.0,18.789289276185396,92.0,1433.3333333333333,0.06333333333333334,1.3571428571428572,5555.0,5e-09,5e-11,0.85,1.02e-10,1.86e-10,-0.00016,0.3839724354387525,22.0,40,0,0,
2492,800.0,18.789289276185396,92.0,1433.3333333333333,0.06333333333333334,1.7142857142857144,5555.0,5e-09,5e-11,0.85,1.02e-10,1.86e-10,-0.00016,0.3839724354387525,22.0,40,0,0,
2493,800.0,18.789289276185396,92.0,1433.3333333333333,0.06333333333333334,2.071428571428571,5555.0,5e-09,5e-11,0.85,1.02e-10,1.86e-10,-0.00016,0.3839724354387525,22.0,40,0,0,
2494,800.0,18.789289276185396,92.0,1433.3333333333333,0.06333333333333334,2.428571428571429,5555.0,5e-09,5e-11,0.85,1.02e-10,1.86e-10,-0.00016,0.3839724354387525,22.0,40,0,0,
2495,800.0,18.789289276185396,92.0,1433.3333333333333,0.06333333333333334,2.7857142857142856,5555.0,5e-09,5e-11,0.85,1.02e-10,1.86e-10,-0.00016,0.3839724354387525,22.0,40,0,0,
2496,800.0,18.789289276185396,92.0,1433.3333333333333,0.06333333333333334,3.142857142857143,5555.0,5e-09,5e-11,0.85,1.02e-10,1.86e-10,-0.00016,0.3839724354387525,22.0,40,0,0,
2497,800.0,18.789289276185396,92.0,1433.3333333333333,0.06333333333333334,3.5,5555.0,5e-09,5e-11,0.85,1.02e-10,1.86e-10,-0.00016,0.3839724354387525,22.0,40,0,0,
2498,800.0,18.789289276185396,92.0,1433.3333333333333,0.06333333333333334,3.857142857142857,5555.0,5e-09,5e-11,0.85,1.02e-10,1.86e-10,-0.00016,0.3839724354387525,22.0,40,0,0,
2499,800.0,18.789289276185396,92.0,1433.3333333333333,0.06333333333333334,4.214285714285714,5555.0,5e-09,5e-11,0.85,1.02e-10,1.86e-10,-0.00016,0.3839724354387525,22.0,40,0,0,
2500,800.0,18.789289276185396,92.0,1433.3333333333333,0.06333333333333334,4.571428571428571,5555.0,5e-09,5e-11,0.85,1.02e-10,1.86e-10,-0.00016,0.3839724354387525,22.0,40,0,0,
2501,800.0,18.789289276185396,92.0,1433.3333333333333,0.06333333333333334,4.928571428571429,5555.0,5e-09,5e-11,0.85,1.02e-10,1.86e-10,-0.00016,0.3839724354387525,22.0,40,0,0,
2502,800.0,18.789289276185396,92.0,1433.3333333333333,0.06333333333333334,5.285714285714286,5555.0,5e-09,5e-11,0.85,1.02e-10,1.86e-10,-0.00016,0.3839724354387525,22.0,40,0,0,
2503,800.0,18.789289276185396,92.0,1433.3333333333333,0.06333333333333334,5.642857142857143,5555.0,5e-09,5e-11,0.85,1.02e-10,1.86e-10,-0.00016,0.3839724354387525,22.0,40,0,0,
2504,800.0,18.789289276185396,92.0,1433.3333333333333,0.06333333333333334,6.0,5555.0,5e-09,5e-11,0.85,1.02e-10,1.86e-10,-0.00016,0.3839724354387525,22.0,40,0,0,
2505,800.0,18.789289276185396,92.0,1433.3333333333333,0.06555555555555556,1.0,5555.0,5e-09,5e-11,0.85,1.02e-10,1.86e-10,-0.00016,0.3839724354387525,22.0,40,0,0,
2506,800.0,18.789289276185396,92.0,1433.3333333333333,0.06555555555555556,1.3571428571428572,5555.0,5e-09,5e-11,0.85,1.02e-10,1.86e-10,-0.00016,0.3839724354387525,22.0,40,0,0,
2507,800.0,18.789289276185396,92.0,1433.3333333333333,0.06555555555555556,1.7142857142857144,5555.0,5e-09,5e-11,0.85,1.02e-10,1.86e-10,-0.00016,0.3839724354387525,22.0,40,0,0,
2508,800.0,18.789289276185396,92.0,1433.3333333333333,0.06555555555555556,2.071428571428571,5555.0,5e-09,5e-11,0.85,1.02e-10,1.86e-10,-0.00016,0.3839724354387525,22.0,40,0,0,
2509,800.0,18.789289276185396,92.0,1433.3333333333333,0.06555555555555556,2.428571428571429,5555.0,5e-09,5e-11,0.85,1.02e-10,1.86e-10,-0.00016,0.3839724354387525,22.0,40,0,0,
2510,800.0,18.789289276185396,92.0,1433.3333333333333,0.06555555555555556,2.7857142857142856,5555.0,5e-09,5e-11,0.85,1.02e-10,1.86e-10,-0.00016,0.3839724354387525,22.0,40,0,0,
2511,800.0,18.789289276185396,92.0,1433.3333333333333,0.06555555555555556,3.142857142857143,5555.0,5e-09,5e-11,0.85,1.02e-10,1.86e-10,-0.00016,0.3839724354387525,22.0,40,0,0,
2512,800.0,18.789289276185396,92.0,1433.3333333333333,0.06555555555555556,3.5,5555.0,5e-09,5e-11,0.85,1.02e-10,1.86e-10,-0.00016,0.3839724354387525,22.0,40,0,0,
2513,800.0,18.789289276185396,92.0,1433.3333333333333,0.06555555555555556,3.857142857142857,5555.0,5e-09,5e-11,0.85,1.02e-10,1.86e-10,-0.00016,0.3839724354387525,22.0,40,0,0,
2514,800.0,18.789289276185396,92.0,1433.3333333333333,0.06555555555555556,4.214285714285714,5555.0,5e-09,5e-11,0.85,1.02e-10,1.86e-10,-0.00016,0.3839724354387525,22.0,40,0,0,
2515,800.0,18.789289276185396,92.0,1433.3333333333333,0.06555555555555556,4.571428571428571,5555.0,5e-09,5e-11,0.85,1.02e-10,1.86e-10,-0.00016,0.3839724354387525,22.0,40,0,0,
2516,800.0,18.789289276185396,92.0,1433.3333333333333,0.06555555555555556,4.928571428571429,5555.0,5e-09,5e-11,0.85,1.02e-10,1.86e-10,-0.00016,0.3839724354387525,22.0,40,0,0,
2517,800.0,18.789289276185396,92.0,1433.3333333333333,0.06555555555555556,5.285714285714286,5555.0,5e-09,5e-11,0.85,1.02e-10,1.86e-10,-0.00016,0.3839724354387525,22.0,40,0,0,
2518,800.0,18.789289276185396,92.0,1433.3333333333333,0.06555555555555556,5.642857142857143,5555.0,5e-09,5e-11,0.85,1.02e-10,1.86e-10,-0.00016,0.3839724354387525,22.0,40,0,0,
2519,800.0,18.789289276185396,92.0,1433.3333333333333,0.06555555555555556,6.0,5555.0,5e-09,5e-11,0.85,1.02e-10,1.86e-10,-0.00016,0.3839724354387525,22.0,40,0,0,
2520,800.0,18.789289276185396,92.0,1433.3333333333333,0.06777777777777778,1.0,5555.0,5e-09,5e-11,0.85,1.02e-10,1.86e-10,-0.00016,0.3839724354387525,22.0,40,0,0,
2521,800.0,18.789289276185396,92.0,1433.3333333333333,0.06777777777777778,1.3571428571428572,5555.0,5e-09,5e-11,0.85,1.02e-10,1.86e-10,-0.00016,0.3839724354387525,22.0,40,0,0,
2522,800.0,18.789289276185396,92.0,1433.3333333333333,0.06777777777777778,1.7142857142857144,5555.0,5e-09,5e-11,0.85,1.02e-10,1.86e-10,-0.00016,0.3839724354387525,22.0,40,0,0,
2523,800.0,18.789289276185396,92.0,1433.3333333333333,0.06777777777777778,2.071428571428571,5555.0,5e-09,5e-11,0.85,1.02e-10,1.86e-10,-0.00016,0.3839724354387525,22.0,40,0,0,
2524,800.0,18.789289276185396,92.0,1433.3333333333333,0.06777777777777778,2.428571428571429,5555.0,5e-09,5e-11,0.85,1.02e-10,1.86e-10,-0.00016,0.3839724354387525,22.0,40,0,0,
2525,800.0,18.789289276185396,92.0,1433.3333333333333,0.06777777777777778,2.7857142857142856,5555.0,5e-09,5e-11,0.85,1.02e-10,1.86e-10,-0.00016,0.3839724354387525,22.0,40,0,0,
2526,800.0,18.789289276185396,92.0,1433.3333333333333,0.06777777777777778,3.142857142857143,5555.0,5e-09,5e-11,0.85,1.02e-10,1.86e-10,-0.00016,0.3839724354387525,22.0,40,0,0,
2527,800.0,18.789289276185396,92.0,1433.3333333333333,0.06777777777777778,3.5,5555.0,5e-09,5e-11,0.85,1.02e-10,1.86e-10,-0.00016,0.3839724354387525,22.0,40,0,0,
2528,800.0,18.789289276185396,92.0,1433.3333333333333,0.06777777777777778,3.857142857142857,5555.0,5e-09,5e-11,0.85,1.02e-10,1.86e-10,-0.00016,0.3839724354387525,22.0,40,0,0,
2529,800.0,18.789289276185396,92.0,1433.3333333333333,0.06777777777777778,4.214285714285714,5555.0,5e-09,5e-11,0.85,1.02e-10,1.86e-10,-0.00016,0.3839724354387525,22.0,40,0,0,
2530,800.0,18.789289276185396,92.0,1433.3333333333333,0.06777777777777778,4.571428571428571,5555.0,5e-09,5e-11,0.85,1.02e-10,1.86e-10,-0.00016,0.3839724354387525,22.0,40,0,0,
2531,800.0,18.789289276185396,92.0,1433.3333333333333,0.06777777777777778,4.928571428571429,5555.0,5e-09,5e-11,0.85,1.02e-10,1.86e-10,-0.00016,0.3839724354387525,22.0,40,0,0,
2532,800.0,18.789289276185396,92.0,1433.3333333333333,0.06777777777777778,5.285714285714286,5555.0,5e-09,5e-11,0.85,1.02e-10,1.86e-10,-0.00016,0.3839724354387525,22.0,40,0,0,
2533,800.0,18.789289276185396,92.0,1433.3333333333333,0.06777777777777778,5.642857142857143,5555.0,5e-09,5e-11,0.85,1.02e-10,1.86e-10,-0.00016,0.3839724354387525,22.0,40,0,0,
2534,800.0,18.789289276185396,92.0,1433.3333333333333,0.06777777777777778,6.0,5555.0,5e-09,5e-11,0.85,1.02e-10,1.86e-10,-0.00016,0.3839724354387525,22.0,40,0,0,
2535,800.0,18.789289276185396,92.0,1433.3333333333333,0.07,1.0,5555.0,5e-09,5e-11,0.85,1.02e-10,1.86e-10,-0.00016,0.3839724354387525,22.0,40,0,0,
2536,800.0,18.789289276185396,92.0,1433.3333333333333,0.07,1.3571428571428572,5555.0,5e-09,5e-11,0.85,1.02e-10,1.86e-10,-0.00016,0.3839724354387525,22.0,40,0,0,
2537,800.0,18.789289276185396,92.0,1433.3333333333333,0.07,1.7142857142857144,5555.0,5e-09,5e-11,0.85,1.02e-10,1.86e-10,-0.00016,0.3839724354387525,22.0,40,0,0,
2538,800.0,18.789289276185396,92.0,1433.3333333333333,0.07,2.071428571428571,5555.0,5e-09,5e-11,0.85,1.02e-10,1.86e-10,-0.00016,0.3839724354387525,22.0,40,0,0,
2539,800.0,18.789289276185396,92.0,1433.3333333333333,0.07,2.428571428571429,5555.0,5e-09,5e-11,0.85,1.02e-10,1.86e-10,-0.00016,0.3839724354387525,22.0,40,0,0,
2540,800.0,18.789289276185396,92.0,1433.3333333333333,0.07,2.7857142857142856,5555.0,5e-09,5e-11,0.85,1.02e-10,1.86e-10,-0.00016,0.3839724354387525,22.0,40,0,0,
2541,800.0,18.789289276185396,92.0,1433.3333333333333,0.07,3.142857142857143,5555.0,5e-09,5e-11,0.85,1.02e-10,1.86e-10,-0.00016,0.3839724354387525,22.0,40,0,0,
2542,800.0,18.789289276185396,92.0,1433.3333333333333,0.07,3.5,5555.0,5e-09,5e-11,0.85,1.02e-10,1.86e-10,-0.00016,0.3839724354387525,22.0,40,0,0,
2543,800.0,18.789289276185396,92.0,1433.3333333333333,0.07,3.857142857142857,5555.0,5e-09,5e-11,0.85,1.02e-10,1.86e-10,-0.00016,0.3839724354387525,22.0,40,0,0,
2544,800.0,18.789289276185396,92.0,1433.3333333333333,0.07,4.214285714285714,5555.0,5e-09,5e-11,0.85,1.02e-10,1.86e-10,-0.00016,0.3839724354387525,22.0,40,0,0,
2545,800.0,18.789289276185396,92.0,1433.3333333333333,0.07,4.571428571428571,5555.0,5e-09,5e-11,0.85,1.02e-10,1.86e-10,-0.00016,0.3839724354387525,22.0,40,0,0,
2546,800.0,18.789289276185396,92.0,1433.3333333333333,0.07,4.928571428571429,5555.0,5e-09,5e-11,0.85,1.02e-10,1.86e-10,-0.00016,0.3839724354387525,22.0,40,0,0,
2547,800.0,18.789289276185396,92.0,1433.3333333333333,0.07,5.285714285714286,5555.0,5e-09,5e-11,0.85,1.02e-10,1.86e-10,-0.00016,0.3839724354387525,22.0,40,0,0,
2548,800.0,18.789289276185396,92.0,1433.3333333333333,0.07,5.642857142857143,5555.0,5e-09,5e-11,0.85,1.02e-10,1.86e-10,-0.00016,0.3839724354387525,22.0,40,0,0,
2549,800.0,18.789289276185396,92.0,1433.3333333333333,0.07,6.0,5555.0,5e-09,5e-11,0.85,1.02e-10,1.86e-10,-0.00016,0.3839724354387525,22.0,40,0,0,
2550,800.0,18.789289276185396,92.0,1622.2222222222222,0.05,1.0,5555.0,5e-09,5e-11,0.85,1.02e-10,1.86e-10,-0.00016,0.3839724354387525,22.0,40,0,0,
2551,800.0,18.789289276185396,92.0,1622.2222222222222,0.05,1.3571428571428572,5555.0,5e-09,5e-11,0.85,1.02e-10,1.86e-10,-0.00016,0.3839724354387525,22.0,40,0,0,
2552,800.0,18.789289276185396,92.0,1622.2222222222222,0.05,1.7142857142857144,5555.0,5e-09,5e-11,0.85,1.02e-10,1.86e-10,-0.00016,0.3839724354387525,22.0,40,0,0,
2553,800.0,18.789289276185396,92.0,1622.2222222222222,0.05,2.071428571428571,5555.0,5e-09,5e-11,0.85,1.02e-10,1.86e-10,-0.00016,0.3839724354387525,22.0,40,0,0,
2554,800.0,18.789289276185396,92.0,1622.2222222222222,0.05,2.428571428571429,5555.0,5e-09,5e-11,0.85,1.02e-10,1.86e-10,-0.00016,0.3839724354387525,22.0,40,0,0,
2555,800.0,18.789289276185396,92.0,1622.2222222222222,0.05,2.7857142857142856,5555.0,5e-09,5e-11,0.85,1.02e-10,1.86e-10,-0.00016,0.3839724354387525,22.0,40,0,0,
2556,800.0,18.789289276185396,92.0,1622.2222222222222,0.05,3.142857142857143,5555.0,5e-09,5e-11,0.85,1.02e-10,1.86e-10,-0.00016,0.3839724354387525,22.0,40,0,0,
2557,800.0,18.789289276185396,92.0,1622.2222222222222,0.05,3.5,5555.0,5e-09,5e-11,0.85,1.02e-10,1.86e-10,-0.00016,0.3839724354387525,22.0,40,0,0,
2558,800.0,18.789289276185396,92.0,1622.2222222222222,0.05,3.857142857142857,5555.0,5e-09,5e-11,0.85,1.02e-10,1.86e-10,-0.00016,0.3839724354387525,22.0,40,0,0,
2559,800.0,18.789289276185396,92.0,1622.2222222222222,0.05,4.214285714285714,5555.0,5e-09,5e-11,0.85,1.02e-10,1.86e-10,-0.00016,0.3839724354387525,22.0,40,0,0,
2560,800.0,18.789289276185396,92.0,1622.2222222222222,0.05,4.571428571428571,5555.0,5e-09,5e-11,0.85,1.02e-10,1.86e-10,-0.00016,0.3839724354387525,22.0,40,0,0,
2561,800.0,18.789289276185396,92.0,1622.2222222222222,0.05,4.928571428571429,5555.0,5e-09,5e-11,0.85,1.02e-10,1.86e-10,-0.00016,0.3839724354387525,22.0,40,0,0,
2562,800.0,18.789289276185396,92.0,1622.2222222222222,0.05,5.285714285714286,5555.0,5e-09,5e-11,0.85,1.02e-10,1.86e-10,-0.00016,0.3839724354387525,22.0,40,0,0,
2563,800.0,18.789289276185396,92.0,1622.2222222222222,0.05,5.642857142857143,5555.0,5e-09,5e-11,0.85,1.02e-10,1.86e-10,-0.00016,0.3839724354387525,22.0,40,0,0,
2564,800.0,18.789289276185396,92.0,1622.2222222222222,0.05,6.0,5555.0,5e-09,5e-11,0.85,1.02e-10,1.86e-10,-0.00016,0.3839724354387525,22.0,40,0,0,
2565,800.0,18.789289276185396,92.0,1622.2222222222222,0.052222222222222225,1.0,5555.0,5e-09,5e-11,0.85,1.02e-10,1.86e-10,-0.00016,0.3839724354387525,22.0,40,0,0,
2566,800.0,18.789289276185396,92.0,1622.2222222222222,0.052222222222222225,1.3571428571428572,5555.0,5e-09,5e-11,0.85,1.02e-10,1.86e-10,-0.00016,0.3839724354387525,22.0,40,0,0,
2567,800.0,18.789289276185396,92.0,1622.2222222222222,0.052222222222222225,1.7142857142857144,5555.0,5e-09,5e-11,0.85,1.02e-10,1.86e-10,-0.00016,0.3839724354387525,22.0,40,0,0,
2568,800.0,18.789289276185396,92.0,1622.2222222222222,0.052222222222222225,2.071428571428571,5555.0,5e-09,5e-11,0.85,1.02e-10,1.86e-10,-0.00016,0.3839724354387525,22.0,40,0,0,
2569,800.0,18.789289276185396,92.0,1622.2222222222222,0.052222222222222225,2.428571428571429,5555.0,5e-09,5e-11,0.85,1.02e-10,1.86e-10,-0.00016,0.3839724354387525,22.0,40,0,0,
2570,800.0,18.789289276185396,92.0,1622.2222222222222,0.052222222222222225,2.7857142857142856,5555.0,5e-09,5e-11,0.85,1.02e-10,1.86e-10,-0.00016,0.3839724354387525,22.0,40,0,0,
2571,800.0,18.789289276185396,92.0,1622.2222222222222,0.052222222222222225,3.142857142857143,5555.0,5e-09,5e-11,0.85,1.02e-10,1.86e-10,-0.00016,0.3839724354387525,22.0,40,0,0,
2572,800.0,18.789289276185396,92.0,1622.2222222222222,0.052222222222222225,3.5,5555.0,5e-09,5e-11,0.85,1.02e-10,1.86e-10,-0.00016,0.3839724354387525,22.0,40,0,0,
2573,800.0,18.789289276185396,92.0,1622.2222222222222,0.052222222222222225,3.857142857142857,5555.0,5e-09,5e-11,0.85,1.02e-10,1.86e-10,-0.00016,0.3839724354387525,22.0,40,0,0,
2574,800.0,18.789289276185396,92.0,1622.2222222222222,0.052222222222222225,4.214285714285714,5555.0,5e-09,5e-11,0.85,1.02e-10,1.86e-10,-0.00016,0.3839724354387525,22.0,40,0,0,
2575,800.0,18.789289276185396,92.0,1622.2222222222222,0.052222222222222225,4.571428571428571,5555.0,5e-09,5e-11,0.85,1.02e-10,1.86e-10,-0.00016,0.3839724354387525,22.0,40,0,0,
2576,800.0,18.789289276185396,92.0,1622.2222222222222,0.052222222222222225,4.928571428571429,5555.0,5e-09,5e-11,0.85,1.02e-10,1.86e-10,-0.00016,0.3839724354387525,22.0,40,0,0,
2577,800.0,18.789289276185396,92.0,1622.2222222222222,0.052222222222222225,5.285714285714286,5555.0,5e-09,5e-11,0.85,1.02e-10,1.86e-10,-0.00016,0.3839724354387525,22.0,40,0,0,
2578,800.0,18.789289276185396,92.0,1622.2222222222222,0.052222222222222225,5.642857142857143,5555.0,5e-09,5e-11,0.85,1.02e-10,1.86e-10,-0.00016,0.3839724354387525,22.0,40,0,0,
2579,800.0,18.789289276185396,92.0,1622.2222222222222,0.052222222222222225,6.0,5555.0,5e-09,5e-11,0.85,1.02e-10,1.86e-10,-0.00016,0.3839724354387525,22.0,40,0,0,
2580,800.0,18.789289276185396,92.0,1622.2222222222222,0.05444444444444445,1.0,5555.0,5e-09,5e-11,0.85,1.02e-10,1.86e-10,-0.00016,0.3839724354387525,22.0,40,0,0,
2581,800.0,18.789289276185396,92.0,1622.2222222222222,0.05444444444444445,1.3571428571428572,5555.0,5e-09,5e-11,0.85,1.02e-10,1.86e-10,-0.00016,0.3839724354387525,22.0,40,0,0,
2582,800.0,18.789289276185396,92.0,1622.2222222222222,0.05444444444444445,1.7142857142857144,5555.0,5e-09,5e-11,0.85,1.02e-10,1.86e-10,-0.00016,0.3839724354387525,22.0,40,0,0,
2583,800.0,18.789289276185396,92.0,1622.2222222222222,0.05444444444444445,2.071428571428571,5555.0,5e-09,5e-11,0.85,1.02e-10,1.86e-10,-0.00016,0.3839724354387525,22.0,40,0,0,
2584,800.0,18.789289276185396,92.0,1622.2222222222222,0.05444444444444445,2.428571428571429,5555.0,5e-09,5e-11,0.85,1.02e-10,1.86e-10,-0.00016,0.3839724354387525,22.0,40,0,0,
2585,800.0,18.789289276185396,92.0,1622.2222222222222,0.05444444444444445,2.7857142857142856,5555.0,5e-09,5e-11,0.85,1.02e-10,1.86e-10,-0.00016,0.3839724354387525,22.0,40,0,0,
2586,800.0,18.789289276185396,92.0,1622.2222222222222,0.05444444444444445,3.142857142857143,5555.0,5e-09,5e-11,0.85,1.02e-10,1.86e-10,-0.00016,0.3839724354387525,22.0,40,0,0,
2587,800.0,18.789289276185396,92.0,1622.2222222222222,0.05444444444444445,3.5,5555.0,5e-09,5e-11,0.85,1.02e-10,1.86e-10,-0.00016,0.3839724354387525,22.0,40,0,0,
2588,800.0,18.789289276185396,92.0,1622.2222222222222,0.05444444444444445,3.857142857142857,5555.0,5e-09,5e-11,0.85,1.02e-10,1.86e-10,-0.00016,0.3839724354387525,22.0,40,0,0,
2589,800.0,18.789289276185396,92.0,1622.2222222222222,0.05444444444444445,4.214285714285714,5555.0,5e-09,5e-11,0.85,1.02e-10,1.86e-10,-0.00016,0.3839724354387525,22.0,40,0,0,
2590,800.0,18.789289276185396,92.0,1622.2222222222222,0.05444444444444445,4.571428571428571,5555.0,5e-09,5e-11,0.85,1.02e-10,1.86e-10,-0.00016,0.3839724354387525,22.0,40,0,0,
2591,800.0,18.789289276185396,92.0,1622.2222222222222,0.05444444444444445,4.928571428571429,5555.0,5e-09,5e-11,0.85,1.02e-10,1.86e-10,-0.00016,0.3839724354387525,22.0,40,0,0,
2592,800.0,18.789289276185396,92.0,1622.2222222222222,0.05444444444444445,5.285714285714286,5555.0,5e-09,5e-11,0.85,1.02e-10,1.86e-10,-0.00016,0.3839724354387525,22.0,40,0,0,
2593,800.0,18.789289276185396,92.0,1622.2222222222222,0.05444444444444445,5.642857142857143,5555.0,5e-09,5e-11,0.85,1.02e-10,1.86e-10,-0.00016,0.3839724354387525,22.0,40,0,0,
2594,800.0,18.789289276185396,92.0,1622.2222222222222,0.05444444444444445,6.0,5555.0,5e-09,5e-11,0.85,1.02e-10,1.86e-10,-0.00016,0.3839724354387525,22.0,40,0,0,
2595,800.0,18.789289276185396,92.0,1622.2222222222222,0.05666666666666667,1.0,5555.0,5e-09,5e-11,0.85,1.02e-10,1.86e-10,-0.00016,0.3839724354387525,22.0,40,0,0,
2596,800.0,18.789289276185396,92.0,1622.2222222222222,0.05666666666666667,1.3571428571428572,5555.0,5e-09,5e-11,0.85,1.02e-10,1.86e-10,-0.00016,0.3839724354387525,22.0,40,0,0,
2597,800.0,18.789289276185396,92.0,1622.2222222222222,0.05666666666666667,1.7142857142857144,5555.0,5e-09,5e-11,0.85,1.02e-10,1.86e-10,-0.00016,0.3839724354387525,22.0,40,0,0,
2598,800.0,18.789289276185396,92.0,1622.2222222222222,0.05666666666666667,2.071428571428571,5555.0,5e-09,5e-11,0.85,1.02e-10,1.86e-10,-0.00016,0.3839724354387525,22.0,40,0,0,
2599,800.0,18.789289276185396,92.0,1622.2222222222222,0.05666666666666667,2.428571428571429,5555.0,5e-09,5e-11,0.85,1.02e-10,1.86e-10,-0.00016,0.3839724354387525,22.0,40,0,0,
2600,800.0,18.789289276185396,92.0,1622.2222222222222,0.05666666666666667,2.7857142857142856,5555.0,5e-09,5e-11,0.85,1.02e-10,1.86e-10,-0.00016,0.3839724354387525,22.0,40,0,0,
2601,800.0,18.789289276185396,92.0,1622.2222222222222,0.05666666666666667,3.142857142857143,5555.0,5e-09,5e-11,0.85,1.02e-10,1.86e-10,-0.00016,0.3839724354387525,22.0,40,0,0,
2602,800.0,18.789289276185396,92.0,1622.2222222222222,0.05666666666666667,3.5,5555.0,5e-09,5e-11,0.85,1.02e-10,1.86e-10,-0.00016,0.3839724354387525,22.0,40,0,0,
2603,800.0,18.789289276185396,92.0,1622.2222222222222,0.05666666666666667,3.857142857142857,5555.0,5e-09,5e-11,0.85,1.02e-10,1.86e-10,-0.00016,0.3839724354387525,22.0,40,0,0,
2604,800.0,18.789289276185396,92.0,1622.2222222222222,0.05666666666666667,4.214285714285714,5555.0,5e-09,5e-11,0.85,1.02e-10,1.86e-10,-0.00016,0.3839724354387525,22.0,40,0,0,
2605,800.0,18.789289276185396,92.0,1622.2222222222222,0.05666666666666667,4.571428571428571,5555.0,5e-09,5e-11,0.85,1.02e-10,1.86e-10,-0.00016,0.3839724354387525,22.0,40,0,0,
2606,800.0,18.789289276185396,92.0,1622.2222222222222,0.05666666666666667,4.928571428571429,5555.0,5e-09,5e-11,0.85,1.02e-10,1.86e-10,-0.00016,0.3839724354387525,22.0,40,0,0,
2607,800.0,18.789289276185396,92.0,1622.2222222222222,0.05666666666666667,5.285714285714286,5555.0,5e-09,5e-11,0.85,1.02e-10,1.86e-10,-0.00016,0.3839724354387525,22.0,40,0,0,
2608,800.0,18.789289276185396,92.0,1622.2222222222222,0.05666666666666667,5.642857142857143,5555.0,5e-09,5e-11,0.85,1.02e-10,1.86e-10,-0.00016,0.3839724354387525,22.0,40,0,0,
2609,800.0,18.789289276185396,92.0,1622.2222222222222,0.05666666666666667,6.0,5555.0,5e-09,5e-11,0.85,1.02e-10,1.86e-10,-0.00016,0.3839724354387525,22.0,40,0,0,
2610,800.0,18.789289276185396,92.0,1622.2222222222222,0.05888888888888889,1.0,5555.0,5e-09,5e-11,0.85,1.02e-10,1.86e-10,-0.00016,0.3839724354387525,22.0,40,0,0,
2611,800.0,18.789289276185396,92.0,1622.2222222222222,0.05888888888888889,1.3571428571428572,5555.0,5e-09,5e-11,0.85,1.02e-10,1.86e-10,-0.00016,0.3839724354387525,22.0,40,0,0,
2612,800.0,18.789289276185396,92.0,1622.2222222222222,0.05888888888888889,1.7142857142857144,5555.0,5e-09,5e-11,0.85,1.02e-10,1.86e-10,-0.00016,0.3839724354387525,22.0,40,0,0,
2613,800.0,18.789289276185396,92.0,1622.2222222222222,0.05888888888888889,2.071428571428571,5555.0,5e-09,5e-11,0.85,1.02e-10,1.86e-10,-0.00016,0.3839724354387525,22.0,40,0,0,
2614,800.0,18.789289276185396,92.0,1622.2222222222222,0.05888888888888889,2.428571428571429,5555.0,5e-09,5e-11,0.85,1.02e-10,1.86e-10,-0.00016,0.3839724354387525,22.0,40,0,0,
2615,800.0,18.789289276185396,92.0,1622.2222222222222,0.05888888888888889,2.7857142857142856,5555.0,5e-09,5e-11,0.85,1.02e-10,1.86e-10,-0.00016,0.3839724354387525,22.0,40,0,0,
2616,800.0,18.789289276185396,92.0,1622.2222222222222,0.05888888888888889,3.142857142857143,5555.0,5e-09,5e-11,0.85,1.02e-10,1.86e-10,-0.00016,0.3839724354387525,22.0,40,0,0,
2617,800.0,18.789289276185396,92.0,1622.2222222222222,0.05888888888888889,3.5,5555.0,5e-09,5e-11,0.85,1.02e-10,1.86e-10,-0.00016,0.3839724354387525,22.0,40,0,0,
2618,800.0,18.789289276185396,92.0,1622.2222222222222,0.05888888888888889,3.857142857142857,5555.0,5e-09,5e-11,0.85,1.02e-10,1.86e-10,-0.00016,0.3839724354387525,22.0,40,0,0,
2619,800.0,18.789289276185396,92.0,1622.2222222222222,0.05888888888888889,4.214285714285714,5555.0,5e-09,5e-11,0.85,1.02e-10,1.86e-10,-0.00016,0.3839724354387525,22.0,40,0,0,
2620,800.0,18.789289276185396,92.0,1622.2222222222222,0.05888888888888889,4.571428571428571,5555.0,5e-09,5e-11,0.85,1.02e-10,1.86e-10,-0.00016,0.3839724354387525,22.0,40,0,0,
2621,800.0,18.789289276185396,92.0,1622.2222222222222,0.05888888888888889,4.928571428571429,5555.0,5e-09,5e-11,0.85,1.02e-10,1.86e-10,-0.00016,0.3839724354387525,22.0,40,0,0,
2622,800.0,18.789289276185396,92.0,1622.2222222222222,0.05888888888888889,5.285714285714286,5555.0,5e-09,5e-11,0.85,1.02e-10,1.86e-10,-0.00016,0.3839724354387525,22.0,40,0,0,
2623,800.0,18.789289276185396,92.0,1622.2222222222222,0.05888888888888889,5.642857142857143,5555.0,5e-09,5e-11,0.85,1.02e-10,1.86e-10,-0.00016,0.3839724354387525,22.0,40,0,0,
2624,800.0,18.789289276185396,92.0,1622.2222222222222,0.05888888888888889,6.0,5555.0,5e-09,5e-11,0.85,1.02e-10,1.86e-10,-0.00016,0.3839724354387525,22.0,40,0,0,
2625,800.0,18.789289276185396,92.0,1622.2222222222222,0.061111111111111116,1.0,5555.0,5e-09,5e-11,0.85,1.02e-10,1.86e-10,-0.00016,0.3839724354387525,22.0,40,0,0,
2626,800.0,18.789289276185396,92.0,1622.2222222222222,0.061111111111111116,1.3571428571428572,5555.0,5e-09,5e-11,0.85,1.02e-10,1.86e-10,-0.00016,0.3839724354387525,22.0,40,0,0,
2627,800.0,18.789289276185396,92.0,1622.2222222222222,0.061111111111111116,1.7142857142857144,5555.0,5e-09,5e-11,0.85,1.02e-10,1.86e-10,-0.00016,0.3839724354387525,22.0,40,0,0,
2628,800.0,18.789289276185396,92.0,1622.2222222222222,0.061111111111111116,2.071428571428571,5555.0,5e-09,5e-11,0.85,1.02e-10,1.86e-10,-0.00016,0.3839724354387525,22.0,40,0,0,
2629,800.0,18.789289276185396,92.0,1622.2222222222222,0.061111111111111116,2.428571428571429,5555.0,5e-09,5e-11,0.85,1.02e-10,1.86e-10,-0.00016,0.3839724354387525,22.0,40,0,0,
2630,800.0,18.789289276185396,92.0,1622.2222222222222,0.061111111111111116,2.7857142857142856,5555.0,5e-09,5e-11,0.85,1.02e-10,1.86e-10,-0.00016,0.3839724354387525,22.0,40,0,0,
2631,800.0,18.789289276185396,92.0,1622.2222222222222,0.061111111111111116,3.142857142857143,5555.0,5e-09,5e-11,0.85,1.02e-10,1.86e-10,-0.00016,0.3839724354387525,22.0,40,0,0,
2632,800.0,18.789289276185396,92.0,1622.2222222222222,0.061111111111111116,3.5,5555.0,5e-09,5e-11,0.85,1.02e-10,1.86e-10,-0.00016,0.3839724354387525,22.0,40,0,0,
2633,800.0,18.789289276185396,92.0,1622.2222222222222,0.061111111111111116,3.857142857142857,5555.0,5e-09,5e-11,0.85,1.02e-10,1.86e-10,-0.00016,0.3839724354387525,22.0,40,0,0,
2634,800.0,18.789289276185396,92.0,1622.2222222222222,0.061111111111111116,4.214285714285714,5555.0,5e-09,5e-11,0.85,1.02e-10,1.86e-10,-0.00016,0.3839724354387525,22.0,40,0,0,
2635,800.0,18.789289276185396,92.0,1622.2222222222222,0.061111111111111116,4.571428571428571,5555.0,5e-09,5e-11,0.85,1.02e-10,1.86e-10,-0.00016,0.3839724354387525,22.0,40,0,0,
2636,800.0,18.789289276185396,92.0,1622.2222222222222,0.061111111111111116,4.928571428571429,5555.0,5e-09,5e-11,0.85,1.02e-10,1.86e-10,-0.00016,0.3839724354387525,22.0,40,0,0,
2637,800.0,18.789289276185396,92.0,1622.2222222222222,0.061111111111111116,5.285714285714286,5555.0,5e-09,5e-11,0.85,1.02e-10,1.86e-10,-0.00016,0.3839724354387525,22.0,40,0,0,
2638,800.0,18.789289276185396,92.0,1622.2222222222222,0.061111111111111116,5.642857142857143,5555.0,5e-09,5e-11,0.85,1.02e-10,1.86e-10,-0.00016,0.3839724354387525,22.0,40,0,0,
2639,800.0,18.789289276185396,92.0,1622.2222222222222,0.061111111111111116,6.0,5555.0,5e-09,5e-11,0.85,1.02e-10,1.86e-10,-0.00016,0.3839724354387525,22.0,40,0,0,
2640,800.0,18.789289276185396,92.0,1622.2222222222222,0.06333333333333334,1.0,5555.0,5e-09,5e-11,0.85,1.02e-10,1.86e-10,-0.00016,0.3839724354387525,22.0,40,0,0,
2641,800.0,18.789289276185396,92.0,1622.2222222222222,0.06333333333333334,1.3571428571428572,5555.0,5e-09,5e-11,0.85,1.02e-10,1.86e-10,-0.00016,0.3839724354387525,22.0,40,0,0,
2642,800.0,18.789289276185396,92.0,1622.2222222222222,0.06333333333333334,1.7142857142857144,5555.0,5e-09,5e-11,0.85,1.02e-10,1.86e-10,-0.00016,0.3839724354387525,22.0,40,0,0,
2643,800.0,18.789289276185396,92.0,1622.2222222222222,0.06333333333333334,2.071428571428571,5555.0,5e-09,5e-11,0.85,1.02e-10,1.86e-10,-0.00016,0.3839724354387525,22.0,40,0,0,
2644,800.0,18.789289276185396,92.0,1622.2222222222222,0.06333333333333334,2.428571428571429,5555.0,5e-09,5e-11,0.85,1.02e-10,1.86e-10,-0.00016,0.3839724354387525,22.0,40,0,0,
2645,800.0,18.789289276185396,92.0,1622.2222222222222,0.06333333333333334,2.7857142857142856,5555.0,5e-09,5e-11,0.85,1.02e-10,1.86e-10,-0.00016,0.3839724354387525,22.0,40,0,0,
2646,800.0,18.789289276185396,92.0,1622.2222222222222,0.06333333333333334,3.142857142857143,5555.0,5e-09,5e-11,0.85,1.02e-10,1.86e-10,-0.00016,0.3839724354387525,22.0,40,0,0,
2647,800.0,18.789289276185396,92.0,1622.2222222222222,0.06333333333333334,3.5,5555.0,5e-09,5e-11,0.85,1.02e-10,1.86e-10,-0.00016,0.3839724354387525,22.0,40,0,0,
2648,800.0,18.789289276185396,92.0,1622.2222222222222,0.06333333333333334,3.857142857142857,5555.0,5e-09,5e-11,0.85,1.02e-10,1.86e-10,-0.00016,0.3839724354387525,22.0,40,0,0,
2649,800.0,18.789289276185396,92.0,1622.2222222222222,0.06333333333333334,4.214285714285714,5555.0,5e-09,5e-11,0.85,1.02e-10,1.86e-10,-0.00016,0.3839724354387525,22.0,40,0,0,
2650,800.0,18.789289276185396,92.0,1622.2222222222222,0.06333333333333334,4.571428571428571,5555.0,5e-09,5e-11,0.85,1.02e-10,1.86e-10,-0.00016,0.3839724354387525,22.0,40,0,0,
2651,800.0,18.789289276185396,92.0,1622.2222222222222,0.06333333333333334,4.928571428571429,5555.0,5e-09,5e-11,0.85,1.02e-10,1.86e-10,-0.00016,0.3839724354387525,22.0,40,0,0,
2652,800.0,18.789289276185396,92.0,1622.2222222222222,0.06333333333333334,5.285714285714286,5555.0,5e-09,5e-11,0.85,1.02e-10,1.86e-10,-0.00016,0.3839724354387525,22.0,40,0,0,
2653,800.0,18.789289276185396,92.0,1622.2222222222222,0.06333333333333334,5.642857142857143,5555.0,5e-09,5e-11,0.85,1.02e-10,1.86e-10,-0.00016,0.3839724354387525,22.0,40,0,0,
2654,800.0,18.789289276185396,92.0,1622.2222222222222,0.06333333333333334,6.0,5555.0,5e-09,5e-11,0.85,1.02e-10,1.86e-10,-0.00016,0.3839724354387525,22.0,40,0,0,
2655,800.0,18.789289276185396,92.0,1622.2222222222222,0.06555555555555556,1.0,5555.0,5e-09,5e-11,0.85,1.02e-10,1.86e-10,-0.00016,0.3839724354387525,22.0,40,0,0,
2656,800.0,18.789289276185396,92.0,1622.2222222222222,0.06555555555555556,1.3571428571428572,5555.0,5e-09,5e-11,0.85,1.02e-10,1.86e-10,-0.00016,0.3839724354387525,22.0,40,0,0,
2657,800.0,18.789289276185396,92.0,1622.2222222222222,0.06555555555555556,1.7142857142857144,5555.0,5e-09,5e-11,0.85,1.02e-10,1.86e-10,-0.00016,0.3839724354387525,22.0,40,0,0,
2658,800.0,18.789289276185396,92.0,1622.2222222222222,0.06555555555555556,2.071428571428571,5555.0,5e-09,5e-11,0.85,1.02e-10,1.86e-10,-0.00016,0.3839724354387525,22.0,40,0,0,
2659,800.0,18.789289276185396,92.0,1622.2222222222222,0.06555555555555556,2.428571428571429,5555.0,5e-09,5e-11,0.85,1.02e-10,1.86e-10,-0.00016,0.3839724354387525,22.0,40,0,0,
2660,800.0,18.789289276185396,92.0,1622.2222222222222,0.06555555555555556,2.7857142857142856,5555.0,5e-09,5e-11,0.85,1.02e-10,1.86e-10,-0.00016,0.3839724354387525,22.0,40,0,0,
2661,800.0,18.789289276185396,92.0,1622.2222222222222,0.06555555555555556,3.142857142857143,5555.0,5e-09,5e-11,0.85,1.02e-10,1.86e-10,-0.00016,0.3839724354387525,22.0,40,0,0,
2662,800.0,18.789289276185396,92.0,1622.2222222222222,0.06555555555555556,3.5,5555.0,5e-09,5e-11,0.85,1.02e-10,1.86e-10,-0.00016,0.3839724354387525,22.0,40,0,0,
2663,800.0,18.789289276185396,92.0,1622.2222222222222,0.06555555555555556,3.857142857142857,5555.0,5e-09,5e-11,0.85,1.02e-10,1.86e-10,-0.00016,0.3839724354387525,22.0,40,0,0,
2664,800.0,18.789289276185396,92.0,1622.2222222222222,0.06555555555555556,4.214285714285714,5555.0,5e-09,5e-11,0.85,1.02e-10,1.86e-10,-0.00016,0.3839724354387525,22.0,40,0,0,
2665,800.0,18.789289276185396,92.0,1622.2222222222222,0.06555555555555556,4.571428571428571,5555.0,5e-09,5e-11,0.85,1.02e-10,1.86e-10,-0.00016,0.3839724354387525,22.0,40,0,0,
2666,800.0,18.789289276185396,92.0,1622.2222222222222,0.06555555555555556,4.928571428571429,5555.0,5e-09,5e-11,0.85,1.02e-10,1.86e-10,-0.00016,0.3839724354387525,22.0,40,0,0,
2667,800.0,18.789289276185396,92.0,1622.2222222222222,0.06555555555555556,5.285714285714286,5555.0,5e-09,5e-11,0.85,1.02e-10,1.86e-10,-0.00016,0.3839724354387525,22.0,40,0,0,
2668,800.0,18.789289276185396,92.0,1622.2222222222222,0.06555555555555556,5.642857142857143,5555.0,5e-09,5e-11,0.85,1.02e-10,1.86e-10,-0.00016,0.3839724354387525,22.0,40,0,0,
2669,800.0,18.789289276185396,92.0,1622.2222222222222,0.06555555555555556,6.0,5555.0,5e-09,5e-11,0.85,1.02e-10,1.86e-10,-0.00016,0.3839724354387525,22.0,40,0,0,
2670,800.0,18.789289276185396,92.0,1622.2222222222222,0.06777777777777778,1.0,5555.0,5e-09,5e-11,0.85,1.02e-10,1.86e-10,-0.00016,0.3839724354387525,22.0,40,0,0,
2671,800.0,18.789289276185396,92.0,1622.2222222222222,0.06777777777777778,1.3571428571428572,5555.0,5e-09,5e-11,0.85,1.02e-10,1.86e-10,-0.00016,0.3839724354387525,22.0,40,0,0,
2672,800.0,18.789289276185396,92.0,1622.2222222222222,0.06777777777777778,1.7142857142857144,5555.0,5e-09,5e-11,0.85,1.02e-10,1.86e-10,-0.00016,0.3839724354387525,22.0,40,0,0,
2673,800.0,18.789289276185396,92.0,1622.2222222222222,0.06777777777777778,2.071428571428571,5555.0,5e-09,5e-11,0.85,1.02e-10,1.86e-10,-0.00016,0.3839724354387525,22.0,40,0,0,
2674,800.0,18.789289276185396,92.0,1622.2222222222222,0.06777777777777778,2.428571428571429,5555.0,5e-09,5e-11,0.85,1.02e-10,1.86e-10,-0.00016,0.3839724354387525,22.0,40,0,0,
2675,800.0,18.789289276185396,92.0,1622.2222222222222,0.06777777777777778,2.7857142857142856,5555.0,5e-09,5e-11,0.85,1.02e-10,1.86e-10,-0.00016,0.3839724354387525,22.0,40,0,0,
2676,800.0,18.789289276185396,92.0,1622.2222222222222,0.06777777777777778,3.142857142857143,5555.0,5e-09,5e-11,0.85,1.02e-10,1.86e-10,-0.00016,0.3839724354387525,22.0,40,0,0,
2677,800.0,18.789289276185396,92.0,1622.2222222222222,0.06777777777777778,3.5,5555.0,5e-09,5e-11,0.85,1.02e-10,1.86e-10,-0.00016,0.3839724354387525,22.0,40,0,0,
2678,800.0,18.789289276185396,92.0,1622.2222222222222,0.06777777777777778,3.857142857142857,5555.0,5e-09,5e-11,0.85,1.02e-10,1.86e-10,-0.00016,0.3839724354387525,22.0,40,0,0,
2679,800.0,18.789289276185396,92.0,1622.2222222222222,0.06777777777777778,4.214285714285714,5555.0,5e-09,5e-11,0.85,1.02e-10,1.86e-10,-0.00016,0.3839724354387525,22.0,40,0,0,
2680,800.0,18.789289276185396,92.0,1622.2222222222222,0.06777777777777778,4.571428571428571,5555.0,5e-09,5e-11,0.85,1.02e-10,1.86e-10,-0.00016,0.3839724354387525,22.0,40,0,0,
2681,800.0,18.789289276185396,92.0,1622.2222222222222,0.06777777777777778,4.928571428571429,5555.0,5e-09,5e-11,0.85,1.02e-10,1.86e-10,-0.00016,0.3839724354387525,22.0,40,0,0,
2682,800.0,18.789289276185396,92.0,1622.2222222222222,0.06777777777777778,5.285714285714286,5555.0,5e-09,5e-11,0.85,1.02e-10,1.86e-10,-0.00016,0.3839724354387525,22.0,40,0,0,
2683,800.0,18.789289276185396,92.0,1622.2222222222222,0.06777777777777778,5.642857142857143,5555.0,5e-09,5e-11,0.85,1.02e-10,1.86e-10,-0.00016,0.3839724354387525,22.0,40,0,0,
2684,800.0,18.789289276185396,92.0,1622.2222222222222,0.06777777777777778,6.0,5555.0,5e-09,5e-11,0.85,1.02e-10,1.86e-10,-0.00016,0.3839724354387525,22.0,40,0,0,
2685,800.0,18.789289276185396,92.0,1622.2222222222222,0.07,1.0,5555.0,5e-09,5e-11,0.85,1.02e-10,1.86e-10,-0.00016,0.3839724354387525,22.0,40,0,0,
2686,800.0,18.789289276185396,92.0,1622.2222222222222,0.07,1.3571428571428572,5555.0,5e-09,5e-11,0.85,1.02e-10,1.86e-10,-0.00016,0.3839724354387525,22.0,40,0,0,
2687,800.0,18.789289276185396,92.0,1622.2222222222222,0.07,1.7142857142857144,5555.0,5e-09,5e-11,0.85,1.02e-10,1.86e-10,-0.00016,0.3839724354387525,22.0,40,0,0,
2688,800.0,18.789289276185396,92.0,1622.2222222222222,0.07,2.071428571428571,5555.0,5e-09,5e-11,0.85,1.02e-10,1.86e-10,-0.00016,0.3839724354387525,22.0,40,0,0,
2689,800.0,18.789289276185396,92.0,1622.2222222222222,0.07,2.428571428571429,5555.0,5e-09,5e-11,0.85,1.02e-10,1.86e-10,-0.00016,0.3839724354387525,22.0,40,0,0,
2690,800.0,18.789289276185396,92.0,1622.2222222222222,0.07,2.7857142857142856,5555.0,5e-09,5e-11,0.85,1.02e-10,1.86e-10,-0.00016,0.3839724354387525,22.0,40,0,0,
2691,800.0,18.789289276185396,92.0,1622.2222222222222,0.07,3.142857142857143,5555.0,5e-09,5e-11,0.85,1.02e-10,1.86e-10,-0.00016,0.3839724354387525,22.0,40,0,0,
2692,800.0,18.789289276185396,92.0,1622.2222222222222,0.07,3.5,5555.0,5e-09,5e-11,0.85,1.02e-10,1.86e-10,-0.00016,0.3839724354387525,22.0,40,0,0,
2693,800.0,18.789289276185396,92.0,1622.2222222222222,0.07,3.857142857142857,5555.0,5e-09,5e-11,0.85,1.02e-10,1.86e-10,-0.00016,0.3839724354387525,22.0,40,0,0,
2694,800.0,18.789289276185396,92.0,1622.2222222222222,0.07,4.214285714285714,5555.0,5e-09,5e-11,0.85,1.02e-10,1.86e-10,-0.00016,0.3839724354387525,22.0,40,0,0,
2695,800.0,18.789289276185396,92.0,1622.2222222222222,0.07,4.571428571428571,5555.0,5e-09,5e-11,0.85,1.02e-10,1.86e-10,-0.00016,0.3839724354387525,22.0,40,0,0,
2696,800.0,18.789289276185396,92.0,1622.2222222222222,0.07,4.928571428571429,5555.0,5e-09,5e-11,0.85,1.02e-10,1.86e-10,-0.00016,0.3839724354387525,22.0,40,0,0,
2697,800.0,18.789289276185396,92.0,1622.2222222222222,0.07,5.285714285714286,5555.0,5e-09,5e-11,0.85,1.02e-10,1.86e-10,-0.00016,0.3839724354387525,22.0,40,0,0,
2698,800.0,18.789289276185396,92.0,1622.2222222222222,0.07,5.642857142857143,5555.0,5e-09,5e-11,0.85,1.02e-10,1.86e-10,-0.00016,0.3839724354387525,22.0,40,0,0,
2699,800.0,18.789289276185396,92.0,1622.2222222222222,0.07,6.0,5555.0,5e-09,5e-11,0.85,1.02e-10,1.86e-10,-0.00016,0.3839724354387525,22.0,40,0,0,
2700,800.0,18.789289276185396,92.0,1811.111111111111,0.05,1.0,5555.0,5e-09,5e-11,0.85,1.02e-10,1.86e-10,-0.00016,0.3839724354387525,22.0,40,0,0,
2701,800.0,18.789289276185396,92.0,1811.111111111111,0.05,1.3571428571428572,5555.0,5e-09,5e-11,0.85,1.02e-10,1.86e-10,-0.00016,0.3839724354387525,22.0,40,0,0,
2702,800.0,18.789289276185396,92.0,1811.111111111111,0.05,1.7142857142857144,5555.0,5e-09,5e-11,0.85,1.02e-10,1.86e-10,-0.00016,0.3839724354387525,22.0,40,0,0,
2703,800.0,18.789289276185396,92.0,1811.111111111111,0.05,2.071428571428571,5555.0,5e-09,5e-11,0.85,1.02e-10,1.86e-10,-0.00016,0.3839724354387525,22.0,40,0,0,
2704,800.0,18.789289276185396,92.0,1811.111111111111,0.05,2.428571428571429,5555.0,5e-09,5e-11,0.85,1.02e-10,1.86e-10,-0.00016,0.3839724354387525,22.0,40,0,0,
2705,800.0,18.789289276185396,92.0,1811.111111111111,0.05,2.7857142857142856,5555.0,5e-09,5e-11,0.85,1.02e-10,1.86e-10,-0.00016,0.3839724354387525,22.0,40,0,0,
2706,800.0,18.789289276185396,92.0,1811.111111111111,0.05,3.142857142857143,5555.0,5e-09,5e-11,0.85,1.02e-10,1.86e-10,-0.00016,0.3839724354387525,22.0,40,0,0,
2707,800.0,18.789289276185396,92.0,1811.111111111111,0.05,3.5,5555.0,5e-09,5e-11,0.85,1.02e-10,1.86e-10,-0.00016,0.3839724354387525,22.0,40,0,0,
2708,800.0,18.789289276185396,92.0,1811.111111111111,0.05,3.857142857142857,5555.0,5e-09,5e-11,0.85,1.02e-10,1.86e-10,-0.00016,0.3839724354387525,22.0,40,0,0,
2709,800.0,18.789289276185396,92.0,1811.111111111111,0.05,4.214285714285714,5555.0,5e-09,5e-11,0.85,1.02e-10,1.86e-10,-0.00016,0.3839724354387525,22.0,40,0,0,
2710,800.0,18.789289276185396,92.0,1811.111111111111,0.05,4.571428571428571,5555.0,5e-09,5e-11,0.85,1.02e-10,1.86e-10,-0.00016,0.3839724354387525,22.0,40,0,0,
2711,800.0,18.789289276185396,92.0,1811.111111111111,0.05,4.928571428571429,5555.0,5e-09,5e-11,0.85,1.02e-10,1.86e-10,-0.00016,0.3839724354387525,22.0,40,0,0,
2712,800.0,18.789289276185396,92.0,1811.111111111111,0.05,5.285714285714286,5555.0,5e-09,5e-11,0.85,1.02e-10,1.86e-10,-0.00016,0.3839724354387525,22.0,40,0,0,
2713,800.0,18.789289276185396,92.0,1811.111111111111,0.05,5.642857142857143,5555.0,5e-09,5e-11,0.85,1.02e-10,1.86e-10,-0.00016,0.3839724354387525,22.0,40,0,0,
2714,800.0,18.789289276185396,92.0,1811.111111111111,0.05,6.0,5555.0,5e-09,5e-11,0.85,1.02e-10,1.86e-10,-0.00016,0.3839724354387525,22.0,40,0,0,
2715,800.0,18.789289276185396,92.0,1811.111111111111,0.052222222222222225,1.0,5555.0,5e-09,5e-11,0.85,1.02e-10,1.86e-10,-0.00016,0.3839724354387525,22.0,40,0,0,
2716,800.0,18.789289276185396,92.0,1811.111111111111,0.052222222222222225,1.3571428571428572,5555.0,5e-09,5e-11,0.85,1.02e-10,1.86e-10,-0.00016,0.3839724354387525,22.0,40,0,0,
2717,800.0,18.789289276185396,92.0,1811.111111111111,0.052222222222222225,1.7142857142857144,5555.0,5e-09,5e-11,0.85,1.02e-10,1.86e-10,-0.00016,0.3839724354387525,22.0,40,0,0,
2718,800.0,18.789289276185396,92.0,1811.111111111111,0.052222222222222225,2.071428571428571,5555.0,5e-09,5e-11,0.85,1.02e-10,1.86e-10,-0.00016,0.3839724354387525,22.0,40,0,0,
2719,800.0,18.789289276185396,92.0,1811.111111111111,0.052222222222222225,2.428571428571429,5555.0,5e-09,5e-11,0.85,1.02e-10,1.86e-10,-0.00016,0.3839724354387525,22.0,40,0,0,
2720,800.0,18.789289276185396,92.0,1811.111111111111,0.052222222222222225,2.7857142857142856,5555.0,5e-09,5e-11,0.85,1.02e-10,1.86e-10,-0.00016,0.3839724354387525,22.0,40,0,0,
2721,800.0,18.789289276185396,92.0,1811.111111111111,0.052222222222222225,3.142857142857143,5555.0,5e-09,5e-11,0.85,1.02e-10,1.86e-10,-0.00016,0.3839724354387525,22.0,40,0,0,
2722,800.0,18.789289276185396,92.0,1811.111111111111,0.052222222222222225,3.5,5555.0,5e-09,5e-11,0.85,1.02e-10,1.86e-10,-0.00016,0.3839724354387525,22.0,40,0,0,
2723,800.0,18.789289276185396,92.0,1811.111111111111,0.052222222222222225,3.857142857142857,5555.0,5e-09,5e-11,0.85,1.02e-10,1.86e-10,-0.00016,0.3839724354387525,22.0,40,0,0,
2724,800.0,18.789289276185396,92.0,1811.111111111111,0.052222222222222225,4.214285714285714,5555.0,5e-09,5e-11,0.85,1.02e-10,1.86e-10,-0.00016,0.3839724354387525,22.0,40,0,0,
2725,800.0,18.789289276185396,92.0,1811.111111111111,0.052222222222222225,4.571428571428571,5555.0,5e-09,5e-11,0.85,1.02e-10,1.86e-10,-0.00016,0.3839724354387525,22.0,40,0,0,
2726,800.0,18.789289276185396,92.0,1811.111111111111,0.052222222222222225,4.928571428571429,5555.0,5e-09,5e-11,0.85,1.02e-10,1.86e-10,-0.00016,0.3839724354387525,22.0,40,0,0,
2727,800.0,18.789289276185396,92.0,1811.111111111111,0.052222222222222225,5.285714285714286,5555.0,5e-09,5e-11,0.85,1.02e-10,1.86e-10,-0.00016,0.3839724354387525,22.0,40,0,0,
2728,800.0,18.789289276185396,92.0,1811.111111111111,0.052222222222222225,5.642857142857143,5555.0,5e-09,5e-11,0.85,1.02e-10,1.86e-10,-0.00016,0.3839724354387525,22.0,40,0,0,
2729,800.0,18.789289276185396,92.0,1811.111111111111,0.052222222222222225,6.0,5555.0,5e-09,5e-11,0.85,1.02e-10,1.86e-10,-0.00016,0.3839724354387525,22.0,40,0,0,
2730,800.0,18.789289276185396,92.0,1811.111111111111,0.05444444444444445,1.0,5555.0,5e-09,5e-11,0.85,1.02e-10,1.86e-10,-0.00016,0.3839724354387525,22.0,40,0,0,
2731,800.0,18.789289276185396,92.0,1811.111111111111,0.05444444444444445,1.3571428571428572,5555.0,5e-09,5e-11,0.85,1.02e-10,1.86e-10,-0.00016,0.3839724354387525,22.0,40,0,0,
2732,800.0,18.789289276185396,92.0,1811.111111111111,0.05444444444444445,1.7142857142857144,5555.0,5e-09,5e-11,0.85,1.02e-10,1.86e-10,-0.00016,0.3839724354387525,22.0,40,0,0,
2733,800.0,18.789289276185396,92.0,1811.111111111111,0.05444444444444445,2.071428571428571,5555.0,5e-09,5e-11,0.85,1.02e-10,1.86e-10,-0.00016,0.3839724354387525,22.0,40,0,0,
2734,800.0,18.789289276185396,92.0,1811.111111111111,0.05444444444444445,2.428571428571429,5555.0,5e-09,5e-11,0.85,1.02e-10,1.86e-10,-0.00016,0.3839724354387525,22.0,40,0,0,
2735,800.0,18.789289276185396,92.0,1811.111111111111,0.05444444444444445,2.7857142857142856,5555.0,5e-09,5e-11,0.85,1.02e-10,1.86e-10,-0.00016,0.3839724354387525,22.0,40,0,0,
2736,800.0,18.789289276185396,92.0,1811.111111111111,0.05444444444444445,3.142857142857143,5555.0,5e-09,5e-11,0.85,1.02e-10,1.86e-10,-0.00016,0.3839724354387525,22.0,40,0,0,
2737,800.0,18.789289276185396,92.0,1811.111111111111,0.05444444444444445,3.5,5555.0,5e-09,5e-11,0.85,1.02e-10,1.86e-10,-0.00016,0.3839724354387525,22.0,40,0,0,
2738,800.0,18.789289276185396,92.0,1811.111111111111,0.05444444444444445,3.857142857142857,5555.0,5e-09,5e-11,0.85,1.02e-10,1.86e-10,-0.00016,0.3839724354387525,22.0,40,0,0,
2739,800.0,18.789289276185396,92.0,1811.111111111111,0.05444444444444445,4.214285714285714,5555.0,5e-09,5e-11,0.85,1.02e-10,1.86e-10,-0.00016,0.3839724354387525,22.0,40,0,0,
2740,800.0,18.789289276185396,92.0,1811.111111111111,0.05444444444444445,4.571428571428571,5555.0,5e-09,5e-11,0.85,1.02e-10,1.86e-10,-0.00016,0.3839724354387525,22.0,40,0,0,
2741,800.0,18.789289276185396,92.0,1811.111111111111,0.05444444444444445,4.928571428571429,5555.0,5e-09,5e-11,0.85,1.02e-10,1.86e-10,-0.00016,0.3839724354387525,22.0,40,0,0,
2742,800.0,18.789289276185396,92.0,1811.111111111111,0.05444444444444445,5.285714285714286,5555.0,5e-09,5e-11,0.85,1.02e-10,1.86e-10,-0.00016,0.3839724354387525,22.0,40,0,0,
2743,800.0,18.789289276185396,92.0,1811.111111111111,0.05444444444444445,5.642857142857143,5555.0,5e-09,5e-11,0.85,1.02e-10,1.86e-10,-0.00016,0.3839724354387525,22.0,40,0,0,
2744,800.0,18.789289276185396,92.0,1811.111111111111,0.05444444444444445,6.0,5555.0,5e-09,5e-11,0.85,1.02e-10,1.86e-10,-0.00016,0.3839724354387525,22.0,40,0,0,
2745,800.0,18.789289276185396,92.0,1811.111111111111,0.05666666666666667,1.0,5555.0,5e-09,5e-11,0.85,1.02e-10,1.86e-10,-0.00016,0.3839724354387525,22.0,40,0,0,
2746,800.0,18.789289276185396,92.0,1811.111111111111,0.05666666666666667,1.3571428571428572,5555.0,5e-09,5e-11,0.85,1.02e-10,1.86e-10,-0.00016,0.3839724354387525,22.0,40,0,0,
2747,800.0,18.789289276185396,92.0,1811.111111111111,0.05666666666666667,1.7142857142857144,5555.0,5e-09,5e-11,0.85,1.02e-10,1.86e-10,-0.00016,0.3839724354387525,22.0,40,0,0,
2748,800.0,18.789289276185396,92.0,1811.111111111111,0.05666666666666667,2.071428571428571,5555.0,5e-09,5e-11,0.85,1.02e-10,1.86e-10,-0.00016,0.3839724354387525,22.0,40,0,0,
2749,800.0,18.789289276185396,92.0,1811.111111111111,0.05666666666666667,2.428571428571429,5555.0,5e-09,5e-11,0.85,1.02e-10,1.86e-10,-0.00016,0.3839724354387525,22.0,40,0,0,
2750,800.0,18.789289276185396,92.0,1811.111111111111,0.05666666666666667,2.7857142857142856,5555.0,5e-09,5e-11,0.85,1.02e-10,1.86e-10,-0.00016,0.3839724354387525,22.0,40,0,0,
2751,800.0,18.789289276185396,92.0,1811.111111111111,0.05666666666666667,3.142857142857143,5555.0,5e-09,5e-11,0.85,1.02e-10,1.86e-10,-0.00016,0.3839724354387525,22.0,40,0,0,
2752,800.0,18.789289276185396,92.0,1811.111111111111,0.05666666666666667,3.5,5555.0,5e-09,5e-11,0.85,1.02e-10,1.86e-10,-0.00016,0.3839724354387525,22.0,40,0,0,
2753,800.0,18.789289276185396,92.0,1811.111111111111,0.05666666666666667,3.857142857142857,5555.0,5e-09,5e-11,0.85,1.02e-10,1.86e-10,-0.00016,0.3839724354387525,22.0,40,0,0,
2754,800.0,18.789289276185396,92.0,1811.111111111111,0.05666666666666667,4.214285714285714,5555.0,5e-09,5e-11,0.85,1.02e-10,1.86e-10,-0.00016,0.3839724354387525,22.0,40,0,0,
2755,800.0,18.789289276185396,92.0,1811.111111111111,0.05666666666666667,4.571428571428571,5555.0,5e-09,5e-11,0.85,1.02e-10,1.86e-10,-0.00016,0.3839724354387525,22.0,40,0,0,
2756,800.0,18.789289276185396,92.0,1811.111111111111,0.05666666666666667,4.928571428571429,5555.0,5e-09,5e-11,0.85,1.02e-10,1.86e-10,-0.00016,0.3839724354387525,22.0,40,0,0,
2757,800.0,18.789289276185396,92.0,1811.111111111111,0.05666666666666667,5.285714285714286,5555.0,5e-09,5e-11,0.85,1.02e-10,1.86e-10,-0.00016,0.3839724354387525,22.0,40,0,0,
2758,800.0,18.789289276185396,92.0,1811.111111111111,0.05666666666666667,5.642857142857143,5555.0,5e-09,5e-11,0.85,1.02e-10,1.86e-10,-0.00016,0.3839724354387525,22.0,40,0,0,
2759,800.0,18.789289276185396,92.0,1811.111111111111,0.05666666666666667,6.0,5555.0,5e-09,5e-11,0.85,1.02e-10,1.86e-10,-0.00016,0.3839724354387525,22.0,40,0,0,
2760,800.0,18.789289276185396,92.0,1811.111111111111,0.05888888888888889,1.0,5555.0,5e-09,5e-11,0.85,1.02e-10,1.86e-10,-0.00016,0.3839724354387525,22.0,40,0,0,
2761,800.0,18.789289276185396,92.0,1811.111111111111,0.05888888888888889,1.3571428571428572,5555.0,5e-09,5e-11,0.85,1.02e-10,1.86e-10,-0.00016,0.3839724354387525,22.0,40,0,0,
2762,800.0,18.789289276185396,92.0,1811.111111111111,0.05888888888888889,1.7142857142857144,5555.0,5e-09,5e-11,0.85,1.02e-10,1.86e-10,-0.00016,0.3839724354387525,22.0,40,0,0,
2763,800.0,18.789289276185396,92.0,1811.111111111111,0.05888888888888889,2.071428571428571,5555.0,5e-09,5e-11,0.85,1.02e-10,1.86e-10,-0.00016,0.3839724354387525,22.0,40,0,0,
2764,800.0,18.789289276185396,92.0,1811.111111111111,0.05888888888888889,2.428571428571429,5555.0,5e-09,5e-11,0.85,1.02e-10,1.86e-10,-0.00016,0.3839724354387525,22.0,40,0,0,
2765,800.0,18.789289276185396,92.0,1811.111111111111,0.05888888888888889,2.7857142857142856,5555.0,5e-09,5e-11,0.85,1.02e-10,1.86e-10,-0.00016,0.3839724354387525,22.0,40,0,0,
2766,800.0,18.789289276185396,92.0,1811.111111111111,0.05888888888888889,3.142857142857143,5555.0,5e-09,5e-11,0.85,1.02e-10,1.86e-10,-0.00016,0.3839724354387525,22.0,40,0,0,
2767,800.0,18.789289276185396,92.0,1811.111111111111,0.05888888888888889,3.5,5555.0,5e-09,5e-11,0.85,1.02e-10,1.86e-10,-0.00016,0.3839724354387525,22.0,40,0,0,
2768,800.0,18.789289276185396,92.0,1811.111111111111,0.05888888888888889,3.857142857142857,5555.0,5e-09,5e-11,0.85,1.02e-10,1.86e-10,-0.00016,0.3839724354387525,22.0,40,0,0,
2769,800.0,18.789289276185396,92.0,1811.111111111111,0.05888888888888889,4.214285714285714,5555.0,5e-09,5e-11,0.85,1.02e-10,1.86e-10,-0.00016,0.3839724354387525,22.0,40,0,0,
2770,800.0,18.789289276185396,92.0,1811.111111111111,0.05888888888888889,4.571428571428571,5555.0,5e-09,5e-11,0.85,1.02e-10,1.86e-10,-0.00016,0.3839724354387525,22.0,40,0,0,
2771,800.0,18.789289276185396,92.0,1811.111111111111,0.05888888888888889,4.928571428571429,5555.0,5e-09,5e-11,0.85,1.02e-10,1.86e-10,-0.00016,0.3839724354387525,22.0,40,0,0,
2772,800.0,18.789289276185396,92.0,1811.111111111111,0.05888888888888889,5.285714285714286,5555.0,5e-09,5e-11,0.85,1.02e-10,1.86e-10,-0.00016,0.3839724354387525,22.0,40,0,0,
2773,800.0,18.789289276185396,92.0,1811.111111111111,0.05888888888888889,5.642857142857143,5555.0,5e-09,5e-11,0.85,1.02e-10,1.86e-10,-0.00016,0.3839724354387525,22.0,40,0,0,
2774,800.0,18.789289276185396,92.0,1811.111111111111,0.05888888888888889,6.0,5555.0,5e-09,5e-11,0.85,1.02e-10,1.86e-10,-0.00016,0.3839724354387525,22.0,40,0,0,
2775,800.0,18.789289276185396,92.0,1811.111111111111,0.061111111111111116,1.0,5555.0,5e-09,5e-11,0.85,1.02e-10,1.86e-10,-0.00016,0.3839724354387525,22.0,40,0,0,
2776,800.0,18.789289276185396,92.0,1811.111111111111,0.061111111111111116,1.3571428571428572,5555.0,5e-09,5e-11,0.85,1.02e-10,1.86e-10,-0.00016,0.3839724354387525,22.0,40,0,0,
2777,800.0,18.789289276185396,92.0,1811.111111111111,0.061111111111111116,1.7142857142857144,5555.0,5e-09,5e-11,0.85,1.02e-10,1.86e-10,-0.00016,0.3839724354387525,22.0,40,0,0,
2778,800.0,18.789289276185396,92.0,1811.111111111111,0.061111111111111116,2.071428571428571,5555.0,5e-09,5e-11,0.85,1.02e-10,1.86e-10,-0.00016,0.3839724354387525,22.0,40,0,0,
2779,800.0,18.789289276185396,92.0,1811.111111111111,0.061111111111111116,2.428571428571429,5555.0,5e-09,5e-11,0.85,1.02e-10,1.86e-10,-0.00016,0.3839724354387525,22.0,40,0,0,
2780,800.0,18.789289276185396,92.0,1811.111111111111,0.061111111111111116,2.7857142857142856,5555.0,5e-09,5e-11,0.85,1.02e-10,1.86e-10,-0.00016,0.3839724354387525,22.0,40,0,0,
2781,800.0,18.789289276185396,92.0,1811.111111111111,0.061111111111111116,3.142857142857143,5555.0,5e-09,5e-11,0.85,1.02e-10,1.86e-10,-0.00016,0.3839724354387525,22.0,40,0,0,
2782,800.0,18.789289276185396,92.0,1811.111111111111,0.061111111111111116,3.5,5555.0,5e-09,5e-11,0.85,1.02e-10,1.86e-10,-0.00016,0.3839724354387525,22.0,40,0,0,
2783,800.0,18.789289276185396,92.0,1811.111111111111,0.061111111111111116,3.857142857142857,5555.0,5e-09,5e-11,0.85,1.02e-10,1.86e-10,-0.00016,0.3839724354387525,22.0,40,0,0,
2784,800.0,18.789289276185396,92.0,1811.111111111111,0.061111111111111116,4.214285714285714,5555.0,5e-09,5e-11,0.85,1.02e-10,1.86e-10,-0.00016,0.3839724354387525,22.0,40,0,0,
2785,800.0,18.789289276185396,92.0,1811.111111111111,0.061111111111111116,4.571428571428571,5555.0,5e-09,5e-11,0.85,1.02e-10,1.86e-10,-0.00016,0.3839724354387525,22.0,40,0,0,
2786,800.0,18.789289276185396,92.0,1811.111111111111,0.061111111111111116,4.928571428571429,5555.0,5e-09,5e-11,0.85,1.02e-10,1.86e-10,-0.00016,0.3839724354387525,22.0,40,0,0,
2787,800.0,18.789289276185396,92.0,1811.111111111111,0.061111111111111116,5.285714285714286,5555.0,5e-09,5e-11,0.85,1.02e-10,1.86e-10,-0.00016,0.3839724354387525,22.0,40,0,0,
2788,800.0,18.789289276185396,92.0,1811.111111111111,0.061111111111111116,5.642857142857143,5555.0,5e-09,5e-11,0.85,1.02e-10,1.86e-10,-0.00016,0.3839724354387525,22.0,40,0,0,
2789,800.0,18.789289276185396,92.0,1811.111111111111,0.061111111111111116,6.0,5555.0,5e-09,5e-11,0.85,1.02e-10,1.86e-10,-0.00016,0.3839724354387525,22.0,40,0,0,
2790,800.0,18.789289276185396,92.0,1811.111111111111,0.06333333333333334,1.0,5555.0,5e-09,5e-11,0.85,1.02e-10,1.86e-10,-0.00016,0.3839724354387525,22.0,40,0,0,
2791,800.0,18.789289276185396,92.0,1811.111111111111,0.06333333333333334,1.3571428571428572,5555.0,5e-09,5e-11,0.85,1.02e-10,1.86e-10,-0.00016,0.3839724354387525,22.0,40,0,0,
2792,800.0,18.789289276185396,92.0,1811.111111111111,0.06333333333333334,1.7142857142857144,5555.0,5e-09,5e-11,0.85,1.02e-10,1.86e-10,-0.00016,0.3839724354387525,22.0,40,0,0,
2793,800.0,18.789289276185396,92.0,1811.111111111111,0.06333333333333334,2.071428571428571,5555.0,5e-09,5e-11,0.85,1.02e-10,1.86e-10,-0.00016,0.3839724354387525,22.0,40,0,0,
2794,800.0,18.789289276185396,92.0,1811.111111111111,0.06333333333333334,2.428571428571429,5555.0,5e-09,5e-11,0.85,1.02e-10,1.86e-10,-0.00016,0.3839724354387525,22.0,40,0,0,
2795,800.0,18.789289276185396,92.0,1811.111111111111,0.06333333333333334,2.7857142857142856,5555.0,5e-09,5e-11,0.85,1.02e-10,1.86e-10,-0.00016,0.3839724354387525,22.0,40,0,0,
2796,800.0,18.789289276185396,92.0,1811.111111111111,0.06333333333333334,3.142857142857143,5555.0,5e-09,5e-11,0.85,1.02e-10,1.86e-10,-0.00016,0.3839724354387525,22.0,40,0,0,
2797,800.0,18.789289276185396,92.0,1811.111111111111,0.06333333333333334,3.5,5555.0,5e-09,5e-11,0.85,1.02e-10,1.86e-10,-0.00016,0.3839724354387525,22.0,40,0,0,
2798,800.0,18.789289276185396,92.0,1811.111111111111,0.06333333333333334,3.857142857142857,5555.0,5e-09,5e-11,0.85,1.02e-10,1.86e-10,-0.00016,0.3839724354387525,22.0,40,0,0,
2799,800.0,18.789289276185396,92.0,1811.111111111111,0.06333333333333334,4.214285714285714,5555.0,5e-09,5e-11,0.85,1.02e-10,1.86e-10,-0.00016,0.3839724354387525,22.0,40,0,0,
2800,800.0,18.789289276185396,92.0,1811.111111111111,0.06333333333333334,4.571428571428571,5555.0,5e-09,5e-11,0.85,1.02e-10,1.86e-10,-0.00016,0.3839724354387525,22.0,40,0,0,
2801,800.0,18.789289276185396,92.0,1811.111111111111,0.06333333333333334,4.928571428571429,5555.0,5e-09,5e-11,0.85,1.02e-10,1.86e-10,-0.00016,0.3839724354387525,22.0,40,0,0,
2802,800.0,18.789289276185396,92.0,1811.111111111111,0.06333333333333334,5.285714285714286,5555.0,5e-09,5e-11,0.85,1.02e-10,1.86e-10,-0.00016,0.3839724354387525,22.0,40,0,0,
2803,800.0,18.789289276185396,92.0,1811.111111111111,0.06333333333333334,5.642857142857143,5555.0,5e-09,5e-11,0.85,1.02e-10,1.86e-10,-0.00016,0.3839724354387525,22.0,40,0,0,
2804,800.0,18.789289276185396,92.0,1811.111111111111,0.06333333333333334,6.0,5555.0,5e-09,5e-11,0.85,1.02e-10,1.86e-10,-0.00016,0.3839724354387525,22.0,40,0,0,
2805,800.0,18.789289276185396,92.0,1811.111111111111,0.06555555555555556,1.0,5555.0,5e-09,5e-11,0.85,1.02e-10,1.86e-10,-0.00016,0.3839724354387525,22.0,40,0,0,
2806,800.0,18.789289276185396,92.0,1811.111111111111,0.06555555555555556,1.3571428571428572,5555.0,5e-09,5e-11,0.85,1.02e-10,1.86e-10,-0.00016,0.3839724354387525,22.0,40,0,0,
2807,800.0,18.789289276185396,92.0,1811.111111111111,0.06555555555555556,1.7142857142857144,5555.0,5e-09,5e-11,0.85,1.02e-10,1.86e-10,-0.00016,0.3839724354387525,22.0,40,0,0,
2808,800.0,18.789289276185396,92.0,1811.111111111111,0.06555555555555556,2.071428571428571,5555.0,5e-09,5e-11,0.85,1.02e-10,1.86e-10,-0.00016,0.3839724354387525,22.0,40,0,0,
2809,800.0,18.789289276185396,92.0,1811.111111111111,0.06555555555555556,2.428571428571429,5555.0,5e-09,5e-11,0.85,1.02e-10,1.86e-10,-0.00016,0.3839724354387525,22.0,40,0,0,
2810,800.0,18.789289276185396,92.0,1811.111111111111,0.06555555555555556,2.7857142857142856,5555.0,5e-09,5e-11,0.85,1.02e-10,1.86e-10,-0.00016,0.3839724354387525,22.0,40,0,0,
2811,800.0,18.789289276185396,92.0,1811.111111111111,0.06555555555555556,3.142857142857143,5555.0,5e-09,5e-11,0.85,1.02e-10,1.86e-10,-0.00016,0.3839724354387525,22.0,40,0,0,
2812,800.0,18.789289276185396,92.0,1811.111111111111,0.06555555555555556,3.5,5555.0,5e-09,5e-11,0.85,1.02e-10,1.86e-10,-0.00016,0.3839724354387525,22.0,40,0,0,
2813,800.0,18.789289276185396,92.0,1811.111111111111,0.06555555555555556,3.857142857142857,5555.0,5e-09,5e-11,0.85,1.02e-10,1.86e-10,-0.00016,0.3839724354387525,22.0,40,0,0,
2814,800.0,18.789289276185396,92.0,1811.111111111111,0.06555555555555556,4.214285714285714,5555.0,5e-09,5e-11,0.85,1.02e-10,1.86e-10,-0.00016,0.3839724354387525,22.0,40,0,0,
2815,800.0,18.789289276185396,92.0,1811.111111111111,0.06555555555555556,4.571428571428571,5555.0,5e-09,5e-11,0.85,1.02e-10,1.86e-10,-0.00016,0.3839724354387525,22.0,40,0,0,
2816,800.0,18.789289276185396,92.0,1811.111111111111,0.06555555555555556,4.928571428571429,5555.0,5e-09,5e-11,0.85,1.02e-10,1.86e-10,-0.00016,0.3839724354387525,22.0,40,0,0,
2817,800.0,18.789289276185396,92.0,1811.111111111111,0.06555555555555556,5.285714285714286,5555.0,5e-09,5e-11,0.85,1.02e-10,1.86e-10,-0.00016,0.3839724354387525,22.0,40,0,0,
2818,800.0,18.789289276185396,92.0,1811.111111111111,0.06555555555555556,5.642857142857143,5555.0,5e-09,5e-11,0.85,1.02e-10,1.86e-10,-0.00016,0.3839724354387525,22.0,40,0,0,
2819,800.0,18.789289276185396,92.0,1811.111111111111,0.06555555555555556,6.0,5555.0,5e-09,5e-11,0.85,1.02e-10,1.86e-10,-0.00016,0.3839724354387525,22.0,40,0,0,
2820,800.0,18.789289276185396,92.0,1811.111111111111,0.06777777777777778,1.0,5555.0,5e-09,5e-11,0.85,1.02e-10,1.86e-10,-0.00016,0.3839724354387525,22.0,40,0,0,
2821,800.0,18.789289276185396,92.0,1811.111111111111,0.06777777777777778,1.3571428571428572,5555.0,5e-09,5e-11,0.85,1.02e-10,1.86e-10,-0.00016,0.3839724354387525,22.0,40,0,0,
2822,800.0,18.789289276185396,92.0,1811.111111111111,0.06777777777777778,1.7142857142857144,5555.0,5e-09,5e-11,0.85,1.02e-10,1.86e-10,-0.00016,0.3839724354387525,22.0,40,0,0,
2823,800.0,18.789289276185396,92.0,1811.111111111111,0.06777777777777778,2.071428571428571,5555.0,5e-09,5e-11,0.85,1.02e-10,1.86e-10,-0.00016,0.3839724354387525,22.0,40,0,0,
2824,800.0,18.789289276185396,92.0,1811.111111111111,0.06777777777777778,2.428571428571429,5555.0,5e-09,5e-11,0.85,1.02e-10,1.86e-10,-0.00016,0.3839724354387525,22.0,40,0,0,
2825,800.0,18.789289276185396,92.0,1811.111111111111,0.06777777777777778,2.7857142857142856,5555.0,5e-09,5e-11,0.85,1.02e-10,1.86e-10,-0.00016,0.3839724354387525,22.0,40,0,0,
2826,800.0,18.789289276185396,92.0,1811.111111111111,0.06777777777777778,3.142857142857143,5555.0,5e-09,5e-11,0.85,1.02e-10,1.86e-10,-0.00016,0.3839724354387525,22.0,40,0,0,
2827,800.0,18.789289276185396,92.0,1811.111111111111,0.06777777777777778,3.5,5555.0,5e-09,5e-11,0.85,1.02e-10,1.86e-10,-0.00016,0.3839724354387525,22.0,40,0,0,
2828,800.0,18.789289276185396,92.0,1811.111111111111,0.06777777777777778,3.857142857142857,5555.0,5e-09,5e-11,0.85,1.02e-10,1.86e-10,-0.00016,0.3839724354387525,22.0,40,0,0,
2829,800.0,18.789289276185396,92.0,1811.111111111111,0.06777777777777778,4.214285714285714,5555.0,5e-09,5e-11,0.85,1.02e-10,1.86e-10,-0.00016,0.3839724354387525,22.0,40,0,0,
2830,800.0,18.789289276185396,92.0,1811.111111111111,0.06777777777777778,4.571428571428571,5555.0,5e-09,5e-11,0.85,1.02e-10,1.86e-10,-0.00016,0.3839724354387525,22.0,40,0,0,
2831,800.0,18.789289276185396,92.0,1811.111111111111,0.06777777777777778,4.928571428571429,5555.0,5e-09,5e-11,0.85,1.02e-10,1.86e-10,-0.00016,0.3839724354387525,22.0,40,0,0,
2832,800.0,18.789289276185396,92.0,1811.111111111111,0.06777777777777778,5.285714285714286,5555.0,5e-09,5e-11,0.85,1.02e-10,1.86e-10,-0.00016,0.3839724354387525,22.0,40,0,0,
2833,800.0,18.789289276185396,92.0,1811.111111111111,0.06777777777777778,5.642857142857143,5555.0,5e-09,5e-11,0.85,1.02e-10,1.86e-10,-0.00016,0.3839724354387525,22.0,40,0,0,
2834,800.0,18.789289276185396,92.0,1811.111111111111,0.06777777777777778,6.0,5555.0,5e-09,5e-11,0.85,1.02e-10,1.86e-10,-0.00016,0.3839724354387525,22.0,40,0,0,
2835,800.0,18.789289276185396,92.0,1811.111111111111,0.07,1.0,5555.0,5e-09,5e-11,0.85,1.02e-10,1.86e-10,-0.00016,0.3839724354387525,22.0,40,0,0,
2836,800.0,18.789289276185396,92.0,1811.111111111111,0.07,1.3571428571428572,5555.0,5e-09,5e-11,0.85,1.02e-10,1.86e-10,-0.00016,0.3839724354387525,22.0,40,0,0,
2837,800.0,18.789289276185396,92.0,1811.111111111111,0.07,1.7142857142857144,5555.0,5e-09,5e-11,0.85,1.02e-10,1.86e-10,-0.00016,0.3839724354387525,22.0,40,0,0,
2838,800.0,18.789289276185396,92.0,1811.111111111111,0.07,2.071428571428571,5555.0,5e-09,5e-11,0.85,1.02e-10,1.86e-10,-0.00016,0.3839724354387525,22.0,40,0,0,
2839,800.0,18.789289276185396,92.0,1811.111111111111,0.07,2.428571428571429,5555.0,5e-09,5e-11,0.85,1.02e-10,1.86e-10,-0.00016,0.3839724354387525,22.0,40,0,0,
2840,800.0,18.789289276185396,92.0,1811.111111111111,0.07,2.7857142857142856,5555.0,5e-09,5e-11,0.85,1.02e-10,1.86e-10,-0.00016,0.3839724354387525,22.0,40,0,0,
2841,800.0,18.789289276185396,92.0,1811.111111111111,0.07,3.142857142857143,5555.0,5e-09,5e-11,0.85,1.02e-10,1.86e-10,-0.00016,0.3839724354387525,22.0,40,0,0,
2842,800.0,18.789289276185396,92.0,1811.111111111111,0.07,3.5,5555.0,5e-09,5e-11,0.85,1.02e-10,1.86e-10,-0.00016,0.3839724354387525,22.0,40,0,0,
2843,800.0,18.789289276185396,92.0,1811.111111111111,0.07,3.857142857142857,5555.0,5e-09,5e-11,0.85,1.02e-10,1.86e-10,-0.00016,0.3839724354387525,22.0,40,0,0,
2844,800.0,18.789289276185396,92.0,1811.111111111111,0.07,4.214285714285714,5555.0,5e-09,5e-11,0.85,1.02e-10,1.86e-10,-0.00016,0.3839724354387525,22.0,40,0,0,
2845,800.0,18.789289276185396,92.0,1811.111111111111,0.07,4.571428571428571,5555.0,5e-09,5e-11,0.85,1.02e-10,1.86e-10,-0.00016,0.3839724354387525,22.0,40,0,0,
2846,800.0,18.789289276185396,92.0,1811.111111111111,0.07,4.928571428571429,5555.0,5e-09,5e-11,0.85,1.02e-10,1.86e-10,-0.00016,0.3839724354387525,22.0,40,0,0,
2847,800.0,18.789289276185396,92.0,1811.111111111111,0.07,5.285714285714286,5555.0,5e-09,5e-11,0.85,1.02e-10,1.86e-10,-0.00016,0.3839724354387525,22.0,40,0,0,
2848,800.0,18.789289276185396,92.0,1811.111111111111,0.07,5.642857142857143,5555.0,5e-09,5e-11,0.85,1.02e-10,1.86e-10,-0.00016,0.3839724354387525,22.0,40,0,0,
2849,800.0,18.789289276185396,92.0,1811.111111111111,0.07,6.0,5555.0,5e-09,5e-11,0.85,1.02e-10,1.86e-10,-0.00016,0.3839724354387525,22.0,40,0,0,
2850,800.0,18.789289276185396,92.0,2000.0,0.05,1.0,5555.0,5e-09,5e-11,0.85,1.02e-10,1.86e-10,-0.00016,0.3839724354387525,22.0,40,0,0,
2851,800.0,18.789289276185396,92.0,2000.0,0.05,1.3571428571428572,5555.0,5e-09,5e-11,0.85,1.02e-10,1.86e-10,-0.00016,0.3839724354387525,22.0,40,0,0,
2852,800.0,18.789289276185396,92.0,2000.0,0.05,1.7142857142857144,5555.0,5e-09,5e-11,0.85,1.02e-10,1.86e-10,-0.00016,0.3839724354387525,22.0,40,0,0,
2853,800.0,18.789289276185396,92.0,2000.0,0.05,2.071428571428571,5555.0,5e-09,5e-11,0.85,1.02e-10,1.86e-10,-0.00016,0.3839724354387525,22.0,40,0,0,
2854,800.0,18.789289276185396,92.0,2000.0,0.05,2.428571428571429,5555.0,5e-09,5e-11,0.85,1.02e-10,1.86e-10,-0.00016,0.3839724354387525,22.0,40,0,0,
2855,800.0,18.789289276185396,92.0,2000.0,0.05,2.7857142857142856,5555.0,5e-09,5e-11,0.85,1.02e-10,1.86e-10,-0.00016,0.3839724354387525,22.0,40,0,0,
2856,800.0,18.789289276185396,92.0,2000.0,0.05,3.142857142857143,5555.0,5e-09,5e-11,0.85,1.02e-10,1.86e-10,-0.00016,0.3839724354387525,22.0,40,0,0,
2857,800.0,18.789289276185396,92.0,2000.0,0.05,3.5,5555.0,5e-09,5e-11,0.85,1.02e-10,1.86e-10,-0.00016,0.3839724354387525,22.0,40,0,0,
2858,800.0,18.789289276185396,92.0,2000.0,0.05,3.857142857142857,5555.0,5e-09,5e-11,0.85,1.02e-10,1.86e-10,-0.00016,0.3839724354387525,22.0,40,0,0,
2859,800.0,18.789289276185396,92.0,2000.0,0.05,4.214285714285714,5555.0,5e-09,5e-11,0.85,1.02e-10,1.86e-10,-0.00016,0.3839724354387525,22.0,40,0,0,
2860,800.0,18.789289276185396,92.0,2000.0,0.05,4.571428571428571,5555.0,5e-09,5e-11,0.85,1.02e-10,1.86e-10,-0.00016,0.3839724354387525,22.0,40,0,0,
2861,800.0,18.789289276185396,92.0,2000.0,0.05,4.928571428571429,5555.0,5e-09,5e-11,0.85,1.02e-10,1.86e-10,-0.00016,0.3839724354387525,22.0,40,0,0,
2862,800.0,18.789289276185396,92.0,2000.0,0.05,5.285714285714286,5555.0,5e-09,5e-11,0.85,1.02e-10,1.86e-10,-0.00016,0.3839724354387525,22.0,40,0,0,
2863,800.0,18.789289276185396,92.0,2000.0,0.05,5.642857142857143,5555.0,5e-09,5e-11,0.85,1.02e-10,1.86e-10,-0.00016,0.3839724354387525,22.0,40,0,0,
2864,800.0,18.789289276185396,92.0,2000.0,0.05,6.0,5555.0,5e-09,5e-11,0.85,1.02e-10,1.86e-10,-0.00016,0.3839724354387525,22.0,40,0,0,
2865,800.0,18.789289276185396,92.0,2000.0,0.052222222222222225,1.0,5555.0,5e-09,5e-11,0.85,1.02e-10,1.86e-10,-0.00016,0.3839724354387525,22.0,40,0,0,
2866,800.0,18.789289276185396,92.0,2000.0,0.052222222222222225,1.3571428571428572,5555.0,5e-09,5e-11,0.85,1.02e-10,1.86e-10,-0.00016,0.3839724354387525,22.0,40,0,0,
2867,800.0,18.789289276185396,92.0,2000.0,0.052222222222222225,1.7142857142857144,5555.0,5e-09,5e-11,0.85,1.02e-10,1.86e-10,-0.00016,0.3839724354387525,22.0,40,0,0,
2868,800.0,18.789289276185396,92.0,2000.0,0.052222222222222225,2.071428571428571,5555.0,5e-09,5e-11,0.85,1.02e-10,1.86e-10,-0.00016,0.3839724354387525,22.0,40,0,0,
2869,800.0,18.789289276185396,92.0,2000.0,0.052222222222222225,2.428571428571429,5555.0,5e-09,5e-11,0.85,1.02e-10,1.86e-10,-0.00016,0.3839724354387525,22.0,40,0,0,
2870,800.0,18.789289276185396,92.0,2000.0,0.052222222222222225,2.7857142857142856,5555.0,5e-09,5e-11,0.85,1.02e-10,1.86e-10,-0.00016,0.3839724354387525,22.0,40,0,0,
2871,800.0,18.789289276185396,92.0,2000.0,0.052222222222222225,3.142857142857143,5555.0,5e-09,5e-11,0.85,1.02e-10,1.86e-10,-0.00016,0.3839724354387525,22.0,40,0,0,
2872,800.0,18.789289276185396,92.0,2000.0,0.052222222222222225,3.5,5555.0,5e-09,5e-11,0.85,1.02e-10,1.86e-10,-0.00016,0.3839724354387525,22.0,40,0,0,
2873,800.0,18.789289276185396,92.0,2000.0,0.052222222222222225,3.857142857142857,5555.0,5e-09,5e-11,0.85,1.02e-10,1.86e-10,-0.00016,0.3839724354387525,22.0,40,0,0,
2874,800.0,18.789289276185396,92.0,2000.0,0.052222222222222225,4.214285714285714,5555.0,5e-09,5e-11,0.85,1.02e-10,1.86e-10,-0.00016,0.3839724354387525,22.0,40,0,0,
2875,800.0,18.789289276185396,92.0,2000.0,0.052222222222222225,4.571428571428571,5555.0,5e-09,5e-11,0.85,1.02e-10,1.86e-10,-0.00016,0.3839724354387525,22.0,40,0,0,
2876,800.0,18.789289276185396,92.0,2000.0,0.052222222222222225,4.928571428571429,5555.0,5e-09,5e-11,0.85,1.02e-10,1.86e-10,-0.00016,0.3839724354387525,22.0,40,0,0,
2877,800.0,18.789289276185396,92.0,2000.0,0.052222222222222225,5.285714285714286,5555.0,5e-09,5e-11,0.85,1.02e-10,1.86e-10,-0.00016,0.3839724354387525,22.0,40,0,0,
2878,800.0,18.789289276185396,92.0,2000.0,0.052222222222222225,5.642857142857143,5555.0,5e-09,5e-11,0.85,1.02e-10,1.86e-10,-0.00016,0.3839724354387525,22.0,40,0,0,
2879,800.0,18.789289276185396,92.0,2000.0,0.052222222222222225,6.0,5555.0,5e-09,5e-11,0.85,1.02e-10,1.86e-10,-0.00016,0.3839724354387525,22.0,40,0,0,
2880,800.0,18.789289276185396,92.0,2000.0,0.05444444444444445,1.0,5555.0,5e-09,5e-11,0.85,1.02e-10,1.86e-10,-0.00016,0.3839724354387525,22.0,40,0,0,
2881,800.0,18.789289276185396,92.0,2000.0,0.05444444444444445,1.3571428571428572,5555.0,5e-09,5e-11,0.85,1.02e-10,1.86e-10,-0.00016,0.3839724354387525,22.0,40,0,0,
2882,800.0,18.789289276185396,92.0,2000.0,0.05444444444444445,1.7142857142857144,5555.0,5e-09,5e-11,0.85,1.02e-10,1.86e-10,-0.00016,0.3839724354387525,22.0,40,0,0,
2883,800.0,18.789289276185396,92.0,2000.0,0.05444444444444445,2.071428571428571,5555.0,5e-09,5e-11,0.85,1.02e-10,1.86e-10,-0.00016,0.3839724354387525,22.0,40,0,0,
2884,800.0,18.789289276185396,92.0,2000.0,0.05444444444444445,2.428571428571429,5555.0,5e-09,5e-11,0.85,1.02e-10,1.86e-10,-0.00016,0.3839724354387525,22.0,40,0,0,
2885,800.0,18.789289276185396,92.0,2000.0,0.05444444444444445,2.7857142857142856,5555.0,5e-09,5e-11,0.85,1.02e-10,1.86e-10,-0.00016,0.3839724354387525,22.0,40,0,0,
2886,800.0,18.789289276185396,92.0,2000.0,0.05444444444444445,3.142857142857143,5555.0,5e-09,5e-11,0.85,1.02e-10,1.86e-10,-0.00016,0.3839724354387525,22.0,40,0,0,
2887,800.0,18.789289276185396,92.0,2000.0,0.05444444444444445,3.5,5555.0,5e-09,5e-11,0.85,1.02e-10,1.86e-10,-0.00016,0.3839724354387525,22.0,40,0,0,
2888,800.0,18.789289276185396,92.0,2000.0,0.05444444444444445,3.857142857142857,5555.0,5e-09,5e-11,0.85,1.02e-10,1.86e-10,-0.00016,0.3839724354387525,22.0,40,0,0,
2889,800.0,18.789289276185396,92.0,2000.0,0.05444444444444445,4.214285714285714,5555.0,5e-09,5e-11,0.85,1.02e-10,1.86e-10,-0.00016,0.3839724354387525,22.0,40,0,0,
2890,800.0,18.789289276185396,92.0,2000.0,0.05444444444444445,4.571428571428571,5555.0,5e-09,5e-11,0.85,1.02e-10,1.86e-10,-0.00016,0.3839724354387525,22.0,40,0,0,
2891,800.0,18.789289276185396,92.0,2000.0,0.05444444444444445,4.928571428571429,5555.0,5e-09,5e-11,0.85,1.02e-10,1.86e-10,-0.00016,0.3839724354387525,22.0,40,0,0,
2892,800.0,18.789289276185396,92.0,2000.0,0.05444444444444445,5.285714285714286,5555.0,5e-09,5e-11,0.85,1.02e-10,1.86e-10,-0.00016,0.3839724354387525,22.0,40,0,0,
2893,800.0,18.789289276185396,92.0,2000.0,0.05444444444444445,5.642857142857143,5555.0,5e-09,5e-11,0.85,1.02e-10,1.86e-10,-0.00016,0.3839724354387525,22.0,40,0,0,
2894,800.0,18.789289276185396,92.0,2000.0,0.05444444444444445,6.0,5555.0,5e-09,5e-11,0.85,1.02e-10,1.86e-10,-0.00016,0.3839724354387525,22.0,40,0,0,
2895,800.0,18.789289276185396,92.0,2000.0,0.05666666666666667,1.0,5555.0,5e-09,5e-11,0.85,1.02e-10,1.86e-10,-0.00016,0.3839724354387525,22.0,40,0,0,
2896,800.0,18.789289276185396,92.0,2000.0,0.05666666666666667,1.3571428571428572,5555.0,5e-09,5e-11,0.85,1.02e-10,1.86e-10,-0.00016,0.3839724354387525,22.0,40,0,0,
2897,800.0,18.789289276185396,92.0,2000.0,0.05666666666666667,1.7142857142857144,5555.0,5e-09,5e-11,0.85,1.02e-10,1.86e-10,-0.00016,0.3839724354387525,22.0,40,0,0,
2898,800.0,18.789289276185396,92.0,2000.0,0.05666666666666667,2.071428571428571,5555.0,5e-09,5e-11,0.85,1.02e-10,1.86e-10,-0.00016,0.3839724354387525,22.0,40,0,0,
2899,800.0,18.789289276185396,92.0,2000.0,0.05666666666666667,2.428571428571429,5555.0,5e-09,5e-11,0.85,1.02e-10,1.86e-10,-0.00016,0.3839724354387525,22.0,40,0,0,
2900,800.0,18.789289276185396,92.0,2000.0,0.05666666666666667,2.7857142857142856,5555.0,5e-09,5e-11,0.85,1.02e-10,1.86e-10,-0.00016,0.3839724354387525,22.0,40,0,0,
2901,800.0,18.789289276185396,92.0,2000.0,0.05666666666666667,3.142857142857143,5555.0,5e-09,5e-11,0.85,1.02e-10,1.86e-10,-0.00016,0.3839724354387525,22.0,40,0,0,
2902,800.0,18.789289276185396,92.0,2000.0,0.05666666666666667,3.5,5555.0,5e-09,5e-11,0.85,1.02e-10,1.86e-10,-0.00016,0.3839724354387525,22.0,40,0,0,
2903,800.0,18.789289276185396,92.0,2000.0,0.05666666666666667,3.857142857142857,5555.0,5e-09,5e-11,0.85,1.02e-10,1.86e-10,-0.00016,0.3839724354387525,22.0,40,0,0,
2904,800.0,18.789289276185396,92.0,2000.0,0.05666666666666667,4.214285714285714,5555.0,5e-09,5e-11,0.85,1.02e-10,1.86e-10,-0.00016,0.3839724354387525,22.0,40,0,0,
2905,800.0,18.789289276185396,92.0,2000.0,0.05666666666666667,4.571428571428571,5555.0,5e-09,5e-11,0.85,1.02e-10,1.86e-10,-0.00016,0.3839724354387525,22.0,40,0,0,
2906,800.0,18.789289276185396,92.0,2000.0,0.05666666666666667,4.928571428571429,5555.0,5e-09,5e-11,0.85,1.02e-10,1.86e-10,-0.00016,0.3839724354387525,22.0,40,0,0,
2907,800.0,18.789289276185396,92.0,2000.0,0.05666666666666667,5.285714285714286,5555.0,5e-09,5e-11,0.85,1.02e-10,1.86e-10,-0.00016,0.3839724354387525,22.0,40,0,0,
2908,800.0,18.789289276185396,92.0,2000.0,0.05666666666666667,5.642857142857143,5555.0,5e-09,5e-11,0.85,1.02e-10,1.86e-10,-0.00016,0.3839724354387525,22.0,40,0,0,
2909,800.0,18.789289276185396,92.0,2000.0,0.05666666666666667,6.0,5555.0,5e-09,5e-11,0.85,1.02e-10,1.86e-10,-0.00016,0.3839724354387525,22.0,40,0,0,
2910,800.0,18.789289276185396,92.0,2000.0,0.05888888888888889,1.0,5555.0,5e-09,5e-11,0.85,1.02e-10,1.86e-10,-0.00016,0.3839724354387525,22.0,40,0,0,
2911,800.0,18.789289276185396,92.0,2000.0,0.05888888888888889,1.3571428571428572,5555.0,5e-09,5e-11,0.85,1.02e-10,1.86e-10,-0.00016,0.3839724354387525,22.0,40,0,0,
2912,800.0,18.789289276185396,92.0,2000.0,0.05888888888888889,1.7142857142857144,5555.0,5e-09,5e-11,0.85,1.02e-10,1.86e-10,-0.00016,0.3839724354387525,22.0,40,0,0,
2913,800.0,18.789289276185396,92.0,2000.0,0.05888888888888889,2.071428571428571,5555.0,5e-09,5e-11,0.85,1.02e-10,1.86e-10,-0.00016,0.3839724354387525,22.0,40,0,0,
2914,800.0,18.789289276185396,92.0,2000.0,0.05888888888888889,2.428571428571429,5555.0,5e-09,5e-11,0.85,1.02e-10,1.86e-10,-0.00016,0.3839724354387525,22.0,40,0,0,
2915,800.0,18.789289276185396,92.0,2000.0,0.05888888888888889,2.7857142857142856,5555.0,5e-09,5e-11,0.85,1.02e-10,1.86e-10,-0.00016,0.3839724354387525,22.0,40,0,0,
2916,800.0,18.789289276185396,92.0,2000.0,0.05888888888888889,3.142857142857143,5555.0,5e-09,5e-11,0.85,1.02e-10,1.86e-10,-0.00016,0.3839724354387525,22.0,40,0,0,
2917,800.0,18.789289276185396,92.0,2000.0,0.05888888888888889,3.5,5555.0,5e-09,5e-11,0.85,1.02e-10,1.86e-10,-0.00016,0.3839724354387525,22.0,40,0,0,
2918,800.0,18.789289276185396,92.0,2000.0,0.05888888888888889,3.857142857142857,5555.0,5e-09,5e-11,0.85,1.02e-10,1.86e-10,-0.00016,0.3839724354387525,22.0,40,0,0,
2919,800.0,18.789289276185396,92.0,2000.0,0.05888888888888889,4.214285714285714,5555.0,5e-09,5e-11,0.85,1.02e-10,1.86e-10,-0.00016,0.3839724354387525,22.0,40,0,0,
2920,800.0,18.789289276185396,92.0,2000.0,0.05888888888888889,4.571428571428571,5555.0,5e-09,5e-11,0.85,1.02e-10,1.86e-10,-0.00016,0.3839724354387525,22.0,40,0,0,
2921,800.0,18.789289276185396,92.0,2000.0,0.05888888888888889,4.928571428571429,5555.0,5e-09,5e-11,0.85,1.02e-10,1.86e-10,-0.00016,0.3839724354387525,22.0,40,0,0,
2922,800.0,18.789289276185396,92.0,2000.0,0.05888888888888889,5.285714285714286,5555.0,5e-09,5e-11,0.85,1.02e-10,1.86e-10,-0.00016,0.3839724354387525,22.0,40,0,0,
2923,800.0,18.789289276185396,92.0,2000.0,0.05888888888888889,5.642857142857143,5555.0,5e-09,5e-11,0.85,1.02e-10,1.86e-10,-0.00016,0.3839724354387525,22.0,40,0,0,
2924,800.0,18.789289276185396,92.0,2000.0,0.05888888888888889,6.0,5555.0,5e-09,5e-11,0.85,1.02e-10,1.86e-10,-0.00016,0.3839724354387525,22.0,40,0,0,
2925,800.0,18.789289276185396,92.0,2000.0,0.061111111111111116,1.0,5555.0,5e-09,5e-11,0.85,1.02e-10,1.86e-10,-0.00016,0.3839724354387525,22.0,40,0,0,
2926,800.0,18.789289276185396,92.0,2000.0,0.061111111111111116,1.3571428571428572,5555.0,5e-09,5e-11,0.85,1.02e-10,1.86e-10,-0.00016,0.3839724354387525,22.0,40,0,0,
2927,800.0,18.789289276185396,92.0,2000.0,0.061111111111111116,1.7142857142857144,5555.0,5e-09,5e-11,0.85,1.02e-10,1.86e-10,-0.00016,0.3839724354387525,22.0,40,0,0,
2928,800.0,18.789289276185396,92.0,2000.0,0.061111111111111116,2.071428571428571,5555.0,5e-09,5e-11,0.85,1.02e-10,1.86e-10,-0.00016,0.3839724354387525,22.0,40,0,0,
2929,800.0,18.789289276185396,92.0,2000.0,0.061111111111111116,2.428571428571429,5555.0,5e-09,5e-11,0.85,1.02e-10,1.86e-10,-0.00016,0.3839724354387525,22.0,40,0,0,
2930,800.0,18.789289276185396,92.0,2000.0,0.061111111111111116,2.7857142857142856,5555.0,5e-09,5e-11,0.85,1.02e-10,1.86e-10,-0.00016,0.3839724354387525,22.0,40,0,0,
2931,800.0,18.789289276185396,92.0,2000.0,0.061111111111111116,3.142857142857143,5555.0,5e-09,5e-11,0.85,1.02e-10,1.86e-10,-0.00016,0.3839724354387525,22.0,40,0,0,
2932,800.0,18.789289276185396,92.0,2000.0,0.061111111111111116,3.5,5555.0,5e-09,5e-11,0.85,1.02e-10,1.86e-10,-0.00016,0.3839724354387525,22.0,40,0,0,
2933,800.0,18.789289276185396,92.0,2000.0,0.061111111111111116,3.857142857142857,5555.0,5e-09,5e-11,0.85,1.02e-10,1.86e-10,-0.00016,0.3839724354387525,22.0,40,0,0,
2934,800.0,18.789289276185396,92.0,2000.0,0.061111111111111116,4.214285714285714,5555.0,5e-09,5e-11,0.85,1.02e-10,1.86e-10,-0.00016,0.3839724354387525,22.0,40,0,0,
2935,800.0,18.789289276185396,92.0,2000.0,0.061111111111111116,4.571428571428571,5555.0,5e-09,5e-11,0.85,1.02e-10,1.86e-10,-0.00016,0.3839724354387525,22.0,40,0,0,
2936,800.0,18.789289276185396,92.0,2000.0,0.061111111111111116,4.928571428571429,5555.0,5e-09,5e-11,0.85,1.02e-10,1.86e-10,-0.00016,0.3839724354387525,22.0,40,0,0,
2937,800.0,18.789289276185396,92.0,2000.0,0.061111111111111116,5.285714285714286,5555.0,5e-09,5e-11,0.85,1.02e-10,1.86e-10,-0.00016,0.3839724354387525,22.0,40,0,0,
2938,800.0,18.789289276185396,92.0,2000.0,0.061111111111111116,5.642857142857143,5555.0,5e-09,5e-11,0.85,1.02e-10,1.86e-10,-0.00016,0.3839724354387525,22.0,40,0,0,
2939,800.0,18.789289276185396,92.0,2000.0,0.061111111111111116,6.0,5555.0,5e-09,5e-11,0.85,1.02e-10,1.86e-10,-0.00016,0.3839724354387525,22.0,40,0,0,
2940,800.0,18.789289276185396,92.0,2000.0,0.06333333333333334,1.0,5555.0,5e-09,5e-11,0.85,1.02e-10,1.86e-10,-0.00016,0.3839724354387525,22.0,40,0,0,
2941,800.0,18.789289276185396,92.0,2000.0,0.06333333333333334,1.3571428571428572,5555.0,5e-09,5e-11,0.85,1.02e-10,1.86e-10,-0.00016,0.3839724354387525,22.0,40,0,0,
2942,800.0,18.789289276185396,92.0,2000.0,0.06333333333333334,1.7142857142857144,5555.0,5e-09,5e-11,0.85,1.02e-10,1.86e-10,-0.00016,0.3839724354387525,22.0,40,0,0,
2943,800.0,18.789289276185396,92.0,2000.0,0.06333333333333334,2.071428571428571,5555.0,5e-09,5e-11,0.85,1.02e-10,1.86e-10,-0.00016,0.3839724354387525,22.0,40,0,0,
2944,800.0,18.789289276185396,92.0,2000.0,0.06333333333333334,2.428571428571429,5555.0,5e-09,5e-11,0.85,1.02e-10,1.86e-10,-0.00016,0.3839724354387525,22.0,40,0,0,
2945,800.0,18.789289276185396,92.0,2000.0,0.06333333333333334,2.7857142857142856,5555.0,5e-09,5e-11,0.85,1.02e-10,1.86e-10,-0.00016,0.3839724354387525,22.0,40,0,0,
2946,800.0,18.789289276185396,92.0,2000.0,0.06333333333333334,3.142857142857143,5555.0,5e-09,5e-11,0.85,1.02e-10,1.86e-10,-0.00016,0.3839724354387525,22.0,40,0,0,
2947,800.0,18.789289276185396,92.0,2000.0,0.06333333333333334,3.5,5555.0,5e-09,5e-11,0.85,1.02e-10,1.86e-10,-0.00016,0.3839724354387525,22.0,40,0,0,
2948,800.0,18.789289276185396,92.0,2000.0,0.06333333333333334,3.857142857142857,5555.0,5e-09,5e-11,0.85,1.02e-10,1.86e-10,-0.00016,0.3839724354387525,22.0,40,0,0,
2949,800.0,18.789289276185396,92.0,2000.0,0.06333333333333334,4.214285714285714,5555.0,5e-09,5e-11,0.85,1.02e-10,1.86e-10,-0.00016,0.3839724354387525,22.0,40,0,0,
2950,800.0,18.789289276185396,92.0,2000.0,0.06333333333333334,4.571428571428571,5555.0,5e-09,5e-11,0.85,1.02e-10,1.86e-10,-0.00016,0.3839724354387525,22.0,40,0,0,
2951,800.0,18.789289276185396,92.0,2000.0,0.06333333333333334,4.928571428571429,5555.0,5e-09,5e-11,0.85,1.02e-10,1.86e-10,-0.00016,0.3839724354387525,22.0,40,0,0,
2952,800.0,18.789289276185396,92.0,2000.0,0.06333333333333334,5.285714285714286,5555.0,5e-09,5e-11,0.85,1.02e-10,1.86e-10,-0.00016,0.3839724354387525,22.0,40,0,0,
2953,800.0,18.789289276185396,92.0,2000.0,0.06333333333333334,5.642857142857143,5555.0,5e-09,5e-11,0.85,1.02e-10,1.86e-10,-0.00016,0.3839724354387525,22.0,40,0,0,
2954,800.0,18.789289276185396,92.0,2000.0,0.06333333333333334,6.0,5555.0,5e-09,5e-11,0.85,1.02e-10,1.86e-10,-0.00016,0.3839724354387525,22.0,40,0,0,
2955,800.0,18.789289276185396,92.0,2000.0,0.06555555555555556,1.0,5555.0,5e-09,5e-11,0.85,1.02e-10,1.86e-10,-0.00016,0.3839724354387525,22.0,40,0,0,
2956,800.0,18.789289276185396,92.0,2000.0,0.06555555555555556,1.3571428571428572,5555.0,5e-09,5e-11,0.85,1.02e-10,1.86e-10,-0.00016,0.3839724354387525,22.0,40,0,0,
2957,800.0,18.789289276185396,92.0,2000.0,0.06555555555555556,1.7142857142857144,5555.0,5e-09,5e-11,0.85,1.02e-10,1.86e-10,-0.00016,0.3839724354387525,22.0,40,0,0,
2958,800.0,18.789289276185396,92.0,2000.0,0.06555555555555556,2.071428571428571,5555.0,5e-09,5e-11,0.85,1.02e-10,1.86e-10,-0.00016,0.3839724354387525,22.0,40,0,0,
2959,800.0,18.789289276185396,92.0,2000.0,0.06555555555555556,2.428571428571429,5555.0,5e-09,5e-11,0.85,1.02e-10,1.86e-10,-0.00016,0.3839724354387525,22.0,40,0,0,
2960,800.0,18.789289276185396,92.0,2000.0,0.06555555555555556,2.7857142857142856,5555.0,5e-09,5e-11,0.85,1.02e-10,1.86e-10,-0.00016,0.3839724354387525,22.0,40,0,0,
2961,800.0,18.789289276185396,92.0,2000.0,0.06555555555555556,3.142857142857143,5555.0,5e-09,5e-11,0.85,1.02e-10,1.86e-10,-0.00016,0.3839724354387525,22.0,40,0,0,
2962,800.0,18.789289276185396,92.0,2000.0,0.06555555555555556,3.5,5555.0,5e-09,5e-11,0.85,1.02e-10,1.86e-10,-0.00016,0.3839724354387525,22.0,40,0,0,
2963,800.0,18.789289276185396,92.0,2000.0,0.06555555555555556,3.857142857142857,5555.0,5e-09,5e-11,0.85,1.02e-10,1.86e-10,-0.00016,0.3839724354387525,22.0,40,0,0,
2964,800.0,18.789289276185396,92.0,2000.0,0.06555555555555556,4.214285714285714,5555.0,5e-09,5e-11,0.85,1.02e-10,1.86e-10,-0.00016,0.3839724354387525,22.0,40,0,0,
2965,800.0,18.789289276185396,92.0,2000.0,0.06555555555555556,4.571428571428571,5555.0,5e-09,5e-11,0.85,1.02e-10,1.86e-10,-0.00016,0.3839724354387525,22.0,40,0,0,
2966,800.0,18.789289276185396,92.0,2000.0,0.06555555555555556,4.928571428571429,5555.0,5e-09,5e-11,0.85,1.02e-10,1.86e-10,-0.00016,0.3839724354387525,22.0,40,0,0,
2967,800.0,18.789289276185396,92.0,2000.0,0.06555555555555556,5.285714285714286,5555.0,5e-09,5e-11,0.85,1.02e-10,1.86e-10,-0.00016,0.3839724354387525,22.0,40,0,0,
2968,800.0,18.789289276185396,92.0,2000.0,0.06555555555555556,5.642857142857143,5555.0,5e-09,5e-11,0.85,1.02e-10,1.86e-10,-0.00016,0.3839724354387525,22.0,40,0,0,
2969,800.0,18.789289276185396,92.0,2000.0,0.06555555555555556,6.0,5555.0,5e-09,5e-11,0.85,1.02e-10,1.86e-10,-0.00016,0.3839724354387525,22.0,40,0,0,
2970,800.0,18.789289276185396,92.0,2000.0,0.06777777777777778,1.0,5555.0,5e-09,5e-11,0.85,1.02e-10,1.86e-10,-0.00016,0.3839724354387525,22.0,40,0,0,
2971,800.0,18.789289276185396,92.0,2000.0,0.06777777777777778,1.3571428571428572,5555.0,5e-09,5e-11,0.85,1.02e-10,1.86e-10,-0.00016,0.3839724354387525,22.0,40,0,0,
2972,800.0,18.789289276185396,92.0,2000.0,0.06777777777777778,1.7142857142857144,5555.0,5e-09,5e-11,0.85,1.02e-10,1.86e-10,-0.00016,0.3839724354387525,22.0,40,0,0,
2973,800.0,18.789289276185396,92.0,2000.0,0.06777777777777778,2.071428571428571,5555.0,5e-09,5e-11,0.85,1.02e-10,1.86e-10,-0.00016,0.3839724354387525,22.0,40,0,0,
2974,800.0,18.789289276185396,92.0,2000.0,0.06777777777777778,2.428571428571429,5555.0,5e-09,5e-11,0.85,1.02e-10,1.86e-10,-0.00016,0.3839724354387525,22.0,40,0,0,
2975,800.0,18.789289276185396,92.0,2000.0,0.06777777777777778,2.7857142857142856,5555.0,5e-09,5e-11,0.85,1.02e-10,1.86e-10,-0.00016,0.3839724354387525,22.0,40,0,0,
2976,800.0,18.789289276185396,92.0,2000.0,0.06777777777777778,3.142857142857143,5555.0,5e-09,5e-11,0.85,1.02e-10,1.86e-10,-0.00016,0.3839724354387525,22.0,40,0,0,
2977,800.0,18.789289276185396,92.0,2000.0,0.06777777777777778,3.5,5555.0,5e-09,5e-11,0.85,1.02e-10,1.86e-10,-0.00016,0.3839724354387525,22.0,40,0,0,
2978,800.0,18.789289276185396,92.0,2000.0,0.06777777777777778,3.857142857142857,5555.0,5e-09,5e-11,0.85,1.02e-10,1.86e-10,-0.00016,0.3839724354387525,22.0,40,0,0,
2979,800.0,18.789289276185396,92.0,2000.0,0.06777777777777778,4.214285714285714,5555.0,5e-09,5e-11,0.85,1.02e-10,1.86e-10,-0.00016,0.3839724354387525,22.0,40,0,0,
2980,800.0,18.789289276185396,92.0,2000.0,0.06777777777777778,4.571428571428571,5555.0,5e-09,5e-11,0.85,1.02e-10,1.86e-10,-0.00016,0.3839724354387525,22.0,40,0,0,
2981,800.0,18.789289276185396,92.0,2000.0,0.06777777777777778,4.928571428571429,5555.0,5e-09,5e-11,0.85,1.02e-10,1.86e-10,-0.00016,0.3839724354387525,22.0,40,0,0,
2982,800.0,18.789289276185396,92.0,2000.0,0.06777777777777778,5.285714285714286,5555.0,5e-09,5e-11,0.85,1.02e-10,1.86e-10,-0.00016,0.3839724354387525,22.0,40,0,0,
2983,800.0,18.789289276185396,92.0,2000.0,0.06777777777777778,5.642857142857143,5555.0,5e-09,5e-11,0.85,1.02e-10,1.86e-10,-0.00016,0.3839724354387525,22.0,40,0,0,
2984,800.0,18.789289276185396,92.0,2000.0,0.06777777777777778,6.0,5555.0,5e-09,5e-11,0.85,1.02e-10,1.86e-10,-0.00016,0.3839724354387525,22.0,40,0,0,
2985,800.0,18.789289276185396,92.0,2000.0,0.07,1.0,5555.0,5e-09,5e-11,0.85,1.02e-10,1.86e-10,-0.00016,0.3839724354387525,22.0,40,0,0,
2986,800.0,18.789289276185396,92.0,2000.0,0.07,1.3571428571428572,5555.0,5e-09,5e-11,0.85,1.02e-10,1.86e-10,-0.00016,0.3839724354387525,22.0,40,0,0,
2987,800.0,18.789289276185396,92.0,2000.0,0.07,1.7142857142857144,5555.0,5e-09,5e-11,0.85,1.02e-10,1.86e-10,-0.00016,0.3839724354387525,22.0,40,0,0,
2988,800.0,18.789289276185396,92.0,2000.0,0.07,2.071428571428571,5555.0,5e-09,5e-11,0.85,1.02e-10,1.86e-10,-0.00016,0.3839724354387525,22.0,40,0,0,
2989,800.0,18.789289276185396,92.0,2000.0,0.07,2.428571428571429,5555.0,5e-09,5e-11,0.85,1.02e-10,1.86e-10,-0.00016,0.3839724354387525,22.0,40,0,0,
2990,800.0,18.789289276185396,92.0,2000.0,0.07,2.7857142857142856,5555.0,5e-09,5e-11,0.85,1.02e-10,1.86e-10,-0.00016,0.3839724354387525,22.0,40,0,0,
2991,800.0,18.789289276185396,92.0,2000.0,0.07,3.142857142857143,5555.0,5e-09,5e-11,0.85,1.02e-10,1.86e-10,-0.00016,0.3839724354387525,22.0,40,0,0,
2992,800.0,18.789289276185396,92.0,2000.0,0.07,3.5,5555.0,5e-09,5e-11,0.85,1.02e-10,1.86e-10,-0.00016,0.3839724354387525,22.0,40,0,0,
2993,800.0,18.789289276185396,92.0,2000.0,0.07,3.857142857142857,5555.0,5e-09,5e-11,0.85,1.02e-10,1.86e-10,-0.00016,0.3839724354387525,22.0,40,0,0,
2994,800.0,18.789289276185396,92.0,2000.0,0.07,4.214285714285714,5555.0,5e-09,5e-11,0.85,1.02e-10,1.86e-10,-0.00016,0.3839724354387525,22.0,40,0,0,
2995,800.0,18.789289276185396,92.0,2000.0,0.07,4.571428571428571,5555.0,5e-09,5e-11,0.85,1.02e-10,1.86e-10,-0.00016,0.3839724354387525,22.0,40,0,0,
2996,800.0,18.789289276185396,92.0,2000.0,0.07,4.928571428571429,5555.0,5e-09,5e-11,0.85,1.02e-10,1.86e-10,-0.00016,0.3839724354387525,22.0,40,0,0,
2997,800.0,18.789289276185396,92.0,2000.0,0.07,5.285714285714286,5555.0,5e-09,5e-11,0.85,1.02e-10,1.86e-10,-0.00016,0.3839724354387525,22.0,40,0,0,
2998,800.0,18.789289276185396,92.0,2000.0,0.07,5.642857142857143,5555.0,5e-09,5e-11,0.85,1.02e-10,1.86e-10,-0.00016,0.3839724354387525,22.0,40,0,0,
2999,800.0,18.789289276185396,92.0,2000.0,0.07,6.0,5555.0,5e-09,5e-11,0.85,1.02e-10,1.86e-10,-0.00016,0.3839724354387525,22.0,40,0,0,
