sim_id,case_id,field_file,B0_MHz,B0_T,J_IS,k_ex,p_B,dw_N,B1_N,tau_m,tau_e,S2,r_IS,r_eff,csa_N,theta_N_rad,theta_N_deg,I0,relative_esd,noise_enabled,seed,repeated_ncyc,valid_points,nonfinite_points,skipped_count,skipped_ncyc
0,0,Data/600MHz/sim_000000_1N-HN.out,600.0,14.091966957139045,92.0,300.0,0.05,1.0,5555.0,5e-09,5e-11,0.85,1.02e-10,1.86e-10,-0.00016,0.3839724354387525,22.0,1000000.0,0.005,True,1,35;39;61,40,0,0,
1,1,Data/600MHz/sim_000001_1N-HN.out,600.0,14.091966957139045,92.0,300.0,0.05,1.3571428571428572,5555.0,5e-09,5e-11,0.85,1.02e-10,1.86e-10,-0.00016,0.3839724354387525,22.0,1000000.0,0.005,True,1,43;65;73,40,0,0,
2,2,Data/600MHz/sim_000002_1N-HN.out,600.0,14.091966957139045,92.0,300.0,0.05,1.7142857142857144,5555.0,5e-09,5e-11,0.85,1.02e-10,1.86e-10,-0.00016,0.3839724354387525,22.0,1000000.0,0.005,True,1,9;47;29,40,0,0,
3,3,Data/600MHz/sim_000003_1N-HN.out,600.0,14.091966957139045,92.0,300.0,0.05,2.071428571428571,5555.0,5e-09,5e-11,0.85,1.02e-10,1.86e-10,-0.00016,0.3839724354387525,22.0,1000000.0,0.005,True,1,41;71;55,40,0,0,
4,4,Data/600MHz/sim_000004_1N-HN.out,600.0,14.091966957139045,92.0,300.0,0.05,2.428571428571429,5555.0,5e-09,5e-11,0.85,1.02e-10,1.86e-10,-0.00016,0.3839724354387525,22.0,1000000.0,0.005,True,1,3;29;11,40,0,0,
5,5,Data/600MHz/sim_000005_1N-HN.out,600.0,14.091966957139045,92.0,300.0,0.05,2.7857142857142856,5555.0,5e-09,5e-11,0.85,1.02e-10,1.86e-10,-0.00016,0.3839724354387525,22.0,1000000.0,0.005,True,1,11;7;37,40,0,0,
6,6,Data/600MHz/sim_000006_1N-HN.out,600.0,14.091966957139045,92.0,300.0,0.05,3.142857142857143,5555.0,5e-09,5e-11,0.85,1.02e-10,1.86e-10,-0.00016,0.3839724354387525,22.0,1000000.0,0.005,True,1,63;13;67,40,0,0,
7,7,Data/600MHz/sim_000007_1N-HN.out,600.0,14.091966957139045,92.0,300.0,0.05,3.5,5555.0,5e-09,5e-11,0.85,1.02e-10,1.86e-10,-0.00016,0.3839724354387525,22.0,1000000.0,0.005,True,1,15;63;49,40,0,0,
8,8,Data/600MHz/sim_000008_1N-HN.out,600.0,14.091966957139045,92.0,300.0,0.05,3.857142857142857,5555.0,5e-09,5e-11,0.85,1.02e-10,1.86e-10,-0.00016,0.3839724354387525,22.0,1000000.0,0.005,True,1,47;73;23,40,0,0,
9,9,Data/600MHz/sim_000009_1N-HN.out,600.0,14.091966957139045,92.0,300.0,0.05,4.214285714285714,5555.0,5e-09,5e-11,0.85,1.02e-10,1.86e-10,-0.00016,0.3839724354387525,22.0,1000000.0,0.005,True,1,45;37;3,40,0,0,
10,10,Data/600MHz/sim_000010_1N-HN.out,600.0,14.091966957139045,92.0,300.0,0.05,4.571428571428571,5555.0,5e-09,5e-11,0.85,1.02e-10,1.86e-10,-0.00016,0.3839724354387525,22.0,1000000.0,0.005,True,1,21;19;79,40,0,0,
11,11,Data/600MHz/sim_000011_1N-HN.out,600.0,14.091966957139045,92.0,300.0,0.05,4.928571428571429,5555.0,5e-09,5e-11,0.85,1.02e-10,1.86e-10,-0.00016,0.3839724354387525,22.0,1000000.0,0.005,True,1,47;3;77,40,0,0,
12,12,Data/600MHz/sim_000012_1N-HN.out,600.0,14.091966957139045,92.0,300.0,0.05,5.285714285714286,5555.0,5e-09,5e-11,0.85,1.02e-10,1.86e-10,-0.00016,0.3839724354387525,22.0,1000000.0,0.005,True,1,25;15;69,40,0,0,
13,13,Data/600MHz/sim_000013_1N-HN.out,600.0,14.091966957139045,92.0,300.0,0.05,5.642857142857143,5555.0,5e-09,5e-11,0.85,1.02e-10,1.86e-10,-0.00016,0.3839724354387525,22.0,1000000.0,0.005,True,1,71;65;1,40,0,0,
14,14,Data/600MHz/sim_000014_1N-HN.out,600.0,14.091966957139045,92.0,300.0,0.05,6.0,5555.0,5e-09,5e-11,0.85,1.02e-10,1.86e-10,-0.00016,0.3839724354387525,22.0,1000000.0,0.005,True,1,33;51;41,40,0,0,
15,15,Data/600MHz/sim_000015_1N-HN.out,600.0,14.091966957139045,92.0,300.0,0.052222222222222225,1.0,5555.0,5e-09,5e-11,0.85,1.02e-10,1.86e-10,-0.00016,0.3839724354387525,22.0,1000000.0,0.005,True,1,53;55;41,40,0,0,
16,16,Data/600MHz/sim_000016_1N-HN.out,600.0,14.091966957139045,92.0,300.0,0.052222222222222225,1.3571428571428572,5555.0,5e-09,5e-11,0.85,1.02e-10,1.86e-10,-0.00016,0.3839724354387525,22.0,1000000.0,0.005,True,1,1;45;11,40,0,0,
17,17,Data/600MHz/sim_000017_1N-HN.out,600.0,14.091966957139045,92.0,300.0,0.052222222222222225,1.7142857142857144,5555.0,5e-09,5e-11,0.85,1.02e-10,1.86e-10,-0.00016,0.3839724354387525,22.0,1000000.0,0.005,True,1,7;73;17,40,0,0,
18,18,Data/600MHz/sim_000018_1N-HN.out,600.0,14.091966957139045,92.0,300.0,0.052222222222222225,2.071428571428571,5555.0,5e-09,5e-11,0.85,1.02e-10,1.86e-10,-0.00016,0.3839724354387525,22.0,1000000.0,0.005,True,1,19;45;51,40,0,0,
19,19,Data/600MHz/sim_000019_1N-HN.out,600.0,14.091966957139045,92.0,300.0,0.052222222222222225,2.428571428571429,5555.0,5e-09,5e-11,0.85,1.02e-10,1.86e-10,-0.00016,0.3839724354387525,22.0,1000000.0,0.005,True,1,75;31;19,40,0,0,
20,20,Data/600MHz/sim_000020_1N-HN.out,600.0,14.091966957139045,92.0,300.0,0.052222222222222225,2.7857142857142856,5555.0,5e-09,5e-11,0.85,1.02e-10,1.86e-10,-0.00016,0.3839724354387525,22.0,1000000.0,0.005,True,1,47;27;17,40,0,0,
21,21,Data/600MHz/sim_000021_1N-HN.out,600.0,14.091966957139045,92.0,300.0,0.052222222222222225,3.142857142857143,5555.0,5e-09,5e-11,0.85,1.02e-10,1.86e-10,-0.00016,0.3839724354387525,22.0,1000000.0,0.005,True,1,49;41;79,40,0,0,
22,22,Data/600MHz/sim_000022_1N-HN.out,600.0,14.091966957139045,92.0,300.0,0.052222222222222225,3.5,5555.0,5e-09,5e-11,0.85,1.02e-10,1.86e-10,-0.00016,0.3839724354387525,22.0,1000000.0,0.005,True,1,53;9;61,40,0,0,
23,23,Data/600MHz/sim_000023_1N-HN.out,600.0,14.091966957139045,92.0,300.0,0.052222222222222225,3.857142857142857,5555.0,5e-09,5e-11,0.85,1.02e-10,1.86e-10,-0.00016,0.3839724354387525,22.0,1000000.0,0.005,True,1,19;13;17,40,0,0,
24,24,Data/600MHz/sim_000024_1N-HN.out,600.0,14.091966957139045,92.0,300.0,0.052222222222222225,4.214285714285714,5555.0,5e-09,5e-11,0.85,1.02e-10,1.86e-10,-0.00016,0.3839724354387525,22.0,1000000.0,0.005,True,1,63;37;79,40,0,0,
25,25,Data/600MHz/sim_000025_1N-HN.out,600.0,14.091966957139045,92.0,300.0,0.052222222222222225,4.571428571428571,5555.0,5e-09,5e-11,0.85,1.02e-10,1.86e-10,-0.00016,0.3839724354387525,22.0,1000000.0,0.005,True,1,59;7;5,40,0,0,
26,26,Data/600MHz/sim_000026_1N-HN.out,600.0,14.091966957139045,92.0,300.0,0.052222222222222225,4.928571428571429,5555.0,5e-09,5e-11,0.85,1.02e-10,1.86e-10,-0.00016,0.3839724354387525,22.0,1000000.0,0.005,True,1,17;7;37,40,0,0,
27,27,Data/600MHz/sim_000027_1N-HN.out,600.0,14.091966957139045,92.0,300.0,0.052222222222222225,5.285714285714286,5555.0,5e-09,5e-11,0.85,1.02e-10,1.86e-10,-0.00016,0.3839724354387525,22.0,1000000.0,0.005,True,1,23;29;73,40,0,0,
28,28,Data/600MHz/sim_000028_1N-HN.out,600.0,14.091966957139045,92.0,300.0,0.052222222222222225,5.642857142857143,5555.0,5e-09,5e-11,0.85,1.02e-10,1.86e-10,-0.00016,0.3839724354387525,22.0,1000000.0,0.005,True,1,19;71;11,40,0,0,
29,29,Data/600MHz/sim_000029_1N-HN.out,600.0,14.091966957139045,92.0,300.0,0.052222222222222225,6.0,5555.0,5e-09,5e-11,0.85,1.02e-10,1.86e-10,-0.00016,0.3839724354387525,22.0,1000000.0,0.005,True,1,17;71;3,40,0,0,
30,30,Data/600MHz/sim_000030_1N-HN.out,600.0,14.091966957139045,92.0,300.0,0.05444444444444445,1.0,5555.0,5e-09,5e-11,0.85,1.02e-10,1.86e-10,-0.00016,0.3839724354387525,22.0,1000000.0,0.005,True,1,23;29;61,40,0,0,
31,31,Data/600MHz/sim_000031_1N-HN.out,600.0,14.091966957139045,92.0,300.0,0.05444444444444445,1.3571428571428572,5555.0,5e-09,5e-11,0.85,1.02e-10,1.86e-10,-0.00016,0.3839724354387525,22.0,1000000.0,0.005,True,1,1;67;49,40,0,0,
32,32,Data/600MHz/sim_000032_1N-HN.out,600.0,14.091966957139045,92.0,300.0,0.05444444444444445,1.7142857142857144,5555.0,5e-09,5e-11,0.85,1.02e-10,1.86e-10,-0.00016,0.3839724354387525,22.0,1000000.0,0.005,True,1,73;47;35,40,0,0,
33,33,Data/600MHz/sim_000033_1N-HN.out,600.0,14.091966957139045,92.0,300.0,0.05444444444444445,2.071428571428571,5555.0,5e-09,5e-11,0.85,1.02e-10,1.86e-10,-0.00016,0.3839724354387525,22.0,1000000.0,0.005,True,1,5;65;29,40,0,0,
34,34,Data/600MHz/sim_000034_1N-HN.out,600.0,14.091966957139045,92.0,300.0,0.05444444444444445,2.428571428571429,5555.0,5e-09,5e-11,0.85,1.02e-10,1.86e-10,-0.00016,0.3839724354387525,22.0,1000000.0,0.005,True,1,49;77;63,40,0,0,
35,35,Data/600MHz/sim_000035_1N-HN.out,600.0,14.091966957139045,92.0,300.0,0.05444444444444445,2.7857142857142856,5555.0,5e-09,5e-11,0.85,1.02e-10,1.86e-10,-0.00016,0.3839724354387525,22.0,1000000.0,0.005,True,1,17;67;1,40,0,0,
36,36,Data/600MHz/sim_000036_1N-HN.out,600.0,14.091966957139045,92.0,300.0,0.05444444444444445,3.142857142857143,5555.0,5e-09,5e-11,0.85,1.02e-10,1.86e-10,-0.00016,0.3839724354387525,22.0,1000000.0,0.005,True,1,47;65;41,40,0,0,
37,37,Data/600MHz/sim_000037_1N-HN.out,600.0,14.091966957139045,92.0,300.0,0.05444444444444445,3.5,5555.0,5e-09,5e-11,0.85,1.02e-10,1.86e-10,-0.00016,0.3839724354387525,22.0,1000000.0,0.005,True,1,69;71;77,40,0,0,
38,38,Data/600MHz/sim_000038_1N-HN.out,600.0,14.091966957139045,92.0,300.0,0.05444444444444445,3.857142857142857,5555.0,5e-09,5e-11,0.85,1.02e-10,1.86e-10,-0.00016,0.3839724354387525,22.0,1000000.0,0.005,True,1,3;51;33,40,0,0,
39,39,Data/600MHz/sim_000039_1N-HN.out,600.0,14.091966957139045,92.0,300.0,0.05444444444444445,4.214285714285714,5555.0,5e-09,5e-11,0.85,1.02e-10,1.86e-10,-0.00016,0.3839724354387525,22.0,1000000.0,0.005,True,1,51;43;37,40,0,0,
40,40,Data/600MHz/sim_000040_1N-HN.out,600.0,14.091966957139045,92.0,300.0,0.05444444444444445,4.571428571428571,5555.0,5e-09,5e-11,0.85,1.02e-10,1.86e-10,-0.00016,0.3839724354387525,22.0,1000000.0,0.005,True,1,53;29;59,40,0,0,
41,41,Data/600MHz/sim_000041_1N-HN.out,600.0,14.091966957139045,92.0,300.0,0.05444444444444445,4.928571428571429,5555.0,5e-09,5e-11,0.85,1.02e-10,1.86e-10,-0.00016,0.3839724354387525,22.0,1000000.0,0.005,True,1,23;79;67,40,0,0,
42,42,Data/600MHz/sim_000042_1N-HN.out,600.0,14.091966957139045,92.0,300.0,0.05444444444444445,5.285714285714286,5555.0,5e-09,5e-11,0.85,1.02e-10,1.86e-10,-0.00016,0.3839724354387525,22.0,1000000.0,0.005,True,1,39;57;19,40,0,0,
43,43,Data/600MHz/sim_000043_1N-HN.out,600.0,14.091966957139045,92.0,300.0,0.05444444444444445,5.642857142857143,5555.0,5e-09,5e-11,0.85,1.02e-10,1.86e-10,-0.00016,0.3839724354387525,22.0,1000000.0,0.005,True,1,39;79;71,40,0,0,
44,44,Data/600MHz/sim_000044_1N-HN.out,600.0,14.091966957139045,92.0,300.0,0.05444444444444445,6.0,5555.0,5e-09,5e-11,0.85,1.02e-10,1.86e-10,-0.00016,0.3839724354387525,22.0,1000000.0,0.005,True,1,33;3;5,40,0,0,
45,45,Data/600MHz/sim_000045_1N-HN.out,600.0,14.091966957139045,92.0,300.0,0.05666666666666667,1.0,5555.0,5e-09,5e-11,0.85,1.02e-10,1.86e-10,-0.00016,0.3839724354387525,22.0,1000000.0,0.005,True,1,43;1;39,40,0,0,
46,46,Data/600MHz/sim_000046_1N-HN.out,600.0,14.091966957139045,92.0,300.0,0.05666666666666667,1.3571428571428572,5555.0,5e-09,5e-11,0.85,1.02e-10,1.86e-10,-0.00016,0.3839724354387525,22.0,1000000.0,0.005,True,1,63;53;3,40,0,0,
47,47,Data/600MHz/sim_000047_1N-HN.out,600.0,14.091966957139045,92.0,300.0,0.05666666666666667,1.7142857142857144,5555.0,5e-09,5e-11,0.85,1.02e-10,1.86e-10,-0.00016,0.3839724354387525,22.0,1000000.0,0.005,True,1,79;35;61,40,0,0,
48,48,Data/600MHz/sim_000048_1N-HN.out,600.0,14.091966957139045,92.0,300.0,0.05666666666666667,2.071428571428571,5555.0,5e-09,5e-11,0.85,1.02e-10,1.86e-10,-0.00016,0.3839724354387525,22.0,1000000.0,0.005,True,1,47;29;57,40,0,0,
49,49,Data/600MHz/sim_000049_1N-HN.out,600.0,14.091966957139045,92.0,300.0,0.05666666666666667,2.428571428571429,5555.0,5e-09,5e-11,0.85,1.02e-10,1.86e-10,-0.00016,0.3839724354387525,22.0,1000000.0,0.005,True,1,29;63;1,40,0,0,
50,50,Data/600MHz/sim_000050_1N-HN.out,600.0,14.091966957139045,92.0,300.0,0.05666666666666667,2.7857142857142856,5555.0,5e-09,5e-11,0.85,1.02e-10,1.86e-10,-0.00016,0.3839724354387525,22.0,1000000.0,0.005,True,1,15;51;21,40,0,0,
51,51,Data/600MHz/sim_000051_1N-HN.out,600.0,14.091966957139045,92.0,300.0,0.05666666666666667,3.142857142857143,5555.0,5e-09,5e-11,0.85,1.02e-10,1.86e-10,-0.00016,0.3839724354387525,22.0,1000000.0,0.005,True,1,21;51;39,40,0,0,
52,52,Data/600MHz/sim_000052_1N-HN.out,600.0,14.091966957139045,92.0,300.0,0.05666666666666667,3.5,5555.0,5e-09,5e-11,0.85,1.02e-10,1.86e-10,-0.00016,0.3839724354387525,22.0,1000000.0,0.005,True,1,31;77;37,40,0,0,
53,53,Data/600MHz/sim_000053_1N-HN.out,600.0,14.091966957139045,92.0,300.0,0.05666666666666667,3.857142857142857,5555.0,5e-09,5e-11,0.85,1.02e-10,1.86e-10,-0.00016,0.3839724354387525,22.0,1000000.0,0.005,True,1,73;3;71,40,0,0,
54,54,Data/600MHz/sim_000054_1N-HN.out,600.0,14.091966957139045,92.0,300.0,0.05666666666666667,4.214285714285714,5555.0,5e-09,5e-11,0.85,1.02e-10,1.86e-10,-0.00016,0.3839724354387525,22.0,1000000.0,0.005,True,1,67;37;49,40,0,0,
55,55,Data/600MHz/sim_000055_1N-HN.out,600.0,14.091966957139045,92.0,300.0,0.05666666666666667,4.571428571428571,5555.0,5e-09,5e-11,0.85,1.02e-10,1.86e-10,-0.00016,0.3839724354387525,22.0,1000000.0,0.005,True,1,59;79;61,40,0,0,
56,56,Data/600MHz/sim_000056_1N-HN.out,600.0,14.091966957139045,92.0,300.0,0.05666666666666667,4.928571428571429,5555.0,5e-09,5e-11,0.85,1.02e-10,1.86e-10,-0.00016,0.3839724354387525,22.0,1000000.0,0.005,True,1,65;13;37,40,0,0,
57,57,Data/600MHz/sim_000057_1N-HN.out,600.0,14.091966957139045,92.0,300.0,0.05666666666666667,5.285714285714286,5555.0,5e-09,5e-11,0.85,1.02e-10,1.86e-10,-0.00016,0.3839724354387525,22.0,1000000.0,0.005,True,1,17;69;43,40,0,0,
58,58,Data/600MHz/sim_000058_1N-HN.out,600.0,14.091966957139045,92.0,300.0,0.05666666666666667,5.642857142857143,5555.0,5e-09,5e-11,0.85,1.02e-10,1.86e-10,-0.00016,0.3839724354387525,22.0,1000000.0,0.005,True,1,59;35;53,40,0,0,
59,59,Data/600MHz/sim_000059_1N-HN.out,600.0,14.091966957139045,92.0,300.0,0.05666666666666667,6.0,5555.0,5e-09,5e-11,0.85,1.02e-10,1.86e-10,-0.00016,0.3839724354387525,22.0,1000000.0,0.005,True,1,51;17;61,40,0,0,
60,60,Data/600MHz/sim_000060_1N-HN.out,600.0,14.091966957139045,92.0,300.0,0.05888888888888889,1.0,5555.0,5e-09,5e-11,0.85,1.02e-10,1.86e-10,-0.00016,0.3839724354387525,22.0,1000000.0,0.005,True,1,9;47;39,40,0,0,
61,61,Data/600MHz/sim_000061_1N-HN.out,600.0,14.091966957139045,92.0,300.0,0.05888888888888889,1.3571428571428572,5555.0,5e-09,5e-11,0.85,1.02e-10,1.86e-10,-0.00016,0.3839724354387525,22.0,1000000.0,0.005,True,1,21;11;1,40,0,0,
62,62,Data/600MHz/sim_000062_1N-HN.out,600.0,14.091966957139045,92.0,300.0,0.05888888888888889,1.7142857142857144,5555.0,5e-09,5e-11,0.85,1.02e-10,1.86e-10,-0.00016,0.3839724354387525,22.0,1000000.0,0.005,True,1,65;43;7,40,0,0,
63,63,Data/600MHz/sim_000063_1N-HN.out,600.0,14.091966957139045,92.0,300.0,0.05888888888888889,2.071428571428571,5555.0,5e-09,5e-11,0.85,1.02e-10,1.86e-10,-0.00016,0.3839724354387525,22.0,1000000.0,0.005,True,1,71;75;39,40,0,0,
64,64,Data/600MHz/sim_000064_1N-HN.out,600.0,14.091966957139045,92.0,300.0,0.05888888888888889,2.428571428571429,5555.0,5e-09,5e-11,0.85,1.02e-10,1.86e-10,-0.00016,0.3839724354387525,22.0,1000000.0,0.005,True,1,35;53;9,40,0,0,
65,65,Data/600MHz/sim_000065_1N-HN.out,600.0,14.091966957139045,92.0,300.0,0.05888888888888889,2.7857142857142856,5555.0,5e-09,5e-11,0.85,1.02e-10,1.86e-10,-0.00016,0.3839724354387525,22.0,1000000.0,0.005,True,1,3;35;33,40,0,0,
66,66,Data/600MHz/sim_000066_1N-HN.out,600.0,14.091966957139045,92.0,300.0,0.05888888888888889,3.142857142857143,5555.0,5e-09,5e-11,0.85,1.02e-10,1.86e-10,-0.00016,0.3839724354387525,22.0,1000000.0,0.005,True,1,1;41;35,40,0,0,
67,67,Data/600MHz/sim_000067_1N-HN.out,600.0,14.091966957139045,92.0,300.0,0.05888888888888889,3.5,5555.0,5e-09,5e-11,0.85,1.02e-10,1.86e-10,-0.00016,0.3839724354387525,22.0,1000000.0,0.005,True,1,57;15;45,40,0,0,
68,68,Data/600MHz/sim_000068_1N-HN.out,600.0,14.091966957139045,92.0,300.0,0.05888888888888889,3.857142857142857,5555.0,5e-09,5e-11,0.85,1.02e-10,1.86e-10,-0.00016,0.3839724354387525,22.0,1000000.0,0.005,True,1,65;17;5,40,0,0,
69,69,Data/600MHz/sim_000069_1N-HN.out,600.0,14.091966957139045,92.0,300.0,0.05888888888888889,4.214285714285714,5555.0,5e-09,5e-11,0.85,1.02e-10,1.86e-10,-0.00016,0.3839724354387525,22.0,1000000.0,0.005,True,1,53;71;39,40,0,0,
70,70,Data/600MHz/sim_000070_1N-HN.out,600.0,14.091966957139045,92.0,300.0,0.05888888888888889,4.571428571428571,5555.0,5e-09,5e-11,0.85,1.02e-10,1.86e-10,-0.00016,0.3839724354387525,22.0,1000000.0,0.005,True,1,23;43;25,40,0,0,
71,71,Data/600MHz/sim_000071_1N-HN.out,600.0,14.091966957139045,92.0,300.0,0.05888888888888889,4.928571428571429,5555.0,5e-09,5e-11,0.85,1.02e-10,1.86e-10,-0.00016,0.3839724354387525,22.0,1000000.0,0.005,True,1,17;63;75,40,0,0,
72,72,Data/600MHz/sim_000072_1N-HN.out,600.0,14.091966957139045,92.0,300.0,0.05888888888888889,5.285714285714286,5555.0,5e-09,5e-11,0.85,1.02e-10,1.86e-10,-0.00016,0.3839724354387525,22.0,1000000.0,0.005,True,1,21;41;31,40,0,0,
73,73,Data/600MHz/sim_000073_1N-HN.out,600.0,14.091966957139045,92.0,300.0,0.05888888888888889,5.642857142857143,5555.0,5e-09,5e-11,0.85,1.02e-10,1.86e-10,-0.00016,0.3839724354387525,22.0,1000000.0,0.005,True,1,51;1;69,40,0,0,
74,74,Data/600MHz/sim_000074_1N-HN.out,600.0,14.091966957139045,92.0,300.0,0.05888888888888889,6.0,5555.0,5e-09,5e-11,0.85,1.02e-10,1.86e-10,-0.00016,0.3839724354387525,22.0,1000000.0,0.005,True,1,77;9;31,40,0,0,
75,75,Data/600MHz/sim_000075_1N-HN.out,600.0,14.091966957139045,92.0,300.0,0.061111111111111116,1.0,5555.0,5e-09,5e-11,0.85,1.02e-10,1.86e-10,-0.00016,0.3839724354387525,22.0,1000000.0,0.005,True,1,13;73;49,40,0,0,
76,76,Data/600MHz/sim_000076_1N-HN.out,600.0,14.091966957139045,92.0,300.0,0.061111111111111116,1.3571428571428572,5555.0,5e-09,5e-11,0.85,1.02e-10,1.86e-10,-0.00016,0.3839724354387525,22.0,1000000.0,0.005,True,1,59;1;5,40,0,0,
77,77,Data/600MHz/sim_000077_1N-HN.out,600.0,14.091966957139045,92.0,300.0,0.061111111111111116,1.7142857142857144,5555.0,5e-09,5e-11,0.85,1.02e-10,1.86e-10,-0.00016,0.3839724354387525,22.0,1000000.0,0.005,True,1,3;43;15,40,0,0,
78,78,Data/600MHz/sim_000078_1N-HN.out,600.0,14.091966957139045,92.0,300.0,0.061111111111111116,2.071428571428571,5555.0,5e-09,5e-11,0.85,1.02e-10,1.86e-10,-0.00016,0.3839724354387525,22.0,1000000.0,0.005,True,1,37;35;17,40,0,0,
79,79,Data/600MHz/sim_000079_1N-HN.out,600.0,14.091966957139045,92.0,300.0,0.061111111111111116,2.428571428571429,5555.0,5e-09,5e-11,0.85,1.02e-10,1.86e-10,-0.00016,0.3839724354387525,22.0,1000000.0,0.005,True,1,51;5;1,40,0,0,
80,80,Data/600MHz/sim_000080_1N-HN.out,600.0,14.091966957139045,92.0,300.0,0.061111111111111116,2.7857142857142856,5555.0,5e-09,5e-11,0.85,1.02e-10,1.86e-10,-0.00016,0.3839724354387525,22.0,1000000.0,0.005,True,1,57;71;41,40,0,0,
81,81,Data/600MHz/sim_000081_1N-HN.out,600.0,14.091966957139045,92.0,300.0,0.061111111111111116,3.142857142857143,5555.0,5e-09,5e-11,0.85,1.02e-10,1.86e-10,-0.00016,0.3839724354387525,22.0,1000000.0,0.005,True,1,57;29;61,40,0,0,
82,82,Data/600MHz/sim_000082_1N-HN.out,600.0,14.091966957139045,92.0,300.0,0.061111111111111116,3.5,5555.0,5e-09,5e-11,0.85,1.02e-10,1.86e-10,-0.00016,0.3839724354387525,22.0,1000000.0,0.005,True,1,43;5;39,40,0,0,
83,83,Data/600MHz/sim_000083_1N-HN.out,600.0,14.091966957139045,92.0,300.0,0.061111111111111116,3.857142857142857,5555.0,5e-09,5e-11,0.85,1.02e-10,1.86e-10,-0.00016,0.3839724354387525,22.0,1000000.0,0.005,True,1,23;7;5,40,0,0,
84,84,Data/600MHz/sim_000084_1N-HN.out,600.0,14.091966957139045,92.0,300.0,0.061111111111111116,4.214285714285714,5555.0,5e-09,5e-11,0.85,1.02e-10,1.86e-10,-0.00016,0.3839724354387525,22.0,1000000.0,0.005,True,1,57;13;11,40,0,0,
85,85,Data/600MHz/sim_000085_1N-HN.out,600.0,14.091966957139045,92.0,300.0,0.061111111111111116,4.571428571428571,5555.0,5e-09,5e-11,0.85,1.02e-10,1.86e-10,-0.00016,0.3839724354387525,22.0,1000000.0,0.005,True,1,79;67;15,40,0,0,
86,86,Data/600MHz/sim_000086_1N-HN.out,600.0,14.091966957139045,92.0,300.0,0.061111111111111116,4.928571428571429,5555.0,5e-09,5e-11,0.85,1.02e-10,1.86e-10,-0.00016,0.3839724354387525,22.0,1000000.0,0.005,True,1,19;69;15,40,0,0,
87,87,Data/600MHz/sim_000087_1N-HN.out,600.0,14.091966957139045,92.0,300.0,0.061111111111111116,5.285714285714286,5555.0,5e-09,5e-11,0.85,1.02e-10,1.86e-10,-0.00016,0.3839724354387525,22.0,1000000.0,0.005,True,1,63;17;47,40,0,0,
88,88,Data/600MHz/sim_000088_1N-HN.out,600.0,14.091966957139045,92.0,300.0,0.061111111111111116,5.642857142857143,5555.0,5e-09,5e-11,0.85,1.02e-10,1.86e-10,-0.00016,0.3839724354387525,22.0,1000000.0,0.005,True,1,73;43;79,40,0,0,
89,89,Data/600MHz/sim_000089_1N-HN.out,600.0,14.091966957139045,92.0,300.0,0.061111111111111116,6.0,5555.0,5e-09,5e-11,0.85,1.02e-10,1.86e-10,-0.00016,0.3839724354387525,22.0,1000000.0,0.005,True,1,61;73;55,40,0,0,
90,90,Data/600MHz/sim_000090_1N-HN.out,600.0,14.091966957139045,92.0,300.0,0.06333333333333334,1.0,5555.0,5e-09,5e-11,0.85,1.02e-10,1.86e-10,-0.00016,0.3839724354387525,22.0,1000000.0,0.005,True,1,73;13;65,40,0,0,
91,91,Data/600MHz/sim_000091_1N-HN.out,600.0,14.091966957139045,92.0,300.0,0.06333333333333334,1.3571428571428572,5555.0,5e-09,5e-11,0.85,1.02e-10,1.86e-10,-0.00016,0.3839724354387525,22.0,1000000.0,0.005,True,1,25;33;31,40,0,0,
92,92,Data/600MHz/sim_000092_1N-HN.out,600.0,14.091966957139045,92.0,300.0,0.06333333333333334,1.7142857142857144,5555.0,5e-09,5e-11,0.85,1.02e-10,1.86e-10,-0.00016,0.3839724354387525,22.0,1000000.0,0.005,True,1,69;27;29,40,0,0,
93,93,Data/600MHz/sim_000093_1N-HN.out,600.0,14.091966957139045,92.0,300.0,0.06333333333333334,2.071428571428571,5555.0,5e-09,5e-11,0.85,1.02e-10,1.86e-10,-0.00016,0.3839724354387525,22.0,1000000.0,0.005,True,1,27;7;29,40,0,0,
94,94,Data/600MHz/sim_000094_1N-HN.out,600.0,14.091966957139045,92.0,300.0,0.06333333333333334,2.428571428571429,5555.0,5e-09,5e-11,0.85,1.02e-10,1.86e-10,-0.00016,0.3839724354387525,22.0,1000000.0,0.005,True,1,51;71;73,40,0,0,
95,95,Data/600MHz/sim_000095_1N-HN.out,600.0,14.091966957139045,92.0,300.0,0.06333333333333334,2.7857142857142856,5555.0,5e-09,5e-11,0.85,1.02e-10,1.86e-10,-0.00016,0.3839724354387525,22.0,1000000.0,0.005,True,1,65;49;37,40,0,0,
96,96,Data/600MHz/sim_000096_1N-HN.out,600.0,14.091966957139045,92.0,300.0,0.06333333333333334,3.142857142857143,5555.0,5e-09,5e-11,0.85,1.02e-10,1.86e-10,-0.00016,0.3839724354387525,22.0,1000000.0,0.005,True,1,63;39;79,40,0,0,
97,97,Data/600MHz/sim_000097_1N-HN.out,600.0,14.091966957139045,92.0,300.0,0.06333333333333334,3.5,5555.0,5e-09,5e-11,0.85,1.02e-10,1.86e-10,-0.00016,0.3839724354387525,22.0,1000000.0,0.005,True,1,53;19;57,40,0,0,
98,98,Data/600MHz/sim_000098_1N-HN.out,600.0,14.091966957139045,92.0,300.0,0.06333333333333334,3.857142857142857,5555.0,5e-09,5e-11,0.85,1.02e-10,1.86e-10,-0.00016,0.3839724354387525,22.0,1000000.0,0.005,True,1,7;51;63,40,0,0,
99,99,Data/600MHz/sim_000099_1N-HN.out,600.0,14.091966957139045,92.0,300.0,0.06333333333333334,4.214285714285714,5555.0,5e-09,5e-11,0.85,1.02e-10,1.86e-10,-0.00016,0.3839724354387525,22.0,1000000.0,0.005,True,1,23;11;61,40,0,0,
100,100,Data/600MHz/sim_000100_1N-HN.out,600.0,14.091966957139045,92.0,300.0,0.06333333333333334,4.571428571428571,5555.0,5e-09,5e-11,0.85,1.02e-10,1.86e-10,-0.00016,0.3839724354387525,22.0,1000000.0,0.005,True,1,67;41;15,40,0,0,
101,101,Data/600MHz/sim_000101_1N-HN.out,600.0,14.091966957139045,92.0,300.0,0.06333333333333334,4.928571428571429,5555.0,5e-09,5e-11,0.85,1.02e-10,1.86e-10,-0.00016,0.3839724354387525,22.0,1000000.0,0.005,True,1,73;11;31,40,0,0,
102,102,Data/600MHz/sim_000102_1N-HN.out,600.0,14.091966957139045,92.0,300.0,0.06333333333333334,5.285714285714286,5555.0,5e-09,5e-11,0.85,1.02e-10,1.86e-10,-0.00016,0.3839724354387525,22.0,1000000.0,0.005,True,1,23;15;25,40,0,0,
103,103,Data/600MHz/sim_000103_1N-HN.out,600.0,14.091966957139045,92.0,300.0,0.06333333333333334,5.642857142857143,5555.0,5e-09,5e-11,0.85,1.02e-10,1.86e-10,-0.00016,0.3839724354387525,22.0,1000000.0,0.005,True,1,79;9;47,40,0,0,
104,104,Data/600MHz/sim_000104_1N-HN.out,600.0,14.091966957139045,92.0,300.0,0.06333333333333334,6.0,5555.0,5e-09,5e-11,0.85,1.02e-10,1.86e-10,-0.00016,0.3839724354387525,22.0,1000000.0,0.005,True,1,11;51;61,40,0,0,
105,105,Data/600MHz/sim_000105_1N-HN.out,600.0,14.091966957139045,92.0,300.0,0.06555555555555556,1.0,5555.0,5e-09,5e-11,0.85,1.02e-10,1.86e-10,-0.00016,0.3839724354387525,22.0,1000000.0,0.005,True,1,1;25;47,40,0,0,
106,106,Data/600MHz/sim_000106_1N-HN.out,600.0,14.091966957139045,92.0,300.0,0.06555555555555556,1.3571428571428572,5555.0,5e-09,5e-11,0.85,1.02e-10,1.86e-10,-0.00016,0.3839724354387525,22.0,1000000.0,0.005,True,1,11;15;23,40,0,0,
107,107,Data/600MHz/sim_000107_1N-HN.out,600.0,14.091966957139045,92.0,300.0,0.06555555555555556,1.7142857142857144,5555.0,5e-09,5e-11,0.85,1.02e-10,1.86e-10,-0.00016,0.3839724354387525,22.0,1000000.0,0.005,True,1,1;79;51,40,0,0,
108,108,Data/600MHz/sim_000108_1N-HN.out,600.0,14.091966957139045,92.0,300.0,0.06555555555555556,2.071428571428571,5555.0,5e-09,5e-11,0.85,1.02e-10,1.86e-10,-0.00016,0.3839724354387525,22.0,1000000.0,0.005,True,1,59;35;3,40,0,0,
109,109,Data/600MHz/sim_000109_1N-HN.out,600.0,14.091966957139045,92.0,300.0,0.06555555555555556,2.428571428571429,5555.0,5e-09,5e-11,0.85,1.02e-10,1.86e-10,-0.00016,0.3839724354387525,22.0,1000000.0,0.005,True,1,71;13;35,40,0,0,
110,110,Data/600MHz/sim_000110_1N-HN.out,600.0,14.091966957139045,92.0,300.0,0.06555555555555556,2.7857142857142856,5555.0,5e-09,5e-11,0.85,1.02e-10,1.86e-10,-0.00016,0.3839724354387525,22.0,1000000.0,0.005,True,1,43;7;39,40,0,0,
111,111,Data/600MHz/sim_000111_1N-HN.out,600.0,14.091966957139045,92.0,300.0,0.06555555555555556,3.142857142857143,5555.0,5e-09,5e-11,0.85,1.02e-10,1.86e-10,-0.00016,0.3839724354387525,22.0,1000000.0,0.005,True,1,27;17;9,40,0,0,
112,112,Data/600MHz/sim_000112_1N-HN.out,600.0,14.091966957139045,92.0,300.0,0.06555555555555556,3.5,5555.0,5e-09,5e-11,0.85,1.02e-10,1.86e-10,-0.00016,0.3839724354387525,22.0,1000000.0,0.005,True,1,55;15;7,40,0,0,
113,113,Data/600MHz/sim_000113_1N-HN.out,600.0,14.091966957139045,92.0,300.0,0.06555555555555556,3.857142857142857,5555.0,5e-09,5e-11,0.85,1.02e-10,1.86e-10,-0.00016,0.3839724354387525,22.0,1000000.0,0.005,True,1,13;5;37,40,0,0,
114,114,Data/600MHz/sim_000114_1N-HN.out,600.0,14.091966957139045,92.0,300.0,0.06555555555555556,4.214285714285714,5555.0,5e-09,5e-11,0.85,1.02e-10,1.86e-10,-0.00016,0.3839724354387525,22.0,1000000.0,0.005,True,1,51;45;29,40,0,0,
115,115,Data/600MHz/sim_000115_1N-HN.out,600.0,14.091966957139045,92.0,300.0,0.06555555555555556,4.571428571428571,5555.0,5e-09,5e-11,0.85,1.02e-10,1.86e-10,-0.00016,0.3839724354387525,22.0,1000000.0,0.005,True,1,61;79;7,40,0,0,
116,116,Data/600MHz/sim_000116_1N-HN.out,600.0,14.091966957139045,92.0,300.0,0.06555555555555556,4.928571428571429,5555.0,5e-09,5e-11,0.85,1.02e-10,1.86e-10,-0.00016,0.3839724354387525,22.0,1000000.0,0.005,True,1,13;35;45,40,0,0,
117,117,Data/600MHz/sim_000117_1N-HN.out,600.0,14.091966957139045,92.0,300.0,0.06555555555555556,5.285714285714286,5555.0,5e-09,5e-11,0.85,1.02e-10,1.86e-10,-0.00016,0.3839724354387525,22.0,1000000.0,0.005,True,1,35;31;25,40,0,0,
118,118,Data/600MHz/sim_000118_1N-HN.out,600.0,14.091966957139045,92.0,300.0,0.06555555555555556,5.642857142857143,5555.0,5e-09,5e-11,0.85,1.02e-10,1.86e-10,-0.00016,0.3839724354387525,22.0,1000000.0,0.005,True,1,35;45;63,40,0,0,
119,119,Data/600MHz/sim_000119_1N-HN.out,600.0,14.091966957139045,92.0,300.0,0.06555555555555556,6.0,5555.0,5e-09,5e-11,0.85,1.02e-10,1.86e-10,-0.00016,0.3839724354387525,22.0,1000000.0,0.005,True,1,15;37;35,40,0,0,
120,120,Data/600MHz/sim_000120_1N-HN.out,600.0,14.091966957139045,92.0,300.0,0.06777777777777778,1.0,5555.0,5e-09,5e-11,0.85,1.02e-10,1.86e-10,-0.00016,0.3839724354387525,22.0,1000000.0,0.005,True,1,75;23;19,40,0,0,
121,121,Data/600MHz/sim_000121_1N-HN.out,600.0,14.091966957139045,92.0,300.0,0.06777777777777778,1.3571428571428572,5555.0,5e-09,5e-11,0.85,1.02e-10,1.86e-10,-0.00016,0.3839724354387525,22.0,1000000.0,0.005,True,1,61;59;29,40,0,0,
122,122,Data/600MHz/sim_000122_1N-HN.out,600.0,14.091966957139045,92.0,300.0,0.06777777777777778,1.7142857142857144,5555.0,5e-09,5e-11,0.85,1.02e-10,1.86e-10,-0.00016,0.3839724354387525,22.0,1000000.0,0.005,True,1,25;23;53,40,0,0,
123,123,Data/600MHz/sim_000123_1N-HN.out,600.0,14.091966957139045,92.0,300.0,0.06777777777777778,2.071428571428571,5555.0,5e-09,5e-11,0.85,1.02e-10,1.86e-10,-0.00016,0.3839724354387525,22.0,1000000.0,0.005,True,1,43;47;71,40,0,0,
124,124,Data/600MHz/sim_000124_1N-HN.out,600.0,14.091966957139045,92.0,300.0,0.06777777777777778,2.428571428571429,5555.0,5e-09,5e-11,0.85,1.02e-10,1.86e-10,-0.00016,0.3839724354387525,22.0,1000000.0,0.005,True,1,69;43;55,40,0,0,
125,125,Data/600MHz/sim_000125_1N-HN.out,600.0,14.091966957139045,92.0,300.0,0.06777777777777778,2.7857142857142856,5555.0,5e-09,5e-11,0.85,1.02e-10,1.86e-10,-0.00016,0.3839724354387525,22.0,1000000.0,0.005,True,1,9;39;57,40,0,0,
126,126,Data/600MHz/sim_000126_1N-HN.out,600.0,14.091966957139045,92.0,300.0,0.06777777777777778,3.142857142857143,5555.0,5e-09,5e-11,0.85,1.02e-10,1.86e-10,-0.00016,0.3839724354387525,22.0,1000000.0,0.005,True,1,35;9;17,40,0,0,
127,127,Data/600MHz/sim_000127_1N-HN.out,600.0,14.091966957139045,92.0,300.0,0.06777777777777778,3.5,5555.0,5e-09,5e-11,0.85,1.02e-10,1.86e-10,-0.00016,0.3839724354387525,22.0,1000000.0,0.005,True,1,25;59;47,40,0,0,
128,128,Data/600MHz/sim_000128_1N-HN.out,600.0,14.091966957139045,92.0,300.0,0.06777777777777778,3.857142857142857,5555.0,5e-09,5e-11,0.85,1.02e-10,1.86e-10,-0.00016,0.3839724354387525,22.0,1000000.0,0.005,True,1,73;71;77,40,0,0,
129,129,Data/600MHz/sim_000129_1N-HN.out,600.0,14.091966957139045,92.0,300.0,0.06777777777777778,4.214285714285714,5555.0,5e-09,5e-11,0.85,1.02e-10,1.86e-10,-0.00016,0.3839724354387525,22.0,1000000.0,0.005,True,1,73;59;37,40,0,0,
130,130,Data/600MHz/sim_000130_1N-HN.out,600.0,14.091966957139045,92.0,300.0,0.06777777777777778,4.571428571428571,5555.0,5e-09,5e-11,0.85,1.02e-10,1.86e-10,-0.00016,0.3839724354387525,22.0,1000000.0,0.005,True,1,33;75;51,40,0,0,
131,131,Data/600MHz/sim_000131_1N-HN.out,600.0,14.091966957139045,92.0,300.0,0.06777777777777778,4.928571428571429,5555.0,5e-09,5e-11,0.85,1.02e-10,1.86e-10,-0.00016,0.3839724354387525,22.0,1000000.0,0.005,True,1,65;21;67,40,0,0,
132,132,Data/600MHz/sim_000132_1N-HN.out,600.0,14.091966957139045,92.0,300.0,0.06777777777777778,5.285714285714286,5555.0,5e-09,5e-11,0.85,1.02e-10,1.86e-10,-0.00016,0.3839724354387525,22.0,1000000.0,0.005,True,1,53;69;15,40,0,0,
133,133,Data/600MHz/sim_000133_1N-HN.out,600.0,14.091966957139045,92.0,300.0,0.06777777777777778,5.642857142857143,5555.0,5e-09,5e-11,0.85,1.02e-10,1.86e-10,-0.00016,0.3839724354387525,22.0,1000000.0,0.005,True,1,51;9;27,40,0,0,
134,134,Data/600MHz/sim_000134_1N-HN.out,600.0,14.091966957139045,92.0,300.0,0.06777777777777778,6.0,5555.0,5e-09,5e-11,0.85,1.02e-10,1.86e-10,-0.00016,0.3839724354387525,22.0,1000000.0,0.005,True,1,17;33;45,40,0,0,
135,135,Data/600MHz/sim_000135_1N-HN.out,600.0,14.091966957139045,92.0,300.0,0.07,1.0,5555.0,5e-09,5e-11,0.85,1.02e-10,1.86e-10,-0.00016,0.3839724354387525,22.0,1000000.0,0.005,True,1,43;73;71,40,0,0,
136,136,Data/600MHz/sim_000136_1N-HN.out,600.0,14.091966957139045,92.0,300.0,0.07,1.3571428571428572,5555.0,5e-09,5e-11,0.85,1.02e-10,1.86e-10,-0.00016,0.3839724354387525,22.0,1000000.0,0.005,True,1,79;31;63,40,0,0,
137,137,Data/600MHz/sim_000137_1N-HN.out,600.0,14.091966957139045,92.0,300.0,0.07,1.7142857142857144,5555.0,5e-09,5e-11,0.85,1.02e-10,1.86e-10,-0.00016,0.3839724354387525,22.0,1000000.0,0.005,True,1,21;49;17,40,0,0,
138,138,Data/600MHz/sim_000138_1N-HN.out,600.0,14.091966957139045,92.0,300.0,0.07,2.071428571428571,5555.0,5e-09,5e-11,0.85,1.02e-10,1.86e-10,-0.00016,0.3839724354387525,22.0,1000000.0,0.005,True,1,1;51;35,40,0,0,
139,139,Data/600MHz/sim_000139_1N-HN.out,600.0,14.091966957139045,92.0,300.0,0.07,2.428571428571429,5555.0,5e-09,5e-11,0.85,1.02e-10,1.86e-10,-0.00016,0.3839724354387525,22.0,1000000.0,0.005,True,1,17;79;11,40,0,0,
140,140,Data/600MHz/sim_000140_1N-HN.out,600.0,14.091966957139045,92.0,300.0,0.07,2.7857142857142856,5555.0,5e-09,5e-11,0.85,1.02e-10,1.86e-10,-0.00016,0.3839724354387525,22.0,1000000.0,0.005,True,1,75;1;69,40,0,0,
141,141,Data/600MHz/sim_000141_1N-HN.out,600.0,14.091966957139045,92.0,300.0,0.07,3.142857142857143,5555.0,5e-09,5e-11,0.85,1.02e-10,1.86e-10,-0.00016,0.3839724354387525,22.0,1000000.0,0.005,True,1,35;37;21,40,0,0,
142,142,Data/600MHz/sim_000142_1N-HN.out,600.0,14.091966957139045,92.0,300.0,0.07,3.5,5555.0,5e-09,5e-11,0.85,1.02e-10,1.86e-10,-0.00016,0.3839724354387525,22.0,1000000.0,0.005,True,1,23;57;1,40,0,0,
143,143,Data/600MHz/sim_000143_1N-HN.out,600.0,14.091966957139045,92.0,300.0,0.07,3.857142857142857,5555.0,5e-09,5e-11,0.85,1.02e-10,1.86e-10,-0.00016,0.3839724354387525,22.0,1000000.0,0.005,True,1,79;31;41,40,0,0,
144,144,Data/600MHz/sim_000144_1N-HN.out,600.0,14.091966957139045,92.0,300.0,0.07,4.214285714285714,5555.0,5e-09,5e-11,0.85,1.02e-10,1.86e-10,-0.00016,0.3839724354387525,22.0,1000000.0,0.005,True,1,29;19;13,40,0,0,
145,145,Data/600MHz/sim_000145_1N-HN.out,600.0,14.091966957139045,92.0,300.0,0.07,4.571428571428571,5555.0,5e-09,5e-11,0.85,1.02e-10,1.86e-10,-0.00016,0.3839724354387525,22.0,1000000.0,0.005,True,1,65;23;11,40,0,0,
146,146,Data/600MHz/sim_000146_1N-HN.out,600.0,14.091966957139045,92.0,300.0,0.07,4.928571428571429,5555.0,5e-09,5e-11,0.85,1.02e-10,1.86e-10,-0.00016,0.3839724354387525,22.0,1000000.0,0.005,True,1,41;31;27,40,0,0,
147,147,Data/600MHz/sim_000147_1N-HN.out,600.0,14.091966957139045,92.0,300.0,0.07,5.285714285714286,5555.0,5e-09,5e-11,0.85,1.02e-10,1.86e-10,-0.00016,0.3839724354387525,22.0,1000000.0,0.005,True,1,25;3;29,40,0,0,
148,148,Data/600MHz/sim_000148_1N-HN.out,600.0,14.091966957139045,92.0,300.0,0.07,5.642857142857143,5555.0,5e-09,5e-11,0.85,1.02e-10,1.86e-10,-0.00016,0.3839724354387525,22.0,1000000.0,0.005,True,1,1;47;79,40,0,0,
149,149,Data/600MHz/sim_000149_1N-HN.out,600.0,14.091966957139045,92.0,300.0,0.07,6.0,5555.0,5e-09,5e-11,0.85,1.02e-10,1.86e-10,-0.00016,0.3839724354387525,22.0,1000000.0,0.005,True,1,29;79;49,40,0,0,
150,150,Data/600MHz/sim_000150_1N-HN.out,600.0,14.091966957139045,92.0,488.8888888888889,0.05,1.0,5555.0,5e-09,5e-11,0.85,1.02e-10,1.86e-10,-0.00016,0.3839724354387525,22.0,1000000.0,0.005,True,1,15;23;65,40,0,0,
151,151,Data/600MHz/sim_000151_1N-HN.out,600.0,14.091966957139045,92.0,488.8888888888889,0.05,1.3571428571428572,5555.0,5e-09,5e-11,0.85,1.02e-10,1.86e-10,-0.00016,0.3839724354387525,22.0,1000000.0,0.005,True,1,65;17;53,40,0,0,
152,152,Data/600MHz/sim_000152_1N-HN.out,600.0,14.091966957139045,92.0,488.8888888888889,0.05,1.7142857142857144,5555.0,5e-09,5e-11,0.85,1.02e-10,1.86e-10,-0.00016,0.3839724354387525,22.0,1000000.0,0.005,True,1,59;57;47,40,0,0,
153,153,Data/600MHz/sim_000153_1N-HN.out,600.0,14.091966957139045,92.0,488.8888888888889,0.05,2.071428571428571,5555.0,5e-09,5e-11,0.85,1.02e-10,1.86e-10,-0.00016,0.3839724354387525,22.0,1000000.0,0.005,True,1,29;27;3,40,0,0,
154,154,Data/600MHz/sim_000154_1N-HN.out,600.0,14.091966957139045,92.0,488.8888888888889,0.05,2.428571428571429,5555.0,5e-09,5e-11,0.85,1.02e-10,1.86e-10,-0.00016,0.3839724354387525,22.0,1000000.0,0.005,True,1,41;9;51,40,0,0,
155,155,Data/600MHz/sim_000155_1N-HN.out,600.0,14.091966957139045,92.0,488.8888888888889,0.05,2.7857142857142856,5555.0,5e-09,5e-11,0.85,1.02e-10,1.86e-10,-0.00016,0.3839724354387525,22.0,1000000.0,0.005,True,1,61;41;1,40,0,0,
156,156,Data/600MHz/sim_000156_1N-HN.out,600.0,14.091966957139045,92.0,488.8888888888889,0.05,3.142857142857143,5555.0,5e-09,5e-11,0.85,1.02e-10,1.86e-10,-0.00016,0.3839724354387525,22.0,1000000.0,0.005,True,1,49;21;51,40,0,0,
157,157,Data/600MHz/sim_000157_1N-HN.out,600.0,14.091966957139045,92.0,488.8888888888889,0.05,3.5,5555.0,5e-09,5e-11,0.85,1.02e-10,1.86e-10,-0.00016,0.3839724354387525,22.0,1000000.0,0.005,True,1,33;59;23,40,0,0,
158,158,Data/600MHz/sim_000158_1N-HN.out,600.0,14.091966957139045,92.0,488.8888888888889,0.05,3.857142857142857,5555.0,5e-09,5e-11,0.85,1.02e-10,1.86e-10,-0.00016,0.3839724354387525,22.0,1000000.0,0.005,True,1,27;41;1,40,0,0,
159,159,Data/600MHz/sim_000159_1N-HN.out,600.0,14.091966957139045,92.0,488.8888888888889,0.05,4.214285714285714,5555.0,5e-09,5e-11,0.85,1.02e-10,1.86e-10,-0.00016,0.3839724354387525,22.0,1000000.0,0.005,True,1,43;23;41,40,0,0,
160,160,Data/600MHz/sim_000160_1N-HN.out,600.0,14.091966957139045,92.0,488.8888888888889,0.05,4.571428571428571,5555.0,5e-09,5e-11,0.85,1.02e-10,1.86e-10,-0.00016,0.3839724354387525,22.0,1000000.0,0.005,True,1,13;11;57,40,0,0,
161,161,Data/600MHz/sim_000161_1N-HN.out,600.0,14.091966957139045,92.0,488.8888888888889,0.05,4.928571428571429,5555.0,5e-09,5e-11,0.85,1.02e-10,1.86e-10,-0.00016,0.3839724354387525,22.0,1000000.0,0.005,True,1,59;11;69,40,0,0,
162,162,Data/600MHz/sim_000162_1N-HN.out,600.0,14.091966957139045,92.0,488.8888888888889,0.05,5.285714285714286,5555.0,5e-09,5e-11,0.85,1.02e-10,1.86e-10,-0.00016,0.3839724354387525,22.0,1000000.0,0.005,True,1,61;11;31,40,0,0,
163,163,Data/600MHz/sim_000163_1N-HN.out,600.0,14.091966957139045,92.0,488.8888888888889,0.05,5.642857142857143,5555.0,5e-09,5e-11,0.85,1.02e-10,1.86e-10,-0.00016,0.3839724354387525,22.0,1000000.0,0.005,True,1,51;63;13,40,0,0,
164,164,Data/600MHz/sim_000164_1N-HN.out,600.0,14.091966957139045,92.0,488.8888888888889,0.05,6.0,5555.0,5e-09,5e-11,0.85,1.02e-10,1.86e-10,-0.00016,0.3839724354387525,22.0,1000000.0,0.005,True,1,41;57;3,40,0,0,
165,165,Data/600MHz/sim_000165_1N-HN.out,600.0,14.091966957139045,92.0,488.8888888888889,0.052222222222222225,1.0,5555.0,5e-09,5e-11,0.85,1.02e-10,1.86e-10,-0.00016,0.3839724354387525,22.0,1000000.0,0.005,True,1,9;19;75,40,0,0,
166,166,Data/600MHz/sim_000166_1N-HN.out,600.0,14.091966957139045,92.0,488.8888888888889,0.052222222222222225,1.3571428571428572,5555.0,5e-09,5e-11,0.85,1.02e-10,1.86e-10,-0.00016,0.3839724354387525,22.0,1000000.0,0.005,True,1,23;35;71,40,0,0,
167,167,Data/600MHz/sim_000167_1N-HN.out,600.0,14.091966957139045,92.0,488.8888888888889,0.052222222222222225,1.7142857142857144,5555.0,5e-09,5e-11,0.85,1.02e-10,1.86e-10,-0.00016,0.3839724354387525,22.0,1000000.0,0.005,True,1,37;21;51,40,0,0,
168,168,Data/600MHz/sim_000168_1N-HN.out,600.0,14.091966957139045,92.0,488.8888888888889,0.052222222222222225,2.071428571428571,5555.0,5e-09,5e-11,0.85,1.02e-10,1.86e-10,-0.00016,0.3839724354387525,22.0,1000000.0,0.005,True,1,5;35;17,40,0,0,
169,169,Data/600MHz/sim_000169_1N-HN.out,600.0,14.091966957139045,92.0,488.8888888888889,0.052222222222222225,2.428571428571429,5555.0,5e-09,5e-11,0.85,1.02e-10,1.86e-10,-0.00016,0.3839724354387525,22.0,1000000.0,0.005,True,1,65;53;35,40,0,0,
170,170,Data/600MHz/sim_000170_1N-HN.out,600.0,14.091966957139045,92.0,488.8888888888889,0.052222222222222225,2.7857142857142856,5555.0,5e-09,5e-11,0.85,1.02e-10,1.86e-10,-0.00016,0.3839724354387525,22.0,1000000.0,0.005,True,1,55;35;11,40,0,0,
171,171,Data/600MHz/sim_000171_1N-HN.out,600.0,14.091966957139045,92.0,488.8888888888889,0.052222222222222225,3.142857142857143,5555.0,5e-09,5e-11,0.85,1.02e-10,1.86e-10,-0.00016,0.3839724354387525,22.0,1000000.0,0.005,True,1,75;39;31,40,0,0,
172,172,Data/600MHz/sim_000172_1N-HN.out,600.0,14.091966957139045,92.0,488.8888888888889,0.052222222222222225,3.5,5555.0,5e-09,5e-11,0.85,1.02e-10,1.86e-10,-0.00016,0.3839724354387525,22.0,1000000.0,0.005,True,1,75;71;33,40,0,0,
173,173,Data/600MHz/sim_000173_1N-HN.out,600.0,14.091966957139045,92.0,488.8888888888889,0.052222222222222225,3.857142857142857,5555.0,5e-09,5e-11,0.85,1.02e-10,1.86e-10,-0.00016,0.3839724354387525,22.0,1000000.0,0.005,True,1,65;41;63,40,0,0,
174,174,Data/600MHz/sim_000174_1N-HN.out,600.0,14.091966957139045,92.0,488.8888888888889,0.052222222222222225,4.214285714285714,5555.0,5e-09,5e-11,0.85,1.02e-10,1.86e-10,-0.00016,0.3839724354387525,22.0,1000000.0,0.005,True,1,65;5;23,40,0,0,
175,175,Data/600MHz/sim_000175_1N-HN.out,600.0,14.091966957139045,92.0,488.8888888888889,0.052222222222222225,4.571428571428571,5555.0,5e-09,5e-11,0.85,1.02e-10,1.86e-10,-0.00016,0.3839724354387525,22.0,1000000.0,0.005,True,1,17;39;35,40,0,0,
176,176,Data/600MHz/sim_000176_1N-HN.out,600.0,14.091966957139045,92.0,488.8888888888889,0.052222222222222225,4.928571428571429,5555.0,5e-09,5e-11,0.85,1.02e-10,1.86e-10,-0.00016,0.3839724354387525,22.0,1000000.0,0.005,True,1,55;35;21,40,0,0,
177,177,Data/600MHz/sim_000177_1N-HN.out,600.0,14.091966957139045,92.0,488.8888888888889,0.052222222222222225,5.285714285714286,5555.0,5e-09,5e-11,0.85,1.02e-10,1.86e-10,-0.00016,0.3839724354387525,22.0,1000000.0,0.005,True,1,57;47;55,40,0,0,
178,178,Data/600MHz/sim_000178_1N-HN.out,600.0,14.091966957139045,92.0,488.8888888888889,0.052222222222222225,5.642857142857143,5555.0,5e-09,5e-11,0.85,1.02e-10,1.86e-10,-0.00016,0.3839724354387525,22.0,1000000.0,0.005,True,1,9;43;39,40,0,0,
179,179,Data/600MHz/sim_000179_1N-HN.out,600.0,14.091966957139045,92.0,488.8888888888889,0.052222222222222225,6.0,5555.0,5e-09,5e-11,0.85,1.02e-10,1.86e-10,-0.00016,0.3839724354387525,22.0,1000000.0,0.005,True,1,39;29;67,40,0,0,
180,180,Data/600MHz/sim_000180_1N-HN.out,600.0,14.091966957139045,92.0,488.8888888888889,0.05444444444444445,1.0,5555.0,5e-09,5e-11,0.85,1.02e-10,1.86e-10,-0.00016,0.3839724354387525,22.0,1000000.0,0.005,True,1,75;3;39,40,0,0,
181,181,Data/600MHz/sim_000181_1N-HN.out,600.0,14.091966957139045,92.0,488.8888888888889,0.05444444444444445,1.3571428571428572,5555.0,5e-09,5e-11,0.85,1.02e-10,1.86e-10,-0.00016,0.3839724354387525,22.0,1000000.0,0.005,True,1,47;31;17,40,0,0,
182,182,Data/600MHz/sim_000182_1N-HN.out,600.0,14.091966957139045,92.0,488.8888888888889,0.05444444444444445,1.7142857142857144,5555.0,5e-09,5e-11,0.85,1.02e-10,1.86e-10,-0.00016,0.3839724354387525,22.0,1000000.0,0.005,True,1,59;71;31,40,0,0,
183,183,Data/600MHz/sim_000183_1N-HN.out,600.0,14.091966957139045,92.0,488.8888888888889,0.05444444444444445,2.071428571428571,5555.0,5e-09,5e-11,0.85,1.02e-10,1.86e-10,-0.00016,0.3839724354387525,22.0,1000000.0,0.005,True,1,3;69;59,40,0,0,
184,184,Data/600MHz/sim_000184_1N-HN.out,600.0,14.091966957139045,92.0,488.8888888888889,0.05444444444444445,2.428571428571429,5555.0,5e-09,5e-11,0.85,1.02e-10,1.86e-10,-0.00016,0.3839724354387525,22.0,1000000.0,0.005,True,1,1;33;49,40,0,0,
185,185,Data/600MHz/sim_000185_1N-HN.out,600.0,14.091966957139045,92.0,488.8888888888889,0.05444444444444445,2.7857142857142856,5555.0,5e-09,5e-11,0.85,1.02e-10,1.86e-10,-0.00016,0.3839724354387525,22.0,1000000.0,0.005,True,1,17;11;61,40,0,0,
186,186,Data/600MHz/sim_000186_1N-HN.out,600.0,14.091966957139045,92.0,488.8888888888889,0.05444444444444445,3.142857142857143,5555.0,5e-09,5e-11,0.85,1.02e-10,1.86e-10,-0.00016,0.3839724354387525,22.0,1000000.0,0.005,True,1,29;43;5,40,0,0,
187,187,Data/600MHz/sim_000187_1N-HN.out,600.0,14.091966957139045,92.0,488.8888888888889,0.05444444444444445,3.5,5555.0,5e-09,5e-11,0.85,1.02e-10,1.86e-10,-0.00016,0.3839724354387525,22.0,1000000.0,0.005,True,1,77;37;73,40,0,0,
188,188,Data/600MHz/sim_000188_1N-HN.out,600.0,14.091966957139045,92.0,488.8888888888889,0.05444444444444445,3.857142857142857,5555.0,5e-09,5e-11,0.85,1.02e-10,1.86e-10,-0.00016,0.3839724354387525,22.0,1000000.0,0.005,True,1,9;75;49,40,0,0,
189,189,Data/600MHz/sim_000189_1N-HN.out,600.0,14.091966957139045,92.0,488.8888888888889,0.05444444444444445,4.214285714285714,5555.0,5e-09,5e-11,0.85,1.02e-10,1.86e-10,-0.00016,0.3839724354387525,22.0,1000000.0,0.005,True,1,37;39;33,40,0,0,
190,190,Data/600MHz/sim_000190_1N-HN.out,600.0,14.091966957139045,92.0,488.8888888888889,0.05444444444444445,4.571428571428571,5555.0,5e-09,5e-11,0.85,1.02e-10,1.86e-10,-0.00016,0.3839724354387525,22.0,1000000.0,0.005,True,1,23;21;63,40,0,0,
191,191,Data/600MHz/sim_000191_1N-HN.out,600.0,14.091966957139045,92.0,488.8888888888889,0.05444444444444445,4.928571428571429,5555.0,5e-09,5e-11,0.85,1.02e-10,1.86e-10,-0.00016,0.3839724354387525,22.0,1000000.0,0.005,True,1,21;53;11,40,0,0,
192,192,Data/600MHz/sim_000192_1N-HN.out,600.0,14.091966957139045,92.0,488.8888888888889,0.05444444444444445,5.285714285714286,5555.0,5e-09,5e-11,0.85,1.02e-10,1.86e-10,-0.00016,0.3839724354387525,22.0,1000000.0,0.005,True,1,67;41;9,40,0,0,
193,193,Data/600MHz/sim_000193_1N-HN.out,600.0,14.091966957139045,92.0,488.8888888888889,0.05444444444444445,5.642857142857143,5555.0,5e-09,5e-11,0.85,1.02e-10,1.86e-10,-0.00016,0.3839724354387525,22.0,1000000.0,0.005,True,1,73;77;5,40,0,0,
194,194,Data/600MHz/sim_000194_1N-HN.out,600.0,14.091966957139045,92.0,488.8888888888889,0.05444444444444445,6.0,5555.0,5e-09,5e-11,0.85,1.02e-10,1.86e-10,-0.00016,0.3839724354387525,22.0,1000000.0,0.005,True,1,31;61;39,40,0,0,
195,195,Data/600MHz/sim_000195_1N-HN.out,600.0,14.091966957139045,92.0,488.8888888888889,0.05666666666666667,1.0,5555.0,5e-09,5e-11,0.85,1.02e-10,1.86e-10,-0.00016,0.3839724354387525,22.0,1000000.0,0.005,True,1,37;45;63,40,0,0,
196,196,Data/600MHz/sim_000196_1N-HN.out,600.0,14.091966957139045,92.0,488.8888888888889,0.05666666666666667,1.3571428571428572,5555.0,5e-09,5e-11,0.85,1.02e-10,1.86e-10,-0.00016,0.3839724354387525,22.0,1000000.0,0.005,True,1,1;33;79,40,0,0,
197,197,Data/600MHz/sim_000197_1N-HN.out,600.0,14.091966957139045,92.0,488.8888888888889,0.05666666666666667,1.7142857142857144,5555.0,5e-09,5e-11,0.85,1.02e-10,1.86e-10,-0.00016,0.3839724354387525,22.0,1000000.0,0.005,True,1,77;23;21,40,0,0,
198,198,Data/600MHz/sim_000198_1N-HN.out,600.0,14.091966957139045,92.0,488.8888888888889,0.05666666666666667,2.071428571428571,5555.0,5e-09,5e-11,0.85,1.02e-10,1.86e-10,-0.00016,0.3839724354387525,22.0,1000000.0,0.005,True,1,55;45;37,40,0,0,
199,199,Data/600MHz/sim_000199_1N-HN.out,600.0,14.091966957139045,92.0,488.8888888888889,0.05666666666666667,2.428571428571429,5555.0,5e-09,5e-11,0.85,1.02e-10,1.86e-10,-0.00016,0.3839724354387525,22.0,1000000.0,0.005,True,1,11;47;21,40,0,0,
200,200,Data/600MHz/sim_000200_1N-HN.out,600.0,14.091966957139045,92.0,488.8888888888889,0.05666666666666667,2.7857142857142856,5555.0,5e-09,5e-11,0.85,1.02e-10,1.86e-10,-0.00016,0.3839724354387525,22.0,1000000.0,0.005,True,1,55;61;37,40,0,0,
201,201,Data/600MHz/sim_000201_1N-HN.out,600.0,14.091966957139045,92.0,488.8888888888889,0.05666666666666667,3.142857142857143,5555.0,5e-09,5e-11,0.85,1.02e-10,1.86e-10,-0.00016,0.3839724354387525,22.0,1000000.0,0.005,True,1,19;21;37,40,0,0,
202,202,Data/600MHz/sim_000202_1N-HN.out,600.0,14.091966957139045,92.0,488.8888888888889,0.05666666666666667,3.5,5555.0,5e-09,5e-11,0.85,1.02e-10,1.86e-10,-0.00016,0.3839724354387525,22.0,1000000.0,0.005,True,1,73;45;23,40,0,0,
203,203,Data/600MHz/sim_000203_1N-HN.out,600.0,14.091966957139045,92.0,488.8888888888889,0.05666666666666667,3.857142857142857,5555.0,5e-09,5e-11,0.85,1.02e-10,1.86e-10,-0.00016,0.3839724354387525,22.0,1000000.0,0.005,True,1,35;79;69,40,0,0,
204,204,Data/600MHz/sim_000204_1N-HN.out,600.0,14.091966957139045,92.0,488.8888888888889,0.05666666666666667,4.214285714285714,5555.0,5e-09,5e-11,0.85,1.02e-10,1.86e-10,-0.00016,0.3839724354387525,22.0,1000000.0,0.005,True,1,61;65;3,40,0,0,
205,205,Data/600MHz/sim_000205_1N-HN.out,600.0,14.091966957139045,92.0,488.8888888888889,0.05666666666666667,4.571428571428571,5555.0,5e-09,5e-11,0.85,1.02e-10,1.86e-10,-0.00016,0.3839724354387525,22.0,1000000.0,0.005,True,1,57;49;55,40,0,0,
206,206,Data/600MHz/sim_000206_1N-HN.out,600.0,14.091966957139045,92.0,488.8888888888889,0.05666666666666667,4.928571428571429,5555.0,5e-09,5e-11,0.85,1.02e-10,1.86e-10,-0.00016,0.3839724354387525,22.0,1000000.0,0.005,True,1,35;49;69,40,0,0,
207,207,Data/600MHz/sim_000207_1N-HN.out,600.0,14.091966957139045,92.0,488.8888888888889,0.05666666666666667,5.285714285714286,5555.0,5e-09,5e-11,0.85,1.02e-10,1.86e-10,-0.00016,0.3839724354387525,22.0,1000000.0,0.005,True,1,37;33;15,40,0,0,
208,208,Data/600MHz/sim_000208_1N-HN.out,600.0,14.091966957139045,92.0,488.8888888888889,0.05666666666666667,5.642857142857143,5555.0,5e-09,5e-11,0.85,1.02e-10,1.86e-10,-0.00016,0.3839724354387525,22.0,1000000.0,0.005,True,1,29;59;1,40,0,0,
209,209,Data/600MHz/sim_000209_1N-HN.out,600.0,14.091966957139045,92.0,488.8888888888889,0.05666666666666667,6.0,5555.0,5e-09,5e-11,0.85,1.02e-10,1.86e-10,-0.00016,0.3839724354387525,22.0,1000000.0,0.005,True,1,33;31;47,40,0,0,
210,210,Data/600MHz/sim_000210_1N-HN.out,600.0,14.091966957139045,92.0,488.8888888888889,0.05888888888888889,1.0,5555.0,5e-09,5e-11,0.85,1.02e-10,1.86e-10,-0.00016,0.3839724354387525,22.0,1000000.0,0.005,True,1,29;27;9,40,0,0,
211,211,Data/600MHz/sim_000211_1N-HN.out,600.0,14.091966957139045,92.0,488.8888888888889,0.05888888888888889,1.3571428571428572,5555.0,5e-09,5e-11,0.85,1.02e-10,1.86e-10,-0.00016,0.3839724354387525,22.0,1000000.0,0.005,True,1,59;29;5,40,0,0,
212,212,Data/600MHz/sim_000212_1N-HN.out,600.0,14.091966957139045,92.0,488.8888888888889,0.05888888888888889,1.7142857142857144,5555.0,5e-09,5e-11,0.85,1.02e-10,1.86e-10,-0.00016,0.3839724354387525,22.0,1000000.0,0.005,True,1,29;37;1,40,0,0,
213,213,Data/600MHz/sim_000213_1N-HN.out,600.0,14.091966957139045,92.0,488.8888888888889,0.05888888888888889,2.071428571428571,5555.0,5e-09,5e-11,0.85,1.02e-10,1.86e-10,-0.00016,0.3839724354387525,22.0,1000000.0,0.005,True,1,77;25;9,40,0,0,
214,214,Data/600MHz/sim_000214_1N-HN.out,600.0,14.091966957139045,92.0,488.8888888888889,0.05888888888888889,2.428571428571429,5555.0,5e-09,5e-11,0.85,1.02e-10,1.86e-10,-0.00016,0.3839724354387525,22.0,1000000.0,0.005,True,1,35;75;7,40,0,0,
215,215,Data/600MHz/sim_000215_1N-HN.out,600.0,14.091966957139045,92.0,488.8888888888889,0.05888888888888889,2.7857142857142856,5555.0,5e-09,5e-11,0.85,1.02e-10,1.86e-10,-0.00016,0.3839724354387525,22.0,1000000.0,0.005,True,1,69;67;7,40,0,0,
216,216,Data/600MHz/sim_000216_1N-HN.out,600.0,14.091966957139045,92.0,488.8888888888889,0.05888888888888889,3.142857142857143,5555.0,5e-09,5e-11,0.85,1.02e-10,1.86e-10,-0.00016,0.3839724354387525,22.0,1000000.0,0.005,True,1,29;79;69,40,0,0,
217,217,Data/600MHz/sim_000217_1N-HN.out,600.0,14.091966957139045,92.0,488.8888888888889,0.05888888888888889,3.5,5555.0,5e-09,5e-11,0.85,1.02e-10,1.86e-10,-0.00016,0.3839724354387525,22.0,1000000.0,0.005,True,1,67;29;1,40,0,0,
218,218,Data/600MHz/sim_000218_1N-HN.out,600.0,14.091966957139045,92.0,488.8888888888889,0.05888888888888889,3.857142857142857,5555.0,5e-09,5e-11,0.85,1.02e-10,1.86e-10,-0.00016,0.3839724354387525,22.0,1000000.0,0.005,True,1,27;75;53,40,0,0,
219,219,Data/600MHz/sim_000219_1N-HN.out,600.0,14.091966957139045,92.0,488.8888888888889,0.05888888888888889,4.214285714285714,5555.0,5e-09,5e-11,0.85,1.02e-10,1.86e-10,-0.00016,0.3839724354387525,22.0,1000000.0,0.005,True,1,17;59;41,40,0,0,
220,220,Data/600MHz/sim_000220_1N-HN.out,600.0,14.091966957139045,92.0,488.8888888888889,0.05888888888888889,4.571428571428571,5555.0,5e-09,5e-11,0.85,1.02e-10,1.86e-10,-0.00016,0.3839724354387525,22.0,1000000.0,0.005,True,1,51;49;75,40,0,0,
221,221,Data/600MHz/sim_000221_1N-HN.out,600.0,14.091966957139045,92.0,488.8888888888889,0.05888888888888889,4.928571428571429,5555.0,5e-09,5e-11,0.85,1.02e-10,1.86e-10,-0.00016,0.3839724354387525,22.0,1000000.0,0.005,True,1,77;67;35,40,0,0,
222,222,Data/600MHz/sim_000222_1N-HN.out,600.0,14.091966957139045,92.0,488.8888888888889,0.05888888888888889,5.285714285714286,5555.0,5e-09,5e-11,0.85,1.02e-10,1.86e-10,-0.00016,0.3839724354387525,22.0,1000000.0,0.005,True,1,15;77;9,40,0,0,
223,223,Data/600MHz/sim_000223_1N-HN.out,600.0,14.091966957139045,92.0,488.8888888888889,0.05888888888888889,5.642857142857143,5555.0,5e-09,5e-11,0.85,1.02e-10,1.86e-10,-0.00016,0.3839724354387525,22.0,1000000.0,0.005,True,1,39;21;77,40,0,0,
224,224,Data/600MHz/sim_000224_1N-HN.out,600.0,14.091966957139045,92.0,488.8888888888889,0.05888888888888889,6.0,5555.0,5e-09,5e-11,0.85,1.02e-10,1.86e-10,-0.00016,0.3839724354387525,22.0,1000000.0,0.005,True,1,45;1;17,40,0,0,
225,225,Data/600MHz/sim_000225_1N-HN.out,600.0,14.091966957139045,92.0,488.8888888888889,0.061111111111111116,1.0,5555.0,5e-09,5e-11,0.85,1.02e-10,1.86e-10,-0.00016,0.3839724354387525,22.0,1000000.0,0.005,True,1,39;53;61,40,0,0,
226,226,Data/600MHz/sim_000226_1N-HN.out,600.0,14.091966957139045,92.0,488.8888888888889,0.061111111111111116,1.3571428571428572,5555.0,5e-09,5e-11,0.85,1.02e-10,1.86e-10,-0.00016,0.3839724354387525,22.0,1000000.0,0.005,True,1,1;35;39,40,0,0,
227,227,Data/600MHz/sim_000227_1N-HN.out,600.0,14.091966957139045,92.0,488.8888888888889,0.061111111111111116,1.7142857142857144,5555.0,5e-09,5e-11,0.85,1.02e-10,1.86e-10,-0.00016,0.3839724354387525,22.0,1000000.0,0.005,True,1,75;79;25,40,0,0,
228,228,Data/600MHz/sim_000228_1N-HN.out,600.0,14.091966957139045,92.0,488.8888888888889,0.061111111111111116,2.071428571428571,5555.0,5e-09,5e-11,0.85,1.02e-10,1.86e-10,-0.00016,0.3839724354387525,22.0,1000000.0,0.005,True,1,31;49;29,40,0,0,
229,229,Data/600MHz/sim_000229_1N-HN.out,600.0,14.091966957139045,92.0,488.8888888888889,0.061111111111111116,2.428571428571429,5555.0,5e-09,5e-11,0.85,1.02e-10,1.86e-10,-0.00016,0.3839724354387525,22.0,1000000.0,0.005,True,1,3;65;23,40,0,0,
230,230,Data/600MHz/sim_000230_1N-HN.out,600.0,14.091966957139045,92.0,488.8888888888889,0.061111111111111116,2.7857142857142856,5555.0,5e-09,5e-11,0.85,1.02e-10,1.86e-10,-0.00016,0.3839724354387525,22.0,1000000.0,0.005,True,1,73;27;43,40,0,0,
231,231,Data/600MHz/sim_000231_1N-HN.out,600.0,14.091966957139045,92.0,488.8888888888889,0.061111111111111116,3.142857142857143,5555.0,5e-09,5e-11,0.85,1.02e-10,1.86e-10,-0.00016,0.3839724354387525,22.0,1000000.0,0.005,True,1,39;1;45,40,0,0,
232,232,Data/600MHz/sim_000232_1N-HN.out,600.0,14.091966957139045,92.0,488.8888888888889,0.061111111111111116,3.5,5555.0,5e-09,5e-11,0.85,1.02e-10,1.86e-10,-0.00016,0.3839724354387525,22.0,1000000.0,0.005,True,1,15;41;61,40,0,0,
233,233,Data/600MHz/sim_000233_1N-HN.out,600.0,14.091966957139045,92.0,488.8888888888889,0.061111111111111116,3.857142857142857,5555.0,5e-09,5e-11,0.85,1.02e-10,1.86e-10,-0.00016,0.3839724354387525,22.0,1000000.0,0.005,True,1,1;47;5,40,0,0,
234,234,Data/600MHz/sim_000234_1N-HN.out,600.0,14.091966957139045,92.0,488.8888888888889,0.061111111111111116,4.214285714285714,5555.0,5e-09,5e-11,0.85,1.02e-10,1.86e-10,-0.00016,0.3839724354387525,22.0,1000000.0,0.005,True,1,47;7;29,40,0,0,
235,235,Data/600MHz/sim_000235_1N-HN.out,600.0,14.091966957139045,92.0,488.8888888888889,0.061111111111111116,4.571428571428571,5555.0,5e-09,5e-11,0.85,1.02e-10,1.86e-10,-0.00016,0.3839724354387525,22.0,1000000.0,0.005,True,1,39;49;31,40,0,0,
236,236,Data/600MHz/sim_000236_1N-HN.out,600.0,14.091966957139045,92.0,488.8888888888889,0.061111111111111116,4.928571428571429,5555.0,5e-09,5e-11,0.85,1.02e-10,1.86e-10,-0.00016,0.3839724354387525,22.0,1000000.0,0.005,True,1,33;65;27,40,0,0,
237,237,Data/600MHz/sim_000237_1N-HN.out,600.0,14.091966957139045,92.0,488.8888888888889,0.061111111111111116,5.285714285714286,5555.0,5e-09,5e-11,0.85,1.02e-10,1.86e-10,-0.00016,0.3839724354387525,22.0,1000000.0,0.005,True,1,55;79;37,40,0,0,
238,238,Data/600MHz/sim_000238_1N-HN.out,600.0,14.091966957139045,92.0,488.8888888888889,0.061111111111111116,5.642857142857143,5555.0,5e-09,5e-11,0.85,1.02e-10,1.86e-10,-0.00016,0.3839724354387525,22.0,1000000.0,0.005,True,1,73;69;17,40,0,0,
239,239,Data/600MHz/sim_000239_1N-HN.out,600.0,14.091966957139045,92.0,488.8888888888889,0.061111111111111116,6.0,5555.0,5e-09,5e-11,0.85,1.02e-10,1.86e-10,-0.00016,0.3839724354387525,22.0,1000000.0,0.005,True,1,37;13;67,40,0,0,
240,240,Data/600MHz/sim_000240_1N-HN.out,600.0,14.091966957139045,92.0,488.8888888888889,0.06333333333333334,1.0,5555.0,5e-09,5e-11,0.85,1.02e-10,1.86e-10,-0.00016,0.3839724354387525,22.0,1000000.0,0.005,True,1,45;41;61,40,0,0,
241,241,Data/600MHz/sim_000241_1N-HN.out,600.0,14.091966957139045,92.0,488.8888888888889,0.06333333333333334,1.3571428571428572,5555.0,5e-09,5e-11,0.85,1.02e-10,1.86e-10,-0.00016,0.3839724354387525,22.0,1000000.0,0.005,True,1,75;55;15,40,0,0,
242,242,Data/600MHz/sim_000242_1N-HN.out,600.0,14.091966957139045,92.0,488.8888888888889,0.06333333333333334,1.7142857142857144,5555.0,5e-09,5e-11,0.85,1.02e-10,1.86e-10,-0.00016,0.3839724354387525,22.0,1000000.0,0.005,True,1,49;31;23,40,0,0,
243,243,Data/600MHz/sim_000243_1N-HN.out,600.0,14.091966957139045,92.0,488.8888888888889,0.06333333333333334,2.071428571428571,5555.0,5e-09,5e-11,0.85,1.02e-10,1.86e-10,-0.00016,0.3839724354387525,22.0,1000000.0,0.005,True,1,19;13;69,40,0,0,
244,244,Data/600MHz/sim_000244_1N-HN.out,600.0,14.091966957139045,92.0,488.8888888888889,0.06333333333333334,2.428571428571429,5555.0,5e-09,5e-11,0.85,1.02e-10,1.86e-10,-0.00016,0.3839724354387525,22.0,1000000.0,0.005,True,1,11;77;69,40,0,0,
245,245,Data/600MHz/sim_000245_1N-HN.out,600.0,14.091966957139045,92.0,488.8888888888889,0.06333333333333334,2.7857142857142856,5555.0,5e-09,5e-11,0.85,1.02e-10,1.86e-10,-0.00016,0.3839724354387525,22.0,1000000.0,0.005,True,1,21;31;25,40,0,0,
246,246,Data/600MHz/sim_000246_1N-HN.out,600.0,14.091966957139045,92.0,488.8888888888889,0.06333333333333334,3.142857142857143,5555.0,5e-09,5e-11,0.85,1.02e-10,1.86e-10,-0.00016,0.3839724354387525,22.0,1000000.0,0.005,True,1,5;43;51,40,0,0,
247,247,Data/600MHz/sim_000247_1N-HN.out,600.0,14.091966957139045,92.0,488.8888888888889,0.06333333333333334,3.5,5555.0,5e-09,5e-11,0.85,1.02e-10,1.86e-10,-0.00016,0.3839724354387525,22.0,1000000.0,0.005,True,1,23;49;79,40,0,0,
248,248,Data/600MHz/sim_000248_1N-HN.out,600.0,14.091966957139045,92.0,488.8888888888889,0.06333333333333334,3.857142857142857,5555.0,5e-09,5e-11,0.85,1.02e-10,1.86e-10,-0.00016,0.3839724354387525,22.0,1000000.0,0.005,True,1,11;31;75,40,0,0,
249,249,Data/600MHz/sim_000249_1N-HN.out,600.0,14.091966957139045,92.0,488.8888888888889,0.06333333333333334,4.214285714285714,5555.0,5e-09,5e-11,0.85,1.02e-10,1.86e-10,-0.00016,0.3839724354387525,22.0,1000000.0,0.005,True,1,79;43;47,40,0,0,
250,250,Data/600MHz/sim_000250_1N-HN.out,600.0,14.091966957139045,92.0,488.8888888888889,0.06333333333333334,4.571428571428571,5555.0,5e-09,5e-11,0.85,1.02e-10,1.86e-10,-0.00016,0.3839724354387525,22.0,1000000.0,0.005,True,1,47;13;11,40,0,0,
251,251,Data/600MHz/sim_000251_1N-HN.out,600.0,14.091966957139045,92.0,488.8888888888889,0.06333333333333334,4.928571428571429,5555.0,5e-09,5e-11,0.85,1.02e-10,1.86e-10,-0.00016,0.3839724354387525,22.0,1000000.0,0.005,True,1,3;37;31,40,0,0,
252,252,Data/600MHz/sim_000252_1N-HN.out,600.0,14.091966957139045,92.0,488.8888888888889,0.06333333333333334,5.285714285714286,5555.0,5e-09,5e-11,0.85,1.02e-10,1.86e-10,-0.00016,0.3839724354387525,22.0,1000000.0,0.005,True,1,59;41;55,40,0,0,
253,253,Data/600MHz/sim_000253_1N-HN.out,600.0,14.091966957139045,92.0,488.8888888888889,0.06333333333333334,5.642857142857143,5555.0,5e-09,5e-11,0.85,1.02e-10,1.86e-10,-0.00016,0.3839724354387525,22.0,1000000.0,0.005,True,1,63;11;33,40,0,0,
254,254,Data/600MHz/sim_000254_1N-HN.out,600.0,14.091966957139045,92.0,488.8888888888889,0.06333333333333334,6.0,5555.0,5e-09,5e-11,0.85,1.02e-10,1.86e-10,-0.00016,0.3839724354387525,22.0,1000000.0,0.005,True,1,47;29;27,40,0,0,
255,255,Data/600MHz/sim_000255_1N-HN.out,600.0,14.091966957139045,92.0,488.8888888888889,0.06555555555555556,1.0,5555.0,5e-09,5e-11,0.85,1.02e-10,1.86e-10,-0.00016,0.3839724354387525,22.0,1000000.0,0.005,True,1,69;23;37,40,0,0,
256,256,Data/600MHz/sim_000256_1N-HN.out,600.0,14.091966957139045,92.0,488.8888888888889,0.06555555555555556,1.3571428571428572,5555.0,5e-09,5e-11,0.85,1.02e-10,1.86e-10,-0.00016,0.3839724354387525,22.0,1000000.0,0.005,True,1,13;11;57,40,0,0,
257,257,Data/600MHz/sim_000257_1N-HN.out,600.0,14.091966957139045,92.0,488.8888888888889,0.06555555555555556,1.7142857142857144,5555.0,5e-09,5e-11,0.85,1.02e-10,1.86e-10,-0.00016,0.3839724354387525,22.0,1000000.0,0.005,True,1,1;15;31,40,0,0,
258,258,Data/600MHz/sim_000258_1N-HN.out,600.0,14.091966957139045,92.0,488.8888888888889,0.06555555555555556,2.071428571428571,5555.0,5e-09,5e-11,0.85,1.02e-10,1.86e-10,-0.00016,0.3839724354387525,22.0,1000000.0,0.005,True,1,27;19;75,40,0,0,
259,259,Data/600MHz/sim_000259_1N-HN.out,600.0,14.091966957139045,92.0,488.8888888888889,0.06555555555555556,2.428571428571429,5555.0,5e-09,5e-11,0.85,1.02e-10,1.86e-10,-0.00016,0.3839724354387525,22.0,1000000.0,0.005,True,1,25;69;13,40,0,0,
260,260,Data/600MHz/sim_000260_1N-HN.out,600.0,14.091966957139045,92.0,488.8888888888889,0.06555555555555556,2.7857142857142856,5555.0,5e-09,5e-11,0.85,1.02e-10,1.86e-10,-0.00016,0.3839724354387525,22.0,1000000.0,0.005,True,1,41;35;51,40,0,0,
261,261,Data/600MHz/sim_000261_1N-HN.out,600.0,14.091966957139045,92.0,488.8888888888889,0.06555555555555556,3.142857142857143,5555.0,5e-09,5e-11,0.85,1.02e-10,1.86e-10,-0.00016,0.3839724354387525,22.0,1000000.0,0.005,True,1,71;55;59,40,0,0,
262,262,Data/600MHz/sim_000262_1N-HN.out,600.0,14.091966957139045,92.0,488.8888888888889,0.06555555555555556,3.5,5555.0,5e-09,5e-11,0.85,1.02e-10,1.86e-10,-0.00016,0.3839724354387525,22.0,1000000.0,0.005,True,1,3;37;63,40,0,0,
263,263,Data/600MHz/sim_000263_1N-HN.out,600.0,14.091966957139045,92.0,488.8888888888889,0.06555555555555556,3.857142857142857,5555.0,5e-09,5e-11,0.85,1.02e-10,1.86e-10,-0.00016,0.3839724354387525,22.0,1000000.0,0.005,True,1,55;21;49,40,0,0,
264,264,Data/600MHz/sim_000264_1N-HN.out,600.0,14.091966957139045,92.0,488.8888888888889,0.06555555555555556,4.214285714285714,5555.0,5e-09,5e-11,0.85,1.02e-10,1.86e-10,-0.00016,0.3839724354387525,22.0,1000000.0,0.005,True,1,65;9;35,40,0,0,
265,265,Data/600MHz/sim_000265_1N-HN.out,600.0,14.091966957139045,92.0,488.8888888888889,0.06555555555555556,4.571428571428571,5555.0,5e-09,5e-11,0.85,1.02e-10,1.86e-10,-0.00016,0.3839724354387525,22.0,1000000.0,0.005,True,1,13;77;53,40,0,0,
266,266,Data/600MHz/sim_000266_1N-HN.out,600.0,14.091966957139045,92.0,488.8888888888889,0.06555555555555556,4.928571428571429,5555.0,5e-09,5e-11,0.85,1.02e-10,1.86e-10,-0.00016,0.3839724354387525,22.0,1000000.0,0.005,True,1,63;41;13,40,0,0,
267,267,Data/600MHz/sim_000267_1N-HN.out,600.0,14.091966957139045,92.0,488.8888888888889,0.06555555555555556,5.285714285714286,5555.0,5e-09,5e-11,0.85,1.02e-10,1.86e-10,-0.00016,0.3839724354387525,22.0,1000000.0,0.005,True,1,57;55;39,40,0,0,
268,268,Data/600MHz/sim_000268_1N-HN.out,600.0,14.091966957139045,92.0,488.8888888888889,0.06555555555555556,5.642857142857143,5555.0,5e-09,5e-11,0.85,1.02e-10,1.86e-10,-0.00016,0.3839724354387525,22.0,1000000.0,0.005,True,1,11;29;55,40,0,0,
269,269,Data/600MHz/sim_000269_1N-HN.out,600.0,14.091966957139045,92.0,488.8888888888889,0.06555555555555556,6.0,5555.0,5e-09,5e-11,0.85,1.02e-10,1.86e-10,-0.00016,0.3839724354387525,22.0,1000000.0,0.005,True,1,49;47;37,40,0,0,
270,270,Data/600MHz/sim_000270_1N-HN.out,600.0,14.091966957139045,92.0,488.8888888888889,0.06777777777777778,1.0,5555.0,5e-09,5e-11,0.85,1.02e-10,1.86e-10,-0.00016,0.3839724354387525,22.0,1000000.0,0.005,True,1,15;43;41,40,0,0,
271,271,Data/600MHz/sim_000271_1N-HN.out,600.0,14.091966957139045,92.0,488.8888888888889,0.06777777777777778,1.3571428571428572,5555.0,5e-09,5e-11,0.85,1.02e-10,1.86e-10,-0.00016,0.3839724354387525,22.0,1000000.0,0.005,True,1,53;79;77,40,0,0,
272,272,Data/600MHz/sim_000272_1N-HN.out,600.0,14.091966957139045,92.0,488.8888888888889,0.06777777777777778,1.7142857142857144,5555.0,5e-09,5e-11,0.85,1.02e-10,1.86e-10,-0.00016,0.3839724354387525,22.0,1000000.0,0.005,True,1,7;25;47,40,0,0,
273,273,Data/600MHz/sim_000273_1N-HN.out,600.0,14.091966957139045,92.0,488.8888888888889,0.06777777777777778,2.071428571428571,5555.0,5e-09,5e-11,0.85,1.02e-10,1.86e-10,-0.00016,0.3839724354387525,22.0,1000000.0,0.005,True,1,39;41;77,40,0,0,
274,274,Data/600MHz/sim_000274_1N-HN.out,600.0,14.091966957139045,92.0,488.8888888888889,0.06777777777777778,2.428571428571429,5555.0,5e-09,5e-11,0.85,1.02e-10,1.86e-10,-0.00016,0.3839724354387525,22.0,1000000.0,0.005,True,1,45;27;63,40,0,0,
275,275,Data/600MHz/sim_000275_1N-HN.out,600.0,14.091966957139045,92.0,488.8888888888889,0.06777777777777778,2.7857142857142856,5555.0,5e-09,5e-11,0.85,1.02e-10,1.86e-10,-0.00016,0.3839724354387525,22.0,1000000.0,0.005,True,1,9;5;45,40,0,0,
276,276,Data/600MHz/sim_000276_1N-HN.out,600.0,14.091966957139045,92.0,488.8888888888889,0.06777777777777778,3.142857142857143,5555.0,5e-09,5e-11,0.85,1.02e-10,1.86e-10,-0.00016,0.3839724354387525,22.0,1000000.0,0.005,True,1,43;15;79,40,0,0,
277,277,Data/600MHz/sim_000277_1N-HN.out,600.0,14.091966957139045,92.0,488.8888888888889,0.06777777777777778,3.5,5555.0,5e-09,5e-11,0.85,1.02e-10,1.86e-10,-0.00016,0.3839724354387525,22.0,1000000.0,0.005,True,1,17;3;77,40,0,0,
278,278,Data/600MHz/sim_000278_1N-HN.out,600.0,14.091966957139045,92.0,488.8888888888889,0.06777777777777778,3.857142857142857,5555.0,5e-09,5e-11,0.85,1.02e-10,1.86e-10,-0.00016,0.3839724354387525,22.0,1000000.0,0.005,True,1,27;13;5,40,0,0,
279,279,Data/600MHz/sim_000279_1N-HN.out,600.0,14.091966957139045,92.0,488.8888888888889,0.06777777777777778,4.214285714285714,5555.0,5e-09,5e-11,0.85,1.02e-10,1.86e-10,-0.00016,0.3839724354387525,22.0,1000000.0,0.005,True,1,27;17;1,40,0,0,
280,280,Data/600MHz/sim_000280_1N-HN.out,600.0,14.091966957139045,92.0,488.8888888888889,0.06777777777777778,4.571428571428571,5555.0,5e-09,5e-11,0.85,1.02e-10,1.86e-10,-0.00016,0.3839724354387525,22.0,1000000.0,0.005,True,1,7;23;37,40,0,0,
281,281,Data/600MHz/sim_000281_1N-HN.out,600.0,14.091966957139045,92.0,488.8888888888889,0.06777777777777778,4.928571428571429,5555.0,5e-09,5e-11,0.85,1.02e-10,1.86e-10,-0.00016,0.3839724354387525,22.0,1000000.0,0.005,True,1,29;27;9,40,0,0,
282,282,Data/600MHz/sim_000282_1N-HN.out,600.0,14.091966957139045,92.0,488.8888888888889,0.06777777777777778,5.285714285714286,5555.0,5e-09,5e-11,0.85,1.02e-10,1.86e-10,-0.00016,0.3839724354387525,22.0,1000000.0,0.005,True,1,69;47;19,40,0,0,
283,283,Data/600MHz/sim_000283_1N-HN.out,600.0,14.091966957139045,92.0,488.8888888888889,0.06777777777777778,5.642857142857143,5555.0,5e-09,5e-11,0.85,1.02e-10,1.86e-10,-0.00016,0.3839724354387525,22.0,1000000.0,0.005,True,1,45;41;63,40,0,0,
284,284,Data/600MHz/sim_000284_1N-HN.out,600.0,14.091966957139045,92.0,488.8888888888889,0.06777777777777778,6.0,5555.0,5e-09,5e-11,0.85,1.02e-10,1.86e-10,-0.00016,0.3839724354387525,22.0,1000000.0,0.005,True,1,29;3;21,40,0,0,
285,285,Data/600MHz/sim_000285_1N-HN.out,600.0,14.091966957139045,92.0,488.8888888888889,0.07,1.0,5555.0,5e-09,5e-11,0.85,1.02e-10,1.86e-10,-0.00016,0.3839724354387525,22.0,1000000.0,0.005,True,1,71;13;9,40,0,0,
286,286,Data/600MHz/sim_000286_1N-HN.out,600.0,14.091966957139045,92.0,488.8888888888889,0.07,1.3571428571428572,5555.0,5e-09,5e-11,0.85,1.02e-10,1.86e-10,-0.00016,0.3839724354387525,22.0,1000000.0,0.005,True,1,7;27;79,40,0,0,
287,287,Data/600MHz/sim_000287_1N-HN.out,600.0,14.091966957139045,92.0,488.8888888888889,0.07,1.7142857142857144,5555.0,5e-09,5e-11,0.85,1.02e-10,1.86e-10,-0.00016,0.3839724354387525,22.0,1000000.0,0.005,True,1,29;35;17,40,0,0,
288,288,Data/600MHz/sim_000288_1N-HN.out,600.0,14.091966957139045,92.0,488.8888888888889,0.07,2.071428571428571,5555.0,5e-09,5e-11,0.85,1.02e-10,1.86e-10,-0.00016,0.3839724354387525,22.0,1000000.0,0.005,True,1,7;27;23,40,0,0,
289,289,Data/600MHz/sim_000289_1N-HN.out,600.0,14.091966957139045,92.0,488.8888888888889,0.07,2.428571428571429,5555.0,5e-09,5e-11,0.85,1.02e-10,1.86e-10,-0.00016,0.3839724354387525,22.0,1000000.0,0.005,True,1,39;65;49,40,0,0,
290,290,Data/600MHz/sim_000290_1N-HN.out,600.0,14.091966957139045,92.0,488.8888888888889,0.07,2.7857142857142856,5555.0,5e-09,5e-11,0.85,1.02e-10,1.86e-10,-0.00016,0.3839724354387525,22.0,1000000.0,0.005,True,1,45;25;7,40,0,0,
291,291,Data/600MHz/sim_000291_1N-HN.out,600.0,14.091966957139045,92.0,488.8888888888889,0.07,3.142857142857143,5555.0,5e-09,5e-11,0.85,1.02e-10,1.86e-10,-0.00016,0.3839724354387525,22.0,1000000.0,0.005,True,1,77;51;33,40,0,0,
292,292,Data/600MHz/sim_000292_1N-HN.out,600.0,14.091966957139045,92.0,488.8888888888889,0.07,3.5,5555.0,5e-09,5e-11,0.85,1.02e-10,1.86e-10,-0.00016,0.3839724354387525,22.0,1000000.0,0.005,True,1,77;39;59,40,0,0,
293,293,Data/600MHz/sim_000293_1N-HN.out,600.0,14.091966957139045,92.0,488.8888888888889,0.07,3.857142857142857,5555.0,5e-09,5e-11,0.85,1.02e-10,1.86e-10,-0.00016,0.3839724354387525,22.0,1000000.0,0.005,True,1,19;77;73,40,0,0,
294,294,Data/600MHz/sim_000294_1N-HN.out,600.0,14.091966957139045,92.0,488.8888888888889,0.07,4.214285714285714,5555.0,5e-09,5e-11,0.85,1.02e-10,1.86e-10,-0.00016,0.3839724354387525,22.0,1000000.0,0.005,True,1,17;39;65,40,0,0,
295,295,Data/600MHz/sim_000295_1N-HN.out,600.0,14.091966957139045,92.0,488.8888888888889,0.07,4.571428571428571,5555.0,5e-09,5e-11,0.85,1.02e-10,1.86e-10,-0.00016,0.3839724354387525,22.0,1000000.0,0.005,True,1,77;61;43,40,0,0,
296,296,Data/600MHz/sim_000296_1N-HN.out,600.0,14.091966957139045,92.0,488.8888888888889,0.07,4.928571428571429,5555.0,5e-09,5e-11,0.85,1.02e-10,1.86e-10,-0.00016,0.3839724354387525,22.0,1000000.0,0.005,True,1,63;3;11,40,0,0,
297,297,Data/600MHz/sim_000297_1N-HN.out,600.0,14.091966957139045,92.0,488.8888888888889,0.07,5.285714285714286,5555.0,5e-09,5e-11,0.85,1.02e-10,1.86e-10,-0.00016,0.3839724354387525,22.0,1000000.0,0.005,True,1,47;57;49,40,0,0,
298,298,Data/600MHz/sim_000298_1N-HN.out,600.0,14.091966957139045,92.0,488.8888888888889,0.07,5.642857142857143,5555.0,5e-09,5e-11,0.85,1.02e-10,1.86e-10,-0.00016,0.3839724354387525,22.0,1000000.0,0.005,True,1,37;39;43,40,0,0,
299,299,Data/600MHz/sim_000299_1N-HN.out,600.0,14.091966957139045,92.0,488.8888888888889,0.07,6.0,5555.0,5e-09,5e-11,0.85,1.02e-10,1.86e-10,-0.00016,0.3839724354387525,22.0,1000000.0,0.005,True,1,17;27;43,40,0,0,
300,300,Data/600MHz/sim_000300_1N-HN.out,600.0,14.091966957139045,92.0,677.7777777777778,0.05,1.0,5555.0,5e-09,5e-11,0.85,1.02e-10,1.86e-10,-0.00016,0.3839724354387525,22.0,1000000.0,0.005,True,1,23;15;61,40,0,0,
301,301,Data/600MHz/sim_000301_1N-HN.out,600.0,14.091966957139045,92.0,677.7777777777778,0.05,1.3571428571428572,5555.0,5e-09,5e-11,0.85,1.02e-10,1.86e-10,-0.00016,0.3839724354387525,22.0,1000000.0,0.005,True,1,59;33;69,40,0,0,
302,302,Data/600MHz/sim_000302_1N-HN.out,600.0,14.091966957139045,92.0,677.7777777777778,0.05,1.7142857142857144,5555.0,5e-09,5e-11,0.85,1.02e-10,1.86e-10,-0.00016,0.3839724354387525,22.0,1000000.0,0.005,True,1,55;37;3,40,0,0,
303,303,Data/600MHz/sim_000303_1N-HN.out,600.0,14.091966957139045,92.0,677.7777777777778,0.05,2.071428571428571,5555.0,5e-09,5e-11,0.85,1.02e-10,1.86e-10,-0.00016,0.3839724354387525,22.0,1000000.0,0.005,True,1,67;73;47,40,0,0,
304,304,Data/600MHz/sim_000304_1N-HN.out,600.0,14.091966957139045,92.0,677.7777777777778,0.05,2.428571428571429,5555.0,5e-09,5e-11,0.85,1.02e-10,1.86e-10,-0.00016,0.3839724354387525,22.0,1000000.0,0.005,True,1,47;57;33,40,0,0,
305,305,Data/600MHz/sim_000305_1N-HN.out,600.0,14.091966957139045,92.0,677.7777777777778,0.05,2.7857142857142856,5555.0,5e-09,5e-11,0.85,1.02e-10,1.86e-10,-0.00016,0.3839724354387525,22.0,1000000.0,0.005,True,1,57;55;29,40,0,0,
306,306,Data/600MHz/sim_000306_1N-HN.out,600.0,14.091966957139045,92.0,677.7777777777778,0.05,3.142857142857143,5555.0,5e-09,5e-11,0.85,1.02e-10,1.86e-10,-0.00016,0.3839724354387525,22.0,1000000.0,0.005,True,1,31;19;65,40,0,0,
307,307,Data/600MHz/sim_000307_1N-HN.out,600.0,14.091966957139045,92.0,677.7777777777778,0.05,3.5,5555.0,5e-09,5e-11,0.85,1.02e-10,1.86e-10,-0.00016,0.3839724354387525,22.0,1000000.0,0.005,True,1,73;61;43,40,0,0,
308,308,Data/600MHz/sim_000308_1N-HN.out,600.0,14.091966957139045,92.0,677.7777777777778,0.05,3.857142857142857,5555.0,5e-09,5e-11,0.85,1.02e-10,1.86e-10,-0.00016,0.3839724354387525,22.0,1000000.0,0.005,True,1,3;71;13,40,0,0,
309,309,Data/600MHz/sim_000309_1N-HN.out,600.0,14.091966957139045,92.0,677.7777777777778,0.05,4.214285714285714,5555.0,5e-09,5e-11,0.85,1.02e-10,1.86e-10,-0.00016,0.3839724354387525,22.0,1000000.0,0.005,True,1,53;7;27,40,0,0,
310,310,Data/600MHz/sim_000310_1N-HN.out,600.0,14.091966957139045,92.0,677.7777777777778,0.05,4.571428571428571,5555.0,5e-09,5e-11,0.85,1.02e-10,1.86e-10,-0.00016,0.3839724354387525,22.0,1000000.0,0.005,True,1,63;37;61,40,0,0,
311,311,Data/600MHz/sim_000311_1N-HN.out,600.0,14.091966957139045,92.0,677.7777777777778,0.05,4.928571428571429,5555.0,5e-09,5e-11,0.85,1.02e-10,1.86e-10,-0.00016,0.3839724354387525,22.0,1000000.0,0.005,True,1,53;55;27,40,0,0,
312,312,Data/600MHz/sim_000312_1N-HN.out,600.0,14.091966957139045,92.0,677.7777777777778,0.05,5.285714285714286,5555.0,5e-09,5e-11,0.85,1.02e-10,1.86e-10,-0.00016,0.3839724354387525,22.0,1000000.0,0.005,True,1,49;37;67,40,0,0,
313,313,Data/600MHz/sim_000313_1N-HN.out,600.0,14.091966957139045,92.0,677.7777777777778,0.05,5.642857142857143,5555.0,5e-09,5e-11,0.85,1.02e-10,1.86e-10,-0.00016,0.3839724354387525,22.0,1000000.0,0.005,True,1,29;71;37,40,0,0,
314,314,Data/600MHz/sim_000314_1N-HN.out,600.0,14.091966957139045,92.0,677.7777777777778,0.05,6.0,5555.0,5e-09,5e-11,0.85,1.02e-10,1.86e-10,-0.00016,0.3839724354387525,22.0,1000000.0,0.005,True,1,27;73;61,40,0,0,
315,315,Data/600MHz/sim_000315_1N-HN.out,600.0,14.091966957139045,92.0,677.7777777777778,0.052222222222222225,1.0,5555.0,5e-09,5e-11,0.85,1.02e-10,1.86e-10,-0.00016,0.3839724354387525,22.0,1000000.0,0.005,True,1,7;11;55,40,0,0,
316,316,Data/600MHz/sim_000316_1N-HN.out,600.0,14.091966957139045,92.0,677.7777777777778,0.052222222222222225,1.3571428571428572,5555.0,5e-09,5e-11,0.85,1.02e-10,1.86e-10,-0.00016,0.3839724354387525,22.0,1000000.0,0.005,True,1,45;1;37,40,0,0,
317,317,Data/600MHz/sim_000317_1N-HN.out,600.0,14.091966957139045,92.0,677.7777777777778,0.052222222222222225,1.7142857142857144,5555.0,5e-09,5e-11,0.85,1.02e-10,1.86e-10,-0.00016,0.3839724354387525,22.0,1000000.0,0.005,True,1,75;61;5,40,0,0,
318,318,Data/600MHz/sim_000318_1N-HN.out,600.0,14.091966957139045,92.0,677.7777777777778,0.052222222222222225,2.071428571428571,5555.0,5e-09,5e-11,0.85,1.02e-10,1.86e-10,-0.00016,0.3839724354387525,22.0,1000000.0,0.005,True,1,3;59;73,40,0,0,
319,319,Data/600MHz/sim_000319_1N-HN.out,600.0,14.091966957139045,92.0,677.7777777777778,0.052222222222222225,2.428571428571429,5555.0,5e-09,5e-11,0.85,1.02e-10,1.86e-10,-0.00016,0.3839724354387525,22.0,1000000.0,0.005,True,1,47;75;67,40,0,0,
320,320,Data/600MHz/sim_000320_1N-HN.out,600.0,14.091966957139045,92.0,677.7777777777778,0.052222222222222225,2.7857142857142856,5555.0,5e-09,5e-11,0.85,1.02e-10,1.86e-10,-0.00016,0.3839724354387525,22.0,1000000.0,0.005,True,1,1;55;79,40,0,0,
321,321,Data/600MHz/sim_000321_1N-HN.out,600.0,14.091966957139045,92.0,677.7777777777778,0.052222222222222225,3.142857142857143,5555.0,5e-09,5e-11,0.85,1.02e-10,1.86e-10,-0.00016,0.3839724354387525,22.0,1000000.0,0.005,True,1,57;45;7,40,0,0,
322,322,Data/600MHz/sim_000322_1N-HN.out,600.0,14.091966957139045,92.0,677.7777777777778,0.052222222222222225,3.5,5555.0,5e-09,5e-11,0.85,1.02e-10,1.86e-10,-0.00016,0.3839724354387525,22.0,1000000.0,0.005,True,1,7;77;45,40,0,0,
323,323,Data/600MHz/sim_000323_1N-HN.out,600.0,14.091966957139045,92.0,677.7777777777778,0.052222222222222225,3.857142857142857,5555.0,5e-09,5e-11,0.85,1.02e-10,1.86e-10,-0.00016,0.3839724354387525,22.0,1000000.0,0.005,True,1,37;33;59,40,0,0,
324,324,Data/600MHz/sim_000324_1N-HN.out,600.0,14.091966957139045,92.0,677.7777777777778,0.052222222222222225,4.214285714285714,5555.0,5e-09,5e-11,0.85,1.02e-10,1.86e-10,-0.00016,0.3839724354387525,22.0,1000000.0,0.005,True,1,39;43;51,40,0,0,
325,325,Data/600MHz/sim_000325_1N-HN.out,600.0,14.091966957139045,92.0,677.7777777777778,0.052222222222222225,4.571428571428571,5555.0,5e-09,5e-11,0.85,1.02e-10,1.86e-10,-0.00016,0.3839724354387525,22.0,1000000.0,0.005,True,1,73;69;61,40,0,0,
326,326,Data/600MHz/sim_000326_1N-HN.out,600.0,14.091966957139045,92.0,677.7777777777778,0.052222222222222225,4.928571428571429,5555.0,5e-09,5e-11,0.85,1.02e-10,1.86e-10,-0.00016,0.3839724354387525,22.0,1000000.0,0.005,True,1,9;77;19,40,0,0,
327,327,Data/600MHz/sim_000327_1N-HN.out,600.0,14.091966957139045,92.0,677.7777777777778,0.052222222222222225,5.285714285714286,5555.0,5e-09,5e-11,0.85,1.02e-10,1.86e-10,-0.00016,0.3839724354387525,22.0,1000000.0,0.005,True,1,1;9;35,40,0,0,
328,328,Data/600MHz/sim_000328_1N-HN.out,600.0,14.091966957139045,92.0,677.7777777777778,0.052222222222222225,5.642857142857143,5555.0,5e-09,5e-11,0.85,1.02e-10,1.86e-10,-0.00016,0.3839724354387525,22.0,1000000.0,0.005,True,1,41;23;59,40,0,0,
329,329,Data/600MHz/sim_000329_1N-HN.out,600.0,14.091966957139045,92.0,677.7777777777778,0.052222222222222225,6.0,5555.0,5e-09,5e-11,0.85,1.02e-10,1.86e-10,-0.00016,0.3839724354387525,22.0,1000000.0,0.005,True,1,1;25;61,40,0,0,
330,330,Data/600MHz/sim_000330_1N-HN.out,600.0,14.091966957139045,92.0,677.7777777777778,0.05444444444444445,1.0,5555.0,5e-09,5e-11,0.85,1.02e-10,1.86e-10,-0.00016,0.3839724354387525,22.0,1000000.0,0.005,True,1,3;79;35,40,0,0,
331,331,Data/600MHz/sim_000331_1N-HN.out,600.0,14.091966957139045,92.0,677.7777777777778,0.05444444444444445,1.3571428571428572,5555.0,5e-09,5e-11,0.85,1.02e-10,1.86e-10,-0.00016,0.3839724354387525,22.0,1000000.0,0.005,True,1,29;37;53,40,0,0,
332,332,Data/600MHz/sim_000332_1N-HN.out,600.0,14.091966957139045,92.0,677.7777777777778,0.05444444444444445,1.7142857142857144,5555.0,5e-09,5e-11,0.85,1.02e-10,1.86e-10,-0.00016,0.3839724354387525,22.0,1000000.0,0.005,True,1,77;47;19,40,0,0,
333,333,Data/600MHz/sim_000333_1N-HN.out,600.0,14.091966957139045,92.0,677.7777777777778,0.05444444444444445,2.071428571428571,5555.0,5e-09,5e-11,0.85,1.02e-10,1.86e-10,-0.00016,0.3839724354387525,22.0,1000000.0,0.005,True,1,47;3;17,40,0,0,
334,334,Data/600MHz/sim_000334_1N-HN.out,600.0,14.091966957139045,92.0,677.7777777777778,0.05444444444444445,2.428571428571429,5555.0,5e-09,5e-11,0.85,1.02e-10,1.86e-10,-0.00016,0.3839724354387525,22.0,1000000.0,0.005,True,1,9;67;43,40,0,0,
335,335,Data/600MHz/sim_000335_1N-HN.out,600.0,14.091966957139045,92.0,677.7777777777778,0.05444444444444445,2.7857142857142856,5555.0,5e-09,5e-11,0.85,1.02e-10,1.86e-10,-0.00016,0.3839724354387525,22.0,1000000.0,0.005,True,1,13;39;41,40,0,0,
336,336,Data/600MHz/sim_000336_1N-HN.out,600.0,14.091966957139045,92.0,677.7777777777778,0.05444444444444445,3.142857142857143,5555.0,5e-09,5e-11,0.85,1.02e-10,1.86e-10,-0.00016,0.3839724354387525,22.0,1000000.0,0.005,True,1,15;13;65,40,0,0,
337,337,Data/600MHz/sim_000337_1N-HN.out,600.0,14.091966957139045,92.0,677.7777777777778,0.05444444444444445,3.5,5555.0,5e-09,5e-11,0.85,1.02e-10,1.86e-10,-0.00016,0.3839724354387525,22.0,1000000.0,0.005,True,1,13;43;3,40,0,0,
338,338,Data/600MHz/sim_000338_1N-HN.out,600.0,14.091966957139045,92.0,677.7777777777778,0.05444444444444445,3.857142857142857,5555.0,5e-09,5e-11,0.85,1.02e-10,1.86e-10,-0.00016,0.3839724354387525,22.0,1000000.0,0.005,True,1,11;61;13,40,0,0,
339,339,Data/600MHz/sim_000339_1N-HN.out,600.0,14.091966957139045,92.0,677.7777777777778,0.05444444444444445,4.214285714285714,5555.0,5e-09,5e-11,0.85,1.02e-10,1.86e-10,-0.00016,0.3839724354387525,22.0,1000000.0,0.005,True,1,39;47;11,40,0,0,
340,340,Data/600MHz/sim_000340_1N-HN.out,600.0,14.091966957139045,92.0,677.7777777777778,0.05444444444444445,4.571428571428571,5555.0,5e-09,5e-11,0.85,1.02e-10,1.86e-10,-0.00016,0.3839724354387525,22.0,1000000.0,0.005,True,1,47;25;37,40,0,0,
341,341,Data/600MHz/sim_000341_1N-HN.out,600.0,14.091966957139045,92.0,677.7777777777778,0.05444444444444445,4.928571428571429,5555.0,5e-09,5e-11,0.85,1.02e-10,1.86e-10,-0.00016,0.3839724354387525,22.0,1000000.0,0.005,True,1,13;33;53,40,0,0,
342,342,Data/600MHz/sim_000342_1N-HN.out,600.0,14.091966957139045,92.0,677.7777777777778,0.05444444444444445,5.285714285714286,5555.0,5e-09,5e-11,0.85,1.02e-10,1.86e-10,-0.00016,0.3839724354387525,22.0,1000000.0,0.005,True,1,41;63;61,40,0,0,
343,343,Data/600MHz/sim_000343_1N-HN.out,600.0,14.091966957139045,92.0,677.7777777777778,0.05444444444444445,5.642857142857143,5555.0,5e-09,5e-11,0.85,1.02e-10,1.86e-10,-0.00016,0.3839724354387525,22.0,1000000.0,0.005,True,1,27;63;17,40,0,0,
344,344,Data/600MHz/sim_000344_1N-HN.out,600.0,14.091966957139045,92.0,677.7777777777778,0.05444444444444445,6.0,5555.0,5e-09,5e-11,0.85,1.02e-10,1.86e-10,-0.00016,0.3839724354387525,22.0,1000000.0,0.005,True,1,15;57;69,40,0,0,
345,345,Data/600MHz/sim_000345_1N-HN.out,600.0,14.091966957139045,92.0,677.7777777777778,0.05666666666666667,1.0,5555.0,5e-09,5e-11,0.85,1.02e-10,1.86e-10,-0.00016,0.3839724354387525,22.0,1000000.0,0.005,True,1,25;75;53,40,0,0,
346,346,Data/600MHz/sim_000346_1N-HN.out,600.0,14.091966957139045,92.0,677.7777777777778,0.05666666666666667,1.3571428571428572,5555.0,5e-09,5e-11,0.85,1.02e-10,1.86e-10,-0.00016,0.3839724354387525,22.0,1000000.0,0.005,True,1,35;63;71,40,0,0,
347,347,Data/600MHz/sim_000347_1N-HN.out,600.0,14.091966957139045,92.0,677.7777777777778,0.05666666666666667,1.7142857142857144,5555.0,5e-09,5e-11,0.85,1.02e-10,1.86e-10,-0.00016,0.3839724354387525,22.0,1000000.0,0.005,True,1,47;53;43,40,0,0,
348,348,Data/600MHz/sim_000348_1N-HN.out,600.0,14.091966957139045,92.0,677.7777777777778,0.05666666666666667,2.071428571428571,5555.0,5e-09,5e-11,0.85,1.02e-10,1.86e-10,-0.00016,0.3839724354387525,22.0,1000000.0,0.005,True,1,45;61;55,40,0,0,
349,349,Data/600MHz/sim_000349_1N-HN.out,600.0,14.091966957139045,92.0,677.7777777777778,0.05666666666666667,2.428571428571429,5555.0,5e-09,5e-11,0.85,1.02e-10,1.86e-10,-0.00016,0.3839724354387525,22.0,1000000.0,0.005,True,1,53;13;11,40,0,0,
350,350,Data/600MHz/sim_000350_1N-HN.out,600.0,14.091966957139045,92.0,677.7777777777778,0.05666666666666667,2.7857142857142856,5555.0,5e-09,5e-11,0.85,1.02e-10,1.86e-10,-0.00016,0.3839724354387525,22.0,1000000.0,0.005,True,1,19;67;5,40,0,0,
351,351,Data/600MHz/sim_000351_1N-HN.out,600.0,14.091966957139045,92.0,677.7777777777778,0.05666666666666667,3.142857142857143,5555.0,5e-09,5e-11,0.85,1.02e-10,1.86e-10,-0.00016,0.3839724354387525,22.0,1000000.0,0.005,True,1,57;27;79,40,0,0,
352,352,Data/600MHz/sim_000352_1N-HN.out,600.0,14.091966957139045,92.0,677.7777777777778,0.05666666666666667,3.5,5555.0,5e-09,5e-11,0.85,1.02e-10,1.86e-10,-0.00016,0.3839724354387525,22.0,1000000.0,0.005,True,1,79;27;13,40,0,0,
353,353,Data/600MHz/sim_000353_1N-HN.out,600.0,14.091966957139045,92.0,677.7777777777778,0.05666666666666667,3.857142857142857,5555.0,5e-09,5e-11,0.85,1.02e-10,1.86e-10,-0.00016,0.3839724354387525,22.0,1000000.0,0.005,True,1,75;55;9,40,0,0,
354,354,Data/600MHz/sim_000354_1N-HN.out,600.0,14.091966957139045,92.0,677.7777777777778,0.05666666666666667,4.214285714285714,5555.0,5e-09,5e-11,0.85,1.02e-10,1.86e-10,-0.00016,0.3839724354387525,22.0,1000000.0,0.005,True,1,9;41;37,40,0,0,
355,355,Data/600MHz/sim_000355_1N-HN.out,600.0,14.091966957139045,92.0,677.7777777777778,0.05666666666666667,4.571428571428571,5555.0,5e-09,5e-11,0.85,1.02e-10,1.86e-10,-0.00016,0.3839724354387525,22.0,1000000.0,0.005,True,1,15;3;29,40,0,0,
356,356,Data/600MHz/sim_000356_1N-HN.out,600.0,14.091966957139045,92.0,677.7777777777778,0.05666666666666667,4.928571428571429,5555.0,5e-09,5e-11,0.85,1.02e-10,1.86e-10,-0.00016,0.3839724354387525,22.0,1000000.0,0.005,True,1,11;49;77,40,0,0,
357,357,Data/600MHz/sim_000357_1N-HN.out,600.0,14.091966957139045,92.0,677.7777777777778,0.05666666666666667,5.285714285714286,5555.0,5e-09,5e-11,0.85,1.02e-10,1.86e-10,-0.00016,0.3839724354387525,22.0,1000000.0,0.005,True,1,1;15;51,40,0,0,
358,358,Data/600MHz/sim_000358_1N-HN.out,600.0,14.091966957139045,92.0,677.7777777777778,0.05666666666666667,5.642857142857143,5555.0,5e-09,5e-11,0.85,1.02e-10,1.86e-10,-0.00016,0.3839724354387525,22.0,1000000.0,0.005,True,1,27;73;61,40,0,0,
359,359,Data/600MHz/sim_000359_1N-HN.out,600.0,14.091966957139045,92.0,677.7777777777778,0.05666666666666667,6.0,5555.0,5e-09,5e-11,0.85,1.02e-10,1.86e-10,-0.00016,0.3839724354387525,22.0,1000000.0,0.005,True,1,33;67;53,40,0,0,
360,360,Data/600MHz/sim_000360_1N-HN.out,600.0,14.091966957139045,92.0,677.7777777777778,0.05888888888888889,1.0,5555.0,5e-09,5e-11,0.85,1.02e-10,1.86e-10,-0.00016,0.3839724354387525,22.0,1000000.0,0.005,True,1,63;51;79,40,0,0,
361,361,Data/600MHz/sim_000361_1N-HN.out,600.0,14.091966957139045,92.0,677.7777777777778,0.05888888888888889,1.3571428571428572,5555.0,5e-09,5e-11,0.85,1.02e-10,1.86e-10,-0.00016,0.3839724354387525,22.0,1000000.0,0.005,True,1,35;63;79,40,0,0,
362,362,Data/600MHz/sim_000362_1N-HN.out,600.0,14.091966957139045,92.0,677.7777777777778,0.05888888888888889,1.7142857142857144,5555.0,5e-09,5e-11,0.85,1.02e-10,1.86e-10,-0.00016,0.3839724354387525,22.0,1000000.0,0.005,True,1,29;27;59,40,0,0,
363,363,Data/600MHz/sim_000363_1N-HN.out,600.0,14.091966957139045,92.0,677.7777777777778,0.05888888888888889,2.071428571428571,5555.0,5e-09,5e-11,0.85,1.02e-10,1.86e-10,-0.00016,0.3839724354387525,22.0,1000000.0,0.005,True,1,39;37;69,40,0,0,
364,364,Data/600MHz/sim_000364_1N-HN.out,600.0,14.091966957139045,92.0,677.7777777777778,0.05888888888888889,2.428571428571429,5555.0,5e-09,5e-11,0.85,1.02e-10,1.86e-10,-0.00016,0.3839724354387525,22.0,1000000.0,0.005,True,1,71;19;49,40,0,0,
365,365,Data/600MHz/sim_000365_1N-HN.out,600.0,14.091966957139045,92.0,677.7777777777778,0.05888888888888889,2.7857142857142856,5555.0,5e-09,5e-11,0.85,1.02e-10,1.86e-10,-0.00016,0.3839724354387525,22.0,1000000.0,0.005,True,1,75;73;9,40,0,0,
366,366,Data/600MHz/sim_000366_1N-HN.out,600.0,14.091966957139045,92.0,677.7777777777778,0.05888888888888889,3.142857142857143,5555.0,5e-09,5e-11,0.85,1.02e-10,1.86e-10,-0.00016,0.3839724354387525,22.0,1000000.0,0.005,True,1,57;5;29,40,0,0,
367,367,Data/600MHz/sim_000367_1N-HN.out,600.0,14.091966957139045,92.0,677.7777777777778,0.05888888888888889,3.5,5555.0,5e-09,5e-11,0.85,1.02e-10,1.86e-10,-0.00016,0.3839724354387525,22.0,1000000.0,0.005,True,1,7;13;17,40,0,0,
368,368,Data/600MHz/sim_000368_1N-HN.out,600.0,14.091966957139045,92.0,677.7777777777778,0.05888888888888889,3.857142857142857,5555.0,5e-09,5e-11,0.85,1.02e-10,1.86e-10,-0.00016,0.3839724354387525,22.0,1000000.0,0.005,True,1,17;41;35,40,0,0,
369,369,Data/600MHz/sim_000369_1N-HN.out,600.0,14.091966957139045,92.0,677.7777777777778,0.05888888888888889,4.214285714285714,5555.0,5e-09,5e-11,0.85,1.02e-10,1.86e-10,-0.00016,0.3839724354387525,22.0,1000000.0,0.005,True,1,67;5;9,40,0,0,
370,370,Data/600MHz/sim_000370_1N-HN.out,600.0,14.091966957139045,92.0,677.7777777777778,0.05888888888888889,4.571428571428571,5555.0,5e-09,5e-11,0.85,1.02e-10,1.86e-10,-0.00016,0.3839724354387525,22.0,1000000.0,0.005,True,1,71;9;63,40,0,0,
371,371,Data/600MHz/sim_000371_1N-HN.out,600.0,14.091966957139045,92.0,677.7777777777778,0.05888888888888889,4.928571428571429,5555.0,5e-09,5e-11,0.85,1.02e-10,1.86e-10,-0.00016,0.3839724354387525,22.0,1000000.0,0.005,True,1,67;61;27,40,0,0,
372,372,Data/600MHz/sim_000372_1N-HN.out,600.0,14.091966957139045,92.0,677.7777777777778,0.05888888888888889,5.285714285714286,5555.0,5e-09,5e-11,0.85,1.02e-10,1.86e-10,-0.00016,0.3839724354387525,22.0,1000000.0,0.005,True,1,17;39;71,40,0,0,
373,373,Data/600MHz/sim_000373_1N-HN.out,600.0,14.091966957139045,92.0,677.7777777777778,0.05888888888888889,5.642857142857143,5555.0,5e-09,5e-11,0.85,1.02e-10,1.86e-10,-0.00016,0.3839724354387525,22.0,1000000.0,0.005,True,1,71;23;25,40,0,0,
374,374,Data/600MHz/sim_000374_1N-HN.out,600.0,14.091966957139045,92.0,677.7777777777778,0.05888888888888889,6.0,5555.0,5e-09,5e-11,0.85,1.02e-10,1.86e-10,-0.00016,0.3839724354387525,22.0,1000000.0,0.005,True,1,75;43;63,40,0,0,
375,375,Data/600MHz/sim_000375_1N-HN.out,600.0,14.091966957139045,92.0,677.7777777777778,0.061111111111111116,1.0,5555.0,5e-09,5e-11,0.85,1.02e-10,1.86e-10,-0.00016,0.3839724354387525,22.0,1000000.0,0.005,True,1,31;29;5,40,0,0,
376,376,Data/600MHz/sim_000376_1N-HN.out,600.0,14.091966957139045,92.0,677.7777777777778,0.061111111111111116,1.3571428571428572,5555.0,5e-09,5e-11,0.85,1.02e-10,1.86e-10,-0.00016,0.3839724354387525,22.0,1000000.0,0.005,True,1,51;69;75,40,0,0,
377,377,Data/600MHz/sim_000377_1N-HN.out,600.0,14.091966957139045,92.0,677.7777777777778,0.061111111111111116,1.7142857142857144,5555.0,5e-09,5e-11,0.85,1.02e-10,1.86e-10,-0.00016,0.3839724354387525,22.0,1000000.0,0.005,True,1,31;17;67,40,0,0,
378,378,Data/600MHz/sim_000378_1N-HN.out,600.0,14.091966957139045,92.0,677.7777777777778,0.061111111111111116,2.071428571428571,5555.0,5e-09,5e-11,0.85,1.02e-10,1.86e-10,-0.00016,0.3839724354387525,22.0,1000000.0,0.005,True,1,13;77;45,40,0,0,
379,379,Data/600MHz/sim_000379_1N-HN.out,600.0,14.091966957139045,92.0,677.7777777777778,0.061111111111111116,2.428571428571429,5555.0,5e-09,5e-11,0.85,1.02e-10,1.86e-10,-0.00016,0.3839724354387525,22.0,1000000.0,0.005,True,1,51;45;47,40,0,0,
380,380,Data/600MHz/sim_000380_1N-HN.out,600.0,14.091966957139045,92.0,677.7777777777778,0.061111111111111116,2.7857142857142856,5555.0,5e-09,5e-11,0.85,1.02e-10,1.86e-10,-0.00016,0.3839724354387525,22.0,1000000.0,0.005,True,1,3;31;5,40,0,0,
381,381,Data/600MHz/sim_000381_1N-HN.out,600.0,14.091966957139045,92.0,677.7777777777778,0.061111111111111116,3.142857142857143,5555.0,5e-09,5e-11,0.85,1.02e-10,1.86e-10,-0.00016,0.3839724354387525,22.0,1000000.0,0.005,True,1,27;17;45,40,0,0,
382,382,Data/600MHz/sim_000382_1N-HN.out,600.0,14.091966957139045,92.0,677.7777777777778,0.061111111111111116,3.5,5555.0,5e-09,5e-11,0.85,1.02e-10,1.86e-10,-0.00016,0.3839724354387525,22.0,1000000.0,0.005,True,1,25;17;15,40,0,0,
383,383,Data/600MHz/sim_000383_1N-HN.out,600.0,14.091966957139045,92.0,677.7777777777778,0.061111111111111116,3.857142857142857,5555.0,5e-09,5e-11,0.85,1.02e-10,1.86e-10,-0.00016,0.3839724354387525,22.0,1000000.0,0.005,True,1,73;25;57,40,0,0,
384,384,Data/600MHz/sim_000384_1N-HN.out,600.0,14.091966957139045,92.0,677.7777777777778,0.061111111111111116,4.214285714285714,5555.0,5e-09,5e-11,0.85,1.02e-10,1.86e-10,-0.00016,0.3839724354387525,22.0,1000000.0,0.005,True,1,35;39;37,40,0,0,
385,385,Data/600MHz/sim_000385_1N-HN.out,600.0,14.091966957139045,92.0,677.7777777777778,0.061111111111111116,4.571428571428571,5555.0,5e-09,5e-11,0.85,1.02e-10,1.86e-10,-0.00016,0.3839724354387525,22.0,1000000.0,0.005,True,1,21;25;1,40,0,0,
386,386,Data/600MHz/sim_000386_1N-HN.out,600.0,14.091966957139045,92.0,677.7777777777778,0.061111111111111116,4.928571428571429,5555.0,5e-09,5e-11,0.85,1.02e-10,1.86e-10,-0.00016,0.3839724354387525,22.0,1000000.0,0.005,True,1,27;33;49,40,0,0,
387,387,Data/600MHz/sim_000387_1N-HN.out,600.0,14.091966957139045,92.0,677.7777777777778,0.061111111111111116,5.285714285714286,5555.0,5e-09,5e-11,0.85,1.02e-10,1.86e-10,-0.00016,0.3839724354387525,22.0,1000000.0,0.005,True,1,77;31;59,40,0,0,
388,388,Data/600MHz/sim_000388_1N-HN.out,600.0,14.091966957139045,92.0,677.7777777777778,0.061111111111111116,5.642857142857143,5555.0,5e-09,5e-11,0.85,1.02e-10,1.86e-10,-0.00016,0.3839724354387525,22.0,1000000.0,0.005,True,1,51;13;7,40,0,0,
389,389,Data/600MHz/sim_000389_1N-HN.out,600.0,14.091966957139045,92.0,677.7777777777778,0.061111111111111116,6.0,5555.0,5e-09,5e-11,0.85,1.02e-10,1.86e-10,-0.00016,0.3839724354387525,22.0,1000000.0,0.005,True,1,41;71;3,40,0,0,
390,390,Data/600MHz/sim_000390_1N-HN.out,600.0,14.091966957139045,92.0,677.7777777777778,0.06333333333333334,1.0,5555.0,5e-09,5e-11,0.85,1.02e-10,1.86e-10,-0.00016,0.3839724354387525,22.0,1000000.0,0.005,True,1,53;77;35,40,0,0,
391,391,Data/600MHz/sim_000391_1N-HN.out,600.0,14.091966957139045,92.0,677.7777777777778,0.06333333333333334,1.3571428571428572,5555.0,5e-09,5e-11,0.85,1.02e-10,1.86e-10,-0.00016,0.3839724354387525,22.0,1000000.0,0.005,True,1,15;17;7,40,0,0,
392,392,Data/600MHz/sim_000392_1N-HN.out,600.0,14.091966957139045,92.0,677.7777777777778,0.06333333333333334,1.7142857142857144,5555.0,5e-09,5e-11,0.85,1.02e-10,1.86e-10,-0.00016,0.3839724354387525,22.0,1000000.0,0.005,True,1,77;61;43,40,0,0,
393,393,Data/600MHz/sim_000393_1N-HN.out,600.0,14.091966957139045,92.0,677.7777777777778,0.06333333333333334,2.071428571428571,5555.0,5e-09,5e-11,0.85,1.02e-10,1.86e-10,-0.00016,0.3839724354387525,22.0,1000000.0,0.005,True,1,9;13;23,40,0,0,
394,394,Data/600MHz/sim_000394_1N-HN.out,600.0,14.091966957139045,92.0,677.7777777777778,0.06333333333333334,2.428571428571429,5555.0,5e-09,5e-11,0.85,1.02e-10,1.86e-10,-0.00016,0.3839724354387525,22.0,1000000.0,0.005,True,1,41;65;1,40,0,0,
395,395,Data/600MHz/sim_000395_1N-HN.out,600.0,14.091966957139045,92.0,677.7777777777778,0.06333333333333334,2.7857142857142856,5555.0,5e-09,5e-11,0.85,1.02e-10,1.86e-10,-0.00016,0.3839724354387525,22.0,1000000.0,0.005,True,1,25;75;9,40,0,0,
396,396,Data/600MHz/sim_000396_1N-HN.out,600.0,14.091966957139045,92.0,677.7777777777778,0.06333333333333334,3.142857142857143,5555.0,5e-09,5e-11,0.85,1.02e-10,1.86e-10,-0.00016,0.3839724354387525,22.0,1000000.0,0.005,True,1,27;11;15,40,0,0,
397,397,Data/600MHz/sim_000397_1N-HN.out,600.0,14.091966957139045,92.0,677.7777777777778,0.06333333333333334,3.5,5555.0,5e-09,5e-11,0.85,1.02e-10,1.86e-10,-0.00016,0.3839724354387525,22.0,1000000.0,0.005,True,1,43;33;45,40,0,0,
398,398,Data/600MHz/sim_000398_1N-HN.out,600.0,14.091966957139045,92.0,677.7777777777778,0.06333333333333334,3.857142857142857,5555.0,5e-09,5e-11,0.85,1.02e-10,1.86e-10,-0.00016,0.3839724354387525,22.0,1000000.0,0.005,True,1,11;49;53,40,0,0,
399,399,Data/600MHz/sim_000399_1N-HN.out,600.0,14.091966957139045,92.0,677.7777777777778,0.06333333333333334,4.214285714285714,5555.0,5e-09,5e-11,0.85,1.02e-10,1.86e-10,-0.00016,0.3839724354387525,22.0,1000000.0,0.005,True,1,69;21;25,40,0,0,
400,400,Data/600MHz/sim_000400_1N-HN.out,600.0,14.091966957139045,92.0,677.7777777777778,0.06333333333333334,4.571428571428571,5555.0,5e-09,5e-11,0.85,1.02e-10,1.86e-10,-0.00016,0.3839724354387525,22.0,1000000.0,0.005,True,1,59;73;5,40,0,0,
401,401,Data/600MHz/sim_000401_1N-HN.out,600.0,14.091966957139045,92.0,677.7777777777778,0.06333333333333334,4.928571428571429,5555.0,5e-09,5e-11,0.85,1.02e-10,1.86e-10,-0.00016,0.3839724354387525,22.0,1000000.0,0.005,True,1,35;45;61,40,0,0,
402,402,Data/600MHz/sim_000402_1N-HN.out,600.0,14.091966957139045,92.0,677.7777777777778,0.06333333333333334,5.285714285714286,5555.0,5e-09,5e-11,0.85,1.02e-10,1.86e-10,-0.00016,0.3839724354387525,22.0,1000000.0,0.005,True,1,29;53;13,40,0,0,
403,403,Data/600MHz/sim_000403_1N-HN.out,600.0,14.091966957139045,92.0,677.7777777777778,0.06333333333333334,5.642857142857143,5555.0,5e-09,5e-11,0.85,1.02e-10,1.86e-10,-0.00016,0.3839724354387525,22.0,1000000.0,0.005,True,1,63;15;71,40,0,0,
404,404,Data/600MHz/sim_000404_1N-HN.out,600.0,14.091966957139045,92.0,677.7777777777778,0.06333333333333334,6.0,5555.0,5e-09,5e-11,0.85,1.02e-10,1.86e-10,-0.00016,0.3839724354387525,22.0,1000000.0,0.005,True,1,65;75;41,40,0,0,
405,405,Data/600MHz/sim_000405_1N-HN.out,600.0,14.091966957139045,92.0,677.7777777777778,0.06555555555555556,1.0,5555.0,5e-09,5e-11,0.85,1.02e-10,1.86e-10,-0.00016,0.3839724354387525,22.0,1000000.0,0.005,True,1,73;9;51,40,0,0,
406,406,Data/600MHz/sim_000406_1N-HN.out,600.0,14.091966957139045,92.0,677.7777777777778,0.06555555555555556,1.3571428571428572,5555.0,5e-09,5e-11,0.85,1.02e-10,1.86e-10,-0.00016,0.3839724354387525,22.0,1000000.0,0.005,True,1,29;61;43,40,0,0,
407,407,Data/600MHz/sim_000407_1N-HN.out,600.0,14.091966957139045,92.0,677.7777777777778,0.06555555555555556,1.7142857142857144,5555.0,5e-09,5e-11,0.85,1.02e-10,1.86e-10,-0.00016,0.3839724354387525,22.0,1000000.0,0.005,True,1,7;13;55,40,0,0,
408,408,Data/600MHz/sim_000408_1N-HN.out,600.0,14.091966957139045,92.0,677.7777777777778,0.06555555555555556,2.071428571428571,5555.0,5e-09,5e-11,0.85,1.02e-10,1.86e-10,-0.00016,0.3839724354387525,22.0,1000000.0,0.005,True,1,39;9;19,40,0,0,
409,409,Data/600MHz/sim_000409_1N-HN.out,600.0,14.091966957139045,92.0,677.7777777777778,0.06555555555555556,2.428571428571429,5555.0,5e-09,5e-11,0.85,1.02e-10,1.86e-10,-0.00016,0.3839724354387525,22.0,1000000.0,0.005,True,1,37;5;23,40,0,0,
410,410,Data/600MHz/sim_000410_1N-HN.out,600.0,14.091966957139045,92.0,677.7777777777778,0.06555555555555556,2.7857142857142856,5555.0,5e-09,5e-11,0.85,1.02e-10,1.86e-10,-0.00016,0.3839724354387525,22.0,1000000.0,0.005,True,1,53;61;17,40,0,0,
411,411,Data/600MHz/sim_000411_1N-HN.out,600.0,14.091966957139045,92.0,677.7777777777778,0.06555555555555556,3.142857142857143,5555.0,5e-09,5e-11,0.85,1.02e-10,1.86e-10,-0.00016,0.3839724354387525,22.0,1000000.0,0.005,True,1,29;71;19,40,0,0,
412,412,Data/600MHz/sim_000412_1N-HN.out,600.0,14.091966957139045,92.0,677.7777777777778,0.06555555555555556,3.5,5555.0,5e-09,5e-11,0.85,1.02e-10,1.86e-10,-0.00016,0.3839724354387525,22.0,1000000.0,0.005,True,1,45;5;51,40,0,0,
413,413,Data/600MHz/sim_000413_1N-HN.out,600.0,14.091966957139045,92.0,677.7777777777778,0.06555555555555556,3.857142857142857,5555.0,5e-09,5e-11,0.85,1.02e-10,1.86e-10,-0.00016,0.3839724354387525,22.0,1000000.0,0.005,True,1,33;73;29,40,0,0,
414,414,Data/600MHz/sim_000414_1N-HN.out,600.0,14.091966957139045,92.0,677.7777777777778,0.06555555555555556,4.214285714285714,5555.0,5e-09,5e-11,0.85,1.02e-10,1.86e-10,-0.00016,0.3839724354387525,22.0,1000000.0,0.005,True,1,41;33;43,40,0,0,
415,415,Data/600MHz/sim_000415_1N-HN.out,600.0,14.091966957139045,92.0,677.7777777777778,0.06555555555555556,4.571428571428571,5555.0,5e-09,5e-11,0.85,1.02e-10,1.86e-10,-0.00016,0.3839724354387525,22.0,1000000.0,0.005,True,1,45;7;55,40,0,0,
416,416,Data/600MHz/sim_000416_1N-HN.out,600.0,14.091966957139045,92.0,677.7777777777778,0.06555555555555556,4.928571428571429,5555.0,5e-09,5e-11,0.85,1.02e-10,1.86e-10,-0.00016,0.3839724354387525,22.0,1000000.0,0.005,True,1,27;59;21,40,0,0,
417,417,Data/600MHz/sim_000417_1N-HN.out,600.0,14.091966957139045,92.0,677.7777777777778,0.06555555555555556,5.285714285714286,5555.0,5e-09,5e-11,0.85,1.02e-10,1.86e-10,-0.00016,0.3839724354387525,22.0,1000000.0,0.005,True,1,75;47;71,40,0,0,
418,418,Data/600MHz/sim_000418_1N-HN.out,600.0,14.091966957139045,92.0,677.7777777777778,0.06555555555555556,5.642857142857143,5555.0,5e-09,5e-11,0.85,1.02e-10,1.86e-10,-0.00016,0.3839724354387525,22.0,1000000.0,0.005,True,1,61;11;17,40,0,0,
419,419,Data/600MHz/sim_000419_1N-HN.out,600.0,14.091966957139045,92.0,677.7777777777778,0.06555555555555556,6.0,5555.0,5e-09,5e-11,0.85,1.02e-10,1.86e-10,-0.00016,0.3839724354387525,22.0,1000000.0,0.005,True,1,55;37;39,40,0,0,
420,420,Data/600MHz/sim_000420_1N-HN.out,600.0,14.091966957139045,92.0,677.7777777777778,0.06777777777777778,1.0,5555.0,5e-09,5e-11,0.85,1.02e-10,1.86e-10,-0.00016,0.3839724354387525,22.0,1000000.0,0.005,True,1,51;73;11,40,0,0,
421,421,Data/600MHz/sim_000421_1N-HN.out,600.0,14.091966957139045,92.0,677.7777777777778,0.06777777777777778,1.3571428571428572,5555.0,5e-09,5e-11,0.85,1.02e-10,1.86e-10,-0.00016,0.3839724354387525,22.0,1000000.0,0.005,True,1,67;35;73,40,0,0,
422,422,Data/600MHz/sim_000422_1N-HN.out,600.0,14.091966957139045,92.0,677.7777777777778,0.06777777777777778,1.7142857142857144,5555.0,5e-09,5e-11,0.85,1.02e-10,1.86e-10,-0.00016,0.3839724354387525,22.0,1000000.0,0.005,True,1,1;13;39,40,0,0,
423,423,Data/600MHz/sim_000423_1N-HN.out,600.0,14.091966957139045,92.0,677.7777777777778,0.06777777777777778,2.071428571428571,5555.0,5e-09,5e-11,0.85,1.02e-10,1.86e-10,-0.00016,0.3839724354387525,22.0,1000000.0,0.005,True,1,5;15;23,40,0,0,
424,424,Data/600MHz/sim_000424_1N-HN.out,600.0,14.091966957139045,92.0,677.7777777777778,0.06777777777777778,2.428571428571429,5555.0,5e-09,5e-11,0.85,1.02e-10,1.86e-10,-0.00016,0.3839724354387525,22.0,1000000.0,0.005,True,1,13;15;17,40,0,0,
425,425,Data/600MHz/sim_000425_1N-HN.out,600.0,14.091966957139045,92.0,677.7777777777778,0.06777777777777778,2.7857142857142856,5555.0,5e-09,5e-11,0.85,1.02e-10,1.86e-10,-0.00016,0.3839724354387525,22.0,1000000.0,0.005,True,1,73;55;77,40,0,0,
426,426,Data/600MHz/sim_000426_1N-HN.out,600.0,14.091966957139045,92.0,677.7777777777778,0.06777777777777778,3.142857142857143,5555.0,5e-09,5e-11,0.85,1.02e-10,1.86e-10,-0.00016,0.3839724354387525,22.0,1000000.0,0.005,True,1,75;59;49,40,0,0,
427,427,Data/600MHz/sim_000427_1N-HN.out,600.0,14.091966957139045,92.0,677.7777777777778,0.06777777777777778,3.5,5555.0,5e-09,5e-11,0.85,1.02e-10,1.86e-10,-0.00016,0.3839724354387525,22.0,1000000.0,0.005,True,1,79;51;57,40,0,0,
428,428,Data/600MHz/sim_000428_1N-HN.out,600.0,14.091966957139045,92.0,677.7777777777778,0.06777777777777778,3.857142857142857,5555.0,5e-09,5e-11,0.85,1.02e-10,1.86e-10,-0.00016,0.3839724354387525,22.0,1000000.0,0.005,True,1,55;3;77,40,0,0,
429,429,Data/600MHz/sim_000429_1N-HN.out,600.0,14.091966957139045,92.0,677.7777777777778,0.06777777777777778,4.214285714285714,5555.0,5e-09,5e-11,0.85,1.02e-10,1.86e-10,-0.00016,0.3839724354387525,22.0,1000000.0,0.005,True,1,39;63;9,40,0,0,
430,430,Data/600MHz/sim_000430_1N-HN.out,600.0,14.091966957139045,92.0,677.7777777777778,0.06777777777777778,4.571428571428571,5555.0,5e-09,5e-11,0.85,1.02e-10,1.86e-10,-0.00016,0.3839724354387525,22.0,1000000.0,0.005,True,1,47;45;25,40,0,0,
431,431,Data/600MHz/sim_000431_1N-HN.out,600.0,14.091966957139045,92.0,677.7777777777778,0.06777777777777778,4.928571428571429,5555.0,5e-09,5e-11,0.85,1.02e-10,1.86e-10,-0.00016,0.3839724354387525,22.0,1000000.0,0.005,True,1,17;57;49,40,0,0,
432,432,Data/600MHz/sim_000432_1N-HN.out,600.0,14.091966957139045,92.0,677.7777777777778,0.06777777777777778,5.285714285714286,5555.0,5e-09,5e-11,0.85,1.02e-10,1.86e-10,-0.00016,0.3839724354387525,22.0,1000000.0,0.005,True,1,31;9;19,40,0,0,
433,433,Data/600MHz/sim_000433_1N-HN.out,600.0,14.091966957139045,92.0,677.7777777777778,0.06777777777777778,5.642857142857143,5555.0,5e-09,5e-11,0.85,1.02e-10,1.86e-10,-0.00016,0.3839724354387525,22.0,1000000.0,0.005,True,1,13;21;47,40,0,0,
434,434,Data/600MHz/sim_000434_1N-HN.out,600.0,14.091966957139045,92.0,677.7777777777778,0.06777777777777778,6.0,5555.0,5e-09,5e-11,0.85,1.02e-10,1.86e-10,-0.00016,0.3839724354387525,22.0,1000000.0,0.005,True,1,39;73;29,40,0,0,
435,435,Data/600MHz/sim_000435_1N-HN.out,600.0,14.091966957139045,92.0,677.7777777777778,0.07,1.0,5555.0,5e-09,5e-11,0.85,1.02e-10,1.86e-10,-0.00016,0.3839724354387525,22.0,1000000.0,0.005,True,1,31;67;29,40,0,0,
436,436,Data/600MHz/sim_000436_1N-HN.out,600.0,14.091966957139045,92.0,677.7777777777778,0.07,1.3571428571428572,5555.0,5e-09,5e-11,0.85,1.02e-10,1.86e-10,-0.00016,0.3839724354387525,22.0,1000000.0,0.005,True,1,29;79;27,40,0,0,
437,437,Data/600MHz/sim_000437_1N-HN.out,600.0,14.091966957139045,92.0,677.7777777777778,0.07,1.7142857142857144,5555.0,5e-09,5e-11,0.85,1.02e-10,1.86e-10,-0.00016,0.3839724354387525,22.0,1000000.0,0.005,True,1,5;37;1,40,0,0,
438,438,Data/600MHz/sim_000438_1N-HN.out,600.0,14.091966957139045,92.0,677.7777777777778,0.07,2.071428571428571,5555.0,5e-09,5e-11,0.85,1.02e-10,1.86e-10,-0.00016,0.3839724354387525,22.0,1000000.0,0.005,True,1,27;69;15,40,0,0,
439,439,Data/600MHz/sim_000439_1N-HN.out,600.0,14.091966957139045,92.0,677.7777777777778,0.07,2.428571428571429,5555.0,5e-09,5e-11,0.85,1.02e-10,1.86e-10,-0.00016,0.3839724354387525,22.0,1000000.0,0.005,True,1,55;1;73,40,0,0,
440,440,Data/600MHz/sim_000440_1N-HN.out,600.0,14.091966957139045,92.0,677.7777777777778,0.07,2.7857142857142856,5555.0,5e-09,5e-11,0.85,1.02e-10,1.86e-10,-0.00016,0.3839724354387525,22.0,1000000.0,0.005,True,1,49;13;39,40,0,0,
441,441,Data/600MHz/sim_000441_1N-HN.out,600.0,14.091966957139045,92.0,677.7777777777778,0.07,3.142857142857143,5555.0,5e-09,5e-11,0.85,1.02e-10,1.86e-10,-0.00016,0.3839724354387525,22.0,1000000.0,0.005,True,1,19;77;25,40,0,0,
442,442,Data/600MHz/sim_000442_1N-HN.out,600.0,14.091966957139045,92.0,677.7777777777778,0.07,3.5,5555.0,5e-09,5e-11,0.85,1.02e-10,1.86e-10,-0.00016,0.3839724354387525,22.0,1000000.0,0.005,True,1,43;47;57,40,0,0,
443,443,Data/600MHz/sim_000443_1N-HN.out,600.0,14.091966957139045,92.0,677.7777777777778,0.07,3.857142857142857,5555.0,5e-09,5e-11,0.85,1.02e-10,1.86e-10,-0.00016,0.3839724354387525,22.0,1000000.0,0.005,True,1,41;1;49,40,0,0,
444,444,Data/600MHz/sim_000444_1N-HN.out,600.0,14.091966957139045,92.0,677.7777777777778,0.07,4.214285714285714,5555.0,5e-09,5e-11,0.85,1.02e-10,1.86e-10,-0.00016,0.3839724354387525,22.0,1000000.0,0.005,True,1,7;17;21,40,0,0,
445,445,Data/600MHz/sim_000445_1N-HN.out,600.0,14.091966957139045,92.0,677.7777777777778,0.07,4.571428571428571,5555.0,5e-09,5e-11,0.85,1.02e-10,1.86e-10,-0.00016,0.3839724354387525,22.0,1000000.0,0.005,True,1,71;27;49,40,0,0,
446,446,Data/600MHz/sim_000446_1N-HN.out,600.0,14.091966957139045,92.0,677.7777777777778,0.07,4.928571428571429,5555.0,5e-09,5e-11,0.85,1.02e-10,1.86e-10,-0.00016,0.3839724354387525,22.0,1000000.0,0.005,True,1,37;29;41,40,0,0,
447,447,Data/600MHz/sim_000447_1N-HN.out,600.0,14.091966957139045,92.0,677.7777777777778,0.07,5.285714285714286,5555.0,5e-09,5e-11,0.85,1.02e-10,1.86e-10,-0.00016,0.3839724354387525,22.0,1000000.0,0.005,True,1,1;79;33,40,0,0,
448,448,Data/600MHz/sim_000448_1N-HN.out,600.0,14.091966957139045,92.0,677.7777777777778,0.07,5.642857142857143,5555.0,5e-09,5e-11,0.85,1.02e-10,1.86e-10,-0.00016,0.3839724354387525,22.0,1000000.0,0.005,True,1,17;61;37,40,0,0,
449,449,Data/600MHz/sim_000449_1N-HN.out,600.0,14.091966957139045,92.0,677.7777777777778,0.07,6.0,5555.0,5e-09,5e-11,0.85,1.02e-10,1.86e-10,-0.00016,0.3839724354387525,22.0,1000000.0,0.005,True,1,57;15;73,40,0,0,
450,450,Data/600MHz/sim_000450_1N-HN.out,600.0,14.091966957139045,92.0,866.6666666666666,0.05,1.0,5555.0,5e-09,5e-11,0.85,1.02e-10,1.86e-10,-0.00016,0.3839724354387525,22.0,1000000.0,0.005,True,1,45;3;39,40,0,0,
451,451,Data/600MHz/sim_000451_1N-HN.out,600.0,14.091966957139045,92.0,866.6666666666666,0.05,1.3571428571428572,5555.0,5e-09,5e-11,0.85,1.02e-10,1.86e-10,-0.00016,0.3839724354387525,22.0,1000000.0,0.005,True,1,7;71;69,40,0,0,
452,452,Data/600MHz/sim_000452_1N-HN.out,600.0,14.091966957139045,92.0,866.6666666666666,0.05,1.7142857142857144,5555.0,5e-09,5e-11,0.85,1.02e-10,1.86e-10,-0.00016,0.3839724354387525,22.0,1000000.0,0.005,True,1,15;11;9,40,0,0,
453,453,Data/600MHz/sim_000453_1N-HN.out,600.0,14.091966957139045,92.0,866.6666666666666,0.05,2.071428571428571,5555.0,5e-09,5e-11,0.85,1.02e-10,1.86e-10,-0.00016,0.3839724354387525,22.0,1000000.0,0.005,True,1,63;67;57,40,0,0,
454,454,Data/600MHz/sim_000454_1N-HN.out,600.0,14.091966957139045,92.0,866.6666666666666,0.05,2.428571428571429,5555.0,5e-09,5e-11,0.85,1.02e-10,1.86e-10,-0.00016,0.3839724354387525,22.0,1000000.0,0.005,True,1,79;59;27,40,0,0,
455,455,Data/600MHz/sim_000455_1N-HN.out,600.0,14.091966957139045,92.0,866.6666666666666,0.05,2.7857142857142856,5555.0,5e-09,5e-11,0.85,1.02e-10,1.86e-10,-0.00016,0.3839724354387525,22.0,1000000.0,0.005,True,1,21;77;51,40,0,0,
456,456,Data/600MHz/sim_000456_1N-HN.out,600.0,14.091966957139045,92.0,866.6666666666666,0.05,3.142857142857143,5555.0,5e-09,5e-11,0.85,1.02e-10,1.86e-10,-0.00016,0.3839724354387525,22.0,1000000.0,0.005,True,1,13;51;67,40,0,0,
457,457,Data/600MHz/sim_000457_1N-HN.out,600.0,14.091966957139045,92.0,866.6666666666666,0.05,3.5,5555.0,5e-09,5e-11,0.85,1.02e-10,1.86e-10,-0.00016,0.3839724354387525,22.0,1000000.0,0.005,True,1,47;37;39,40,0,0,
458,458,Data/600MHz/sim_000458_1N-HN.out,600.0,14.091966957139045,92.0,866.6666666666666,0.05,3.857142857142857,5555.0,5e-09,5e-11,0.85,1.02e-10,1.86e-10,-0.00016,0.3839724354387525,22.0,1000000.0,0.005,True,1,1;57;39,40,0,0,
459,459,Data/600MHz/sim_000459_1N-HN.out,600.0,14.091966957139045,92.0,866.6666666666666,0.05,4.214285714285714,5555.0,5e-09,5e-11,0.85,1.02e-10,1.86e-10,-0.00016,0.3839724354387525,22.0,1000000.0,0.005,True,1,45;77;57,40,0,0,
460,460,Data/600MHz/sim_000460_1N-HN.out,600.0,14.091966957139045,92.0,866.6666666666666,0.05,4.571428571428571,5555.0,5e-09,5e-11,0.85,1.02e-10,1.86e-10,-0.00016,0.3839724354387525,22.0,1000000.0,0.005,True,1,23;15;75,40,0,0,
461,461,Data/600MHz/sim_000461_1N-HN.out,600.0,14.091966957139045,92.0,866.6666666666666,0.05,4.928571428571429,5555.0,5e-09,5e-11,0.85,1.02e-10,1.86e-10,-0.00016,0.3839724354387525,22.0,1000000.0,0.005,True,1,1;27;13,40,0,0,
462,462,Data/600MHz/sim_000462_1N-HN.out,600.0,14.091966957139045,92.0,866.6666666666666,0.05,5.285714285714286,5555.0,5e-09,5e-11,0.85,1.02e-10,1.86e-10,-0.00016,0.3839724354387525,22.0,1000000.0,0.005,True,1,39;35;23,40,0,0,
463,463,Data/600MHz/sim_000463_1N-HN.out,600.0,14.091966957139045,92.0,866.6666666666666,0.05,5.642857142857143,5555.0,5e-09,5e-11,0.85,1.02e-10,1.86e-10,-0.00016,0.3839724354387525,22.0,1000000.0,0.005,True,1,73;7;57,40,0,0,
464,464,Data/600MHz/sim_000464_1N-HN.out,600.0,14.091966957139045,92.0,866.6666666666666,0.05,6.0,5555.0,5e-09,5e-11,0.85,1.02e-10,1.86e-10,-0.00016,0.3839724354387525,22.0,1000000.0,0.005,True,1,17;13;41,40,0,0,
465,465,Data/600MHz/sim_000465_1N-HN.out,600.0,14.091966957139045,92.0,866.6666666666666,0.052222222222222225,1.0,5555.0,5e-09,5e-11,0.85,1.02e-10,1.86e-10,-0.00016,0.3839724354387525,22.0,1000000.0,0.005,True,1,77;1;23,40,0,0,
466,466,Data/600MHz/sim_000466_1N-HN.out,600.0,14.091966957139045,92.0,866.6666666666666,0.052222222222222225,1.3571428571428572,5555.0,5e-09,5e-11,0.85,1.02e-10,1.86e-10,-0.00016,0.3839724354387525,22.0,1000000.0,0.005,True,1,25;15;7,40,0,0,
467,467,Data/600MHz/sim_000467_1N-HN.out,600.0,14.091966957139045,92.0,866.6666666666666,0.052222222222222225,1.7142857142857144,5555.0,5e-09,5e-11,0.85,1.02e-10,1.86e-10,-0.00016,0.3839724354387525,22.0,1000000.0,0.005,True,1,39;23;65,40,0,0,
468,468,Data/600MHz/sim_000468_1N-HN.out,600.0,14.091966957139045,92.0,866.6666666666666,0.052222222222222225,2.071428571428571,5555.0,5e-09,5e-11,0.85,1.02e-10,1.86e-10,-0.00016,0.3839724354387525,22.0,1000000.0,0.005,True,1,5;45;53,40,0,0,
469,469,Data/600MHz/sim_000469_1N-HN.out,600.0,14.091966957139045,92.0,866.6666666666666,0.052222222222222225,2.428571428571429,5555.0,5e-09,5e-11,0.85,1.02e-10,1.86e-10,-0.00016,0.3839724354387525,22.0,1000000.0,0.005,True,1,11;53;7,40,0,0,
470,470,Data/600MHz/sim_000470_1N-HN.out,600.0,14.091966957139045,92.0,866.6666666666666,0.052222222222222225,2.7857142857142856,5555.0,5e-09,5e-11,0.85,1.02e-10,1.86e-10,-0.00016,0.3839724354387525,22.0,1000000.0,0.005,True,1,31;9;59,40,0,0,
471,471,Data/600MHz/sim_000471_1N-HN.out,600.0,14.091966957139045,92.0,866.6666666666666,0.052222222222222225,3.142857142857143,5555.0,5e-09,5e-11,0.85,1.02e-10,1.86e-10,-0.00016,0.3839724354387525,22.0,1000000.0,0.005,True,1,43;37;23,40,0,0,
472,472,Data/600MHz/sim_000472_1N-HN.out,600.0,14.091966957139045,92.0,866.6666666666666,0.052222222222222225,3.5,5555.0,5e-09,5e-11,0.85,1.02e-10,1.86e-10,-0.00016,0.3839724354387525,22.0,1000000.0,0.005,True,1,35;5;77,40,0,0,
473,473,Data/600MHz/sim_000473_1N-HN.out,600.0,14.091966957139045,92.0,866.6666666666666,0.052222222222222225,3.857142857142857,5555.0,5e-09,5e-11,0.85,1.02e-10,1.86e-10,-0.00016,0.3839724354387525,22.0,1000000.0,0.005,True,1,51;17;71,40,0,0,
474,474,Data/600MHz/sim_000474_1N-HN.out,600.0,14.091966957139045,92.0,866.6666666666666,0.052222222222222225,4.214285714285714,5555.0,5e-09,5e-11,0.85,1.02e-10,1.86e-10,-0.00016,0.3839724354387525,22.0,1000000.0,0.005,True,1,59;77;13,40,0,0,
475,475,Data/600MHz/sim_000475_1N-HN.out,600.0,14.091966957139045,92.0,866.6666666666666,0.052222222222222225,4.571428571428571,5555.0,5e-09,5e-11,0.85,1.02e-10,1.86e-10,-0.00016,0.3839724354387525,22.0,1000000.0,0.005,True,1,33;15;67,40,0,0,
476,476,Data/600MHz/sim_000476_1N-HN.out,600.0,14.091966957139045,92.0,866.6666666666666,0.052222222222222225,4.928571428571429,5555.0,5e-09,5e-11,0.85,1.02e-10,1.86e-10,-0.00016,0.3839724354387525,22.0,1000000.0,0.005,True,1,45;11;67,40,0,0,
477,477,Data/600MHz/sim_000477_1N-HN.out,600.0,14.091966957139045,92.0,866.6666666666666,0.052222222222222225,5.285714285714286,5555.0,5e-09,5e-11,0.85,1.02e-10,1.86e-10,-0.00016,0.3839724354387525,22.0,1000000.0,0.005,True,1,5;9;37,40,0,0,
478,478,Data/600MHz/sim_000478_1N-HN.out,600.0,14.091966957139045,92.0,866.6666666666666,0.052222222222222225,5.642857142857143,5555.0,5e-09,5e-11,0.85,1.02e-10,1.86e-10,-0.00016,0.3839724354387525,22.0,1000000.0,0.005,True,1,69;77;23,40,0,0,
479,479,Data/600MHz/sim_000479_1N-HN.out,600.0,14.091966957139045,92.0,866.6666666666666,0.052222222222222225,6.0,5555.0,5e-09,5e-11,0.85,1.02e-10,1.86e-10,-0.00016,0.3839724354387525,22.0,1000000.0,0.005,True,1,51;77;73,40,0,0,
480,480,Data/600MHz/sim_000480_1N-HN.out,600.0,14.091966957139045,92.0,866.6666666666666,0.05444444444444445,1.0,5555.0,5e-09,5e-11,0.85,1.02e-10,1.86e-10,-0.00016,0.3839724354387525,22.0,1000000.0,0.005,True,1,77;59;33,40,0,0,
481,481,Data/600MHz/sim_000481_1N-HN.out,600.0,14.091966957139045,92.0,866.6666666666666,0.05444444444444445,1.3571428571428572,5555.0,5e-09,5e-11,0.85,1.02e-10,1.86e-10,-0.00016,0.3839724354387525,22.0,1000000.0,0.005,True,1,31;5;45,40,0,0,
482,482,Data/600MHz/sim_000482_1N-HN.out,600.0,14.091966957139045,92.0,866.6666666666666,0.05444444444444445,1.7142857142857144,5555.0,5e-09,5e-11,0.85,1.02e-10,1.86e-10,-0.00016,0.3839724354387525,22.0,1000000.0,0.005,True,1,55;33;25,40,0,0,
483,483,Data/600MHz/sim_000483_1N-HN.out,600.0,14.091966957139045,92.0,866.6666666666666,0.05444444444444445,2.071428571428571,5555.0,5e-09,5e-11,0.85,1.02e-10,1.86e-10,-0.00016,0.3839724354387525,22.0,1000000.0,0.005,True,1,43;23;73,40,0,0,
484,484,Data/600MHz/sim_000484_1N-HN.out,600.0,14.091966957139045,92.0,866.6666666666666,0.05444444444444445,2.428571428571429,5555.0,5e-09,5e-11,0.85,1.02e-10,1.86e-10,-0.00016,0.3839724354387525,22.0,1000000.0,0.005,True,1,27;15;3,40,0,0,
485,485,Data/600MHz/sim_000485_1N-HN.out,600.0,14.091966957139045,92.0,866.6666666666666,0.05444444444444445,2.7857142857142856,5555.0,5e-09,5e-11,0.85,1.02e-10,1.86e-10,-0.00016,0.3839724354387525,22.0,1000000.0,0.005,True,1,73;53;21,40,0,0,
486,486,Data/600MHz/sim_000486_1N-HN.out,600.0,14.091966957139045,92.0,866.6666666666666,0.05444444444444445,3.142857142857143,5555.0,5e-09,5e-11,0.85,1.02e-10,1.86e-10,-0.00016,0.3839724354387525,22.0,1000000.0,0.005,True,1,49;77;17,40,0,0,
487,487,Data/600MHz/sim_000487_1N-HN.out,600.0,14.091966957139045,92.0,866.6666666666666,0.05444444444444445,3.5,5555.0,5e-09,5e-11,0.85,1.02e-10,1.86e-10,-0.00016,0.3839724354387525,22.0,1000000.0,0.005,True,1,53;57;49,40,0,0,
488,488,Data/600MHz/sim_000488_1N-HN.out,600.0,14.091966957139045,92.0,866.6666666666666,0.05444444444444445,3.857142857142857,5555.0,5e-09,5e-11,0.85,1.02e-10,1.86e-10,-0.00016,0.3839724354387525,22.0,1000000.0,0.005,True,1,55;29;39,40,0,0,
489,489,Data/600MHz/sim_000489_1N-HN.out,600.0,14.091966957139045,92.0,866.6666666666666,0.05444444444444445,4.214285714285714,5555.0,5e-09,5e-11,0.85,1.02e-10,1.86e-10,-0.00016,0.3839724354387525,22.0,1000000.0,0.005,True,1,5;31;63,40,0,0,
490,490,Data/600MHz/sim_000490_1N-HN.out,600.0,14.091966957139045,92.0,866.6666666666666,0.05444444444444445,4.571428571428571,5555.0,5e-09,5e-11,0.85,1.02e-10,1.86e-10,-0.00016,0.3839724354387525,22.0,1000000.0,0.005,True,1,41;73;69,40,0,0,
491,491,Data/600MHz/sim_000491_1N-HN.out,600.0,14.091966957139045,92.0,866.6666666666666,0.05444444444444445,4.928571428571429,5555.0,5e-09,5e-11,0.85,1.02e-10,1.86e-10,-0.00016,0.3839724354387525,22.0,1000000.0,0.005,True,1,9;51;63,40,0,0,
492,492,Data/600MHz/sim_000492_1N-HN.out,600.0,14.091966957139045,92.0,866.6666666666666,0.05444444444444445,5.285714285714286,5555.0,5e-09,5e-11,0.85,1.02e-10,1.86e-10,-0.00016,0.3839724354387525,22.0,1000000.0,0.005,True,1,35;21;43,40,0,0,
493,493,Data/600MHz/sim_000493_1N-HN.out,600.0,14.091966957139045,92.0,866.6666666666666,0.05444444444444445,5.642857142857143,5555.0,5e-09,5e-11,0.85,1.02e-10,1.86e-10,-0.00016,0.3839724354387525,22.0,1000000.0,0.005,True,1,47;35;63,40,0,0,
494,494,Data/600MHz/sim_000494_1N-HN.out,600.0,14.091966957139045,92.0,866.6666666666666,0.05444444444444445,6.0,5555.0,5e-09,5e-11,0.85,1.02e-10,1.86e-10,-0.00016,0.3839724354387525,22.0,1000000.0,0.005,True,1,11;55;45,40,0,0,
495,495,Data/600MHz/sim_000495_1N-HN.out,600.0,14.091966957139045,92.0,866.6666666666666,0.05666666666666667,1.0,5555.0,5e-09,5e-11,0.85,1.02e-10,1.86e-10,-0.00016,0.3839724354387525,22.0,1000000.0,0.005,True,1,67;37;57,40,0,0,
496,496,Data/600MHz/sim_000496_1N-HN.out,600.0,14.091966957139045,92.0,866.6666666666666,0.05666666666666667,1.3571428571428572,5555.0,5e-09,5e-11,0.85,1.02e-10,1.86e-10,-0.00016,0.3839724354387525,22.0,1000000.0,0.005,True,1,23;9;27,40,0,0,
497,497,Data/600MHz/sim_000497_1N-HN.out,600.0,14.091966957139045,92.0,866.6666666666666,0.05666666666666667,1.7142857142857144,5555.0,5e-09,5e-11,0.85,1.02e-10,1.86e-10,-0.00016,0.3839724354387525,22.0,1000000.0,0.005,True,1,61;3;13,40,0,0,
498,498,Data/600MHz/sim_000498_1N-HN.out,600.0,14.091966957139045,92.0,866.6666666666666,0.05666666666666667,2.071428571428571,5555.0,5e-09,5e-11,0.85,1.02e-10,1.86e-10,-0.00016,0.3839724354387525,22.0,1000000.0,0.005,True,1,35;77;33,40,0,0,
499,499,Data/600MHz/sim_000499_1N-HN.out,600.0,14.091966957139045,92.0,866.6666666666666,0.05666666666666667,2.428571428571429,5555.0,5e-09,5e-11,0.85,1.02e-10,1.86e-10,-0.00016,0.3839724354387525,22.0,1000000.0,0.005,True,1,61;37;31,40,0,0,
500,500,Data/600MHz/sim_000500_1N-HN.out,600.0,14.091966957139045,92.0,866.6666666666666,0.05666666666666667,2.7857142857142856,5555.0,5e-09,5e-11,0.85,1.02e-10,1.86e-10,-0.00016,0.3839724354387525,22.0,1000000.0,0.005,True,1,27;29;17,40,0,0,
501,501,Data/600MHz/sim_000501_1N-HN.out,600.0,14.091966957139045,92.0,866.6666666666666,0.05666666666666667,3.142857142857143,5555.0,5e-09,5e-11,0.85,1.02e-10,1.86e-10,-0.00016,0.3839724354387525,22.0,1000000.0,0.005,True,1,31;73;65,40,0,0,
502,502,Data/600MHz/sim_000502_1N-HN.out,600.0,14.091966957139045,92.0,866.6666666666666,0.05666666666666667,3.5,5555.0,5e-09,5e-11,0.85,1.02e-10,1.86e-10,-0.00016,0.3839724354387525,22.0,1000000.0,0.005,True,1,3;77;27,40,0,0,
503,503,Data/600MHz/sim_000503_1N-HN.out,600.0,14.091966957139045,92.0,866.6666666666666,0.05666666666666667,3.857142857142857,5555.0,5e-09,5e-11,0.85,1.02e-10,1.86e-10,-0.00016,0.3839724354387525,22.0,1000000.0,0.005,True,1,73;29;71,40,0,0,
504,504,Data/600MHz/sim_000504_1N-HN.out,600.0,14.091966957139045,92.0,866.6666666666666,0.05666666666666667,4.214285714285714,5555.0,5e-09,5e-11,0.85,1.02e-10,1.86e-10,-0.00016,0.3839724354387525,22.0,1000000.0,0.005,True,1,35;63;77,40,0,0,
505,505,Data/600MHz/sim_000505_1N-HN.out,600.0,14.091966957139045,92.0,866.6666666666666,0.05666666666666667,4.571428571428571,5555.0,5e-09,5e-11,0.85,1.02e-10,1.86e-10,-0.00016,0.3839724354387525,22.0,1000000.0,0.005,True,1,77;43;67,40,0,0,
506,506,Data/600MHz/sim_000506_1N-HN.out,600.0,14.091966957139045,92.0,866.6666666666666,0.05666666666666667,4.928571428571429,5555.0,5e-09,5e-11,0.85,1.02e-10,1.86e-10,-0.00016,0.3839724354387525,22.0,1000000.0,0.005,True,1,15;21;41,40,0,0,
507,507,Data/600MHz/sim_000507_1N-HN.out,600.0,14.091966957139045,92.0,866.6666666666666,0.05666666666666667,5.285714285714286,5555.0,5e-09,5e-11,0.85,1.02e-10,1.86e-10,-0.00016,0.3839724354387525,22.0,1000000.0,0.005,True,1,45;9;5,40,0,0,
508,508,Data/600MHz/sim_000508_1N-HN.out,600.0,14.091966957139045,92.0,866.6666666666666,0.05666666666666667,5.642857142857143,5555.0,5e-09,5e-11,0.85,1.02e-10,1.86e-10,-0.00016,0.3839724354387525,22.0,1000000.0,0.005,True,1,59;23;73,40,0,0,
509,509,Data/600MHz/sim_000509_1N-HN.out,600.0,14.091966957139045,92.0,866.6666666666666,0.05666666666666667,6.0,5555.0,5e-09,5e-11,0.85,1.02e-10,1.86e-10,-0.00016,0.3839724354387525,22.0,1000000.0,0.005,True,1,15;5;71,40,0,0,
510,510,Data/600MHz/sim_000510_1N-HN.out,600.0,14.091966957139045,92.0,866.6666666666666,0.05888888888888889,1.0,5555.0,5e-09,5e-11,0.85,1.02e-10,1.86e-10,-0.00016,0.3839724354387525,22.0,1000000.0,0.005,True,1,79;11;75,40,0,0,
511,511,Data/600MHz/sim_000511_1N-HN.out,600.0,14.091966957139045,92.0,866.6666666666666,0.05888888888888889,1.3571428571428572,5555.0,5e-09,5e-11,0.85,1.02e-10,1.86e-10,-0.00016,0.3839724354387525,22.0,1000000.0,0.005,True,1,7;29;65,40,0,0,
512,512,Data/600MHz/sim_000512_1N-HN.out,600.0,14.091966957139045,92.0,866.6666666666666,0.05888888888888889,1.7142857142857144,5555.0,5e-09,5e-11,0.85,1.02e-10,1.86e-10,-0.00016,0.3839724354387525,22.0,1000000.0,0.005,True,1,63;33;65,40,0,0,
513,513,Data/600MHz/sim_000513_1N-HN.out,600.0,14.091966957139045,92.0,866.6666666666666,0.05888888888888889,2.071428571428571,5555.0,5e-09,5e-11,0.85,1.02e-10,1.86e-10,-0.00016,0.3839724354387525,22.0,1000000.0,0.005,True,1,45;59;15,40,0,0,
514,514,Data/600MHz/sim_000514_1N-HN.out,600.0,14.091966957139045,92.0,866.6666666666666,0.05888888888888889,2.428571428571429,5555.0,5e-09,5e-11,0.85,1.02e-10,1.86e-10,-0.00016,0.3839724354387525,22.0,1000000.0,0.005,True,1,61;49;75,40,0,0,
515,515,Data/600MHz/sim_000515_1N-HN.out,600.0,14.091966957139045,92.0,866.6666666666666,0.05888888888888889,2.7857142857142856,5555.0,5e-09,5e-11,0.85,1.02e-10,1.86e-10,-0.00016,0.3839724354387525,22.0,1000000.0,0.005,True,1,67;13;47,40,0,0,
516,516,Data/600MHz/sim_000516_1N-HN.out,600.0,14.091966957139045,92.0,866.6666666666666,0.05888888888888889,3.142857142857143,5555.0,5e-09,5e-11,0.85,1.02e-10,1.86e-10,-0.00016,0.3839724354387525,22.0,1000000.0,0.005,True,1,15;41;19,40,0,0,
517,517,Data/600MHz/sim_000517_1N-HN.out,600.0,14.091966957139045,92.0,866.6666666666666,0.05888888888888889,3.5,5555.0,5e-09,5e-11,0.85,1.02e-10,1.86e-10,-0.00016,0.3839724354387525,22.0,1000000.0,0.005,True,1,55;1;65,40,0,0,
518,518,Data/600MHz/sim_000518_1N-HN.out,600.0,14.091966957139045,92.0,866.6666666666666,0.05888888888888889,3.857142857142857,5555.0,5e-09,5e-11,0.85,1.02e-10,1.86e-10,-0.00016,0.3839724354387525,22.0,1000000.0,0.005,True,1,49;11;45,40,0,0,
519,519,Data/600MHz/sim_000519_1N-HN.out,600.0,14.091966957139045,92.0,866.6666666666666,0.05888888888888889,4.214285714285714,5555.0,5e-09,5e-11,0.85,1.02e-10,1.86e-10,-0.00016,0.3839724354387525,22.0,1000000.0,0.005,True,1,5;57;71,40,0,0,
520,520,Data/600MHz/sim_000520_1N-HN.out,600.0,14.091966957139045,92.0,866.6666666666666,0.05888888888888889,4.571428571428571,5555.0,5e-09,5e-11,0.85,1.02e-10,1.86e-10,-0.00016,0.3839724354387525,22.0,1000000.0,0.005,True,1,3;65;73,40,0,0,
521,521,Data/600MHz/sim_000521_1N-HN.out,600.0,14.091966957139045,92.0,866.6666666666666,0.05888888888888889,4.928571428571429,5555.0,5e-09,5e-11,0.85,1.02e-10,1.86e-10,-0.00016,0.3839724354387525,22.0,1000000.0,0.005,True,1,45;29;21,40,0,0,
522,522,Data/600MHz/sim_000522_1N-HN.out,600.0,14.091966957139045,92.0,866.6666666666666,0.05888888888888889,5.285714285714286,5555.0,5e-09,5e-11,0.85,1.02e-10,1.86e-10,-0.00016,0.3839724354387525,22.0,1000000.0,0.005,True,1,79;37;73,40,0,0,
523,523,Data/600MHz/sim_000523_1N-HN.out,600.0,14.091966957139045,92.0,866.6666666666666,0.05888888888888889,5.642857142857143,5555.0,5e-09,5e-11,0.85,1.02e-10,1.86e-10,-0.00016,0.3839724354387525,22.0,1000000.0,0.005,True,1,15;31;79,40,0,0,
524,524,Data/600MHz/sim_000524_1N-HN.out,600.0,14.091966957139045,92.0,866.6666666666666,0.05888888888888889,6.0,5555.0,5e-09,5e-11,0.85,1.02e-10,1.86e-10,-0.00016,0.3839724354387525,22.0,1000000.0,0.005,True,1,61;49;51,40,0,0,
525,525,Data/600MHz/sim_000525_1N-HN.out,600.0,14.091966957139045,92.0,866.6666666666666,0.061111111111111116,1.0,5555.0,5e-09,5e-11,0.85,1.02e-10,1.86e-10,-0.00016,0.3839724354387525,22.0,1000000.0,0.005,True,1,53;11;17,40,0,0,
526,526,Data/600MHz/sim_000526_1N-HN.out,600.0,14.091966957139045,92.0,866.6666666666666,0.061111111111111116,1.3571428571428572,5555.0,5e-09,5e-11,0.85,1.02e-10,1.86e-10,-0.00016,0.3839724354387525,22.0,1000000.0,0.005,True,1,47;33;77,40,0,0,
527,527,Data/600MHz/sim_000527_1N-HN.out,600.0,14.091966957139045,92.0,866.6666666666666,0.061111111111111116,1.7142857142857144,5555.0,5e-09,5e-11,0.85,1.02e-10,1.86e-10,-0.00016,0.3839724354387525,22.0,1000000.0,0.005,True,1,73;65;17,40,0,0,
528,528,Data/600MHz/sim_000528_1N-HN.out,600.0,14.091966957139045,92.0,866.6666666666666,0.061111111111111116,2.071428571428571,5555.0,5e-09,5e-11,0.85,1.02e-10,1.86e-10,-0.00016,0.3839724354387525,22.0,1000000.0,0.005,True,1,23;5;11,40,0,0,
529,529,Data/600MHz/sim_000529_1N-HN.out,600.0,14.091966957139045,92.0,866.6666666666666,0.061111111111111116,2.428571428571429,5555.0,5e-09,5e-11,0.85,1.02e-10,1.86e-10,-0.00016,0.3839724354387525,22.0,1000000.0,0.005,True,1,1;73;47,40,0,0,
530,530,Data/600MHz/sim_000530_1N-HN.out,600.0,14.091966957139045,92.0,866.6666666666666,0.061111111111111116,2.7857142857142856,5555.0,5e-09,5e-11,0.85,1.02e-10,1.86e-10,-0.00016,0.3839724354387525,22.0,1000000.0,0.005,True,1,59;19;15,40,0,0,
531,531,Data/600MHz/sim_000531_1N-HN.out,600.0,14.091966957139045,92.0,866.6666666666666,0.061111111111111116,3.142857142857143,5555.0,5e-09,5e-11,0.85,1.02e-10,1.86e-10,-0.00016,0.3839724354387525,22.0,1000000.0,0.005,True,1,13;45;11,40,0,0,
532,532,Data/600MHz/sim_000532_1N-HN.out,600.0,14.091966957139045,92.0,866.6666666666666,0.061111111111111116,3.5,5555.0,5e-09,5e-11,0.85,1.02e-10,1.86e-10,-0.00016,0.3839724354387525,22.0,1000000.0,0.005,True,1,79;11;37,40,0,0,
533,533,Data/600MHz/sim_000533_1N-HN.out,600.0,14.091966957139045,92.0,866.6666666666666,0.061111111111111116,3.857142857142857,5555.0,5e-09,5e-11,0.85,1.02e-10,1.86e-10,-0.00016,0.3839724354387525,22.0,1000000.0,0.005,True,1,35;11;63,40,0,0,
534,534,Data/600MHz/sim_000534_1N-HN.out,600.0,14.091966957139045,92.0,866.6666666666666,0.061111111111111116,4.214285714285714,5555.0,5e-09,5e-11,0.85,1.02e-10,1.86e-10,-0.00016,0.3839724354387525,22.0,1000000.0,0.005,True,1,43;21;39,40,0,0,
535,535,Data/600MHz/sim_000535_1N-HN.out,600.0,14.091966957139045,92.0,866.6666666666666,0.061111111111111116,4.571428571428571,5555.0,5e-09,5e-11,0.85,1.02e-10,1.86e-10,-0.00016,0.3839724354387525,22.0,1000000.0,0.005,True,1,31;75;9,40,0,0,
536,536,Data/600MHz/sim_000536_1N-HN.out,600.0,14.091966957139045,92.0,866.6666666666666,0.061111111111111116,4.928571428571429,5555.0,5e-09,5e-11,0.85,1.02e-10,1.86e-10,-0.00016,0.3839724354387525,22.0,1000000.0,0.005,True,1,11;77;63,40,0,0,
537,537,Data/600MHz/sim_000537_1N-HN.out,600.0,14.091966957139045,92.0,866.6666666666666,0.061111111111111116,5.285714285714286,5555.0,5e-09,5e-11,0.85,1.02e-10,1.86e-10,-0.00016,0.3839724354387525,22.0,1000000.0,0.005,True,1,61;41;73,40,0,0,
538,538,Data/600MHz/sim_000538_1N-HN.out,600.0,14.091966957139045,92.0,866.6666666666666,0.061111111111111116,5.642857142857143,5555.0,5e-09,5e-11,0.85,1.02e-10,1.86e-10,-0.00016,0.3839724354387525,22.0,1000000.0,0.005,True,1,3;39;51,40,0,0,
539,539,Data/600MHz/sim_000539_1N-HN.out,600.0,14.091966957139045,92.0,866.6666666666666,0.061111111111111116,6.0,5555.0,5e-09,5e-11,0.85,1.02e-10,1.86e-10,-0.00016,0.3839724354387525,22.0,1000000.0,0.005,True,1,71;15;77,40,0,0,
540,540,Data/600MHz/sim_000540_1N-HN.out,600.0,14.091966957139045,92.0,866.6666666666666,0.06333333333333334,1.0,5555.0,5e-09,5e-11,0.85,1.02e-10,1.86e-10,-0.00016,0.3839724354387525,22.0,1000000.0,0.005,True,1,23;59;63,40,0,0,
541,541,Data/600MHz/sim_000541_1N-HN.out,600.0,14.091966957139045,92.0,866.6666666666666,0.06333333333333334,1.3571428571428572,5555.0,5e-09,5e-11,0.85,1.02e-10,1.86e-10,-0.00016,0.3839724354387525,22.0,1000000.0,0.005,True,1,39;67;59,40,0,0,
542,542,Data/600MHz/sim_000542_1N-HN.out,600.0,14.091966957139045,92.0,866.6666666666666,0.06333333333333334,1.7142857142857144,5555.0,5e-09,5e-11,0.85,1.02e-10,1.86e-10,-0.00016,0.3839724354387525,22.0,1000000.0,0.005,True,1,19;31;61,40,0,0,
543,543,Data/600MHz/sim_000543_1N-HN.out,600.0,14.091966957139045,92.0,866.6666666666666,0.06333333333333334,2.071428571428571,5555.0,5e-09,5e-11,0.85,1.02e-10,1.86e-10,-0.00016,0.3839724354387525,22.0,1000000.0,0.005,True,1,43;71;49,40,0,0,
544,544,Data/600MHz/sim_000544_1N-HN.out,600.0,14.091966957139045,92.0,866.6666666666666,0.06333333333333334,2.428571428571429,5555.0,5e-09,5e-11,0.85,1.02e-10,1.86e-10,-0.00016,0.3839724354387525,22.0,1000000.0,0.005,True,1,39;17;77,40,0,0,
545,545,Data/600MHz/sim_000545_1N-HN.out,600.0,14.091966957139045,92.0,866.6666666666666,0.06333333333333334,2.7857142857142856,5555.0,5e-09,5e-11,0.85,1.02e-10,1.86e-10,-0.00016,0.3839724354387525,22.0,1000000.0,0.005,True,1,41;67;79,40,0,0,
546,546,Data/600MHz/sim_000546_1N-HN.out,600.0,14.091966957139045,92.0,866.6666666666666,0.06333333333333334,3.142857142857143,5555.0,5e-09,5e-11,0.85,1.02e-10,1.86e-10,-0.00016,0.3839724354387525,22.0,1000000.0,0.005,True,1,47;17;15,40,0,0,
547,547,Data/600MHz/sim_000547_1N-HN.out,600.0,14.091966957139045,92.0,866.6666666666666,0.06333333333333334,3.5,5555.0,5e-09,5e-11,0.85,1.02e-10,1.86e-10,-0.00016,0.3839724354387525,22.0,1000000.0,0.005,True,1,75;39;27,40,0,0,
548,548,Data/600MHz/sim_000548_1N-HN.out,600.0,14.091966957139045,92.0,866.6666666666666,0.06333333333333334,3.857142857142857,5555.0,5e-09,5e-11,0.85,1.02e-10,1.86e-10,-0.00016,0.3839724354387525,22.0,1000000.0,0.005,True,1,9;67;17,40,0,0,
549,549,Data/600MHz/sim_000549_1N-HN.out,600.0,14.091966957139045,92.0,866.6666666666666,0.06333333333333334,4.214285714285714,5555.0,5e-09,5e-11,0.85,1.02e-10,1.86e-10,-0.00016,0.3839724354387525,22.0,1000000.0,0.005,True,1,77;55;79,40,0,0,
550,550,Data/600MHz/sim_000550_1N-HN.out,600.0,14.091966957139045,92.0,866.6666666666666,0.06333333333333334,4.571428571428571,5555.0,5e-09,5e-11,0.85,1.02e-10,1.86e-10,-0.00016,0.3839724354387525,22.0,1000000.0,0.005,True,1,37;35;5,40,0,0,
551,551,Data/600MHz/sim_000551_1N-HN.out,600.0,14.091966957139045,92.0,866.6666666666666,0.06333333333333334,4.928571428571429,5555.0,5e-09,5e-11,0.85,1.02e-10,1.86e-10,-0.00016,0.3839724354387525,22.0,1000000.0,0.005,True,1,55;17;7,40,0,0,
552,552,Data/600MHz/sim_000552_1N-HN.out,600.0,14.091966957139045,92.0,866.6666666666666,0.06333333333333334,5.285714285714286,5555.0,5e-09,5e-11,0.85,1.02e-10,1.86e-10,-0.00016,0.3839724354387525,22.0,1000000.0,0.005,True,1,59;43;31,40,0,0,
553,553,Data/600MHz/sim_000553_1N-HN.out,600.0,14.091966957139045,92.0,866.6666666666666,0.06333333333333334,5.642857142857143,5555.0,5e-09,5e-11,0.85,1.02e-10,1.86e-10,-0.00016,0.3839724354387525,22.0,1000000.0,0.005,True,1,69;77;17,40,0,0,
554,554,Data/600MHz/sim_000554_1N-HN.out,600.0,14.091966957139045,92.0,866.6666666666666,0.06333333333333334,6.0,5555.0,5e-09,5e-11,0.85,1.02e-10,1.86e-10,-0.00016,0.3839724354387525,22.0,1000000.0,0.005,True,1,35;73;75,40,0,0,
555,555,Data/600MHz/sim_000555_1N-HN.out,600.0,14.091966957139045,92.0,866.6666666666666,0.06555555555555556,1.0,5555.0,5e-09,5e-11,0.85,1.02e-10,1.86e-10,-0.00016,0.3839724354387525,22.0,1000000.0,0.005,True,1,73;7;61,40,0,0,
556,556,Data/600MHz/sim_000556_1N-HN.out,600.0,14.091966957139045,92.0,866.6666666666666,0.06555555555555556,1.3571428571428572,5555.0,5e-09,5e-11,0.85,1.02e-10,1.86e-10,-0.00016,0.3839724354387525,22.0,1000000.0,0.005,True,1,57;79;43,40,0,0,
557,557,Data/600MHz/sim_000557_1N-HN.out,600.0,14.091966957139045,92.0,866.6666666666666,0.06555555555555556,1.7142857142857144,5555.0,5e-09,5e-11,0.85,1.02e-10,1.86e-10,-0.00016,0.3839724354387525,22.0,1000000.0,0.005,True,1,31;9;69,40,0,0,
558,558,Data/600MHz/sim_000558_1N-HN.out,600.0,14.091966957139045,92.0,866.6666666666666,0.06555555555555556,2.071428571428571,5555.0,5e-09,5e-11,0.85,1.02e-10,1.86e-10,-0.00016,0.3839724354387525,22.0,1000000.0,0.005,True,1,25;71;17,40,0,0,
559,559,Data/600MHz/sim_000559_1N-HN.out,600.0,14.091966957139045,92.0,866.6666666666666,0.06555555555555556,2.428571428571429,5555.0,5e-09,5e-11,0.85,1.02e-10,1.86e-10,-0.00016,0.3839724354387525,22.0,1000000.0,0.005,True,1,59;23;65,40,0,0,
560,560,Data/600MHz/sim_000560_1N-HN.out,600.0,14.091966957139045,92.0,866.6666666666666,0.06555555555555556,2.7857142857142856,5555.0,5e-09,5e-11,0.85,1.02e-10,1.86e-10,-0.00016,0.3839724354387525,22.0,1000000.0,0.005,True,1,55;25;27,40,0,0,
561,561,Data/600MHz/sim_000561_1N-HN.out,600.0,14.091966957139045,92.0,866.6666666666666,0.06555555555555556,3.142857142857143,5555.0,5e-09,5e-11,0.85,1.02e-10,1.86e-10,-0.00016,0.3839724354387525,22.0,1000000.0,0.005,True,1,59;63;41,40,0,0,
562,562,Data/600MHz/sim_000562_1N-HN.out,600.0,14.091966957139045,92.0,866.6666666666666,0.06555555555555556,3.5,5555.0,5e-09,5e-11,0.85,1.02e-10,1.86e-10,-0.00016,0.3839724354387525,22.0,1000000.0,0.005,True,1,59;1;13,40,0,0,
563,563,Data/600MHz/sim_000563_1N-HN.out,600.0,14.091966957139045,92.0,866.6666666666666,0.06555555555555556,3.857142857142857,5555.0,5e-09,5e-11,0.85,1.02e-10,1.86e-10,-0.00016,0.3839724354387525,22.0,1000000.0,0.005,True,1,27;55;45,40,0,0,
564,564,Data/600MHz/sim_000564_1N-HN.out,600.0,14.091966957139045,92.0,866.6666666666666,0.06555555555555556,4.214285714285714,5555.0,5e-09,5e-11,0.85,1.02e-10,1.86e-10,-0.00016,0.3839724354387525,22.0,1000000.0,0.005,True,1,69;59;27,40,0,0,
565,565,Data/600MHz/sim_000565_1N-HN.out,600.0,14.091966957139045,92.0,866.6666666666666,0.06555555555555556,4.571428571428571,5555.0,5e-09,5e-11,0.85,1.02e-10,1.86e-10,-0.00016,0.3839724354387525,22.0,1000000.0,0.005,True,1,29;13;25,40,0,0,
566,566,Data/600MHz/sim_000566_1N-HN.out,600.0,14.091966957139045,92.0,866.6666666666666,0.06555555555555556,4.928571428571429,5555.0,5e-09,5e-11,0.85,1.02e-10,1.86e-10,-0.00016,0.3839724354387525,22.0,1000000.0,0.005,True,1,15;23;41,40,0,0,
567,567,Data/600MHz/sim_000567_1N-HN.out,600.0,14.091966957139045,92.0,866.6666666666666,0.06555555555555556,5.285714285714286,5555.0,5e-09,5e-11,0.85,1.02e-10,1.86e-10,-0.00016,0.3839724354387525,22.0,1000000.0,0.005,True,1,23;71;73,40,0,0,
568,568,Data/600MHz/sim_000568_1N-HN.out,600.0,14.091966957139045,92.0,866.6666666666666,0.06555555555555556,5.642857142857143,5555.0,5e-09,5e-11,0.85,1.02e-10,1.86e-10,-0.00016,0.3839724354387525,22.0,1000000.0,0.005,True,1,3;7;37,40,0,0,
569,569,Data/600MHz/sim_000569_1N-HN.out,600.0,14.091966957139045,92.0,866.6666666666666,0.06555555555555556,6.0,5555.0,5e-09,5e-11,0.85,1.02e-10,1.86e-10,-0.00016,0.3839724354387525,22.0,1000000.0,0.005,True,1,7;57;77,40,0,0,
570,570,Data/600MHz/sim_000570_1N-HN.out,600.0,14.091966957139045,92.0,866.6666666666666,0.06777777777777778,1.0,5555.0,5e-09,5e-11,0.85,1.02e-10,1.86e-10,-0.00016,0.3839724354387525,22.0,1000000.0,0.005,True,1,25;21;57,40,0,0,
571,571,Data/600MHz/sim_000571_1N-HN.out,600.0,14.091966957139045,92.0,866.6666666666666,0.06777777777777778,1.3571428571428572,5555.0,5e-09,5e-11,0.85,1.02e-10,1.86e-10,-0.00016,0.3839724354387525,22.0,1000000.0,0.005,True,1,49;1;17,40,0,0,
572,572,Data/600MHz/sim_000572_1N-HN.out,600.0,14.091966957139045,92.0,866.6666666666666,0.06777777777777778,1.7142857142857144,5555.0,5e-09,5e-11,0.85,1.02e-10,1.86e-10,-0.00016,0.3839724354387525,22.0,1000000.0,0.005,True,1,67;59;37,40,0,0,
573,573,Data/600MHz/sim_000573_1N-HN.out,600.0,14.091966957139045,92.0,866.6666666666666,0.06777777777777778,2.071428571428571,5555.0,5e-09,5e-11,0.85,1.02e-10,1.86e-10,-0.00016,0.3839724354387525,22.0,1000000.0,0.005,True,1,71;67;21,40,0,0,
574,574,Data/600MHz/sim_000574_1N-HN.out,600.0,14.091966957139045,92.0,866.6666666666666,0.06777777777777778,2.428571428571429,5555.0,5e-09,5e-11,0.85,1.02e-10,1.86e-10,-0.00016,0.3839724354387525,22.0,1000000.0,0.005,True,1,7;67;39,40,0,0,
575,575,Data/600MHz/sim_000575_1N-HN.out,600.0,14.091966957139045,92.0,866.6666666666666,0.06777777777777778,2.7857142857142856,5555.0,5e-09,5e-11,0.85,1.02e-10,1.86e-10,-0.00016,0.3839724354387525,22.0,1000000.0,0.005,True,1,19;27;77,40,0,0,
576,576,Data/600MHz/sim_000576_1N-HN.out,600.0,14.091966957139045,92.0,866.6666666666666,0.06777777777777778,3.142857142857143,5555.0,5e-09,5e-11,0.85,1.02e-10,1.86e-10,-0.00016,0.3839724354387525,22.0,1000000.0,0.005,True,1,71;39;35,40,0,0,
577,577,Data/600MHz/sim_000577_1N-HN.out,600.0,14.091966957139045,92.0,866.6666666666666,0.06777777777777778,3.5,5555.0,5e-09,5e-11,0.85,1.02e-10,1.86e-10,-0.00016,0.3839724354387525,22.0,1000000.0,0.005,True,1,53;31;27,40,0,0,
578,578,Data/600MHz/sim_000578_1N-HN.out,600.0,14.091966957139045,92.0,866.6666666666666,0.06777777777777778,3.857142857142857,5555.0,5e-09,5e-11,0.85,1.02e-10,1.86e-10,-0.00016,0.3839724354387525,22.0,1000000.0,0.005,True,1,75;77;17,40,0,0,
579,579,Data/600MHz/sim_000579_1N-HN.out,600.0,14.091966957139045,92.0,866.6666666666666,0.06777777777777778,4.214285714285714,5555.0,5e-09,5e-11,0.85,1.02e-10,1.86e-10,-0.00016,0.3839724354387525,22.0,1000000.0,0.005,True,1,15;43;75,40,0,0,
580,580,Data/600MHz/sim_000580_1N-HN.out,600.0,14.091966957139045,92.0,866.6666666666666,0.06777777777777778,4.571428571428571,5555.0,5e-09,5e-11,0.85,1.02e-10,1.86e-10,-0.00016,0.3839724354387525,22.0,1000000.0,0.005,True,1,39;37;55,40,0,0,
581,581,Data/600MHz/sim_000581_1N-HN.out,600.0,14.091966957139045,92.0,866.6666666666666,0.06777777777777778,4.928571428571429,5555.0,5e-09,5e-11,0.85,1.02e-10,1.86e-10,-0.00016,0.3839724354387525,22.0,1000000.0,0.005,True,1,3;17;1,40,0,0,
582,582,Data/600MHz/sim_000582_1N-HN.out,600.0,14.091966957139045,92.0,866.6666666666666,0.06777777777777778,5.285714285714286,5555.0,5e-09,5e-11,0.85,1.02e-10,1.86e-10,-0.00016,0.3839724354387525,22.0,1000000.0,0.005,True,1,55;57;47,40,0,0,
583,583,Data/600MHz/sim_000583_1N-HN.out,600.0,14.091966957139045,92.0,866.6666666666666,0.06777777777777778,5.642857142857143,5555.0,5e-09,5e-11,0.85,1.02e-10,1.86e-10,-0.00016,0.3839724354387525,22.0,1000000.0,0.005,True,1,3;69;29,40,0,0,
584,584,Data/600MHz/sim_000584_1N-HN.out,600.0,14.091966957139045,92.0,866.6666666666666,0.06777777777777778,6.0,5555.0,5e-09,5e-11,0.85,1.02e-10,1.86e-10,-0.00016,0.3839724354387525,22.0,1000000.0,0.005,True,1,71;19;65,40,0,0,
585,585,Data/600MHz/sim_000585_1N-HN.out,600.0,14.091966957139045,92.0,866.6666666666666,0.07,1.0,5555.0,5e-09,5e-11,0.85,1.02e-10,1.86e-10,-0.00016,0.3839724354387525,22.0,1000000.0,0.005,True,1,19;21;37,40,0,0,
586,586,Data/600MHz/sim_000586_1N-HN.out,600.0,14.091966957139045,92.0,866.6666666666666,0.07,1.3571428571428572,5555.0,5e-09,5e-11,0.85,1.02e-10,1.86e-10,-0.00016,0.3839724354387525,22.0,1000000.0,0.005,True,1,29;19;61,40,0,0,
587,587,Data/600MHz/sim_000587_1N-HN.out,600.0,14.091966957139045,92.0,866.6666666666666,0.07,1.7142857142857144,5555.0,5e-09,5e-11,0.85,1.02e-10,1.86e-10,-0.00016,0.3839724354387525,22.0,1000000.0,0.005,True,1,11;17;9,40,0,0,
588,588,Data/600MHz/sim_000588_1N-HN.out,600.0,14.091966957139045,92.0,866.6666666666666,0.07,2.071428571428571,5555.0,5e-09,5e-11,0.85,1.02e-10,1.86e-10,-0.00016,0.3839724354387525,22.0,1000000.0,0.005,True,1,15;79;65,40,0,0,
589,589,Data/600MHz/sim_000589_1N-HN.out,600.0,14.091966957139045,92.0,866.6666666666666,0.07,2.428571428571429,5555.0,5e-09,5e-11,0.85,1.02e-10,1.86e-10,-0.00016,0.3839724354387525,22.0,1000000.0,0.005,True,1,19;41;45,40,0,0,
590,590,Data/600MHz/sim_000590_1N-HN.out,600.0,14.091966957139045,92.0,866.6666666666666,0.07,2.7857142857142856,5555.0,5e-09,5e-11,0.85,1.02e-10,1.86e-10,-0.00016,0.3839724354387525,22.0,1000000.0,0.005,True,1,5;31;1,40,0,0,
591,591,Data/600MHz/sim_000591_1N-HN.out,600.0,14.091966957139045,92.0,866.6666666666666,0.07,3.142857142857143,5555.0,5e-09,5e-11,0.85,1.02e-10,1.86e-10,-0.00016,0.3839724354387525,22.0,1000000.0,0.005,True,1,25;71;29,40,0,0,
592,592,Data/600MHz/sim_000592_1N-HN.out,600.0,14.091966957139045,92.0,866.6666666666666,0.07,3.5,5555.0,5e-09,5e-11,0.85,1.02e-10,1.86e-10,-0.00016,0.3839724354387525,22.0,1000000.0,0.005,True,1,21;47;67,40,0,0,
593,593,Data/600MHz/sim_000593_1N-HN.out,600.0,14.091966957139045,92.0,866.6666666666666,0.07,3.857142857142857,5555.0,5e-09,5e-11,0.85,1.02e-10,1.86e-10,-0.00016,0.3839724354387525,22.0,1000000.0,0.005,True,1,33;21;11,40,0,0,
594,594,Data/600MHz/sim_000594_1N-HN.out,600.0,14.091966957139045,92.0,866.6666666666666,0.07,4.214285714285714,5555.0,5e-09,5e-11,0.85,1.02e-10,1.86e-10,-0.00016,0.3839724354387525,22.0,1000000.0,0.005,True,1,25;13;75,40,0,0,
595,595,Data/600MHz/sim_000595_1N-HN.out,600.0,14.091966957139045,92.0,866.6666666666666,0.07,4.571428571428571,5555.0,5e-09,5e-11,0.85,1.02e-10,1.86e-10,-0.00016,0.3839724354387525,22.0,1000000.0,0.005,True,1,1;67;57,40,0,0,
596,596,Data/600MHz/sim_000596_1N-HN.out,600.0,14.091966957139045,92.0,866.6666666666666,0.07,4.928571428571429,5555.0,5e-09,5e-11,0.85,1.02e-10,1.86e-10,-0.00016,0.3839724354387525,22.0,1000000.0,0.005,True,1,19;31;65,40,0,0,
597,597,Data/600MHz/sim_000597_1N-HN.out,600.0,14.091966957139045,92.0,866.6666666666666,0.07,5.285714285714286,5555.0,5e-09,5e-11,0.85,1.02e-10,1.86e-10,-0.00016,0.3839724354387525,22.0,1000000.0,0.005,True,1,53;41;71,40,0,0,
598,598,Data/600MHz/sim_000598_1N-HN.out,600.0,14.091966957139045,92.0,866.6666666666666,0.07,5.642857142857143,5555.0,5e-09,5e-11,0.85,1.02e-10,1.86e-10,-0.00016,0.3839724354387525,22.0,1000000.0,0.005,True,1,45;43;1,40,0,0,
599,599,Data/600MHz/sim_000599_1N-HN.out,600.0,14.091966957139045,92.0,866.6666666666666,0.07,6.0,5555.0,5e-09,5e-11,0.85,1.02e-10,1.86e-10,-0.00016,0.3839724354387525,22.0,1000000.0,0.005,True,1,27;29;13,40,0,0,
600,600,Data/600MHz/sim_000600_1N-HN.out,600.0,14.091966957139045,92.0,1055.5555555555557,0.05,1.0,5555.0,5e-09,5e-11,0.85,1.02e-10,1.86e-10,-0.00016,0.3839724354387525,22.0,1000000.0,0.005,True,1,59;71;75,40,0,0,
601,601,Data/600MHz/sim_000601_1N-HN.out,600.0,14.091966957139045,92.0,1055.5555555555557,0.05,1.3571428571428572,5555.0,5e-09,5e-11,0.85,1.02e-10,1.86e-10,-0.00016,0.3839724354387525,22.0,1000000.0,0.005,True,1,1;21;35,40,0,0,
602,602,Data/600MHz/sim_000602_1N-HN.out,600.0,14.091966957139045,92.0,1055.5555555555557,0.05,1.7142857142857144,5555.0,5e-09,5e-11,0.85,1.02e-10,1.86e-10,-0.00016,0.3839724354387525,22.0,1000000.0,0.005,True,1,79;31;23,40,0,0,
603,603,Data/600MHz/sim_000603_1N-HN.out,600.0,14.091966957139045,92.0,1055.5555555555557,0.05,2.071428571428571,5555.0,5e-09,5e-11,0.85,1.02e-10,1.86e-10,-0.00016,0.3839724354387525,22.0,1000000.0,0.005,True,1,13;35;31,40,0,0,
604,604,Data/600MHz/sim_000604_1N-HN.out,600.0,14.091966957139045,92.0,1055.5555555555557,0.05,2.428571428571429,5555.0,5e-09,5e-11,0.85,1.02e-10,1.86e-10,-0.00016,0.3839724354387525,22.0,1000000.0,0.005,True,1,33;79;77,40,0,0,
605,605,Data/600MHz/sim_000605_1N-HN.out,600.0,14.091966957139045,92.0,1055.5555555555557,0.05,2.7857142857142856,5555.0,5e-09,5e-11,0.85,1.02e-10,1.86e-10,-0.00016,0.3839724354387525,22.0,1000000.0,0.005,True,1,53;5;33,40,0,0,
606,606,Data/600MHz/sim_000606_1N-HN.out,600.0,14.091966957139045,92.0,1055.5555555555557,0.05,3.142857142857143,5555.0,5e-09,5e-11,0.85,1.02e-10,1.86e-10,-0.00016,0.3839724354387525,22.0,1000000.0,0.005,True,1,41;73;63,40,0,0,
607,607,Data/600MHz/sim_000607_1N-HN.out,600.0,14.091966957139045,92.0,1055.5555555555557,0.05,3.5,5555.0,5e-09,5e-11,0.85,1.02e-10,1.86e-10,-0.00016,0.3839724354387525,22.0,1000000.0,0.005,True,1,1;27;65,40,0,0,
608,608,Data/600MHz/sim_000608_1N-HN.out,600.0,14.091966957139045,92.0,1055.5555555555557,0.05,3.857142857142857,5555.0,5e-09,5e-11,0.85,1.02e-10,1.86e-10,-0.00016,0.3839724354387525,22.0,1000000.0,0.005,True,1,61;9;49,40,0,0,
609,609,Data/600MHz/sim_000609_1N-HN.out,600.0,14.091966957139045,92.0,1055.5555555555557,0.05,4.214285714285714,5555.0,5e-09,5e-11,0.85,1.02e-10,1.86e-10,-0.00016,0.3839724354387525,22.0,1000000.0,0.005,True,1,31;23;41,40,0,0,
610,610,Data/600MHz/sim_000610_1N-HN.out,600.0,14.091966957139045,92.0,1055.5555555555557,0.05,4.571428571428571,5555.0,5e-09,5e-11,0.85,1.02e-10,1.86e-10,-0.00016,0.3839724354387525,22.0,1000000.0,0.005,True,1,7;5;41,40,0,0,
611,611,Data/600MHz/sim_000611_1N-HN.out,600.0,14.091966957139045,92.0,1055.5555555555557,0.05,4.928571428571429,5555.0,5e-09,5e-11,0.85,1.02e-10,1.86e-10,-0.00016,0.3839724354387525,22.0,1000000.0,0.005,True,1,49;11;19,40,0,0,
612,612,Data/600MHz/sim_000612_1N-HN.out,600.0,14.091966957139045,92.0,1055.5555555555557,0.05,5.285714285714286,5555.0,5e-09,5e-11,0.85,1.02e-10,1.86e-10,-0.00016,0.3839724354387525,22.0,1000000.0,0.005,True,1,59;15;79,40,0,0,
613,613,Data/600MHz/sim_000613_1N-HN.out,600.0,14.091966957139045,92.0,1055.5555555555557,0.05,5.642857142857143,5555.0,5e-09,5e-11,0.85,1.02e-10,1.86e-10,-0.00016,0.3839724354387525,22.0,1000000.0,0.005,True,1,35;41;19,40,0,0,
614,614,Data/600MHz/sim_000614_1N-HN.out,600.0,14.091966957139045,92.0,1055.5555555555557,0.05,6.0,5555.0,5e-09,5e-11,0.85,1.02e-10,1.86e-10,-0.00016,0.3839724354387525,22.0,1000000.0,0.005,True,1,45;67;25,40,0,0,
615,615,Data/600MHz/sim_000615_1N-HN.out,600.0,14.091966957139045,92.0,1055.5555555555557,0.052222222222222225,1.0,5555.0,5e-09,5e-11,0.85,1.02e-10,1.86e-10,-0.00016,0.3839724354387525,22.0,1000000.0,0.005,True,1,37;11;57,40,0,0,
616,616,Data/600MHz/sim_000616_1N-HN.out,600.0,14.091966957139045,92.0,1055.5555555555557,0.052222222222222225,1.3571428571428572,5555.0,5e-09,5e-11,0.85,1.02e-10,1.86e-10,-0.00016,0.3839724354387525,22.0,1000000.0,0.005,True,1,37;51;3,40,0,0,
617,617,Data/600MHz/sim_000617_1N-HN.out,600.0,14.091966957139045,92.0,1055.5555555555557,0.052222222222222225,1.7142857142857144,5555.0,5e-09,5e-11,0.85,1.02e-10,1.86e-10,-0.00016,0.3839724354387525,22.0,1000000.0,0.005,True,1,73;25;39,40,0,0,
618,618,Data/600MHz/sim_000618_1N-HN.out,600.0,14.091966957139045,92.0,1055.5555555555557,0.052222222222222225,2.071428571428571,5555.0,5e-09,5e-11,0.85,1.02e-10,1.86e-10,-0.00016,0.3839724354387525,22.0,1000000.0,0.005,True,1,53;73;9,40,0,0,
619,619,Data/600MHz/sim_000619_1N-HN.out,600.0,14.091966957139045,92.0,1055.5555555555557,0.052222222222222225,2.428571428571429,5555.0,5e-09,5e-11,0.85,1.02e-10,1.86e-10,-0.00016,0.3839724354387525,22.0,1000000.0,0.005,True,1,23;13;53,40,0,0,
620,620,Data/600MHz/sim_000620_1N-HN.out,600.0,14.091966957139045,92.0,1055.5555555555557,0.052222222222222225,2.7857142857142856,5555.0,5e-09,5e-11,0.85,1.02e-10,1.86e-10,-0.00016,0.3839724354387525,22.0,1000000.0,0.005,True,1,33;1;71,40,0,0,
621,621,Data/600MHz/sim_000621_1N-HN.out,600.0,14.091966957139045,92.0,1055.5555555555557,0.052222222222222225,3.142857142857143,5555.0,5e-09,5e-11,0.85,1.02e-10,1.86e-10,-0.00016,0.3839724354387525,22.0,1000000.0,0.005,True,1,31;47;21,40,0,0,
622,622,Data/600MHz/sim_000622_1N-HN.out,600.0,14.091966957139045,92.0,1055.5555555555557,0.052222222222222225,3.5,5555.0,5e-09,5e-11,0.85,1.02e-10,1.86e-10,-0.00016,0.3839724354387525,22.0,1000000.0,0.005,True,1,5;45;67,40,0,0,
623,623,Data/600MHz/sim_000623_1N-HN.out,600.0,14.091966957139045,92.0,1055.5555555555557,0.052222222222222225,3.857142857142857,5555.0,5e-09,5e-11,0.85,1.02e-10,1.86e-10,-0.00016,0.3839724354387525,22.0,1000000.0,0.005,True,1,11;61;29,40,0,0,
624,624,Data/600MHz/sim_000624_1N-HN.out,600.0,14.091966957139045,92.0,1055.5555555555557,0.052222222222222225,4.214285714285714,5555.0,5e-09,5e-11,0.85,1.02e-10,1.86e-10,-0.00016,0.3839724354387525,22.0,1000000.0,0.005,True,1,27;69;37,40,0,0,
625,625,Data/600MHz/sim_000625_1N-HN.out,600.0,14.091966957139045,92.0,1055.5555555555557,0.052222222222222225,4.571428571428571,5555.0,5e-09,5e-11,0.85,1.02e-10,1.86e-10,-0.00016,0.3839724354387525,22.0,1000000.0,0.005,True,1,75;57;27,40,0,0,
626,626,Data/600MHz/sim_000626_1N-HN.out,600.0,14.091966957139045,92.0,1055.5555555555557,0.052222222222222225,4.928571428571429,5555.0,5e-09,5e-11,0.85,1.02e-10,1.86e-10,-0.00016,0.3839724354387525,22.0,1000000.0,0.005,True,1,33;59;39,40,0,0,
627,627,Data/600MHz/sim_000627_1N-HN.out,600.0,14.091966957139045,92.0,1055.5555555555557,0.052222222222222225,5.285714285714286,5555.0,5e-09,5e-11,0.85,1.02e-10,1.86e-10,-0.00016,0.3839724354387525,22.0,1000000.0,0.005,True,1,77;41;49,40,0,0,
628,628,Data/600MHz/sim_000628_1N-HN.out,600.0,14.091966957139045,92.0,1055.5555555555557,0.052222222222222225,5.642857142857143,5555.0,5e-09,5e-11,0.85,1.02e-10,1.86e-10,-0.00016,0.3839724354387525,22.0,1000000.0,0.005,True,1,3;67;49,40,0,0,
629,629,Data/600MHz/sim_000629_1N-HN.out,600.0,14.091966957139045,92.0,1055.5555555555557,0.052222222222222225,6.0,5555.0,5e-09,5e-11,0.85,1.02e-10,1.86e-10,-0.00016,0.3839724354387525,22.0,1000000.0,0.005,True,1,75;13;15,40,0,0,
630,630,Data/600MHz/sim_000630_1N-HN.out,600.0,14.091966957139045,92.0,1055.5555555555557,0.05444444444444445,1.0,5555.0,5e-09,5e-11,0.85,1.02e-10,1.86e-10,-0.00016,0.3839724354387525,22.0,1000000.0,0.005,True,1,31;69;37,40,0,0,
631,631,Data/600MHz/sim_000631_1N-HN.out,600.0,14.091966957139045,92.0,1055.5555555555557,0.05444444444444445,1.3571428571428572,5555.0,5e-09,5e-11,0.85,1.02e-10,1.86e-10,-0.00016,0.3839724354387525,22.0,1000000.0,0.005,True,1,43;9;75,40,0,0,
632,632,Data/600MHz/sim_000632_1N-HN.out,600.0,14.091966957139045,92.0,1055.5555555555557,0.05444444444444445,1.7142857142857144,5555.0,5e-09,5e-11,0.85,1.02e-10,1.86e-10,-0.00016,0.3839724354387525,22.0,1000000.0,0.005,True,1,21;1;31,40,0,0,
633,633,Data/600MHz/sim_000633_1N-HN.out,600.0,14.091966957139045,92.0,1055.5555555555557,0.05444444444444445,2.071428571428571,5555.0,5e-09,5e-11,0.85,1.02e-10,1.86e-10,-0.00016,0.3839724354387525,22.0,1000000.0,0.005,True,1,71;25;15,40,0,0,
634,634,Data/600MHz/sim_000634_1N-HN.out,600.0,14.091966957139045,92.0,1055.5555555555557,0.05444444444444445,2.428571428571429,5555.0,5e-09,5e-11,0.85,1.02e-10,1.86e-10,-0.00016,0.3839724354387525,22.0,1000000.0,0.005,True,1,69;57;25,40,0,0,
635,635,Data/600MHz/sim_000635_1N-HN.out,600.0,14.091966957139045,92.0,1055.5555555555557,0.05444444444444445,2.7857142857142856,5555.0,5e-09,5e-11,0.85,1.02e-10,1.86e-10,-0.00016,0.3839724354387525,22.0,1000000.0,0.005,True,1,27;49;11,40,0,0,
636,636,Data/600MHz/sim_000636_1N-HN.out,600.0,14.091966957139045,92.0,1055.5555555555557,0.05444444444444445,3.142857142857143,5555.0,5e-09,5e-11,0.85,1.02e-10,1.86e-10,-0.00016,0.3839724354387525,22.0,1000000.0,0.005,True,1,5;73;65,40,0,0,
637,637,Data/600MHz/sim_000637_1N-HN.out,600.0,14.091966957139045,92.0,1055.5555555555557,0.05444444444444445,3.5,5555.0,5e-09,5e-11,0.85,1.02e-10,1.86e-10,-0.00016,0.3839724354387525,22.0,1000000.0,0.005,True,1,25;17;5,40,0,0,
638,638,Data/600MHz/sim_000638_1N-HN.out,600.0,14.091966957139045,92.0,1055.5555555555557,0.05444444444444445,3.857142857142857,5555.0,5e-09,5e-11,0.85,1.02e-10,1.86e-10,-0.00016,0.3839724354387525,22.0,1000000.0,0.005,True,1,49;67;1,40,0,0,
639,639,Data/600MHz/sim_000639_1N-HN.out,600.0,14.091966957139045,92.0,1055.5555555555557,0.05444444444444445,4.214285714285714,5555.0,5e-09,5e-11,0.85,1.02e-10,1.86e-10,-0.00016,0.3839724354387525,22.0,1000000.0,0.005,True,1,41;75;25,40,0,0,
640,640,Data/600MHz/sim_000640_1N-HN.out,600.0,14.091966957139045,92.0,1055.5555555555557,0.05444444444444445,4.571428571428571,5555.0,5e-09,5e-11,0.85,1.02e-10,1.86e-10,-0.00016,0.3839724354387525,22.0,1000000.0,0.005,True,1,39;43;55,40,0,0,
641,641,Data/600MHz/sim_000641_1N-HN.out,600.0,14.091966957139045,92.0,1055.5555555555557,0.05444444444444445,4.928571428571429,5555.0,5e-09,5e-11,0.85,1.02e-10,1.86e-10,-0.00016,0.3839724354387525,22.0,1000000.0,0.005,True,1,25;49;7,40,0,0,
642,642,Data/600MHz/sim_000642_1N-HN.out,600.0,14.091966957139045,92.0,1055.5555555555557,0.05444444444444445,5.285714285714286,5555.0,5e-09,5e-11,0.85,1.02e-10,1.86e-10,-0.00016,0.3839724354387525,22.0,1000000.0,0.005,True,1,57;1;79,40,0,0,
643,643,Data/600MHz/sim_000643_1N-HN.out,600.0,14.091966957139045,92.0,1055.5555555555557,0.05444444444444445,5.642857142857143,5555.0,5e-09,5e-11,0.85,1.02e-10,1.86e-10,-0.00016,0.3839724354387525,22.0,1000000.0,0.005,True,1,71;79;11,40,0,0,
644,644,Data/600MHz/sim_000644_1N-HN.out,600.0,14.091966957139045,92.0,1055.5555555555557,0.05444444444444445,6.0,5555.0,5e-09,5e-11,0.85,1.02e-10,1.86e-10,-0.00016,0.3839724354387525,22.0,1000000.0,0.005,True,1,21;5;17,40,0,0,
645,645,Data/600MHz/sim_000645_1N-HN.out,600.0,14.091966957139045,92.0,1055.5555555555557,0.05666666666666667,1.0,5555.0,5e-09,5e-11,0.85,1.02e-10,1.86e-10,-0.00016,0.3839724354387525,22.0,1000000.0,0.005,True,1,35;21;67,40,0,0,
646,646,Data/600MHz/sim_000646_1N-HN.out,600.0,14.091966957139045,92.0,1055.5555555555557,0.05666666666666667,1.3571428571428572,5555.0,5e-09,5e-11,0.85,1.02e-10,1.86e-10,-0.00016,0.3839724354387525,22.0,1000000.0,0.005,True,1,13;77;61,40,0,0,
647,647,Data/600MHz/sim_000647_1N-HN.out,600.0,14.091966957139045,92.0,1055.5555555555557,0.05666666666666667,1.7142857142857144,5555.0,5e-09,5e-11,0.85,1.02e-10,1.86e-10,-0.00016,0.3839724354387525,22.0,1000000.0,0.005,True,1,17;35;59,40,0,0,
648,648,Data/600MHz/sim_000648_1N-HN.out,600.0,14.091966957139045,92.0,1055.5555555555557,0.05666666666666667,2.071428571428571,5555.0,5e-09,5e-11,0.85,1.02e-10,1.86e-10,-0.00016,0.3839724354387525,22.0,1000000.0,0.005,True,1,3;35;37,40,0,0,
649,649,Data/600MHz/sim_000649_1N-HN.out,600.0,14.091966957139045,92.0,1055.5555555555557,0.05666666666666667,2.428571428571429,5555.0,5e-09,5e-11,0.85,1.02e-10,1.86e-10,-0.00016,0.3839724354387525,22.0,1000000.0,0.005,True,1,45;75;55,40,0,0,
650,650,Data/600MHz/sim_000650_1N-HN.out,600.0,14.091966957139045,92.0,1055.5555555555557,0.05666666666666667,2.7857142857142856,5555.0,5e-09,5e-11,0.85,1.02e-10,1.86e-10,-0.00016,0.3839724354387525,22.0,1000000.0,0.005,True,1,45;33;27,40,0,0,
651,651,Data/600MHz/sim_000651_1N-HN.out,600.0,14.091966957139045,92.0,1055.5555555555557,0.05666666666666667,3.142857142857143,5555.0,5e-09,5e-11,0.85,1.02e-10,1.86e-10,-0.00016,0.3839724354387525,22.0,1000000.0,0.005,True,1,17;21;19,40,0,0,
652,652,Data/600MHz/sim_000652_1N-HN.out,600.0,14.091966957139045,92.0,1055.5555555555557,0.05666666666666667,3.5,5555.0,5e-09,5e-11,0.85,1.02e-10,1.86e-10,-0.00016,0.3839724354387525,22.0,1000000.0,0.005,True,1,23;9;51,40,0,0,
653,653,Data/600MHz/sim_000653_1N-HN.out,600.0,14.091966957139045,92.0,1055.5555555555557,0.05666666666666667,3.857142857142857,5555.0,5e-09,5e-11,0.85,1.02e-10,1.86e-10,-0.00016,0.3839724354387525,22.0,1000000.0,0.005,True,1,63;39;17,40,0,0,
654,654,Data/600MHz/sim_000654_1N-HN.out,600.0,14.091966957139045,92.0,1055.5555555555557,0.05666666666666667,4.214285714285714,5555.0,5e-09,5e-11,0.85,1.02e-10,1.86e-10,-0.00016,0.3839724354387525,22.0,1000000.0,0.005,True,1,73;59;3,40,0,0,
655,655,Data/600MHz/sim_000655_1N-HN.out,600.0,14.091966957139045,92.0,1055.5555555555557,0.05666666666666667,4.571428571428571,5555.0,5e-09,5e-11,0.85,1.02e-10,1.86e-10,-0.00016,0.3839724354387525,22.0,1000000.0,0.005,True,1,51;71;33,40,0,0,
656,656,Data/600MHz/sim_000656_1N-HN.out,600.0,14.091966957139045,92.0,1055.5555555555557,0.05666666666666667,4.928571428571429,5555.0,5e-09,5e-11,0.85,1.02e-10,1.86e-10,-0.00016,0.3839724354387525,22.0,1000000.0,0.005,True,1,17;51;45,40,0,0,
657,657,Data/600MHz/sim_000657_1N-HN.out,600.0,14.091966957139045,92.0,1055.5555555555557,0.05666666666666667,5.285714285714286,5555.0,5e-09,5e-11,0.85,1.02e-10,1.86e-10,-0.00016,0.3839724354387525,22.0,1000000.0,0.005,True,1,11;65;37,40,0,0,
658,658,Data/600MHz/sim_000658_1N-HN.out,600.0,14.091966957139045,92.0,1055.5555555555557,0.05666666666666667,5.642857142857143,5555.0,5e-09,5e-11,0.85,1.02e-10,1.86e-10,-0.00016,0.3839724354387525,22.0,1000000.0,0.005,True,1,63;41;29,40,0,0,
659,659,Data/600MHz/sim_000659_1N-HN.out,600.0,14.091966957139045,92.0,1055.5555555555557,0.05666666666666667,6.0,5555.0,5e-09,5e-11,0.85,1.02e-10,1.86e-10,-0.00016,0.3839724354387525,22.0,1000000.0,0.005,True,1,11;41;13,40,0,0,
660,660,Data/600MHz/sim_000660_1N-HN.out,600.0,14.091966957139045,92.0,1055.5555555555557,0.05888888888888889,1.0,5555.0,5e-09,5e-11,0.85,1.02e-10,1.86e-10,-0.00016,0.3839724354387525,22.0,1000000.0,0.005,True,1,23;15;77,40,0,0,
661,661,Data/600MHz/sim_000661_1N-HN.out,600.0,14.091966957139045,92.0,1055.5555555555557,0.05888888888888889,1.3571428571428572,5555.0,5e-09,5e-11,0.85,1.02e-10,1.86e-10,-0.00016,0.3839724354387525,22.0,1000000.0,0.005,True,1,65;71;37,40,0,0,
662,662,Data/600MHz/sim_000662_1N-HN.out,600.0,14.091966957139045,92.0,1055.5555555555557,0.05888888888888889,1.7142857142857144,5555.0,5e-09,5e-11,0.85,1.02e-10,1.86e-10,-0.00016,0.3839724354387525,22.0,1000000.0,0.005,True,1,43;21;53,40,0,0,
663,663,Data/600MHz/sim_000663_1N-HN.out,600.0,14.091966957139045,92.0,1055.5555555555557,0.05888888888888889,2.071428571428571,5555.0,5e-09,5e-11,0.85,1.02e-10,1.86e-10,-0.00016,0.3839724354387525,22.0,1000000.0,0.005,True,1,35;13;43,40,0,0,
664,664,Data/600MHz/sim_000664_1N-HN.out,600.0,14.091966957139045,92.0,1055.5555555555557,0.05888888888888889,2.428571428571429,5555.0,5e-09,5e-11,0.85,1.02e-10,1.86e-10,-0.00016,0.3839724354387525,22.0,1000000.0,0.005,True,1,51;43;41,40,0,0,
665,665,Data/600MHz/sim_000665_1N-HN.out,600.0,14.091966957139045,92.0,1055.5555555555557,0.05888888888888889,2.7857142857142856,5555.0,5e-09,5e-11,0.85,1.02e-10,1.86e-10,-0.00016,0.3839724354387525,22.0,1000000.0,0.005,True,1,37;59;11,40,0,0,
666,666,Data/600MHz/sim_000666_1N-HN.out,600.0,14.091966957139045,92.0,1055.5555555555557,0.05888888888888889,3.142857142857143,5555.0,5e-09,5e-11,0.85,1.02e-10,1.86e-10,-0.00016,0.3839724354387525,22.0,1000000.0,0.005,True,1,63;3;45,40,0,0,
667,667,Data/600MHz/sim_000667_1N-HN.out,600.0,14.091966957139045,92.0,1055.5555555555557,0.05888888888888889,3.5,5555.0,5e-09,5e-11,0.85,1.02e-10,1.86e-10,-0.00016,0.3839724354387525,22.0,1000000.0,0.005,True,1,71;19;77,40,0,0,
668,668,Data/600MHz/sim_000668_1N-HN.out,600.0,14.091966957139045,92.0,1055.5555555555557,0.05888888888888889,3.857142857142857,5555.0,5e-09,5e-11,0.85,1.02e-10,1.86e-10,-0.00016,0.3839724354387525,22.0,1000000.0,0.005,True,1,75;23;11,40,0,0,
669,669,Data/600MHz/sim_000669_1N-HN.out,600.0,14.091966957139045,92.0,1055.5555555555557,0.05888888888888889,4.214285714285714,5555.0,5e-09,5e-11,0.85,1.02e-10,1.86e-10,-0.00016,0.3839724354387525,22.0,1000000.0,0.005,True,1,19;23;61,40,0,0,
670,670,Data/600MHz/sim_000670_1N-HN.out,600.0,14.091966957139045,92.0,1055.5555555555557,0.05888888888888889,4.571428571428571,5555.0,5e-09,5e-11,0.85,1.02e-10,1.86e-10,-0.00016,0.3839724354387525,22.0,1000000.0,0.005,True,1,1;21;55,40,0,0,
671,671,Data/600MHz/sim_000671_1N-HN.out,600.0,14.091966957139045,92.0,1055.5555555555557,0.05888888888888889,4.928571428571429,5555.0,5e-09,5e-11,0.85,1.02e-10,1.86e-10,-0.00016,0.3839724354387525,22.0,1000000.0,0.005,True,1,53;9;11,40,0,0,
672,672,Data/600MHz/sim_000672_1N-HN.out,600.0,14.091966957139045,92.0,1055.5555555555557,0.05888888888888889,5.285714285714286,5555.0,5e-09,5e-11,0.85,1.02e-10,1.86e-10,-0.00016,0.3839724354387525,22.0,1000000.0,0.005,True,1,45;55;57,40,0,0,
673,673,Data/600MHz/sim_000673_1N-HN.out,600.0,14.091966957139045,92.0,1055.5555555555557,0.05888888888888889,5.642857142857143,5555.0,5e-09,5e-11,0.85,1.02e-10,1.86e-10,-0.00016,0.3839724354387525,22.0,1000000.0,0.005,True,1,23;25;29,40,0,0,
674,674,Data/600MHz/sim_000674_1N-HN.out,600.0,14.091966957139045,92.0,1055.5555555555557,0.05888888888888889,6.0,5555.0,5e-09,5e-11,0.85,1.02e-10,1.86e-10,-0.00016,0.3839724354387525,22.0,1000000.0,0.005,True,1,15;69;73,40,0,0,
675,675,Data/600MHz/sim_000675_1N-HN.out,600.0,14.091966957139045,92.0,1055.5555555555557,0.061111111111111116,1.0,5555.0,5e-09,5e-11,0.85,1.02e-10,1.86e-10,-0.00016,0.3839724354387525,22.0,1000000.0,0.005,True,1,63;5;69,40,0,0,
676,676,Data/600MHz/sim_000676_1N-HN.out,600.0,14.091966957139045,92.0,1055.5555555555557,0.061111111111111116,1.3571428571428572,5555.0,5e-09,5e-11,0.85,1.02e-10,1.86e-10,-0.00016,0.3839724354387525,22.0,1000000.0,0.005,True,1,47;15;61,40,0,0,
677,677,Data/600MHz/sim_000677_1N-HN.out,600.0,14.091966957139045,92.0,1055.5555555555557,0.061111111111111116,1.7142857142857144,5555.0,5e-09,5e-11,0.85,1.02e-10,1.86e-10,-0.00016,0.3839724354387525,22.0,1000000.0,0.005,True,1,55;35;49,40,0,0,
678,678,Data/600MHz/sim_000678_1N-HN.out,600.0,14.091966957139045,92.0,1055.5555555555557,0.061111111111111116,2.071428571428571,5555.0,5e-09,5e-11,0.85,1.02e-10,1.86e-10,-0.00016,0.3839724354387525,22.0,1000000.0,0.005,True,1,43;27;65,40,0,0,
679,679,Data/600MHz/sim_000679_1N-HN.out,600.0,14.091966957139045,92.0,1055.5555555555557,0.061111111111111116,2.428571428571429,5555.0,5e-09,5e-11,0.85,1.02e-10,1.86e-10,-0.00016,0.3839724354387525,22.0,1000000.0,0.005,True,1,69;75;65,40,0,0,
680,680,Data/600MHz/sim_000680_1N-HN.out,600.0,14.091966957139045,92.0,1055.5555555555557,0.061111111111111116,2.7857142857142856,5555.0,5e-09,5e-11,0.85,1.02e-10,1.86e-10,-0.00016,0.3839724354387525,22.0,1000000.0,0.005,True,1,65;39;11,40,0,0,
681,681,Data/600MHz/sim_000681_1N-HN.out,600.0,14.091966957139045,92.0,1055.5555555555557,0.061111111111111116,3.142857142857143,5555.0,5e-09,5e-11,0.85,1.02e-10,1.86e-10,-0.00016,0.3839724354387525,22.0,1000000.0,0.005,True,1,41;15;55,40,0,0,
682,682,Data/600MHz/sim_000682_1N-HN.out,600.0,14.091966957139045,92.0,1055.5555555555557,0.061111111111111116,3.5,5555.0,5e-09,5e-11,0.85,1.02e-10,1.86e-10,-0.00016,0.3839724354387525,22.0,1000000.0,0.005,True,1,45;65;47,40,0,0,
683,683,Data/600MHz/sim_000683_1N-HN.out,600.0,14.091966957139045,92.0,1055.5555555555557,0.061111111111111116,3.857142857142857,5555.0,5e-09,5e-11,0.85,1.02e-10,1.86e-10,-0.00016,0.3839724354387525,22.0,1000000.0,0.005,True,1,71;1;65,40,0,0,
684,684,Data/600MHz/sim_000684_1N-HN.out,600.0,14.091966957139045,92.0,1055.5555555555557,0.061111111111111116,4.214285714285714,5555.0,5e-09,5e-11,0.85,1.02e-10,1.86e-10,-0.00016,0.3839724354387525,22.0,1000000.0,0.005,True,1,39;19;15,40,0,0,
685,685,Data/600MHz/sim_000685_1N-HN.out,600.0,14.091966957139045,92.0,1055.5555555555557,0.061111111111111116,4.571428571428571,5555.0,5e-09,5e-11,0.85,1.02e-10,1.86e-10,-0.00016,0.3839724354387525,22.0,1000000.0,0.005,True,1,49;71;27,40,0,0,
686,686,Data/600MHz/sim_000686_1N-HN.out,600.0,14.091966957139045,92.0,1055.5555555555557,0.061111111111111116,4.928571428571429,5555.0,5e-09,5e-11,0.85,1.02e-10,1.86e-10,-0.00016,0.3839724354387525,22.0,1000000.0,0.005,True,1,73;53;15,40,0,0,
687,687,Data/600MHz/sim_000687_1N-HN.out,600.0,14.091966957139045,92.0,1055.5555555555557,0.061111111111111116,5.285714285714286,5555.0,5e-09,5e-11,0.85,1.02e-10,1.86e-10,-0.00016,0.3839724354387525,22.0,1000000.0,0.005,True,1,25;11;29,40,0,0,
688,688,Data/600MHz/sim_000688_1N-HN.out,600.0,14.091966957139045,92.0,1055.5555555555557,0.061111111111111116,5.642857142857143,5555.0,5e-09,5e-11,0.85,1.02e-10,1.86e-10,-0.00016,0.3839724354387525,22.0,1000000.0,0.005,True,1,27;53;73,40,0,0,
689,689,Data/600MHz/sim_000689_1N-HN.out,600.0,14.091966957139045,92.0,1055.5555555555557,0.061111111111111116,6.0,5555.0,5e-09,5e-11,0.85,1.02e-10,1.86e-10,-0.00016,0.3839724354387525,22.0,1000000.0,0.005,True,1,31;17;77,40,0,0,
690,690,Data/600MHz/sim_000690_1N-HN.out,600.0,14.091966957139045,92.0,1055.5555555555557,0.06333333333333334,1.0,5555.0,5e-09,5e-11,0.85,1.02e-10,1.86e-10,-0.00016,0.3839724354387525,22.0,1000000.0,0.005,True,1,47;61;79,40,0,0,
691,691,Data/600MHz/sim_000691_1N-HN.out,600.0,14.091966957139045,92.0,1055.5555555555557,0.06333333333333334,1.3571428571428572,5555.0,5e-09,5e-11,0.85,1.02e-10,1.86e-10,-0.00016,0.3839724354387525,22.0,1000000.0,0.005,True,1,69;23;21,40,0,0,
692,692,Data/600MHz/sim_000692_1N-HN.out,600.0,14.091966957139045,92.0,1055.5555555555557,0.06333333333333334,1.7142857142857144,5555.0,5e-09,5e-11,0.85,1.02e-10,1.86e-10,-0.00016,0.3839724354387525,22.0,1000000.0,0.005,True,1,39;15;5,40,0,0,
693,693,Data/600MHz/sim_000693_1N-HN.out,600.0,14.091966957139045,92.0,1055.5555555555557,0.06333333333333334,2.071428571428571,5555.0,5e-09,5e-11,0.85,1.02e-10,1.86e-10,-0.00016,0.3839724354387525,22.0,1000000.0,0.005,True,1,27;7;9,40,0,0,
694,694,Data/600MHz/sim_000694_1N-HN.out,600.0,14.091966957139045,92.0,1055.5555555555557,0.06333333333333334,2.428571428571429,5555.0,5e-09,5e-11,0.85,1.02e-10,1.86e-10,-0.00016,0.3839724354387525,22.0,1000000.0,0.005,True,1,5;67;71,40,0,0,
695,695,Data/600MHz/sim_000695_1N-HN.out,600.0,14.091966957139045,92.0,1055.5555555555557,0.06333333333333334,2.7857142857142856,5555.0,5e-09,5e-11,0.85,1.02e-10,1.86e-10,-0.00016,0.3839724354387525,22.0,1000000.0,0.005,True,1,15;71;57,40,0,0,
696,696,Data/600MHz/sim_000696_1N-HN.out,600.0,14.091966957139045,92.0,1055.5555555555557,0.06333333333333334,3.142857142857143,5555.0,5e-09,5e-11,0.85,1.02e-10,1.86e-10,-0.00016,0.3839724354387525,22.0,1000000.0,0.005,True,1,43;79;55,40,0,0,
697,697,Data/600MHz/sim_000697_1N-HN.out,600.0,14.091966957139045,92.0,1055.5555555555557,0.06333333333333334,3.5,5555.0,5e-09,5e-11,0.85,1.02e-10,1.86e-10,-0.00016,0.3839724354387525,22.0,1000000.0,0.005,True,1,33;1;17,40,0,0,
698,698,Data/600MHz/sim_000698_1N-HN.out,600.0,14.091966957139045,92.0,1055.5555555555557,0.06333333333333334,3.857142857142857,5555.0,5e-09,5e-11,0.85,1.02e-10,1.86e-10,-0.00016,0.3839724354387525,22.0,1000000.0,0.005,True,1,57;3;21,40,0,0,
699,699,Data/600MHz/sim_000699_1N-HN.out,600.0,14.091966957139045,92.0,1055.5555555555557,0.06333333333333334,4.214285714285714,5555.0,5e-09,5e-11,0.85,1.02e-10,1.86e-10,-0.00016,0.3839724354387525,22.0,1000000.0,0.005,True,1,53;45;55,40,0,0,
700,700,Data/600MHz/sim_000700_1N-HN.out,600.0,14.091966957139045,92.0,1055.5555555555557,0.06333333333333334,4.571428571428571,5555.0,5e-09,5e-11,0.85,1.02e-10,1.86e-10,-0.00016,0.3839724354387525,22.0,1000000.0,0.005,True,1,15;45;69,40,0,0,
701,701,Data/600MHz/sim_000701_1N-HN.out,600.0,14.091966957139045,92.0,1055.5555555555557,0.06333333333333334,4.928571428571429,5555.0,5e-09,5e-11,0.85,1.02e-10,1.86e-10,-0.00016,0.3839724354387525,22.0,1000000.0,0.005,True,1,61;37;59,40,0,0,
702,702,Data/600MHz/sim_000702_1N-HN.out,600.0,14.091966957139045,92.0,1055.5555555555557,0.06333333333333334,5.285714285714286,5555.0,5e-09,5e-11,0.85,1.02e-10,1.86e-10,-0.00016,0.3839724354387525,22.0,1000000.0,0.005,True,1,45;27;33,40,0,0,
703,703,Data/600MHz/sim_000703_1N-HN.out,600.0,14.091966957139045,92.0,1055.5555555555557,0.06333333333333334,5.642857142857143,5555.0,5e-09,5e-11,0.85,1.02e-10,1.86e-10,-0.00016,0.3839724354387525,22.0,1000000.0,0.005,True,1,63;5;57,40,0,0,
704,704,Data/600MHz/sim_000704_1N-HN.out,600.0,14.091966957139045,92.0,1055.5555555555557,0.06333333333333334,6.0,5555.0,5e-09,5e-11,0.85,1.02e-10,1.86e-10,-0.00016,0.3839724354387525,22.0,1000000.0,0.005,True,1,39;79;27,40,0,0,
705,705,Data/600MHz/sim_000705_1N-HN.out,600.0,14.091966957139045,92.0,1055.5555555555557,0.06555555555555556,1.0,5555.0,5e-09,5e-11,0.85,1.02e-10,1.86e-10,-0.00016,0.3839724354387525,22.0,1000000.0,0.005,True,1,47;1;13,40,0,0,
706,706,Data/600MHz/sim_000706_1N-HN.out,600.0,14.091966957139045,92.0,1055.5555555555557,0.06555555555555556,1.3571428571428572,5555.0,5e-09,5e-11,0.85,1.02e-10,1.86e-10,-0.00016,0.3839724354387525,22.0,1000000.0,0.005,True,1,67;41;33,40,0,0,
707,707,Data/600MHz/sim_000707_1N-HN.out,600.0,14.091966957139045,92.0,1055.5555555555557,0.06555555555555556,1.7142857142857144,5555.0,5e-09,5e-11,0.85,1.02e-10,1.86e-10,-0.00016,0.3839724354387525,22.0,1000000.0,0.005,True,1,63;39;65,40,0,0,
708,708,Data/600MHz/sim_000708_1N-HN.out,600.0,14.091966957139045,92.0,1055.5555555555557,0.06555555555555556,2.071428571428571,5555.0,5e-09,5e-11,0.85,1.02e-10,1.86e-10,-0.00016,0.3839724354387525,22.0,1000000.0,0.005,True,1,75;15;21,40,0,0,
709,709,Data/600MHz/sim_000709_1N-HN.out,600.0,14.091966957139045,92.0,1055.5555555555557,0.06555555555555556,2.428571428571429,5555.0,5e-09,5e-11,0.85,1.02e-10,1.86e-10,-0.00016,0.3839724354387525,22.0,1000000.0,0.005,True,1,19;9;35,40,0,0,
710,710,Data/600MHz/sim_000710_1N-HN.out,600.0,14.091966957139045,92.0,1055.5555555555557,0.06555555555555556,2.7857142857142856,5555.0,5e-09,5e-11,0.85,1.02e-10,1.86e-10,-0.00016,0.3839724354387525,22.0,1000000.0,0.005,True,1,15;5;55,40,0,0,
711,711,Data/600MHz/sim_000711_1N-HN.out,600.0,14.091966957139045,92.0,1055.5555555555557,0.06555555555555556,3.142857142857143,5555.0,5e-09,5e-11,0.85,1.02e-10,1.86e-10,-0.00016,0.3839724354387525,22.0,1000000.0,0.005,True,1,7;3;15,40,0,0,
712,712,Data/600MHz/sim_000712_1N-HN.out,600.0,14.091966957139045,92.0,1055.5555555555557,0.06555555555555556,3.5,5555.0,5e-09,5e-11,0.85,1.02e-10,1.86e-10,-0.00016,0.3839724354387525,22.0,1000000.0,0.005,True,1,57;41;31,40,0,0,
713,713,Data/600MHz/sim_000713_1N-HN.out,600.0,14.091966957139045,92.0,1055.5555555555557,0.06555555555555556,3.857142857142857,5555.0,5e-09,5e-11,0.85,1.02e-10,1.86e-10,-0.00016,0.3839724354387525,22.0,1000000.0,0.005,True,1,25;3;65,40,0,0,
714,714,Data/600MHz/sim_000714_1N-HN.out,600.0,14.091966957139045,92.0,1055.5555555555557,0.06555555555555556,4.214285714285714,5555.0,5e-09,5e-11,0.85,1.02e-10,1.86e-10,-0.00016,0.3839724354387525,22.0,1000000.0,0.005,True,1,31;79;11,40,0,0,
715,715,Data/600MHz/sim_000715_1N-HN.out,600.0,14.091966957139045,92.0,1055.5555555555557,0.06555555555555556,4.571428571428571,5555.0,5e-09,5e-11,0.85,1.02e-10,1.86e-10,-0.00016,0.3839724354387525,22.0,1000000.0,0.005,True,1,75;31;37,40,0,0,
716,716,Data/600MHz/sim_000716_1N-HN.out,600.0,14.091966957139045,92.0,1055.5555555555557,0.06555555555555556,4.928571428571429,5555.0,5e-09,5e-11,0.85,1.02e-10,1.86e-10,-0.00016,0.3839724354387525,22.0,1000000.0,0.005,True,1,3;65;71,40,0,0,
717,717,Data/600MHz/sim_000717_1N-HN.out,600.0,14.091966957139045,92.0,1055.5555555555557,0.06555555555555556,5.285714285714286,5555.0,5e-09,5e-11,0.85,1.02e-10,1.86e-10,-0.00016,0.3839724354387525,22.0,1000000.0,0.005,True,1,41;15;39,40,0,0,
718,718,Data/600MHz/sim_000718_1N-HN.out,600.0,14.091966957139045,92.0,1055.5555555555557,0.06555555555555556,5.642857142857143,5555.0,5e-09,5e-11,0.85,1.02e-10,1.86e-10,-0.00016,0.3839724354387525,22.0,1000000.0,0.005,True,1,67;35;15,40,0,0,
719,719,Data/600MHz/sim_000719_1N-HN.out,600.0,14.091966957139045,92.0,1055.5555555555557,0.06555555555555556,6.0,5555.0,5e-09,5e-11,0.85,1.02e-10,1.86e-10,-0.00016,0.3839724354387525,22.0,1000000.0,0.005,True,1,79;17;77,40,0,0,
720,720,Data/600MHz/sim_000720_1N-HN.out,600.0,14.091966957139045,92.0,1055.5555555555557,0.06777777777777778,1.0,5555.0,5e-09,5e-11,0.85,1.02e-10,1.86e-10,-0.00016,0.3839724354387525,22.0,1000000.0,0.005,True,1,33;63;7,40,0,0,
721,721,Data/600MHz/sim_000721_1N-HN.out,600.0,14.091966957139045,92.0,1055.5555555555557,0.06777777777777778,1.3571428571428572,5555.0,5e-09,5e-11,0.85,1.02e-10,1.86e-10,-0.00016,0.3839724354387525,22.0,1000000.0,0.005,True,1,5;35;59,40,0,0,
722,722,Data/600MHz/sim_000722_1N-HN.out,600.0,14.091966957139045,92.0,1055.5555555555557,0.06777777777777778,1.7142857142857144,5555.0,5e-09,5e-11,0.85,1.02e-10,1.86e-10,-0.00016,0.3839724354387525,22.0,1000000.0,0.005,True,1,9;21;27,40,0,0,
723,723,Data/600MHz/sim_000723_1N-HN.out,600.0,14.091966957139045,92.0,1055.5555555555557,0.06777777777777778,2.071428571428571,5555.0,5e-09,5e-11,0.85,1.02e-10,1.86e-10,-0.00016,0.3839724354387525,22.0,1000000.0,0.005,True,1,39;53;27,40,0,0,
724,724,Data/600MHz/sim_000724_1N-HN.out,600.0,14.091966957139045,92.0,1055.5555555555557,0.06777777777777778,2.428571428571429,5555.0,5e-09,5e-11,0.85,1.02e-10,1.86e-10,-0.00016,0.3839724354387525,22.0,1000000.0,0.005,True,1,29;51;55,40,0,0,
725,725,Data/600MHz/sim_000725_1N-HN.out,600.0,14.091966957139045,92.0,1055.5555555555557,0.06777777777777778,2.7857142857142856,5555.0,5e-09,5e-11,0.85,1.02e-10,1.86e-10,-0.00016,0.3839724354387525,22.0,1000000.0,0.005,True,1,33;11;17,40,0,0,
726,726,Data/600MHz/sim_000726_1N-HN.out,600.0,14.091966957139045,92.0,1055.5555555555557,0.06777777777777778,3.142857142857143,5555.0,5e-09,5e-11,0.85,1.02e-10,1.86e-10,-0.00016,0.3839724354387525,22.0,1000000.0,0.005,True,1,51;67;61,40,0,0,
727,727,Data/600MHz/sim_000727_1N-HN.out,600.0,14.091966957139045,92.0,1055.5555555555557,0.06777777777777778,3.5,5555.0,5e-09,5e-11,0.85,1.02e-10,1.86e-10,-0.00016,0.3839724354387525,22.0,1000000.0,0.005,True,1,79;31;51,40,0,0,
728,728,Data/600MHz/sim_000728_1N-HN.out,600.0,14.091966957139045,92.0,1055.5555555555557,0.06777777777777778,3.857142857142857,5555.0,5e-09,5e-11,0.85,1.02e-10,1.86e-10,-0.00016,0.3839724354387525,22.0,1000000.0,0.005,True,1,63;37;35,40,0,0,
729,729,Data/600MHz/sim_000729_1N-HN.out,600.0,14.091966957139045,92.0,1055.5555555555557,0.06777777777777778,4.214285714285714,5555.0,5e-09,5e-11,0.85,1.02e-10,1.86e-10,-0.00016,0.3839724354387525,22.0,1000000.0,0.005,True,1,17;75;71,40,0,0,
730,730,Data/600MHz/sim_000730_1N-HN.out,600.0,14.091966957139045,92.0,1055.5555555555557,0.06777777777777778,4.571428571428571,5555.0,5e-09,5e-11,0.85,1.02e-10,1.86e-10,-0.00016,0.3839724354387525,22.0,1000000.0,0.005,True,1,69;27;59,40,0,0,
731,731,Data/600MHz/sim_000731_1N-HN.out,600.0,14.091966957139045,92.0,1055.5555555555557,0.06777777777777778,4.928571428571429,5555.0,5e-09,5e-11,0.85,1.02e-10,1.86e-10,-0.00016,0.3839724354387525,22.0,1000000.0,0.005,True,1,65;9;35,40,0,0,
732,732,Data/600MHz/sim_000732_1N-HN.out,600.0,14.091966957139045,92.0,1055.5555555555557,0.06777777777777778,5.285714285714286,5555.0,5e-09,5e-11,0.85,1.02e-10,1.86e-10,-0.00016,0.3839724354387525,22.0,1000000.0,0.005,True,1,33;69;75,40,0,0,
733,733,Data/600MHz/sim_000733_1N-HN.out,600.0,14.091966957139045,92.0,1055.5555555555557,0.06777777777777778,5.642857142857143,5555.0,5e-09,5e-11,0.85,1.02e-10,1.86e-10,-0.00016,0.3839724354387525,22.0,1000000.0,0.005,True,1,1;43;31,40,0,0,
734,734,Data/600MHz/sim_000734_1N-HN.out,600.0,14.091966957139045,92.0,1055.5555555555557,0.06777777777777778,6.0,5555.0,5e-09,5e-11,0.85,1.02e-10,1.86e-10,-0.00016,0.3839724354387525,22.0,1000000.0,0.005,True,1,21;19;35,40,0,0,
735,735,Data/600MHz/sim_000735_1N-HN.out,600.0,14.091966957139045,92.0,1055.5555555555557,0.07,1.0,5555.0,5e-09,5e-11,0.85,1.02e-10,1.86e-10,-0.00016,0.3839724354387525,22.0,1000000.0,0.005,True,1,35;15;47,40,0,0,
736,736,Data/600MHz/sim_000736_1N-HN.out,600.0,14.091966957139045,92.0,1055.5555555555557,0.07,1.3571428571428572,5555.0,5e-09,5e-11,0.85,1.02e-10,1.86e-10,-0.00016,0.3839724354387525,22.0,1000000.0,0.005,True,1,69;41;75,40,0,0,
737,737,Data/600MHz/sim_000737_1N-HN.out,600.0,14.091966957139045,92.0,1055.5555555555557,0.07,1.7142857142857144,5555.0,5e-09,5e-11,0.85,1.02e-10,1.86e-10,-0.00016,0.3839724354387525,22.0,1000000.0,0.005,True,1,73;17;59,40,0,0,
738,738,Data/600MHz/sim_000738_1N-HN.out,600.0,14.091966957139045,92.0,1055.5555555555557,0.07,2.071428571428571,5555.0,5e-09,5e-11,0.85,1.02e-10,1.86e-10,-0.00016,0.3839724354387525,22.0,1000000.0,0.005,True,1,27;17;19,40,0,0,
739,739,Data/600MHz/sim_000739_1N-HN.out,600.0,14.091966957139045,92.0,1055.5555555555557,0.07,2.428571428571429,5555.0,5e-09,5e-11,0.85,1.02e-10,1.86e-10,-0.00016,0.3839724354387525,22.0,1000000.0,0.005,True,1,5;51;11,40,0,0,
740,740,Data/600MHz/sim_000740_1N-HN.out,600.0,14.091966957139045,92.0,1055.5555555555557,0.07,2.7857142857142856,5555.0,5e-09,5e-11,0.85,1.02e-10,1.86e-10,-0.00016,0.3839724354387525,22.0,1000000.0,0.005,True,1,47;59;65,40,0,0,
741,741,Data/600MHz/sim_000741_1N-HN.out,600.0,14.091966957139045,92.0,1055.5555555555557,0.07,3.142857142857143,5555.0,5e-09,5e-11,0.85,1.02e-10,1.86e-10,-0.00016,0.3839724354387525,22.0,1000000.0,0.005,True,1,51;79;61,40,0,0,
742,742,Data/600MHz/sim_000742_1N-HN.out,600.0,14.091966957139045,92.0,1055.5555555555557,0.07,3.5,5555.0,5e-09,5e-11,0.85,1.02e-10,1.86e-10,-0.00016,0.3839724354387525,22.0,1000000.0,0.005,True,1,27;25;31,40,0,0,
743,743,Data/600MHz/sim_000743_1N-HN.out,600.0,14.091966957139045,92.0,1055.5555555555557,0.07,3.857142857142857,5555.0,5e-09,5e-11,0.85,1.02e-10,1.86e-10,-0.00016,0.3839724354387525,22.0,1000000.0,0.005,True,1,37;47;21,40,0,0,
744,744,Data/600MHz/sim_000744_1N-HN.out,600.0,14.091966957139045,92.0,1055.5555555555557,0.07,4.214285714285714,5555.0,5e-09,5e-11,0.85,1.02e-10,1.86e-10,-0.00016,0.3839724354387525,22.0,1000000.0,0.005,True,1,67;59;37,40,0,0,
745,745,Data/600MHz/sim_000745_1N-HN.out,600.0,14.091966957139045,92.0,1055.5555555555557,0.07,4.571428571428571,5555.0,5e-09,5e-11,0.85,1.02e-10,1.86e-10,-0.00016,0.3839724354387525,22.0,1000000.0,0.005,True,1,15;31;67,40,0,0,
746,746,Data/600MHz/sim_000746_1N-HN.out,600.0,14.091966957139045,92.0,1055.5555555555557,0.07,4.928571428571429,5555.0,5e-09,5e-11,0.85,1.02e-10,1.86e-10,-0.00016,0.3839724354387525,22.0,1000000.0,0.005,True,1,9;27;55,40,0,0,
747,747,Data/600MHz/sim_000747_1N-HN.out,600.0,14.091966957139045,92.0,1055.5555555555557,0.07,5.285714285714286,5555.0,5e-09,5e-11,0.85,1.02e-10,1.86e-10,-0.00016,0.3839724354387525,22.0,1000000.0,0.005,True,1,15;9;11,40,0,0,
748,748,Data/600MHz/sim_000748_1N-HN.out,600.0,14.091966957139045,92.0,1055.5555555555557,0.07,5.642857142857143,5555.0,5e-09,5e-11,0.85,1.02e-10,1.86e-10,-0.00016,0.3839724354387525,22.0,1000000.0,0.005,True,1,25;67;27,40,0,0,
749,749,Data/600MHz/sim_000749_1N-HN.out,600.0,14.091966957139045,92.0,1055.5555555555557,0.07,6.0,5555.0,5e-09,5e-11,0.85,1.02e-10,1.86e-10,-0.00016,0.3839724354387525,22.0,1000000.0,0.005,True,1,1;35;71,40,0,0,
750,750,Data/600MHz/sim_000750_1N-HN.out,600.0,14.091966957139045,92.0,1244.4444444444443,0.05,1.0,5555.0,5e-09,5e-11,0.85,1.02e-10,1.86e-10,-0.00016,0.3839724354387525,22.0,1000000.0,0.005,True,1,65;47;45,40,0,0,
751,751,Data/600MHz/sim_000751_1N-HN.out,600.0,14.091966957139045,92.0,1244.4444444444443,0.05,1.3571428571428572,5555.0,5e-09,5e-11,0.85,1.02e-10,1.86e-10,-0.00016,0.3839724354387525,22.0,1000000.0,0.005,True,1,65;71;67,40,0,0,
752,752,Data/600MHz/sim_000752_1N-HN.out,600.0,14.091966957139045,92.0,1244.4444444444443,0.05,1.7142857142857144,5555.0,5e-09,5e-11,0.85,1.02e-10,1.86e-10,-0.00016,0.3839724354387525,22.0,1000000.0,0.005,True,1,25;51;79,40,0,0,
753,753,Data/600MHz/sim_000753_1N-HN.out,600.0,14.091966957139045,92.0,1244.4444444444443,0.05,2.071428571428571,5555.0,5e-09,5e-11,0.85,1.02e-10,1.86e-10,-0.00016,0.3839724354387525,22.0,1000000.0,0.005,True,1,37;49;75,40,0,0,
754,754,Data/600MHz/sim_000754_1N-HN.out,600.0,14.091966957139045,92.0,1244.4444444444443,0.05,2.428571428571429,5555.0,5e-09,5e-11,0.85,1.02e-10,1.86e-10,-0.00016,0.3839724354387525,22.0,1000000.0,0.005,True,1,65;33;67,40,0,0,
755,755,Data/600MHz/sim_000755_1N-HN.out,600.0,14.091966957139045,92.0,1244.4444444444443,0.05,2.7857142857142856,5555.0,5e-09,5e-11,0.85,1.02e-10,1.86e-10,-0.00016,0.3839724354387525,22.0,1000000.0,0.005,True,1,33;63;43,40,0,0,
756,756,Data/600MHz/sim_000756_1N-HN.out,600.0,14.091966957139045,92.0,1244.4444444444443,0.05,3.142857142857143,5555.0,5e-09,5e-11,0.85,1.02e-10,1.86e-10,-0.00016,0.3839724354387525,22.0,1000000.0,0.005,True,1,51;69;33,40,0,0,
757,757,Data/600MHz/sim_000757_1N-HN.out,600.0,14.091966957139045,92.0,1244.4444444444443,0.05,3.5,5555.0,5e-09,5e-11,0.85,1.02e-10,1.86e-10,-0.00016,0.3839724354387525,22.0,1000000.0,0.005,True,1,7;3;17,40,0,0,
758,758,Data/600MHz/sim_000758_1N-HN.out,600.0,14.091966957139045,92.0,1244.4444444444443,0.05,3.857142857142857,5555.0,5e-09,5e-11,0.85,1.02e-10,1.86e-10,-0.00016,0.3839724354387525,22.0,1000000.0,0.005,True,1,1;21;53,40,0,0,
759,759,Data/600MHz/sim_000759_1N-HN.out,600.0,14.091966957139045,92.0,1244.4444444444443,0.05,4.214285714285714,5555.0,5e-09,5e-11,0.85,1.02e-10,1.86e-10,-0.00016,0.3839724354387525,22.0,1000000.0,0.005,True,1,25;37;7,40,0,0,
760,760,Data/600MHz/sim_000760_1N-HN.out,600.0,14.091966957139045,92.0,1244.4444444444443,0.05,4.571428571428571,5555.0,5e-09,5e-11,0.85,1.02e-10,1.86e-10,-0.00016,0.3839724354387525,22.0,1000000.0,0.005,True,1,55;79;27,40,0,0,
761,761,Data/600MHz/sim_000761_1N-HN.out,600.0,14.091966957139045,92.0,1244.4444444444443,0.05,4.928571428571429,5555.0,5e-09,5e-11,0.85,1.02e-10,1.86e-10,-0.00016,0.3839724354387525,22.0,1000000.0,0.005,True,1,31;65;43,40,0,0,
762,762,Data/600MHz/sim_000762_1N-HN.out,600.0,14.091966957139045,92.0,1244.4444444444443,0.05,5.285714285714286,5555.0,5e-09,5e-11,0.85,1.02e-10,1.86e-10,-0.00016,0.3839724354387525,22.0,1000000.0,0.005,True,1,37;13;63,40,0,0,
763,763,Data/600MHz/sim_000763_1N-HN.out,600.0,14.091966957139045,92.0,1244.4444444444443,0.05,5.642857142857143,5555.0,5e-09,5e-11,0.85,1.02e-10,1.86e-10,-0.00016,0.3839724354387525,22.0,1000000.0,0.005,True,1,41;53;3,40,0,0,
764,764,Data/600MHz/sim_000764_1N-HN.out,600.0,14.091966957139045,92.0,1244.4444444444443,0.05,6.0,5555.0,5e-09,5e-11,0.85,1.02e-10,1.86e-10,-0.00016,0.3839724354387525,22.0,1000000.0,0.005,True,1,25;43;49,40,0,0,
765,765,Data/600MHz/sim_000765_1N-HN.out,600.0,14.091966957139045,92.0,1244.4444444444443,0.052222222222222225,1.0,5555.0,5e-09,5e-11,0.85,1.02e-10,1.86e-10,-0.00016,0.3839724354387525,22.0,1000000.0,0.005,True,1,11;39;9,40,0,0,
766,766,Data/600MHz/sim_000766_1N-HN.out,600.0,14.091966957139045,92.0,1244.4444444444443,0.052222222222222225,1.3571428571428572,5555.0,5e-09,5e-11,0.85,1.02e-10,1.86e-10,-0.00016,0.3839724354387525,22.0,1000000.0,0.005,True,1,27;31;51,40,0,0,
767,767,Data/600MHz/sim_000767_1N-HN.out,600.0,14.091966957139045,92.0,1244.4444444444443,0.052222222222222225,1.7142857142857144,5555.0,5e-09,5e-11,0.85,1.02e-10,1.86e-10,-0.00016,0.3839724354387525,22.0,1000000.0,0.005,True,1,27;35;25,40,0,0,
768,768,Data/600MHz/sim_000768_1N-HN.out,600.0,14.091966957139045,92.0,1244.4444444444443,0.052222222222222225,2.071428571428571,5555.0,5e-09,5e-11,0.85,1.02e-10,1.86e-10,-0.00016,0.3839724354387525,22.0,1000000.0,0.005,True,1,1;19;61,40,0,0,
769,769,Data/600MHz/sim_000769_1N-HN.out,600.0,14.091966957139045,92.0,1244.4444444444443,0.052222222222222225,2.428571428571429,5555.0,5e-09,5e-11,0.85,1.02e-10,1.86e-10,-0.00016,0.3839724354387525,22.0,1000000.0,0.005,True,1,33;3;75,40,0,0,
770,770,Data/600MHz/sim_000770_1N-HN.out,600.0,14.091966957139045,92.0,1244.4444444444443,0.052222222222222225,2.7857142857142856,5555.0,5e-09,5e-11,0.85,1.02e-10,1.86e-10,-0.00016,0.3839724354387525,22.0,1000000.0,0.005,True,1,53;77;3,40,0,0,
771,771,Data/600MHz/sim_000771_1N-HN.out,600.0,14.091966957139045,92.0,1244.4444444444443,0.052222222222222225,3.142857142857143,5555.0,5e-09,5e-11,0.85,1.02e-10,1.86e-10,-0.00016,0.3839724354387525,22.0,1000000.0,0.005,True,1,79;39;17,40,0,0,
772,772,Data/600MHz/sim_000772_1N-HN.out,600.0,14.091966957139045,92.0,1244.4444444444443,0.052222222222222225,3.5,5555.0,5e-09,5e-11,0.85,1.02e-10,1.86e-10,-0.00016,0.3839724354387525,22.0,1000000.0,0.005,True,1,79;53;41,40,0,0,
773,773,Data/600MHz/sim_000773_1N-HN.out,600.0,14.091966957139045,92.0,1244.4444444444443,0.052222222222222225,3.857142857142857,5555.0,5e-09,5e-11,0.85,1.02e-10,1.86e-10,-0.00016,0.3839724354387525,22.0,1000000.0,0.005,True,1,45;27;19,40,0,0,
774,774,Data/600MHz/sim_000774_1N-HN.out,600.0,14.091966957139045,92.0,1244.4444444444443,0.052222222222222225,4.214285714285714,5555.0,5e-09,5e-11,0.85,1.02e-10,1.86e-10,-0.00016,0.3839724354387525,22.0,1000000.0,0.005,True,1,79;35;9,40,0,0,
775,775,Data/600MHz/sim_000775_1N-HN.out,600.0,14.091966957139045,92.0,1244.4444444444443,0.052222222222222225,4.571428571428571,5555.0,5e-09,5e-11,0.85,1.02e-10,1.86e-10,-0.00016,0.3839724354387525,22.0,1000000.0,0.005,True,1,7;57;45,40,0,0,
776,776,Data/600MHz/sim_000776_1N-HN.out,600.0,14.091966957139045,92.0,1244.4444444444443,0.052222222222222225,4.928571428571429,5555.0,5e-09,5e-11,0.85,1.02e-10,1.86e-10,-0.00016,0.3839724354387525,22.0,1000000.0,0.005,True,1,45;13;67,40,0,0,
777,777,Data/600MHz/sim_000777_1N-HN.out,600.0,14.091966957139045,92.0,1244.4444444444443,0.052222222222222225,5.285714285714286,5555.0,5e-09,5e-11,0.85,1.02e-10,1.86e-10,-0.00016,0.3839724354387525,22.0,1000000.0,0.005,True,1,1;77;37,40,0,0,
778,778,Data/600MHz/sim_000778_1N-HN.out,600.0,14.091966957139045,92.0,1244.4444444444443,0.052222222222222225,5.642857142857143,5555.0,5e-09,5e-11,0.85,1.02e-10,1.86e-10,-0.00016,0.3839724354387525,22.0,1000000.0,0.005,True,1,31;19;23,40,0,0,
779,779,Data/600MHz/sim_000779_1N-HN.out,600.0,14.091966957139045,92.0,1244.4444444444443,0.052222222222222225,6.0,5555.0,5e-09,5e-11,0.85,1.02e-10,1.86e-10,-0.00016,0.3839724354387525,22.0,1000000.0,0.005,True,1,53;65;61,40,0,0,
780,780,Data/600MHz/sim_000780_1N-HN.out,600.0,14.091966957139045,92.0,1244.4444444444443,0.05444444444444445,1.0,5555.0,5e-09,5e-11,0.85,1.02e-10,1.86e-10,-0.00016,0.3839724354387525,22.0,1000000.0,0.005,True,1,63;41;49,40,0,0,
781,781,Data/600MHz/sim_000781_1N-HN.out,600.0,14.091966957139045,92.0,1244.4444444444443,0.05444444444444445,1.3571428571428572,5555.0,5e-09,5e-11,0.85,1.02e-10,1.86e-10,-0.00016,0.3839724354387525,22.0,1000000.0,0.005,True,1,13;59;29,40,0,0,
782,782,Data/600MHz/sim_000782_1N-HN.out,600.0,14.091966957139045,92.0,1244.4444444444443,0.05444444444444445,1.7142857142857144,5555.0,5e-09,5e-11,0.85,1.02e-10,1.86e-10,-0.00016,0.3839724354387525,22.0,1000000.0,0.005,True,1,59;21;41,40,0,0,
783,783,Data/600MHz/sim_000783_1N-HN.out,600.0,14.091966957139045,92.0,1244.4444444444443,0.05444444444444445,2.071428571428571,5555.0,5e-09,5e-11,0.85,1.02e-10,1.86e-10,-0.00016,0.3839724354387525,22.0,1000000.0,0.005,True,1,21;47;75,40,0,0,
784,784,Data/600MHz/sim_000784_1N-HN.out,600.0,14.091966957139045,92.0,1244.4444444444443,0.05444444444444445,2.428571428571429,5555.0,5e-09,5e-11,0.85,1.02e-10,1.86e-10,-0.00016,0.3839724354387525,22.0,1000000.0,0.005,True,1,47;25;45,40,0,0,
785,785,Data/600MHz/sim_000785_1N-HN.out,600.0,14.091966957139045,92.0,1244.4444444444443,0.05444444444444445,2.7857142857142856,5555.0,5e-09,5e-11,0.85,1.02e-10,1.86e-10,-0.00016,0.3839724354387525,22.0,1000000.0,0.005,True,1,15;49;33,40,0,0,
786,786,Data/600MHz/sim_000786_1N-HN.out,600.0,14.091966957139045,92.0,1244.4444444444443,0.05444444444444445,3.142857142857143,5555.0,5e-09,5e-11,0.85,1.02e-10,1.86e-10,-0.00016,0.3839724354387525,22.0,1000000.0,0.005,True,1,35;65;31,40,0,0,
787,787,Data/600MHz/sim_000787_1N-HN.out,600.0,14.091966957139045,92.0,1244.4444444444443,0.05444444444444445,3.5,5555.0,5e-09,5e-11,0.85,1.02e-10,1.86e-10,-0.00016,0.3839724354387525,22.0,1000000.0,0.005,True,1,41;49;45,40,0,0,
788,788,Data/600MHz/sim_000788_1N-HN.out,600.0,14.091966957139045,92.0,1244.4444444444443,0.05444444444444445,3.857142857142857,5555.0,5e-09,5e-11,0.85,1.02e-10,1.86e-10,-0.00016,0.3839724354387525,22.0,1000000.0,0.005,True,1,37;23;21,40,0,0,
789,789,Data/600MHz/sim_000789_1N-HN.out,600.0,14.091966957139045,92.0,1244.4444444444443,0.05444444444444445,4.214285714285714,5555.0,5e-09,5e-11,0.85,1.02e-10,1.86e-10,-0.00016,0.3839724354387525,22.0,1000000.0,0.005,True,1,13;19;25,40,0,0,
790,790,Data/600MHz/sim_000790_1N-HN.out,600.0,14.091966957139045,92.0,1244.4444444444443,0.05444444444444445,4.571428571428571,5555.0,5e-09,5e-11,0.85,1.02e-10,1.86e-10,-0.00016,0.3839724354387525,22.0,1000000.0,0.005,True,1,13;43;63,40,0,0,
791,791,Data/600MHz/sim_000791_1N-HN.out,600.0,14.091966957139045,92.0,1244.4444444444443,0.05444444444444445,4.928571428571429,5555.0,5e-09,5e-11,0.85,1.02e-10,1.86e-10,-0.00016,0.3839724354387525,22.0,1000000.0,0.005,True,1,7;31;43,40,0,0,
792,792,Data/600MHz/sim_000792_1N-HN.out,600.0,14.091966957139045,92.0,1244.4444444444443,0.05444444444444445,5.285714285714286,5555.0,5e-09,5e-11,0.85,1.02e-10,1.86e-10,-0.00016,0.3839724354387525,22.0,1000000.0,0.005,True,1,75;63;47,40,0,0,
793,793,Data/600MHz/sim_000793_1N-HN.out,600.0,14.091966957139045,92.0,1244.4444444444443,0.05444444444444445,5.642857142857143,5555.0,5e-09,5e-11,0.85,1.02e-10,1.86e-10,-0.00016,0.3839724354387525,22.0,1000000.0,0.005,True,1,5;61;43,40,0,0,
794,794,Data/600MHz/sim_000794_1N-HN.out,600.0,14.091966957139045,92.0,1244.4444444444443,0.05444444444444445,6.0,5555.0,5e-09,5e-11,0.85,1.02e-10,1.86e-10,-0.00016,0.3839724354387525,22.0,1000000.0,0.005,True,1,49;23;37,40,0,0,
795,795,Data/600MHz/sim_000795_1N-HN.out,600.0,14.091966957139045,92.0,1244.4444444444443,0.05666666666666667,1.0,5555.0,5e-09,5e-11,0.85,1.02e-10,1.86e-10,-0.00016,0.3839724354387525,22.0,1000000.0,0.005,True,1,19;79;61,40,0,0,
796,796,Data/600MHz/sim_000796_1N-HN.out,600.0,14.091966957139045,92.0,1244.4444444444443,0.05666666666666667,1.3571428571428572,5555.0,5e-09,5e-11,0.85,1.02e-10,1.86e-10,-0.00016,0.3839724354387525,22.0,1000000.0,0.005,True,1,23;49;67,40,0,0,
797,797,Data/600MHz/sim_000797_1N-HN.out,600.0,14.091966957139045,92.0,1244.4444444444443,0.05666666666666667,1.7142857142857144,5555.0,5e-09,5e-11,0.85,1.02e-10,1.86e-10,-0.00016,0.3839724354387525,22.0,1000000.0,0.005,True,1,27;69;35,40,0,0,
798,798,Data/600MHz/sim_000798_1N-HN.out,600.0,14.091966957139045,92.0,1244.4444444444443,0.05666666666666667,2.071428571428571,5555.0,5e-09,5e-11,0.85,1.02e-10,1.86e-10,-0.00016,0.3839724354387525,22.0,1000000.0,0.005,True,1,73;47;31,40,0,0,
799,799,Data/600MHz/sim_000799_1N-HN.out,600.0,14.091966957139045,92.0,1244.4444444444443,0.05666666666666667,2.428571428571429,5555.0,5e-09,5e-11,0.85,1.02e-10,1.86e-10,-0.00016,0.3839724354387525,22.0,1000000.0,0.005,True,1,7;63;31,40,0,0,
800,800,Data/600MHz/sim_000800_1N-HN.out,600.0,14.091966957139045,92.0,1244.4444444444443,0.05666666666666667,2.7857142857142856,5555.0,5e-09,5e-11,0.85,1.02e-10,1.86e-10,-0.00016,0.3839724354387525,22.0,1000000.0,0.005,True,1,51;61;77,40,0,0,
801,801,Data/600MHz/sim_000801_1N-HN.out,600.0,14.091966957139045,92.0,1244.4444444444443,0.05666666666666667,3.142857142857143,5555.0,5e-09,5e-11,0.85,1.02e-10,1.86e-10,-0.00016,0.3839724354387525,22.0,1000000.0,0.005,True,1,29;41;49,40,0,0,
802,802,Data/600MHz/sim_000802_1N-HN.out,600.0,14.091966957139045,92.0,1244.4444444444443,0.05666666666666667,3.5,5555.0,5e-09,5e-11,0.85,1.02e-10,1.86e-10,-0.00016,0.3839724354387525,22.0,1000000.0,0.005,True,1,61;29;9,40,0,0,
803,803,Data/600MHz/sim_000803_1N-HN.out,600.0,14.091966957139045,92.0,1244.4444444444443,0.05666666666666667,3.857142857142857,5555.0,5e-09,5e-11,0.85,1.02e-10,1.86e-10,-0.00016,0.3839724354387525,22.0,1000000.0,0.005,True,1,31;69;35,40,0,0,
804,804,Data/600MHz/sim_000804_1N-HN.out,600.0,14.091966957139045,92.0,1244.4444444444443,0.05666666666666667,4.214285714285714,5555.0,5e-09,5e-11,0.85,1.02e-10,1.86e-10,-0.00016,0.3839724354387525,22.0,1000000.0,0.005,True,1,43;55;9,40,0,0,
805,805,Data/600MHz/sim_000805_1N-HN.out,600.0,14.091966957139045,92.0,1244.4444444444443,0.05666666666666667,4.571428571428571,5555.0,5e-09,5e-11,0.85,1.02e-10,1.86e-10,-0.00016,0.3839724354387525,22.0,1000000.0,0.005,True,1,35;3;13,40,0,0,
806,806,Data/600MHz/sim_000806_1N-HN.out,600.0,14.091966957139045,92.0,1244.4444444444443,0.05666666666666667,4.928571428571429,5555.0,5e-09,5e-11,0.85,1.02e-10,1.86e-10,-0.00016,0.3839724354387525,22.0,1000000.0,0.005,True,1,77;5;39,40,0,0,
807,807,Data/600MHz/sim_000807_1N-HN.out,600.0,14.091966957139045,92.0,1244.4444444444443,0.05666666666666667,5.285714285714286,5555.0,5e-09,5e-11,0.85,1.02e-10,1.86e-10,-0.00016,0.3839724354387525,22.0,1000000.0,0.005,True,1,63;39;45,40,0,0,
808,808,Data/600MHz/sim_000808_1N-HN.out,600.0,14.091966957139045,92.0,1244.4444444444443,0.05666666666666667,5.642857142857143,5555.0,5e-09,5e-11,0.85,1.02e-10,1.86e-10,-0.00016,0.3839724354387525,22.0,1000000.0,0.005,True,1,79;37;43,40,0,0,
809,809,Data/600MHz/sim_000809_1N-HN.out,600.0,14.091966957139045,92.0,1244.4444444444443,0.05666666666666667,6.0,5555.0,5e-09,5e-11,0.85,1.02e-10,1.86e-10,-0.00016,0.3839724354387525,22.0,1000000.0,0.005,True,1,45;49;73,40,0,0,
810,810,Data/600MHz/sim_000810_1N-HN.out,600.0,14.091966957139045,92.0,1244.4444444444443,0.05888888888888889,1.0,5555.0,5e-09,5e-11,0.85,1.02e-10,1.86e-10,-0.00016,0.3839724354387525,22.0,1000000.0,0.005,True,1,71;69;25,40,0,0,
811,811,Data/600MHz/sim_000811_1N-HN.out,600.0,14.091966957139045,92.0,1244.4444444444443,0.05888888888888889,1.3571428571428572,5555.0,5e-09,5e-11,0.85,1.02e-10,1.86e-10,-0.00016,0.3839724354387525,22.0,1000000.0,0.005,True,1,11;9;51,40,0,0,
812,812,Data/600MHz/sim_000812_1N-HN.out,600.0,14.091966957139045,92.0,1244.4444444444443,0.05888888888888889,1.7142857142857144,5555.0,5e-09,5e-11,0.85,1.02e-10,1.86e-10,-0.00016,0.3839724354387525,22.0,1000000.0,0.005,True,1,41;13;55,40,0,0,
813,813,Data/600MHz/sim_000813_1N-HN.out,600.0,14.091966957139045,92.0,1244.4444444444443,0.05888888888888889,2.071428571428571,5555.0,5e-09,5e-11,0.85,1.02e-10,1.86e-10,-0.00016,0.3839724354387525,22.0,1000000.0,0.005,True,1,43;21;5,40,0,0,
814,814,Data/600MHz/sim_000814_1N-HN.out,600.0,14.091966957139045,92.0,1244.4444444444443,0.05888888888888889,2.428571428571429,5555.0,5e-09,5e-11,0.85,1.02e-10,1.86e-10,-0.00016,0.3839724354387525,22.0,1000000.0,0.005,True,1,17;11;25,40,0,0,
815,815,Data/600MHz/sim_000815_1N-HN.out,600.0,14.091966957139045,92.0,1244.4444444444443,0.05888888888888889,2.7857142857142856,5555.0,5e-09,5e-11,0.85,1.02e-10,1.86e-10,-0.00016,0.3839724354387525,22.0,1000000.0,0.005,True,1,35;61;47,40,0,0,
816,816,Data/600MHz/sim_000816_1N-HN.out,600.0,14.091966957139045,92.0,1244.4444444444443,0.05888888888888889,3.142857142857143,5555.0,5e-09,5e-11,0.85,1.02e-10,1.86e-10,-0.00016,0.3839724354387525,22.0,1000000.0,0.005,True,1,41;71;13,40,0,0,
817,817,Data/600MHz/sim_000817_1N-HN.out,600.0,14.091966957139045,92.0,1244.4444444444443,0.05888888888888889,3.5,5555.0,5e-09,5e-11,0.85,1.02e-10,1.86e-10,-0.00016,0.3839724354387525,22.0,1000000.0,0.005,True,1,65;67;13,40,0,0,
818,818,Data/600MHz/sim_000818_1N-HN.out,600.0,14.091966957139045,92.0,1244.4444444444443,0.05888888888888889,3.857142857142857,5555.0,5e-09,5e-11,0.85,1.02e-10,1.86e-10,-0.00016,0.3839724354387525,22.0,1000000.0,0.005,True,1,19;3;57,40,0,0,
819,819,Data/600MHz/sim_000819_1N-HN.out,600.0,14.091966957139045,92.0,1244.4444444444443,0.05888888888888889,4.214285714285714,5555.0,5e-09,5e-11,0.85,1.02e-10,1.86e-10,-0.00016,0.3839724354387525,22.0,1000000.0,0.005,True,1,71;9;7,40,0,0,
820,820,Data/600MHz/sim_000820_1N-HN.out,600.0,14.091966957139045,92.0,1244.4444444444443,0.05888888888888889,4.571428571428571,5555.0,5e-09,5e-11,0.85,1.02e-10,1.86e-10,-0.00016,0.3839724354387525,22.0,1000000.0,0.005,True,1,9;41;73,40,0,0,
821,821,Data/600MHz/sim_000821_1N-HN.out,600.0,14.091966957139045,92.0,1244.4444444444443,0.05888888888888889,4.928571428571429,5555.0,5e-09,5e-11,0.85,1.02e-10,1.86e-10,-0.00016,0.3839724354387525,22.0,1000000.0,0.005,True,1,13;11;49,40,0,0,
822,822,Data/600MHz/sim_000822_1N-HN.out,600.0,14.091966957139045,92.0,1244.4444444444443,0.05888888888888889,5.285714285714286,5555.0,5e-09,5e-11,0.85,1.02e-10,1.86e-10,-0.00016,0.3839724354387525,22.0,1000000.0,0.005,True,1,7;43;23,40,0,0,
823,823,Data/600MHz/sim_000823_1N-HN.out,600.0,14.091966957139045,92.0,1244.4444444444443,0.05888888888888889,5.642857142857143,5555.0,5e-09,5e-11,0.85,1.02e-10,1.86e-10,-0.00016,0.3839724354387525,22.0,1000000.0,0.005,True,1,27;71;21,40,0,0,
824,824,Data/600MHz/sim_000824_1N-HN.out,600.0,14.091966957139045,92.0,1244.4444444444443,0.05888888888888889,6.0,5555.0,5e-09,5e-11,0.85,1.02e-10,1.86e-10,-0.00016,0.3839724354387525,22.0,1000000.0,0.005,True,1,17;45;55,40,0,0,
825,825,Data/600MHz/sim_000825_1N-HN.out,600.0,14.091966957139045,92.0,1244.4444444444443,0.061111111111111116,1.0,5555.0,5e-09,5e-11,0.85,1.02e-10,1.86e-10,-0.00016,0.3839724354387525,22.0,1000000.0,0.005,True,1,7;13;31,40,0,0,
826,826,Data/600MHz/sim_000826_1N-HN.out,600.0,14.091966957139045,92.0,1244.4444444444443,0.061111111111111116,1.3571428571428572,5555.0,5e-09,5e-11,0.85,1.02e-10,1.86e-10,-0.00016,0.3839724354387525,22.0,1000000.0,0.005,True,1,67;59;61,40,0,0,
827,827,Data/600MHz/sim_000827_1N-HN.out,600.0,14.091966957139045,92.0,1244.4444444444443,0.061111111111111116,1.7142857142857144,5555.0,5e-09,5e-11,0.85,1.02e-10,1.86e-10,-0.00016,0.3839724354387525,22.0,1000000.0,0.005,True,1,75;73;71,40,0,0,
828,828,Data/600MHz/sim_000828_1N-HN.out,600.0,14.091966957139045,92.0,1244.4444444444443,0.061111111111111116,2.071428571428571,5555.0,5e-09,5e-11,0.85,1.02e-10,1.86e-10,-0.00016,0.3839724354387525,22.0,1000000.0,0.005,True,1,35;45;79,40,0,0,
829,829,Data/600MHz/sim_000829_1N-HN.out,600.0,14.091966957139045,92.0,1244.4444444444443,0.061111111111111116,2.428571428571429,5555.0,5e-09,5e-11,0.85,1.02e-10,1.86e-10,-0.00016,0.3839724354387525,22.0,1000000.0,0.005,True,1,17;51;69,40,0,0,
830,830,Data/600MHz/sim_000830_1N-HN.out,600.0,14.091966957139045,92.0,1244.4444444444443,0.061111111111111116,2.7857142857142856,5555.0,5e-09,5e-11,0.85,1.02e-10,1.86e-10,-0.00016,0.3839724354387525,22.0,1000000.0,0.005,True,1,63;17;33,40,0,0,
831,831,Data/600MHz/sim_000831_1N-HN.out,600.0,14.091966957139045,92.0,1244.4444444444443,0.061111111111111116,3.142857142857143,5555.0,5e-09,5e-11,0.85,1.02e-10,1.86e-10,-0.00016,0.3839724354387525,22.0,1000000.0,0.005,True,1,63;75;47,40,0,0,
832,832,Data/600MHz/sim_000832_1N-HN.out,600.0,14.091966957139045,92.0,1244.4444444444443,0.061111111111111116,3.5,5555.0,5e-09,5e-11,0.85,1.02e-10,1.86e-10,-0.00016,0.3839724354387525,22.0,1000000.0,0.005,True,1,15;27;25,40,0,0,
833,833,Data/600MHz/sim_000833_1N-HN.out,600.0,14.091966957139045,92.0,1244.4444444444443,0.061111111111111116,3.857142857142857,5555.0,5e-09,5e-11,0.85,1.02e-10,1.86e-10,-0.00016,0.3839724354387525,22.0,1000000.0,0.005,True,1,23;65;63,40,0,0,
834,834,Data/600MHz/sim_000834_1N-HN.out,600.0,14.091966957139045,92.0,1244.4444444444443,0.061111111111111116,4.214285714285714,5555.0,5e-09,5e-11,0.85,1.02e-10,1.86e-10,-0.00016,0.3839724354387525,22.0,1000000.0,0.005,True,1,63;25;17,40,0,0,
835,835,Data/600MHz/sim_000835_1N-HN.out,600.0,14.091966957139045,92.0,1244.4444444444443,0.061111111111111116,4.571428571428571,5555.0,5e-09,5e-11,0.85,1.02e-10,1.86e-10,-0.00016,0.3839724354387525,22.0,1000000.0,0.005,True,1,11;37;59,40,0,0,
836,836,Data/600MHz/sim_000836_1N-HN.out,600.0,14.091966957139045,92.0,1244.4444444444443,0.061111111111111116,4.928571428571429,5555.0,5e-09,5e-11,0.85,1.02e-10,1.86e-10,-0.00016,0.3839724354387525,22.0,1000000.0,0.005,True,1,67;39;63,40,0,0,
837,837,Data/600MHz/sim_000837_1N-HN.out,600.0,14.091966957139045,92.0,1244.4444444444443,0.061111111111111116,5.285714285714286,5555.0,5e-09,5e-11,0.85,1.02e-10,1.86e-10,-0.00016,0.3839724354387525,22.0,1000000.0,0.005,True,1,43;51;33,40,0,0,
838,838,Data/600MHz/sim_000838_1N-HN.out,600.0,14.091966957139045,92.0,1244.4444444444443,0.061111111111111116,5.642857142857143,5555.0,5e-09,5e-11,0.85,1.02e-10,1.86e-10,-0.00016,0.3839724354387525,22.0,1000000.0,0.005,True,1,25;65;35,40,0,0,
839,839,Data/600MHz/sim_000839_1N-HN.out,600.0,14.091966957139045,92.0,1244.4444444444443,0.061111111111111116,6.0,5555.0,5e-09,5e-11,0.85,1.02e-10,1.86e-10,-0.00016,0.3839724354387525,22.0,1000000.0,0.005,True,1,15;51;31,40,0,0,
840,840,Data/600MHz/sim_000840_1N-HN.out,600.0,14.091966957139045,92.0,1244.4444444444443,0.06333333333333334,1.0,5555.0,5e-09,5e-11,0.85,1.02e-10,1.86e-10,-0.00016,0.3839724354387525,22.0,1000000.0,0.005,True,1,41;75;43,40,0,0,
841,841,Data/600MHz/sim_000841_1N-HN.out,600.0,14.091966957139045,92.0,1244.4444444444443,0.06333333333333334,1.3571428571428572,5555.0,5e-09,5e-11,0.85,1.02e-10,1.86e-10,-0.00016,0.3839724354387525,22.0,1000000.0,0.005,True,1,1;51;27,40,0,0,
842,842,Data/600MHz/sim_000842_1N-HN.out,600.0,14.091966957139045,92.0,1244.4444444444443,0.06333333333333334,1.7142857142857144,5555.0,5e-09,5e-11,0.85,1.02e-10,1.86e-10,-0.00016,0.3839724354387525,22.0,1000000.0,0.005,True,1,45;17;43,40,0,0,
843,843,Data/600MHz/sim_000843_1N-HN.out,600.0,14.091966957139045,92.0,1244.4444444444443,0.06333333333333334,2.071428571428571,5555.0,5e-09,5e-11,0.85,1.02e-10,1.86e-10,-0.00016,0.3839724354387525,22.0,1000000.0,0.005,True,1,25;3;73,40,0,0,
844,844,Data/600MHz/sim_000844_1N-HN.out,600.0,14.091966957139045,92.0,1244.4444444444443,0.06333333333333334,2.428571428571429,5555.0,5e-09,5e-11,0.85,1.02e-10,1.86e-10,-0.00016,0.3839724354387525,22.0,1000000.0,0.005,True,1,31;75;59,40,0,0,
845,845,Data/600MHz/sim_000845_1N-HN.out,600.0,14.091966957139045,92.0,1244.4444444444443,0.06333333333333334,2.7857142857142856,5555.0,5e-09,5e-11,0.85,1.02e-10,1.86e-10,-0.00016,0.3839724354387525,22.0,1000000.0,0.005,True,1,35;39;27,40,0,0,
846,846,Data/600MHz/sim_000846_1N-HN.out,600.0,14.091966957139045,92.0,1244.4444444444443,0.06333333333333334,3.142857142857143,5555.0,5e-09,5e-11,0.85,1.02e-10,1.86e-10,-0.00016,0.3839724354387525,22.0,1000000.0,0.005,True,1,73;77;63,40,0,0,
847,847,Data/600MHz/sim_000847_1N-HN.out,600.0,14.091966957139045,92.0,1244.4444444444443,0.06333333333333334,3.5,5555.0,5e-09,5e-11,0.85,1.02e-10,1.86e-10,-0.00016,0.3839724354387525,22.0,1000000.0,0.005,True,1,15;53;9,40,0,0,
848,848,Data/600MHz/sim_000848_1N-HN.out,600.0,14.091966957139045,92.0,1244.4444444444443,0.06333333333333334,3.857142857142857,5555.0,5e-09,5e-11,0.85,1.02e-10,1.86e-10,-0.00016,0.3839724354387525,22.0,1000000.0,0.005,True,1,47;41;7,40,0,0,
849,849,Data/600MHz/sim_000849_1N-HN.out,600.0,14.091966957139045,92.0,1244.4444444444443,0.06333333333333334,4.214285714285714,5555.0,5e-09,5e-11,0.85,1.02e-10,1.86e-10,-0.00016,0.3839724354387525,22.0,1000000.0,0.005,True,1,73;41;61,40,0,0,
850,850,Data/600MHz/sim_000850_1N-HN.out,600.0,14.091966957139045,92.0,1244.4444444444443,0.06333333333333334,4.571428571428571,5555.0,5e-09,5e-11,0.85,1.02e-10,1.86e-10,-0.00016,0.3839724354387525,22.0,1000000.0,0.005,True,1,41;51;49,40,0,0,
851,851,Data/600MHz/sim_000851_1N-HN.out,600.0,14.091966957139045,92.0,1244.4444444444443,0.06333333333333334,4.928571428571429,5555.0,5e-09,5e-11,0.85,1.02e-10,1.86e-10,-0.00016,0.3839724354387525,22.0,1000000.0,0.005,True,1,23;39;55,40,0,0,
852,852,Data/600MHz/sim_000852_1N-HN.out,600.0,14.091966957139045,92.0,1244.4444444444443,0.06333333333333334,5.285714285714286,5555.0,5e-09,5e-11,0.85,1.02e-10,1.86e-10,-0.00016,0.3839724354387525,22.0,1000000.0,0.005,True,1,69;57;9,40,0,0,
853,853,Data/600MHz/sim_000853_1N-HN.out,600.0,14.091966957139045,92.0,1244.4444444444443,0.06333333333333334,5.642857142857143,5555.0,5e-09,5e-11,0.85,1.02e-10,1.86e-10,-0.00016,0.3839724354387525,22.0,1000000.0,0.005,True,1,79;49;25,40,0,0,
854,854,Data/600MHz/sim_000854_1N-HN.out,600.0,14.091966957139045,92.0,1244.4444444444443,0.06333333333333334,6.0,5555.0,5e-09,5e-11,0.85,1.02e-10,1.86e-10,-0.00016,0.3839724354387525,22.0,1000000.0,0.005,True,1,45;7;35,40,0,0,
855,855,Data/600MHz/sim_000855_1N-HN.out,600.0,14.091966957139045,92.0,1244.4444444444443,0.06555555555555556,1.0,5555.0,5e-09,5e-11,0.85,1.02e-10,1.86e-10,-0.00016,0.3839724354387525,22.0,1000000.0,0.005,True,1,51;57;1,40,0,0,
856,856,Data/600MHz/sim_000856_1N-HN.out,600.0,14.091966957139045,92.0,1244.4444444444443,0.06555555555555556,1.3571428571428572,5555.0,5e-09,5e-11,0.85,1.02e-10,1.86e-10,-0.00016,0.3839724354387525,22.0,1000000.0,0.005,True,1,9;31;25,40,0,0,
857,857,Data/600MHz/sim_000857_1N-HN.out,600.0,14.091966957139045,92.0,1244.4444444444443,0.06555555555555556,1.7142857142857144,5555.0,5e-09,5e-11,0.85,1.02e-10,1.86e-10,-0.00016,0.3839724354387525,22.0,1000000.0,0.005,True,1,37;47;33,40,0,0,
858,858,Data/600MHz/sim_000858_1N-HN.out,600.0,14.091966957139045,92.0,1244.4444444444443,0.06555555555555556,2.071428571428571,5555.0,5e-09,5e-11,0.85,1.02e-10,1.86e-10,-0.00016,0.3839724354387525,22.0,1000000.0,0.005,True,1,61;11;57,40,0,0,
859,859,Data/600MHz/sim_000859_1N-HN.out,600.0,14.091966957139045,92.0,1244.4444444444443,0.06555555555555556,2.428571428571429,5555.0,5e-09,5e-11,0.85,1.02e-10,1.86e-10,-0.00016,0.3839724354387525,22.0,1000000.0,0.005,True,1,57;9;45,40,0,0,
860,860,Data/600MHz/sim_000860_1N-HN.out,600.0,14.091966957139045,92.0,1244.4444444444443,0.06555555555555556,2.7857142857142856,5555.0,5e-09,5e-11,0.85,1.02e-10,1.86e-10,-0.00016,0.3839724354387525,22.0,1000000.0,0.005,True,1,55;27;21,40,0,0,
861,861,Data/600MHz/sim_000861_1N-HN.out,600.0,14.091966957139045,92.0,1244.4444444444443,0.06555555555555556,3.142857142857143,5555.0,5e-09,5e-11,0.85,1.02e-10,1.86e-10,-0.00016,0.3839724354387525,22.0,1000000.0,0.005,True,1,77;65;79,40,0,0,
862,862,Data/600MHz/sim_000862_1N-HN.out,600.0,14.091966957139045,92.0,1244.4444444444443,0.06555555555555556,3.5,5555.0,5e-09,5e-11,0.85,1.02e-10,1.86e-10,-0.00016,0.3839724354387525,22.0,1000000.0,0.005,True,1,15;65;39,40,0,0,
863,863,Data/600MHz/sim_000863_1N-HN.out,600.0,14.091966957139045,92.0,1244.4444444444443,0.06555555555555556,3.857142857142857,5555.0,5e-09,5e-11,0.85,1.02e-10,1.86e-10,-0.00016,0.3839724354387525,22.0,1000000.0,0.005,True,1,9;63;21,40,0,0,
864,864,Data/600MHz/sim_000864_1N-HN.out,600.0,14.091966957139045,92.0,1244.4444444444443,0.06555555555555556,4.214285714285714,5555.0,5e-09,5e-11,0.85,1.02e-10,1.86e-10,-0.00016,0.3839724354387525,22.0,1000000.0,0.005,True,1,25;51;21,40,0,0,
865,865,Data/600MHz/sim_000865_1N-HN.out,600.0,14.091966957139045,92.0,1244.4444444444443,0.06555555555555556,4.571428571428571,5555.0,5e-09,5e-11,0.85,1.02e-10,1.86e-10,-0.00016,0.3839724354387525,22.0,1000000.0,0.005,True,1,27;31;3,40,0,0,
866,866,Data/600MHz/sim_000866_1N-HN.out,600.0,14.091966957139045,92.0,1244.4444444444443,0.06555555555555556,4.928571428571429,5555.0,5e-09,5e-11,0.85,1.02e-10,1.86e-10,-0.00016,0.3839724354387525,22.0,1000000.0,0.005,True,1,41;45;73,40,0,0,
867,867,Data/600MHz/sim_000867_1N-HN.out,600.0,14.091966957139045,92.0,1244.4444444444443,0.06555555555555556,5.285714285714286,5555.0,5e-09,5e-11,0.85,1.02e-10,1.86e-10,-0.00016,0.3839724354387525,22.0,1000000.0,0.005,True,1,79;63;7,40,0,0,
868,868,Data/600MHz/sim_000868_1N-HN.out,600.0,14.091966957139045,92.0,1244.4444444444443,0.06555555555555556,5.642857142857143,5555.0,5e-09,5e-11,0.85,1.02e-10,1.86e-10,-0.00016,0.3839724354387525,22.0,1000000.0,0.005,True,1,39;61;41,40,0,0,
869,869,Data/600MHz/sim_000869_1N-HN.out,600.0,14.091966957139045,92.0,1244.4444444444443,0.06555555555555556,6.0,5555.0,5e-09,5e-11,0.85,1.02e-10,1.86e-10,-0.00016,0.3839724354387525,22.0,1000000.0,0.005,True,1,9;61;1,40,0,0,
870,870,Data/600MHz/sim_000870_1N-HN.out,600.0,14.091966957139045,92.0,1244.4444444444443,0.06777777777777778,1.0,5555.0,5e-09,5e-11,0.85,1.02e-10,1.86e-10,-0.00016,0.3839724354387525,22.0,1000000.0,0.005,True,1,45;55;15,40,0,0,
871,871,Data/600MHz/sim_000871_1N-HN.out,600.0,14.091966957139045,92.0,1244.4444444444443,0.06777777777777778,1.3571428571428572,5555.0,5e-09,5e-11,0.85,1.02e-10,1.86e-10,-0.00016,0.3839724354387525,22.0,1000000.0,0.005,True,1,43;33;59,40,0,0,
872,872,Data/600MHz/sim_000872_1N-HN.out,600.0,14.091966957139045,92.0,1244.4444444444443,0.06777777777777778,1.7142857142857144,5555.0,5e-09,5e-11,0.85,1.02e-10,1.86e-10,-0.00016,0.3839724354387525,22.0,1000000.0,0.005,True,1,23;21;43,40,0,0,
873,873,Data/600MHz/sim_000873_1N-HN.out,600.0,14.091966957139045,92.0,1244.4444444444443,0.06777777777777778,2.071428571428571,5555.0,5e-09,5e-11,0.85,1.02e-10,1.86e-10,-0.00016,0.3839724354387525,22.0,1000000.0,0.005,True,1,53;79;49,40,0,0,
874,874,Data/600MHz/sim_000874_1N-HN.out,600.0,14.091966957139045,92.0,1244.4444444444443,0.06777777777777778,2.428571428571429,5555.0,5e-09,5e-11,0.85,1.02e-10,1.86e-10,-0.00016,0.3839724354387525,22.0,1000000.0,0.005,True,1,13;27;57,40,0,0,
875,875,Data/600MHz/sim_000875_1N-HN.out,600.0,14.091966957139045,92.0,1244.4444444444443,0.06777777777777778,2.7857142857142856,5555.0,5e-09,5e-11,0.85,1.02e-10,1.86e-10,-0.00016,0.3839724354387525,22.0,1000000.0,0.005,True,1,37;71;7,40,0,0,
876,876,Data/600MHz/sim_000876_1N-HN.out,600.0,14.091966957139045,92.0,1244.4444444444443,0.06777777777777778,3.142857142857143,5555.0,5e-09,5e-11,0.85,1.02e-10,1.86e-10,-0.00016,0.3839724354387525,22.0,1000000.0,0.005,True,1,51;7;55,40,0,0,
877,877,Data/600MHz/sim_000877_1N-HN.out,600.0,14.091966957139045,92.0,1244.4444444444443,0.06777777777777778,3.5,5555.0,5e-09,5e-11,0.85,1.02e-10,1.86e-10,-0.00016,0.3839724354387525,22.0,1000000.0,0.005,True,1,19;3;79,40,0,0,
878,878,Data/600MHz/sim_000878_1N-HN.out,600.0,14.091966957139045,92.0,1244.4444444444443,0.06777777777777778,3.857142857142857,5555.0,5e-09,5e-11,0.85,1.02e-10,1.86e-10,-0.00016,0.3839724354387525,22.0,1000000.0,0.005,True,1,21;11;23,40,0,0,
879,879,Data/600MHz/sim_000879_1N-HN.out,600.0,14.091966957139045,92.0,1244.4444444444443,0.06777777777777778,4.214285714285714,5555.0,5e-09,5e-11,0.85,1.02e-10,1.86e-10,-0.00016,0.3839724354387525,22.0,1000000.0,0.005,True,1,51;47;13,40,0,0,
880,880,Data/600MHz/sim_000880_1N-HN.out,600.0,14.091966957139045,92.0,1244.4444444444443,0.06777777777777778,4.571428571428571,5555.0,5e-09,5e-11,0.85,1.02e-10,1.86e-10,-0.00016,0.3839724354387525,22.0,1000000.0,0.005,True,1,27;67;31,40,0,0,
881,881,Data/600MHz/sim_000881_1N-HN.out,600.0,14.091966957139045,92.0,1244.4444444444443,0.06777777777777778,4.928571428571429,5555.0,5e-09,5e-11,0.85,1.02e-10,1.86e-10,-0.00016,0.3839724354387525,22.0,1000000.0,0.005,True,1,23;45;79,40,0,0,
882,882,Data/600MHz/sim_000882_1N-HN.out,600.0,14.091966957139045,92.0,1244.4444444444443,0.06777777777777778,5.285714285714286,5555.0,5e-09,5e-11,0.85,1.02e-10,1.86e-10,-0.00016,0.3839724354387525,22.0,1000000.0,0.005,True,1,71;67;5,40,0,0,
883,883,Data/600MHz/sim_000883_1N-HN.out,600.0,14.091966957139045,92.0,1244.4444444444443,0.06777777777777778,5.642857142857143,5555.0,5e-09,5e-11,0.85,1.02e-10,1.86e-10,-0.00016,0.3839724354387525,22.0,1000000.0,0.005,True,1,31;27;5,40,0,0,
884,884,Data/600MHz/sim_000884_1N-HN.out,600.0,14.091966957139045,92.0,1244.4444444444443,0.06777777777777778,6.0,5555.0,5e-09,5e-11,0.85,1.02e-10,1.86e-10,-0.00016,0.3839724354387525,22.0,1000000.0,0.005,True,1,11;73;23,40,0,0,
885,885,Data/600MHz/sim_000885_1N-HN.out,600.0,14.091966957139045,92.0,1244.4444444444443,0.07,1.0,5555.0,5e-09,5e-11,0.85,1.02e-10,1.86e-10,-0.00016,0.3839724354387525,22.0,1000000.0,0.005,True,1,55;59;39,40,0,0,
886,886,Data/600MHz/sim_000886_1N-HN.out,600.0,14.091966957139045,92.0,1244.4444444444443,0.07,1.3571428571428572,5555.0,5e-09,5e-11,0.85,1.02e-10,1.86e-10,-0.00016,0.3839724354387525,22.0,1000000.0,0.005,True,1,55;49;39,40,0,0,
887,887,Data/600MHz/sim_000887_1N-HN.out,600.0,14.091966957139045,92.0,1244.4444444444443,0.07,1.7142857142857144,5555.0,5e-09,5e-11,0.85,1.02e-10,1.86e-10,-0.00016,0.3839724354387525,22.0,1000000.0,0.005,True,1,15;1;41,40,0,0,
888,888,Data/600MHz/sim_000888_1N-HN.out,600.0,14.091966957139045,92.0,1244.4444444444443,0.07,2.071428571428571,5555.0,5e-09,5e-11,0.85,1.02e-10,1.86e-10,-0.00016,0.3839724354387525,22.0,1000000.0,0.005,True,1,17;1;63,40,0,0,
889,889,Data/600MHz/sim_000889_1N-HN.out,600.0,14.091966957139045,92.0,1244.4444444444443,0.07,2.428571428571429,5555.0,5e-09,5e-11,0.85,1.02e-10,1.86e-10,-0.00016,0.3839724354387525,22.0,1000000.0,0.005,True,1,1;15;17,40,0,0,
890,890,Data/600MHz/sim_000890_1N-HN.out,600.0,14.091966957139045,92.0,1244.4444444444443,0.07,2.7857142857142856,5555.0,5e-09,5e-11,0.85,1.02e-10,1.86e-10,-0.00016,0.3839724354387525,22.0,1000000.0,0.005,True,1,9;1;51,40,0,0,
891,891,Data/600MHz/sim_000891_1N-HN.out,600.0,14.091966957139045,92.0,1244.4444444444443,0.07,3.142857142857143,5555.0,5e-09,5e-11,0.85,1.02e-10,1.86e-10,-0.00016,0.3839724354387525,22.0,1000000.0,0.005,True,1,45;59;53,40,0,0,
892,892,Data/600MHz/sim_000892_1N-HN.out,600.0,14.091966957139045,92.0,1244.4444444444443,0.07,3.5,5555.0,5e-09,5e-11,0.85,1.02e-10,1.86e-10,-0.00016,0.3839724354387525,22.0,1000000.0,0.005,True,1,79;51;11,40,0,0,
893,893,Data/600MHz/sim_000893_1N-HN.out,600.0,14.091966957139045,92.0,1244.4444444444443,0.07,3.857142857142857,5555.0,5e-09,5e-11,0.85,1.02e-10,1.86e-10,-0.00016,0.3839724354387525,22.0,1000000.0,0.005,True,1,13;61;53,40,0,0,
894,894,Data/600MHz/sim_000894_1N-HN.out,600.0,14.091966957139045,92.0,1244.4444444444443,0.07,4.214285714285714,5555.0,5e-09,5e-11,0.85,1.02e-10,1.86e-10,-0.00016,0.3839724354387525,22.0,1000000.0,0.005,True,1,23;79;61,40,0,0,
895,895,Data/600MHz/sim_000895_1N-HN.out,600.0,14.091966957139045,92.0,1244.4444444444443,0.07,4.571428571428571,5555.0,5e-09,5e-11,0.85,1.02e-10,1.86e-10,-0.00016,0.3839724354387525,22.0,1000000.0,0.005,True,1,9;1;5,40,0,0,
896,896,Data/600MHz/sim_000896_1N-HN.out,600.0,14.091966957139045,92.0,1244.4444444444443,0.07,4.928571428571429,5555.0,5e-09,5e-11,0.85,1.02e-10,1.86e-10,-0.00016,0.3839724354387525,22.0,1000000.0,0.005,True,1,53;39;21,40,0,0,
897,897,Data/600MHz/sim_000897_1N-HN.out,600.0,14.091966957139045,92.0,1244.4444444444443,0.07,5.285714285714286,5555.0,5e-09,5e-11,0.85,1.02e-10,1.86e-10,-0.00016,0.3839724354387525,22.0,1000000.0,0.005,True,1,29;21;75,40,0,0,
898,898,Data/600MHz/sim_000898_1N-HN.out,600.0,14.091966957139045,92.0,1244.4444444444443,0.07,5.642857142857143,5555.0,5e-09,5e-11,0.85,1.02e-10,1.86e-10,-0.00016,0.3839724354387525,22.0,1000000.0,0.005,True,1,17;79;59,40,0,0,
899,899,Data/600MHz/sim_000899_1N-HN.out,600.0,14.091966957139045,92.0,1244.4444444444443,0.07,6.0,5555.0,5e-09,5e-11,0.85,1.02e-10,1.86e-10,-0.00016,0.3839724354387525,22.0,1000000.0,0.005,True,1,15;9;33,40,0,0,
900,900,Data/600MHz/sim_000900_1N-HN.out,600.0,14.091966957139045,92.0,1433.3333333333333,0.05,1.0,5555.0,5e-09,5e-11,0.85,1.02e-10,1.86e-10,-0.00016,0.3839724354387525,22.0,1000000.0,0.005,True,1,53;37;63,40,0,0,
901,901,Data/600MHz/sim_000901_1N-HN.out,600.0,14.091966957139045,92.0,1433.3333333333333,0.05,1.3571428571428572,5555.0,5e-09,5e-11,0.85,1.02e-10,1.86e-10,-0.00016,0.3839724354387525,22.0,1000000.0,0.005,True,1,61;47;27,40,0,0,
902,902,Data/600MHz/sim_000902_1N-HN.out,600.0,14.091966957139045,92.0,1433.3333333333333,0.05,1.7142857142857144,5555.0,5e-09,5e-11,0.85,1.02e-10,1.86e-10,-0.00016,0.3839724354387525,22.0,1000000.0,0.005,True,1,33;47;55,40,0,0,
903,903,Data/600MHz/sim_000903_1N-HN.out,600.0,14.091966957139045,92.0,1433.3333333333333,0.05,2.071428571428571,5555.0,5e-09,5e-11,0.85,1.02e-10,1.86e-10,-0.00016,0.3839724354387525,22.0,1000000.0,0.005,True,1,7;39;61,40,0,0,
904,904,Data/600MHz/sim_000904_1N-HN.out,600.0,14.091966957139045,92.0,1433.3333333333333,0.05,2.428571428571429,5555.0,5e-09,5e-11,0.85,1.02e-10,1.86e-10,-0.00016,0.3839724354387525,22.0,1000000.0,0.005,True,1,13;19;71,40,0,0,
905,905,Data/600MHz/sim_000905_1N-HN.out,600.0,14.091966957139045,92.0,1433.3333333333333,0.05,2.7857142857142856,5555.0,5e-09,5e-11,0.85,1.02e-10,1.86e-10,-0.00016,0.3839724354387525,22.0,1000000.0,0.005,True,1,51;59;5,40,0,0,
906,906,Data/600MHz/sim_000906_1N-HN.out,600.0,14.091966957139045,92.0,1433.3333333333333,0.05,3.142857142857143,5555.0,5e-09,5e-11,0.85,1.02e-10,1.86e-10,-0.00016,0.3839724354387525,22.0,1000000.0,0.005,True,1,33;45;19,40,0,0,
907,907,Data/600MHz/sim_000907_1N-HN.out,600.0,14.091966957139045,92.0,1433.3333333333333,0.05,3.5,5555.0,5e-09,5e-11,0.85,1.02e-10,1.86e-10,-0.00016,0.3839724354387525,22.0,1000000.0,0.005,True,1,51;27;39,40,0,0,
908,908,Data/600MHz/sim_000908_1N-HN.out,600.0,14.091966957139045,92.0,1433.3333333333333,0.05,3.857142857142857,5555.0,5e-09,5e-11,0.85,1.02e-10,1.86e-10,-0.00016,0.3839724354387525,22.0,1000000.0,0.005,True,1,71;7;17,40,0,0,
909,909,Data/600MHz/sim_000909_1N-HN.out,600.0,14.091966957139045,92.0,1433.3333333333333,0.05,4.214285714285714,5555.0,5e-09,5e-11,0.85,1.02e-10,1.86e-10,-0.00016,0.3839724354387525,22.0,1000000.0,0.005,True,1,53;25;9,40,0,0,
910,910,Data/600MHz/sim_000910_1N-HN.out,600.0,14.091966957139045,92.0,1433.3333333333333,0.05,4.571428571428571,5555.0,5e-09,5e-11,0.85,1.02e-10,1.86e-10,-0.00016,0.3839724354387525,22.0,1000000.0,0.005,True,1,13;33;63,40,0,0,
911,911,Data/600MHz/sim_000911_1N-HN.out,600.0,14.091966957139045,92.0,1433.3333333333333,0.05,4.928571428571429,5555.0,5e-09,5e-11,0.85,1.02e-10,1.86e-10,-0.00016,0.3839724354387525,22.0,1000000.0,0.005,True,1,19;67;13,40,0,0,
912,912,Data/600MHz/sim_000912_1N-HN.out,600.0,14.091966957139045,92.0,1433.3333333333333,0.05,5.285714285714286,5555.0,5e-09,5e-11,0.85,1.02e-10,1.86e-10,-0.00016,0.3839724354387525,22.0,1000000.0,0.005,True,1,19;29;75,40,0,0,
913,913,Data/600MHz/sim_000913_1N-HN.out,600.0,14.091966957139045,92.0,1433.3333333333333,0.05,5.642857142857143,5555.0,5e-09,5e-11,0.85,1.02e-10,1.86e-10,-0.00016,0.3839724354387525,22.0,1000000.0,0.005,True,1,55;27;31,40,0,0,
914,914,Data/600MHz/sim_000914_1N-HN.out,600.0,14.091966957139045,92.0,1433.3333333333333,0.05,6.0,5555.0,5e-09,5e-11,0.85,1.02e-10,1.86e-10,-0.00016,0.3839724354387525,22.0,1000000.0,0.005,True,1,71;33;25,40,0,0,
915,915,Data/600MHz/sim_000915_1N-HN.out,600.0,14.091966957139045,92.0,1433.3333333333333,0.052222222222222225,1.0,5555.0,5e-09,5e-11,0.85,1.02e-10,1.86e-10,-0.00016,0.3839724354387525,22.0,1000000.0,0.005,True,1,23;65;25,40,0,0,
916,916,Data/600MHz/sim_000916_1N-HN.out,600.0,14.091966957139045,92.0,1433.3333333333333,0.052222222222222225,1.3571428571428572,5555.0,5e-09,5e-11,0.85,1.02e-10,1.86e-10,-0.00016,0.3839724354387525,22.0,1000000.0,0.005,True,1,61;15;67,40,0,0,
917,917,Data/600MHz/sim_000917_1N-HN.out,600.0,14.091966957139045,92.0,1433.3333333333333,0.052222222222222225,1.7142857142857144,5555.0,5e-09,5e-11,0.85,1.02e-10,1.86e-10,-0.00016,0.3839724354387525,22.0,1000000.0,0.005,True,1,79;73;3,40,0,0,
918,918,Data/600MHz/sim_000918_1N-HN.out,600.0,14.091966957139045,92.0,1433.3333333333333,0.052222222222222225,2.071428571428571,5555.0,5e-09,5e-11,0.85,1.02e-10,1.86e-10,-0.00016,0.3839724354387525,22.0,1000000.0,0.005,True,1,51;55;7,40,0,0,
919,919,Data/600MHz/sim_000919_1N-HN.out,600.0,14.091966957139045,92.0,1433.3333333333333,0.052222222222222225,2.428571428571429,5555.0,5e-09,5e-11,0.85,1.02e-10,1.86e-10,-0.00016,0.3839724354387525,22.0,1000000.0,0.005,True,1,25;51;15,40,0,0,
920,920,Data/600MHz/sim_000920_1N-HN.out,600.0,14.091966957139045,92.0,1433.3333333333333,0.052222222222222225,2.7857142857142856,5555.0,5e-09,5e-11,0.85,1.02e-10,1.86e-10,-0.00016,0.3839724354387525,22.0,1000000.0,0.005,True,1,57;71;67,40,0,0,
921,921,Data/600MHz/sim_000921_1N-HN.out,600.0,14.091966957139045,92.0,1433.3333333333333,0.052222222222222225,3.142857142857143,5555.0,5e-09,5e-11,0.85,1.02e-10,1.86e-10,-0.00016,0.3839724354387525,22.0,1000000.0,0.005,True,1,13;37;33,40,0,0,
922,922,Data/600MHz/sim_000922_1N-HN.out,600.0,14.091966957139045,92.0,1433.3333333333333,0.052222222222222225,3.5,5555.0,5e-09,5e-11,0.85,1.02e-10,1.86e-10,-0.00016,0.3839724354387525,22.0,1000000.0,0.005,True,1,21;59;69,40,0,0,
923,923,Data/600MHz/sim_000923_1N-HN.out,600.0,14.091966957139045,92.0,1433.3333333333333,0.052222222222222225,3.857142857142857,5555.0,5e-09,5e-11,0.85,1.02e-10,1.86e-10,-0.00016,0.3839724354387525,22.0,1000000.0,0.005,True,1,33;39;79,40,0,0,
924,924,Data/600MHz/sim_000924_1N-HN.out,600.0,14.091966957139045,92.0,1433.3333333333333,0.052222222222222225,4.214285714285714,5555.0,5e-09,5e-11,0.85,1.02e-10,1.86e-10,-0.00016,0.3839724354387525,22.0,1000000.0,0.005,True,1,59;31;41,40,0,0,
925,925,Data/600MHz/sim_000925_1N-HN.out,600.0,14.091966957139045,92.0,1433.3333333333333,0.052222222222222225,4.571428571428571,5555.0,5e-09,5e-11,0.85,1.02e-10,1.86e-10,-0.00016,0.3839724354387525,22.0,1000000.0,0.005,True,1,51;77;53,40,0,0,
926,926,Data/600MHz/sim_000926_1N-HN.out,600.0,14.091966957139045,92.0,1433.3333333333333,0.052222222222222225,4.928571428571429,5555.0,5e-09,5e-11,0.85,1.02e-10,1.86e-10,-0.00016,0.3839724354387525,22.0,1000000.0,0.005,True,1,11;5;71,40,0,0,
927,927,Data/600MHz/sim_000927_1N-HN.out,600.0,14.091966957139045,92.0,1433.3333333333333,0.052222222222222225,5.285714285714286,5555.0,5e-09,5e-11,0.85,1.02e-10,1.86e-10,-0.00016,0.3839724354387525,22.0,1000000.0,0.005,True,1,75;15;1,40,0,0,
928,928,Data/600MHz/sim_000928_1N-HN.out,600.0,14.091966957139045,92.0,1433.3333333333333,0.052222222222222225,5.642857142857143,5555.0,5e-09,5e-11,0.85,1.02e-10,1.86e-10,-0.00016,0.3839724354387525,22.0,1000000.0,0.005,True,1,27;7;71,40,0,0,
929,929,Data/600MHz/sim_000929_1N-HN.out,600.0,14.091966957139045,92.0,1433.3333333333333,0.052222222222222225,6.0,5555.0,5e-09,5e-11,0.85,1.02e-10,1.86e-10,-0.00016,0.3839724354387525,22.0,1000000.0,0.005,True,1,79;1;61,40,0,0,
930,930,Data/600MHz/sim_000930_1N-HN.out,600.0,14.091966957139045,92.0,1433.3333333333333,0.05444444444444445,1.0,5555.0,5e-09,5e-11,0.85,1.02e-10,1.86e-10,-0.00016,0.3839724354387525,22.0,1000000.0,0.005,True,1,11;75;29,40,0,0,
931,931,Data/600MHz/sim_000931_1N-HN.out,600.0,14.091966957139045,92.0,1433.3333333333333,0.05444444444444445,1.3571428571428572,5555.0,5e-09,5e-11,0.85,1.02e-10,1.86e-10,-0.00016,0.3839724354387525,22.0,1000000.0,0.005,True,1,5;61;7,40,0,0,
932,932,Data/600MHz/sim_000932_1N-HN.out,600.0,14.091966957139045,92.0,1433.3333333333333,0.05444444444444445,1.7142857142857144,5555.0,5e-09,5e-11,0.85,1.02e-10,1.86e-10,-0.00016,0.3839724354387525,22.0,1000000.0,0.005,True,1,33;11;73,40,0,0,
933,933,Data/600MHz/sim_000933_1N-HN.out,600.0,14.091966957139045,92.0,1433.3333333333333,0.05444444444444445,2.071428571428571,5555.0,5e-09,5e-11,0.85,1.02e-10,1.86e-10,-0.00016,0.3839724354387525,22.0,1000000.0,0.005,True,1,53;11;27,40,0,0,
934,934,Data/600MHz/sim_000934_1N-HN.out,600.0,14.091966957139045,92.0,1433.3333333333333,0.05444444444444445,2.428571428571429,5555.0,5e-09,5e-11,0.85,1.02e-10,1.86e-10,-0.00016,0.3839724354387525,22.0,1000000.0,0.005,True,1,17;3;11,40,0,0,
935,935,Data/600MHz/sim_000935_1N-HN.out,600.0,14.091966957139045,92.0,1433.3333333333333,0.05444444444444445,2.7857142857142856,5555.0,5e-09,5e-11,0.85,1.02e-10,1.86e-10,-0.00016,0.3839724354387525,22.0,1000000.0,0.005,True,1,69;19;53,40,0,0,
936,936,Data/600MHz/sim_000936_1N-HN.out,600.0,14.091966957139045,92.0,1433.3333333333333,0.05444444444444445,3.142857142857143,5555.0,5e-09,5e-11,0.85,1.02e-10,1.86e-10,-0.00016,0.3839724354387525,22.0,1000000.0,0.005,True,1,11;45;49,40,0,0,
937,937,Data/600MHz/sim_000937_1N-HN.out,600.0,14.091966957139045,92.0,1433.3333333333333,0.05444444444444445,3.5,5555.0,5e-09,5e-11,0.85,1.02e-10,1.86e-10,-0.00016,0.3839724354387525,22.0,1000000.0,0.005,True,1,41;19;13,40,0,0,
938,938,Data/600MHz/sim_000938_1N-HN.out,600.0,14.091966957139045,92.0,1433.3333333333333,0.05444444444444445,3.857142857142857,5555.0,5e-09,5e-11,0.85,1.02e-10,1.86e-10,-0.00016,0.3839724354387525,22.0,1000000.0,0.005,True,1,75;19;39,40,0,0,
939,939,Data/600MHz/sim_000939_1N-HN.out,600.0,14.091966957139045,92.0,1433.3333333333333,0.05444444444444445,4.214285714285714,5555.0,5e-09,5e-11,0.85,1.02e-10,1.86e-10,-0.00016,0.3839724354387525,22.0,1000000.0,0.005,True,1,11;75;29,40,0,0,
940,940,Data/600MHz/sim_000940_1N-HN.out,600.0,14.091966957139045,92.0,1433.3333333333333,0.05444444444444445,4.571428571428571,5555.0,5e-09,5e-11,0.85,1.02e-10,1.86e-10,-0.00016,0.3839724354387525,22.0,1000000.0,0.005,True,1,51;11;75,40,0,0,
941,941,Data/600MHz/sim_000941_1N-HN.out,600.0,14.091966957139045,92.0,1433.3333333333333,0.05444444444444445,4.928571428571429,5555.0,5e-09,5e-11,0.85,1.02e-10,1.86e-10,-0.00016,0.3839724354387525,22.0,1000000.0,0.005,True,1,57;49;37,40,0,0,
942,942,Data/600MHz/sim_000942_1N-HN.out,600.0,14.091966957139045,92.0,1433.3333333333333,0.05444444444444445,5.285714285714286,5555.0,5e-09,5e-11,0.85,1.02e-10,1.86e-10,-0.00016,0.3839724354387525,22.0,1000000.0,0.005,True,1,63;11;47,40,0,0,
943,943,Data/600MHz/sim_000943_1N-HN.out,600.0,14.091966957139045,92.0,1433.3333333333333,0.05444444444444445,5.642857142857143,5555.0,5e-09,5e-11,0.85,1.02e-10,1.86e-10,-0.00016,0.3839724354387525,22.0,1000000.0,0.005,True,1,9;47;49,40,0,0,
944,944,Data/600MHz/sim_000944_1N-HN.out,600.0,14.091966957139045,92.0,1433.3333333333333,0.05444444444444445,6.0,5555.0,5e-09,5e-11,0.85,1.02e-10,1.86e-10,-0.00016,0.3839724354387525,22.0,1000000.0,0.005,True,1,43;69;1,40,0,0,
945,945,Data/600MHz/sim_000945_1N-HN.out,600.0,14.091966957139045,92.0,1433.3333333333333,0.05666666666666667,1.0,5555.0,5e-09,5e-11,0.85,1.02e-10,1.86e-10,-0.00016,0.3839724354387525,22.0,1000000.0,0.005,True,1,5;67;45,40,0,0,
946,946,Data/600MHz/sim_000946_1N-HN.out,600.0,14.091966957139045,92.0,1433.3333333333333,0.05666666666666667,1.3571428571428572,5555.0,5e-09,5e-11,0.85,1.02e-10,1.86e-10,-0.00016,0.3839724354387525,22.0,1000000.0,0.005,True,1,21;55;35,40,0,0,
947,947,Data/600MHz/sim_000947_1N-HN.out,600.0,14.091966957139045,92.0,1433.3333333333333,0.05666666666666667,1.7142857142857144,5555.0,5e-09,5e-11,0.85,1.02e-10,1.86e-10,-0.00016,0.3839724354387525,22.0,1000000.0,0.005,True,1,31;79;77,40,0,0,
948,948,Data/600MHz/sim_000948_1N-HN.out,600.0,14.091966957139045,92.0,1433.3333333333333,0.05666666666666667,2.071428571428571,5555.0,5e-09,5e-11,0.85,1.02e-10,1.86e-10,-0.00016,0.3839724354387525,22.0,1000000.0,0.005,True,1,11;25;61,40,0,0,
949,949,Data/600MHz/sim_000949_1N-HN.out,600.0,14.091966957139045,92.0,1433.3333333333333,0.05666666666666667,2.428571428571429,5555.0,5e-09,5e-11,0.85,1.02e-10,1.86e-10,-0.00016,0.3839724354387525,22.0,1000000.0,0.005,True,1,21;75;31,40,0,0,
950,950,Data/600MHz/sim_000950_1N-HN.out,600.0,14.091966957139045,92.0,1433.3333333333333,0.05666666666666667,2.7857142857142856,5555.0,5e-09,5e-11,0.85,1.02e-10,1.86e-10,-0.00016,0.3839724354387525,22.0,1000000.0,0.005,True,1,57;31;19,40,0,0,
951,951,Data/600MHz/sim_000951_1N-HN.out,600.0,14.091966957139045,92.0,1433.3333333333333,0.05666666666666667,3.142857142857143,5555.0,5e-09,5e-11,0.85,1.02e-10,1.86e-10,-0.00016,0.3839724354387525,22.0,1000000.0,0.005,True,1,53;59;9,40,0,0,
952,952,Data/600MHz/sim_000952_1N-HN.out,600.0,14.091966957139045,92.0,1433.3333333333333,0.05666666666666667,3.5,5555.0,5e-09,5e-11,0.85,1.02e-10,1.86e-10,-0.00016,0.3839724354387525,22.0,1000000.0,0.005,True,1,73;15;77,40,0,0,
953,953,Data/600MHz/sim_000953_1N-HN.out,600.0,14.091966957139045,92.0,1433.3333333333333,0.05666666666666667,3.857142857142857,5555.0,5e-09,5e-11,0.85,1.02e-10,1.86e-10,-0.00016,0.3839724354387525,22.0,1000000.0,0.005,True,1,43;31;33,40,0,0,
954,954,Data/600MHz/sim_000954_1N-HN.out,600.0,14.091966957139045,92.0,1433.3333333333333,0.05666666666666667,4.214285714285714,5555.0,5e-09,5e-11,0.85,1.02e-10,1.86e-10,-0.00016,0.3839724354387525,22.0,1000000.0,0.005,True,1,11;31;45,40,0,0,
955,955,Data/600MHz/sim_000955_1N-HN.out,600.0,14.091966957139045,92.0,1433.3333333333333,0.05666666666666667,4.571428571428571,5555.0,5e-09,5e-11,0.85,1.02e-10,1.86e-10,-0.00016,0.3839724354387525,22.0,1000000.0,0.005,True,1,71;31;77,40,0,0,
956,956,Data/600MHz/sim_000956_1N-HN.out,600.0,14.091966957139045,92.0,1433.3333333333333,0.05666666666666667,4.928571428571429,5555.0,5e-09,5e-11,0.85,1.02e-10,1.86e-10,-0.00016,0.3839724354387525,22.0,1000000.0,0.005,True,1,57;7;69,40,0,0,
957,957,Data/600MHz/sim_000957_1N-HN.out,600.0,14.091966957139045,92.0,1433.3333333333333,0.05666666666666667,5.285714285714286,5555.0,5e-09,5e-11,0.85,1.02e-10,1.86e-10,-0.00016,0.3839724354387525,22.0,1000000.0,0.005,True,1,33;77;15,40,0,0,
958,958,Data/600MHz/sim_000958_1N-HN.out,600.0,14.091966957139045,92.0,1433.3333333333333,0.05666666666666667,5.642857142857143,5555.0,5e-09,5e-11,0.85,1.02e-10,1.86e-10,-0.00016,0.3839724354387525,22.0,1000000.0,0.005,True,1,67;9;43,40,0,0,
959,959,Data/600MHz/sim_000959_1N-HN.out,600.0,14.091966957139045,92.0,1433.3333333333333,0.05666666666666667,6.0,5555.0,5e-09,5e-11,0.85,1.02e-10,1.86e-10,-0.00016,0.3839724354387525,22.0,1000000.0,0.005,True,1,41;13;11,40,0,0,
960,960,Data/600MHz/sim_000960_1N-HN.out,600.0,14.091966957139045,92.0,1433.3333333333333,0.05888888888888889,1.0,5555.0,5e-09,5e-11,0.85,1.02e-10,1.86e-10,-0.00016,0.3839724354387525,22.0,1000000.0,0.005,True,1,49;41;71,40,0,0,
961,961,Data/600MHz/sim_000961_1N-HN.out,600.0,14.091966957139045,92.0,1433.3333333333333,0.05888888888888889,1.3571428571428572,5555.0,5e-09,5e-11,0.85,1.02e-10,1.86e-10,-0.00016,0.3839724354387525,22.0,1000000.0,0.005,True,1,71;43;19,40,0,0,
962,962,Data/600MHz/sim_000962_1N-HN.out,600.0,14.091966957139045,92.0,1433.3333333333333,0.05888888888888889,1.7142857142857144,5555.0,5e-09,5e-11,0.85,1.02e-10,1.86e-10,-0.00016,0.3839724354387525,22.0,1000000.0,0.005,True,1,23;57;73,40,0,0,
963,963,Data/600MHz/sim_000963_1N-HN.out,600.0,14.091966957139045,92.0,1433.3333333333333,0.05888888888888889,2.071428571428571,5555.0,5e-09,5e-11,0.85,1.02e-10,1.86e-10,-0.00016,0.3839724354387525,22.0,1000000.0,0.005,True,1,3;73;55,40,0,0,
964,964,Data/600MHz/sim_000964_1N-HN.out,600.0,14.091966957139045,92.0,1433.3333333333333,0.05888888888888889,2.428571428571429,5555.0,5e-09,5e-11,0.85,1.02e-10,1.86e-10,-0.00016,0.3839724354387525,22.0,1000000.0,0.005,True,1,59;65;31,40,0,0,
965,965,Data/600MHz/sim_000965_1N-HN.out,600.0,14.091966957139045,92.0,1433.3333333333333,0.05888888888888889,2.7857142857142856,5555.0,5e-09,5e-11,0.85,1.02e-10,1.86e-10,-0.00016,0.3839724354387525,22.0,1000000.0,0.005,True,1,71;35;43,40,0,0,
966,966,Data/600MHz/sim_000966_1N-HN.out,600.0,14.091966957139045,92.0,1433.3333333333333,0.05888888888888889,3.142857142857143,5555.0,5e-09,5e-11,0.85,1.02e-10,1.86e-10,-0.00016,0.3839724354387525,22.0,1000000.0,0.005,True,1,71;5;53,40,0,0,
967,967,Data/600MHz/sim_000967_1N-HN.out,600.0,14.091966957139045,92.0,1433.3333333333333,0.05888888888888889,3.5,5555.0,5e-09,5e-11,0.85,1.02e-10,1.86e-10,-0.00016,0.3839724354387525,22.0,1000000.0,0.005,True,1,57;73;69,40,0,0,
968,968,Data/600MHz/sim_000968_1N-HN.out,600.0,14.091966957139045,92.0,1433.3333333333333,0.05888888888888889,3.857142857142857,5555.0,5e-09,5e-11,0.85,1.02e-10,1.86e-10,-0.00016,0.3839724354387525,22.0,1000000.0,0.005,True,1,9;17;21,40,0,0,
969,969,Data/600MHz/sim_000969_1N-HN.out,600.0,14.091966957139045,92.0,1433.3333333333333,0.05888888888888889,4.214285714285714,5555.0,5e-09,5e-11,0.85,1.02e-10,1.86e-10,-0.00016,0.3839724354387525,22.0,1000000.0,0.005,True,1,65;53;7,40,0,0,
970,970,Data/600MHz/sim_000970_1N-HN.out,600.0,14.091966957139045,92.0,1433.3333333333333,0.05888888888888889,4.571428571428571,5555.0,5e-09,5e-11,0.85,1.02e-10,1.86e-10,-0.00016,0.3839724354387525,22.0,1000000.0,0.005,True,1,29;19;21,40,0,0,
971,971,Data/600MHz/sim_000971_1N-HN.out,600.0,14.091966957139045,92.0,1433.3333333333333,0.05888888888888889,4.928571428571429,5555.0,5e-09,5e-11,0.85,1.02e-10,1.86e-10,-0.00016,0.3839724354387525,22.0,1000000.0,0.005,True,1,53;35;7,40,0,0,
972,972,Data/600MHz/sim_000972_1N-HN.out,600.0,14.091966957139045,92.0,1433.3333333333333,0.05888888888888889,5.285714285714286,5555.0,5e-09,5e-11,0.85,1.02e-10,1.86e-10,-0.00016,0.3839724354387525,22.0,1000000.0,0.005,True,1,77;73;13,40,0,0,
973,973,Data/600MHz/sim_000973_1N-HN.out,600.0,14.091966957139045,92.0,1433.3333333333333,0.05888888888888889,5.642857142857143,5555.0,5e-09,5e-11,0.85,1.02e-10,1.86e-10,-0.00016,0.3839724354387525,22.0,1000000.0,0.005,True,1,45;65;43,40,0,0,
974,974,Data/600MHz/sim_000974_1N-HN.out,600.0,14.091966957139045,92.0,1433.3333333333333,0.05888888888888889,6.0,5555.0,5e-09,5e-11,0.85,1.02e-10,1.86e-10,-0.00016,0.3839724354387525,22.0,1000000.0,0.005,True,1,61;57;65,40,0,0,
975,975,Data/600MHz/sim_000975_1N-HN.out,600.0,14.091966957139045,92.0,1433.3333333333333,0.061111111111111116,1.0,5555.0,5e-09,5e-11,0.85,1.02e-10,1.86e-10,-0.00016,0.3839724354387525,22.0,1000000.0,0.005,True,1,7;1;19,40,0,0,
976,976,Data/600MHz/sim_000976_1N-HN.out,600.0,14.091966957139045,92.0,1433.3333333333333,0.061111111111111116,1.3571428571428572,5555.0,5e-09,5e-11,0.85,1.02e-10,1.86e-10,-0.00016,0.3839724354387525,22.0,1000000.0,0.005,True,1,1;41;5,40,0,0,
977,977,Data/600MHz/sim_000977_1N-HN.out,600.0,14.091966957139045,92.0,1433.3333333333333,0.061111111111111116,1.7142857142857144,5555.0,5e-09,5e-11,0.85,1.02e-10,1.86e-10,-0.00016,0.3839724354387525,22.0,1000000.0,0.005,True,1,67;33;29,40,0,0,
978,978,Data/600MHz/sim_000978_1N-HN.out,600.0,14.091966957139045,92.0,1433.3333333333333,0.061111111111111116,2.071428571428571,5555.0,5e-09,5e-11,0.85,1.02e-10,1.86e-10,-0.00016,0.3839724354387525,22.0,1000000.0,0.005,True,1,43;9;25,40,0,0,
979,979,Data/600MHz/sim_000979_1N-HN.out,600.0,14.091966957139045,92.0,1433.3333333333333,0.061111111111111116,2.428571428571429,5555.0,5e-09,5e-11,0.85,1.02e-10,1.86e-10,-0.00016,0.3839724354387525,22.0,1000000.0,0.005,True,1,51;41;19,40,0,0,
980,980,Data/600MHz/sim_000980_1N-HN.out,600.0,14.091966957139045,92.0,1433.3333333333333,0.061111111111111116,2.7857142857142856,5555.0,5e-09,5e-11,0.85,1.02e-10,1.86e-10,-0.00016,0.3839724354387525,22.0,1000000.0,0.005,True,1,7;59;13,40,0,0,
981,981,Data/600MHz/sim_000981_1N-HN.out,600.0,14.091966957139045,92.0,1433.3333333333333,0.061111111111111116,3.142857142857143,5555.0,5e-09,5e-11,0.85,1.02e-10,1.86e-10,-0.00016,0.3839724354387525,22.0,1000000.0,0.005,True,1,75;49;47,40,0,0,
982,982,Data/600MHz/sim_000982_1N-HN.out,600.0,14.091966957139045,92.0,1433.3333333333333,0.061111111111111116,3.5,5555.0,5e-09,5e-11,0.85,1.02e-10,1.86e-10,-0.00016,0.3839724354387525,22.0,1000000.0,0.005,True,1,29;41;47,40,0,0,
983,983,Data/600MHz/sim_000983_1N-HN.out,600.0,14.091966957139045,92.0,1433.3333333333333,0.061111111111111116,3.857142857142857,5555.0,5e-09,5e-11,0.85,1.02e-10,1.86e-10,-0.00016,0.3839724354387525,22.0,1000000.0,0.005,True,1,53;79;1,40,0,0,
984,984,Data/600MHz/sim_000984_1N-HN.out,600.0,14.091966957139045,92.0,1433.3333333333333,0.061111111111111116,4.214285714285714,5555.0,5e-09,5e-11,0.85,1.02e-10,1.86e-10,-0.00016,0.3839724354387525,22.0,1000000.0,0.005,True,1,9;73;63,40,0,0,
985,985,Data/600MHz/sim_000985_1N-HN.out,600.0,14.091966957139045,92.0,1433.3333333333333,0.061111111111111116,4.571428571428571,5555.0,5e-09,5e-11,0.85,1.02e-10,1.86e-10,-0.00016,0.3839724354387525,22.0,1000000.0,0.005,True,1,67;69;1,40,0,0,
986,986,Data/600MHz/sim_000986_1N-HN.out,600.0,14.091966957139045,92.0,1433.3333333333333,0.061111111111111116,4.928571428571429,5555.0,5e-09,5e-11,0.85,1.02e-10,1.86e-10,-0.00016,0.3839724354387525,22.0,1000000.0,0.005,True,1,31;69;33,40,0,0,
987,987,Data/600MHz/sim_000987_1N-HN.out,600.0,14.091966957139045,92.0,1433.3333333333333,0.061111111111111116,5.285714285714286,5555.0,5e-09,5e-11,0.85,1.02e-10,1.86e-10,-0.00016,0.3839724354387525,22.0,1000000.0,0.005,True,1,9;39;5,40,0,0,
988,988,Data/600MHz/sim_000988_1N-HN.out,600.0,14.091966957139045,92.0,1433.3333333333333,0.061111111111111116,5.642857142857143,5555.0,5e-09,5e-11,0.85,1.02e-10,1.86e-10,-0.00016,0.3839724354387525,22.0,1000000.0,0.005,True,1,33;79;65,40,0,0,
989,989,Data/600MHz/sim_000989_1N-HN.out,600.0,14.091966957139045,92.0,1433.3333333333333,0.061111111111111116,6.0,5555.0,5e-09,5e-11,0.85,1.02e-10,1.86e-10,-0.00016,0.3839724354387525,22.0,1000000.0,0.005,True,1,19;37;53,40,0,0,
990,990,Data/600MHz/sim_000990_1N-HN.out,600.0,14.091966957139045,92.0,1433.3333333333333,0.06333333333333334,1.0,5555.0,5e-09,5e-11,0.85,1.02e-10,1.86e-10,-0.00016,0.3839724354387525,22.0,1000000.0,0.005,True,1,19;75;79,40,0,0,
991,991,Data/600MHz/sim_000991_1N-HN.out,600.0,14.091966957139045,92.0,1433.3333333333333,0.06333333333333334,1.3571428571428572,5555.0,5e-09,5e-11,0.85,1.02e-10,1.86e-10,-0.00016,0.3839724354387525,22.0,1000000.0,0.005,True,1,29;43;9,40,0,0,
992,992,Data/600MHz/sim_000992_1N-HN.out,600.0,14.091966957139045,92.0,1433.3333333333333,0.06333333333333334,1.7142857142857144,5555.0,5e-09,5e-11,0.85,1.02e-10,1.86e-10,-0.00016,0.3839724354387525,22.0,1000000.0,0.005,True,1,65;35;3,40,0,0,
993,993,Data/600MHz/sim_000993_1N-HN.out,600.0,14.091966957139045,92.0,1433.3333333333333,0.06333333333333334,2.071428571428571,5555.0,5e-09,5e-11,0.85,1.02e-10,1.86e-10,-0.00016,0.3839724354387525,22.0,1000000.0,0.005,True,1,37;31;79,40,0,0,
994,994,Data/600MHz/sim_000994_1N-HN.out,600.0,14.091966957139045,92.0,1433.3333333333333,0.06333333333333334,2.428571428571429,5555.0,5e-09,5e-11,0.85,1.02e-10,1.86e-10,-0.00016,0.3839724354387525,22.0,1000000.0,0.005,True,1,73;69;49,40,0,0,
995,995,Data/600MHz/sim_000995_1N-HN.out,600.0,14.091966957139045,92.0,1433.3333333333333,0.06333333333333334,2.7857142857142856,5555.0,5e-09,5e-11,0.85,1.02e-10,1.86e-10,-0.00016,0.3839724354387525,22.0,1000000.0,0.005,True,1,23;15;39,40,0,0,
996,996,Data/600MHz/sim_000996_1N-HN.out,600.0,14.091966957139045,92.0,1433.3333333333333,0.06333333333333334,3.142857142857143,5555.0,5e-09,5e-11,0.85,1.02e-10,1.86e-10,-0.00016,0.3839724354387525,22.0,1000000.0,0.005,True,1,59;29;11,40,0,0,
997,997,Data/600MHz/sim_000997_1N-HN.out,600.0,14.091966957139045,92.0,1433.3333333333333,0.06333333333333334,3.5,5555.0,5e-09,5e-11,0.85,1.02e-10,1.86e-10,-0.00016,0.3839724354387525,22.0,1000000.0,0.005,True,1,79;9;77,40,0,0,
998,998,Data/600MHz/sim_000998_1N-HN.out,600.0,14.091966957139045,92.0,1433.3333333333333,0.06333333333333334,3.857142857142857,5555.0,5e-09,5e-11,0.85,1.02e-10,1.86e-10,-0.00016,0.3839724354387525,22.0,1000000.0,0.005,True,1,77;55;61,40,0,0,
999,999,Data/600MHz/sim_000999_1N-HN.out,600.0,14.091966957139045,92.0,1433.3333333333333,0.06333333333333334,4.214285714285714,5555.0,5e-09,5e-11,0.85,1.02e-10,1.86e-10,-0.00016,0.3839724354387525,22.0,1000000.0,0.005,True,1,15;67;13,40,0,0,
1000,1000,Data/600MHz/sim_001000_1N-HN.out,600.0,14.091966957139045,92.0,1433.3333333333333,0.06333333333333334,4.571428571428571,5555.0,5e-09,5e-11,0.85,1.02e-10,1.86e-10,-0.00016,0.3839724354387525,22.0,1000000.0,0.005,True,1,43;33;49,40,0,0,
1001,1001,Data/600MHz/sim_001001_1N-HN.out,600.0,14.091966957139045,92.0,1433.3333333333333,0.06333333333333334,4.928571428571429,5555.0,5e-09,5e-11,0.85,1.02e-10,1.86e-10,-0.00016,0.3839724354387525,22.0,1000000.0,0.005,True,1,31;35;75,40,0,0,
1002,1002,Data/600MHz/sim_001002_1N-HN.out,600.0,14.091966957139045,92.0,1433.3333333333333,0.06333333333333334,5.285714285714286,5555.0,5e-09,5e-11,0.85,1.02e-10,1.86e-10,-0.00016,0.3839724354387525,22.0,1000000.0,0.005,True,1,15;23;49,40,0,0,
1003,1003,Data/600MHz/sim_001003_1N-HN.out,600.0,14.091966957139045,92.0,1433.3333333333333,0.06333333333333334,5.642857142857143,5555.0,5e-09,5e-11,0.85,1.02e-10,1.86e-10,-0.00016,0.3839724354387525,22.0,1000000.0,0.005,True,1,69;41;57,40,0,0,
1004,1004,Data/600MHz/sim_001004_1N-HN.out,600.0,14.091966957139045,92.0,1433.3333333333333,0.06333333333333334,6.0,5555.0,5e-09,5e-11,0.85,1.02e-10,1.86e-10,-0.00016,0.3839724354387525,22.0,1000000.0,0.005,True,1,55;59;27,40,0,0,
1005,1005,Data/600MHz/sim_001005_1N-HN.out,600.0,14.091966957139045,92.0,1433.3333333333333,0.06555555555555556,1.0,5555.0,5e-09,5e-11,0.85,1.02e-10,1.86e-10,-0.00016,0.3839724354387525,22.0,1000000.0,0.005,True,1,31;45;39,40,0,0,
1006,1006,Data/600MHz/sim_001006_1N-HN.out,600.0,14.091966957139045,92.0,1433.3333333333333,0.06555555555555556,1.3571428571428572,5555.0,5e-09,5e-11,0.85,1.02e-10,1.86e-10,-0.00016,0.3839724354387525,22.0,1000000.0,0.005,True,1,45;63;35,40,0,0,
1007,1007,Data/600MHz/sim_001007_1N-HN.out,600.0,14.091966957139045,92.0,1433.3333333333333,0.06555555555555556,1.7142857142857144,5555.0,5e-09,5e-11,0.85,1.02e-10,1.86e-10,-0.00016,0.3839724354387525,22.0,1000000.0,0.005,True,1,75;41;55,40,0,0,
1008,1008,Data/600MHz/sim_001008_1N-HN.out,600.0,14.091966957139045,92.0,1433.3333333333333,0.06555555555555556,2.071428571428571,5555.0,5e-09,5e-11,0.85,1.02e-10,1.86e-10,-0.00016,0.3839724354387525,22.0,1000000.0,0.005,True,1,47;69;59,40,0,0,
1009,1009,Data/600MHz/sim_001009_1N-HN.out,600.0,14.091966957139045,92.0,1433.3333333333333,0.06555555555555556,2.428571428571429,5555.0,5e-09,5e-11,0.85,1.02e-10,1.86e-10,-0.00016,0.3839724354387525,22.0,1000000.0,0.005,True,1,13;71;23,40,0,0,
1010,1010,Data/600MHz/sim_001010_1N-HN.out,600.0,14.091966957139045,92.0,1433.3333333333333,0.06555555555555556,2.7857142857142856,5555.0,5e-09,5e-11,0.85,1.02e-10,1.86e-10,-0.00016,0.3839724354387525,22.0,1000000.0,0.005,True,1,51;9;17,40,0,0,
1011,1011,Data/600MHz/sim_001011_1N-HN.out,600.0,14.091966957139045,92.0,1433.3333333333333,0.06555555555555556,3.142857142857143,5555.0,5e-09,5e-11,0.85,1.02e-10,1.86e-10,-0.00016,0.3839724354387525,22.0,1000000.0,0.005,True,1,23;77;33,40,0,0,
1012,1012,Data/600MHz/sim_001012_1N-HN.out,600.0,14.091966957139045,92.0,1433.3333333333333,0.06555555555555556,3.5,5555.0,5e-09,5e-11,0.85,1.02e-10,1.86e-10,-0.00016,0.3839724354387525,22.0,1000000.0,0.005,True,1,79;17;55,40,0,0,
1013,1013,Data/600MHz/sim_001013_1N-HN.out,600.0,14.091966957139045,92.0,1433.3333333333333,0.06555555555555556,3.857142857142857,5555.0,5e-09,5e-11,0.85,1.02e-10,1.86e-10,-0.00016,0.3839724354387525,22.0,1000000.0,0.005,True,1,55;73;33,40,0,0,
1014,1014,Data/600MHz/sim_001014_1N-HN.out,600.0,14.091966957139045,92.0,1433.3333333333333,0.06555555555555556,4.214285714285714,5555.0,5e-09,5e-11,0.85,1.02e-10,1.86e-10,-0.00016,0.3839724354387525,22.0,1000000.0,0.005,True,1,43;33;27,40,0,0,
1015,1015,Data/600MHz/sim_001015_1N-HN.out,600.0,14.091966957139045,92.0,1433.3333333333333,0.06555555555555556,4.571428571428571,5555.0,5e-09,5e-11,0.85,1.02e-10,1.86e-10,-0.00016,0.3839724354387525,22.0,1000000.0,0.005,True,1,51;7;11,40,0,0,
1016,1016,Data/600MHz/sim_001016_1N-HN.out,600.0,14.091966957139045,92.0,1433.3333333333333,0.06555555555555556,4.928571428571429,5555.0,5e-09,5e-11,0.85,1.02e-10,1.86e-10,-0.00016,0.3839724354387525,22.0,1000000.0,0.005,True,1,61;25;9,40,0,0,
1017,1017,Data/600MHz/sim_001017_1N-HN.out,600.0,14.091966957139045,92.0,1433.3333333333333,0.06555555555555556,5.285714285714286,5555.0,5e-09,5e-11,0.85,1.02e-10,1.86e-10,-0.00016,0.3839724354387525,22.0,1000000.0,0.005,True,1,63;9;79,40,0,0,
1018,1018,Data/600MHz/sim_001018_1N-HN.out,600.0,14.091966957139045,92.0,1433.3333333333333,0.06555555555555556,5.642857142857143,5555.0,5e-09,5e-11,0.85,1.02e-10,1.86e-10,-0.00016,0.3839724354387525,22.0,1000000.0,0.005,True,1,17;71;15,40,0,0,
1019,1019,Data/600MHz/sim_001019_1N-HN.out,600.0,14.091966957139045,92.0,1433.3333333333333,0.06555555555555556,6.0,5555.0,5e-09,5e-11,0.85,1.02e-10,1.86e-10,-0.00016,0.3839724354387525,22.0,1000000.0,0.005,True,1,19;15;51,40,0,0,
1020,1020,Data/600MHz/sim_001020_1N-HN.out,600.0,14.091966957139045,92.0,1433.3333333333333,0.06777777777777778,1.0,5555.0,5e-09,5e-11,0.85,1.02e-10,1.86e-10,-0.00016,0.3839724354387525,22.0,1000000.0,0.005,True,1,43;39;63,40,0,0,
1021,1021,Data/600MHz/sim_001021_1N-HN.out,600.0,14.091966957139045,92.0,1433.3333333333333,0.06777777777777778,1.3571428571428572,5555.0,5e-09,5e-11,0.85,1.02e-10,1.86e-10,-0.00016,0.3839724354387525,22.0,1000000.0,0.005,True,1,57;53;41,40,0,0,
1022,1022,Data/600MHz/sim_001022_1N-HN.out,600.0,14.091966957139045,92.0,1433.3333333333333,0.06777777777777778,1.7142857142857144,5555.0,5e-09,5e-11,0.85,1.02e-10,1.86e-10,-0.00016,0.3839724354387525,22.0,1000000.0,0.005,True,1,41;39;5,40,0,0,
1023,1023,Data/600MHz/sim_001023_1N-HN.out,600.0,14.091966957139045,92.0,1433.3333333333333,0.06777777777777778,2.071428571428571,5555.0,5e-09,5e-11,0.85,1.02e-10,1.86e-10,-0.00016,0.3839724354387525,22.0,1000000.0,0.005,True,1,35;3;37,40,0,0,
1024,1024,Data/600MHz/sim_001024_1N-HN.out,600.0,14.091966957139045,92.0,1433.3333333333333,0.06777777777777778,2.428571428571429,5555.0,5e-09,5e-11,0.85,1.02e-10,1.86e-10,-0.00016,0.3839724354387525,22.0,1000000.0,0.005,True,1,33;9;35,40,0,0,
1025,1025,Data/600MHz/sim_001025_1N-HN.out,600.0,14.091966957139045,92.0,1433.3333333333333,0.06777777777777778,2.7857142857142856,5555.0,5e-09,5e-11,0.85,1.02e-10,1.86e-10,-0.00016,0.3839724354387525,22.0,1000000.0,0.005,True,1,45;29;63,40,0,0,
1026,1026,Data/600MHz/sim_001026_1N-HN.out,600.0,14.091966957139045,92.0,1433.3333333333333,0.06777777777777778,3.142857142857143,5555.0,5e-09,5e-11,0.85,1.02e-10,1.86e-10,-0.00016,0.3839724354387525,22.0,1000000.0,0.005,True,1,61;67;77,40,0,0,
1027,1027,Data/600MHz/sim_001027_1N-HN.out,600.0,14.091966957139045,92.0,1433.3333333333333,0.06777777777777778,3.5,5555.0,5e-09,5e-11,0.85,1.02e-10,1.86e-10,-0.00016,0.3839724354387525,22.0,1000000.0,0.005,True,1,63;41;3,40,0,0,
1028,1028,Data/600MHz/sim_001028_1N-HN.out,600.0,14.091966957139045,92.0,1433.3333333333333,0.06777777777777778,3.857142857142857,5555.0,5e-09,5e-11,0.85,1.02e-10,1.86e-10,-0.00016,0.3839724354387525,22.0,1000000.0,0.005,True,1,15;47;1,40,0,0,
1029,1029,Data/600MHz/sim_001029_1N-HN.out,600.0,14.091966957139045,92.0,1433.3333333333333,0.06777777777777778,4.214285714285714,5555.0,5e-09,5e-11,0.85,1.02e-10,1.86e-10,-0.00016,0.3839724354387525,22.0,1000000.0,0.005,True,1,23;69;3,40,0,0,
1030,1030,Data/600MHz/sim_001030_1N-HN.out,600.0,14.091966957139045,92.0,1433.3333333333333,0.06777777777777778,4.571428571428571,5555.0,5e-09,5e-11,0.85,1.02e-10,1.86e-10,-0.00016,0.3839724354387525,22.0,1000000.0,0.005,True,1,77;49;5,40,0,0,
1031,1031,Data/600MHz/sim_001031_1N-HN.out,600.0,14.091966957139045,92.0,1433.3333333333333,0.06777777777777778,4.928571428571429,5555.0,5e-09,5e-11,0.85,1.02e-10,1.86e-10,-0.00016,0.3839724354387525,22.0,1000000.0,0.005,True,1,23;55;35,40,0,0,
1032,1032,Data/600MHz/sim_001032_1N-HN.out,600.0,14.091966957139045,92.0,1433.3333333333333,0.06777777777777778,5.285714285714286,5555.0,5e-09,5e-11,0.85,1.02e-10,1.86e-10,-0.00016,0.3839724354387525,22.0,1000000.0,0.005,True,1,23;45;9,40,0,0,
1033,1033,Data/600MHz/sim_001033_1N-HN.out,600.0,14.091966957139045,92.0,1433.3333333333333,0.06777777777777778,5.642857142857143,5555.0,5e-09,5e-11,0.85,1.02e-10,1.86e-10,-0.00016,0.3839724354387525,22.0,1000000.0,0.005,True,1,31;41;71,40,0,0,
1034,1034,Data/600MHz/sim_001034_1N-HN.out,600.0,14.091966957139045,92.0,1433.3333333333333,0.06777777777777778,6.0,5555.0,5e-09,5e-11,0.85,1.02e-10,1.86e-10,-0.00016,0.3839724354387525,22.0,1000000.0,0.005,True,1,35;41;63,40,0,0,
1035,1035,Data/600MHz/sim_001035_1N-HN.out,600.0,14.091966957139045,92.0,1433.3333333333333,0.07,1.0,5555.0,5e-09,5e-11,0.85,1.02e-10,1.86e-10,-0.00016,0.3839724354387525,22.0,1000000.0,0.005,True,1,69;55;31,40,0,0,
1036,1036,Data/600MHz/sim_001036_1N-HN.out,600.0,14.091966957139045,92.0,1433.3333333333333,0.07,1.3571428571428572,5555.0,5e-09,5e-11,0.85,1.02e-10,1.86e-10,-0.00016,0.3839724354387525,22.0,1000000.0,0.005,True,1,53;3;65,40,0,0,
1037,1037,Data/600MHz/sim_001037_1N-HN.out,600.0,14.091966957139045,92.0,1433.3333333333333,0.07,1.7142857142857144,5555.0,5e-09,5e-11,0.85,1.02e-10,1.86e-10,-0.00016,0.3839724354387525,22.0,1000000.0,0.005,True,1,71;51;59,40,0,0,
1038,1038,Data/600MHz/sim_001038_1N-HN.out,600.0,14.091966957139045,92.0,1433.3333333333333,0.07,2.071428571428571,5555.0,5e-09,5e-11,0.85,1.02e-10,1.86e-10,-0.00016,0.3839724354387525,22.0,1000000.0,0.005,True,1,9;25;53,40,0,0,
1039,1039,Data/600MHz/sim_001039_1N-HN.out,600.0,14.091966957139045,92.0,1433.3333333333333,0.07,2.428571428571429,5555.0,5e-09,5e-11,0.85,1.02e-10,1.86e-10,-0.00016,0.3839724354387525,22.0,1000000.0,0.005,True,1,41;51;37,40,0,0,
1040,1040,Data/600MHz/sim_001040_1N-HN.out,600.0,14.091966957139045,92.0,1433.3333333333333,0.07,2.7857142857142856,5555.0,5e-09,5e-11,0.85,1.02e-10,1.86e-10,-0.00016,0.3839724354387525,22.0,1000000.0,0.005,True,1,53;3;79,40,0,0,
1041,1041,Data/600MHz/sim_001041_1N-HN.out,600.0,14.091966957139045,92.0,1433.3333333333333,0.07,3.142857142857143,5555.0,5e-09,5e-11,0.85,1.02e-10,1.86e-10,-0.00016,0.3839724354387525,22.0,1000000.0,0.005,True,1,39;3;51,40,0,0,
1042,1042,Data/600MHz/sim_001042_1N-HN.out,600.0,14.091966957139045,92.0,1433.3333333333333,0.07,3.5,5555.0,5e-09,5e-11,0.85,1.02e-10,1.86e-10,-0.00016,0.3839724354387525,22.0,1000000.0,0.005,True,1,3;29;13,40,0,0,
1043,1043,Data/600MHz/sim_001043_1N-HN.out,600.0,14.091966957139045,92.0,1433.3333333333333,0.07,3.857142857142857,5555.0,5e-09,5e-11,0.85,1.02e-10,1.86e-10,-0.00016,0.3839724354387525,22.0,1000000.0,0.005,True,1,1;23;27,40,0,0,
1044,1044,Data/600MHz/sim_001044_1N-HN.out,600.0,14.091966957139045,92.0,1433.3333333333333,0.07,4.214285714285714,5555.0,5e-09,5e-11,0.85,1.02e-10,1.86e-10,-0.00016,0.3839724354387525,22.0,1000000.0,0.005,True,1,35;71;77,40,0,0,
1045,1045,Data/600MHz/sim_001045_1N-HN.out,600.0,14.091966957139045,92.0,1433.3333333333333,0.07,4.571428571428571,5555.0,5e-09,5e-11,0.85,1.02e-10,1.86e-10,-0.00016,0.3839724354387525,22.0,1000000.0,0.005,True,1,77;69;59,40,0,0,
1046,1046,Data/600MHz/sim_001046_1N-HN.out,600.0,14.091966957139045,92.0,1433.3333333333333,0.07,4.928571428571429,5555.0,5e-09,5e-11,0.85,1.02e-10,1.86e-10,-0.00016,0.3839724354387525,22.0,1000000.0,0.005,True,1,69;67;37,40,0,0,
1047,1047,Data/600MHz/sim_001047_1N-HN.out,600.0,14.091966957139045,92.0,1433.3333333333333,0.07,5.285714285714286,5555.0,5e-09,5e-11,0.85,1.02e-10,1.86e-10,-0.00016,0.3839724354387525,22.0,1000000.0,0.005,True,1,53;69;41,40,0,0,
1048,1048,Data/600MHz/sim_001048_1N-HN.out,600.0,14.091966957139045,92.0,1433.3333333333333,0.07,5.642857142857143,5555.0,5e-09,5e-11,0.85,1.02e-10,1.86e-10,-0.00016,0.3839724354387525,22.0,1000000.0,0.005,True,1,63;39;71,40,0,0,
1049,1049,Data/600MHz/sim_001049_1N-HN.out,600.0,14.091966957139045,92.0,1433.3333333333333,0.07,6.0,5555.0,5e-09,5e-11,0.85,1.02e-10,1.86e-10,-0.00016,0.3839724354387525,22.0,1000000.0,0.005,True,1,49;3;1,40,0,0,
1050,1050,Data/600MHz/sim_001050_1N-HN.out,600.0,14.091966957139045,92.0,1622.2222222222222,0.05,1.0,5555.0,5e-09,5e-11,0.85,1.02e-10,1.86e-10,-0.00016,0.3839724354387525,22.0,1000000.0,0.005,True,1,63;7;45,40,0,0,
1051,1051,Data/600MHz/sim_001051_1N-HN.out,600.0,14.091966957139045,92.0,1622.2222222222222,0.05,1.3571428571428572,5555.0,5e-09,5e-11,0.85,1.02e-10,1.86e-10,-0.00016,0.3839724354387525,22.0,1000000.0,0.005,True,1,39;69;79,40,0,0,
1052,1052,Data/600MHz/sim_001052_1N-HN.out,600.0,14.091966957139045,92.0,1622.2222222222222,0.05,1.7142857142857144,5555.0,5e-09,5e-11,0.85,1.02e-10,1.86e-10,-0.00016,0.3839724354387525,22.0,1000000.0,0.005,True,1,1;67;55,40,0,0,
1053,1053,Data/600MHz/sim_001053_1N-HN.out,600.0,14.091966957139045,92.0,1622.2222222222222,0.05,2.071428571428571,5555.0,5e-09,5e-11,0.85,1.02e-10,1.86e-10,-0.00016,0.3839724354387525,22.0,1000000.0,0.005,True,1,55;11;45,40,0,0,
1054,1054,Data/600MHz/sim_001054_1N-HN.out,600.0,14.091966957139045,92.0,1622.2222222222222,0.05,2.428571428571429,5555.0,5e-09,5e-11,0.85,1.02e-10,1.86e-10,-0.00016,0.3839724354387525,22.0,1000000.0,0.005,True,1,3;67;17,40,0,0,
1055,1055,Data/600MHz/sim_001055_1N-HN.out,600.0,14.091966957139045,92.0,1622.2222222222222,0.05,2.7857142857142856,5555.0,5e-09,5e-11,0.85,1.02e-10,1.86e-10,-0.00016,0.3839724354387525,22.0,1000000.0,0.005,True,1,33;23;61,40,0,0,
1056,1056,Data/600MHz/sim_001056_1N-HN.out,600.0,14.091966957139045,92.0,1622.2222222222222,0.05,3.142857142857143,5555.0,5e-09,5e-11,0.85,1.02e-10,1.86e-10,-0.00016,0.3839724354387525,22.0,1000000.0,0.005,True,1,37;31;51,40,0,0,
1057,1057,Data/600MHz/sim_001057_1N-HN.out,600.0,14.091966957139045,92.0,1622.2222222222222,0.05,3.5,5555.0,5e-09,5e-11,0.85,1.02e-10,1.86e-10,-0.00016,0.3839724354387525,22.0,1000000.0,0.005,True,1,23;37;33,40,0,0,
1058,1058,Data/600MHz/sim_001058_1N-HN.out,600.0,14.091966957139045,92.0,1622.2222222222222,0.05,3.857142857142857,5555.0,5e-09,5e-11,0.85,1.02e-10,1.86e-10,-0.00016,0.3839724354387525,22.0,1000000.0,0.005,True,1,13;1;11,40,0,0,
1059,1059,Data/600MHz/sim_001059_1N-HN.out,600.0,14.091966957139045,92.0,1622.2222222222222,0.05,4.214285714285714,5555.0,5e-09,5e-11,0.85,1.02e-10,1.86e-10,-0.00016,0.3839724354387525,22.0,1000000.0,0.005,True,1,65;69;75,40,0,0,
1060,1060,Data/600MHz/sim_001060_1N-HN.out,600.0,14.091966957139045,92.0,1622.2222222222222,0.05,4.571428571428571,5555.0,5e-09,5e-11,0.85,1.02e-10,1.86e-10,-0.00016,0.3839724354387525,22.0,1000000.0,0.005,True,1,7;45;15,40,0,0,
1061,1061,Data/600MHz/sim_001061_1N-HN.out,600.0,14.091966957139045,92.0,1622.2222222222222,0.05,4.928571428571429,5555.0,5e-09,5e-11,0.85,1.02e-10,1.86e-10,-0.00016,0.3839724354387525,22.0,1000000.0,0.005,True,1,3;49;47,40,0,0,
1062,1062,Data/600MHz/sim_001062_1N-HN.out,600.0,14.091966957139045,92.0,1622.2222222222222,0.05,5.285714285714286,5555.0,5e-09,5e-11,0.85,1.02e-10,1.86e-10,-0.00016,0.3839724354387525,22.0,1000000.0,0.005,True,1,3;79;57,40,0,0,
1063,1063,Data/600MHz/sim_001063_1N-HN.out,600.0,14.091966957139045,92.0,1622.2222222222222,0.05,5.642857142857143,5555.0,5e-09,5e-11,0.85,1.02e-10,1.86e-10,-0.00016,0.3839724354387525,22.0,1000000.0,0.005,True,1,25;17;61,40,0,0,
1064,1064,Data/600MHz/sim_001064_1N-HN.out,600.0,14.091966957139045,92.0,1622.2222222222222,0.05,6.0,5555.0,5e-09,5e-11,0.85,1.02e-10,1.86e-10,-0.00016,0.3839724354387525,22.0,1000000.0,0.005,True,1,25;1;59,40,0,0,
1065,1065,Data/600MHz/sim_001065_1N-HN.out,600.0,14.091966957139045,92.0,1622.2222222222222,0.052222222222222225,1.0,5555.0,5e-09,5e-11,0.85,1.02e-10,1.86e-10,-0.00016,0.3839724354387525,22.0,1000000.0,0.005,True,1,55;75;25,40,0,0,
1066,1066,Data/600MHz/sim_001066_1N-HN.out,600.0,14.091966957139045,92.0,1622.2222222222222,0.052222222222222225,1.3571428571428572,5555.0,5e-09,5e-11,0.85,1.02e-10,1.86e-10,-0.00016,0.3839724354387525,22.0,1000000.0,0.005,True,1,71;45;21,40,0,0,
1067,1067,Data/600MHz/sim_001067_1N-HN.out,600.0,14.091966957139045,92.0,1622.2222222222222,0.052222222222222225,1.7142857142857144,5555.0,5e-09,5e-11,0.85,1.02e-10,1.86e-10,-0.00016,0.3839724354387525,22.0,1000000.0,0.005,True,1,19;77;17,40,0,0,
1068,1068,Data/600MHz/sim_001068_1N-HN.out,600.0,14.091966957139045,92.0,1622.2222222222222,0.052222222222222225,2.071428571428571,5555.0,5e-09,5e-11,0.85,1.02e-10,1.86e-10,-0.00016,0.3839724354387525,22.0,1000000.0,0.005,True,1,37;73;49,40,0,0,
1069,1069,Data/600MHz/sim_001069_1N-HN.out,600.0,14.091966957139045,92.0,1622.2222222222222,0.052222222222222225,2.428571428571429,5555.0,5e-09,5e-11,0.85,1.02e-10,1.86e-10,-0.00016,0.3839724354387525,22.0,1000000.0,0.005,True,1,7;71;67,40,0,0,
1070,1070,Data/600MHz/sim_001070_1N-HN.out,600.0,14.091966957139045,92.0,1622.2222222222222,0.052222222222222225,2.7857142857142856,5555.0,5e-09,5e-11,0.85,1.02e-10,1.86e-10,-0.00016,0.3839724354387525,22.0,1000000.0,0.005,True,1,29;55;35,40,0,0,
1071,1071,Data/600MHz/sim_001071_1N-HN.out,600.0,14.091966957139045,92.0,1622.2222222222222,0.052222222222222225,3.142857142857143,5555.0,5e-09,5e-11,0.85,1.02e-10,1.86e-10,-0.00016,0.3839724354387525,22.0,1000000.0,0.005,True,1,1;77;53,40,0,0,
1072,1072,Data/600MHz/sim_001072_1N-HN.out,600.0,14.091966957139045,92.0,1622.2222222222222,0.052222222222222225,3.5,5555.0,5e-09,5e-11,0.85,1.02e-10,1.86e-10,-0.00016,0.3839724354387525,22.0,1000000.0,0.005,True,1,33;61;53,40,0,0,
1073,1073,Data/600MHz/sim_001073_1N-HN.out,600.0,14.091966957139045,92.0,1622.2222222222222,0.052222222222222225,3.857142857142857,5555.0,5e-09,5e-11,0.85,1.02e-10,1.86e-10,-0.00016,0.3839724354387525,22.0,1000000.0,0.005,True,1,75;23;79,40,0,0,
1074,1074,Data/600MHz/sim_001074_1N-HN.out,600.0,14.091966957139045,92.0,1622.2222222222222,0.052222222222222225,4.214285714285714,5555.0,5e-09,5e-11,0.85,1.02e-10,1.86e-10,-0.00016,0.3839724354387525,22.0,1000000.0,0.005,True,1,55;27;75,40,0,0,
1075,1075,Data/600MHz/sim_001075_1N-HN.out,600.0,14.091966957139045,92.0,1622.2222222222222,0.052222222222222225,4.571428571428571,5555.0,5e-09,5e-11,0.85,1.02e-10,1.86e-10,-0.00016,0.3839724354387525,22.0,1000000.0,0.005,True,1,57;33;27,40,0,0,
1076,1076,Data/600MHz/sim_001076_1N-HN.out,600.0,14.091966957139045,92.0,1622.2222222222222,0.052222222222222225,4.928571428571429,5555.0,5e-09,5e-11,0.85,1.02e-10,1.86e-10,-0.00016,0.3839724354387525,22.0,1000000.0,0.005,True,1,71;33;27,40,0,0,
1077,1077,Data/600MHz/sim_001077_1N-HN.out,600.0,14.091966957139045,92.0,1622.2222222222222,0.052222222222222225,5.285714285714286,5555.0,5e-09,5e-11,0.85,1.02e-10,1.86e-10,-0.00016,0.3839724354387525,22.0,1000000.0,0.005,True,1,37;65;75,40,0,0,
1078,1078,Data/600MHz/sim_001078_1N-HN.out,600.0,14.091966957139045,92.0,1622.2222222222222,0.052222222222222225,5.642857142857143,5555.0,5e-09,5e-11,0.85,1.02e-10,1.86e-10,-0.00016,0.3839724354387525,22.0,1000000.0,0.005,True,1,75;39;31,40,0,0,
1079,1079,Data/600MHz/sim_001079_1N-HN.out,600.0,14.091966957139045,92.0,1622.2222222222222,0.052222222222222225,6.0,5555.0,5e-09,5e-11,0.85,1.02e-10,1.86e-10,-0.00016,0.3839724354387525,22.0,1000000.0,0.005,True,1,67;15;37,40,0,0,
1080,1080,Data/600MHz/sim_001080_1N-HN.out,600.0,14.091966957139045,92.0,1622.2222222222222,0.05444444444444445,1.0,5555.0,5e-09,5e-11,0.85,1.02e-10,1.86e-10,-0.00016,0.3839724354387525,22.0,1000000.0,0.005,True,1,39;71;67,40,0,0,
1081,1081,Data/600MHz/sim_001081_1N-HN.out,600.0,14.091966957139045,92.0,1622.2222222222222,0.05444444444444445,1.3571428571428572,5555.0,5e-09,5e-11,0.85,1.02e-10,1.86e-10,-0.00016,0.3839724354387525,22.0,1000000.0,0.005,True,1,71;37;35,40,0,0,
1082,1082,Data/600MHz/sim_001082_1N-HN.out,600.0,14.091966957139045,92.0,1622.2222222222222,0.05444444444444445,1.7142857142857144,5555.0,5e-09,5e-11,0.85,1.02e-10,1.86e-10,-0.00016,0.3839724354387525,22.0,1000000.0,0.005,True,1,11;25;59,40,0,0,
1083,1083,Data/600MHz/sim_001083_1N-HN.out,600.0,14.091966957139045,92.0,1622.2222222222222,0.05444444444444445,2.071428571428571,5555.0,5e-09,5e-11,0.85,1.02e-10,1.86e-10,-0.00016,0.3839724354387525,22.0,1000000.0,0.005,True,1,41;31;29,40,0,0,
1084,1084,Data/600MHz/sim_001084_1N-HN.out,600.0,14.091966957139045,92.0,1622.2222222222222,0.05444444444444445,2.428571428571429,5555.0,5e-09,5e-11,0.85,1.02e-10,1.86e-10,-0.00016,0.3839724354387525,22.0,1000000.0,0.005,True,1,53;35;27,40,0,0,
1085,1085,Data/600MHz/sim_001085_1N-HN.out,600.0,14.091966957139045,92.0,1622.2222222222222,0.05444444444444445,2.7857142857142856,5555.0,5e-09,5e-11,0.85,1.02e-10,1.86e-10,-0.00016,0.3839724354387525,22.0,1000000.0,0.005,True,1,65;71;41,40,0,0,
1086,1086,Data/600MHz/sim_001086_1N-HN.out,600.0,14.091966957139045,92.0,1622.2222222222222,0.05444444444444445,3.142857142857143,5555.0,5e-09,5e-11,0.85,1.02e-10,1.86e-10,-0.00016,0.3839724354387525,22.0,1000000.0,0.005,True,1,19;39;13,40,0,0,
1087,1087,Data/600MHz/sim_001087_1N-HN.out,600.0,14.091966957139045,92.0,1622.2222222222222,0.05444444444444445,3.5,5555.0,5e-09,5e-11,0.85,1.02e-10,1.86e-10,-0.00016,0.3839724354387525,22.0,1000000.0,0.005,True,1,67;17;9,40,0,0,
1088,1088,Data/600MHz/sim_001088_1N-HN.out,600.0,14.091966957139045,92.0,1622.2222222222222,0.05444444444444445,3.857142857142857,5555.0,5e-09,5e-11,0.85,1.02e-10,1.86e-10,-0.00016,0.3839724354387525,22.0,1000000.0,0.005,True,1,9;45;25,40,0,0,
1089,1089,Data/600MHz/sim_001089_1N-HN.out,600.0,14.091966957139045,92.0,1622.2222222222222,0.05444444444444445,4.214285714285714,5555.0,5e-09,5e-11,0.85,1.02e-10,1.86e-10,-0.00016,0.3839724354387525,22.0,1000000.0,0.005,True,1,65;21;63,40,0,0,
1090,1090,Data/600MHz/sim_001090_1N-HN.out,600.0,14.091966957139045,92.0,1622.2222222222222,0.05444444444444445,4.571428571428571,5555.0,5e-09,5e-11,0.85,1.02e-10,1.86e-10,-0.00016,0.3839724354387525,22.0,1000000.0,0.005,True,1,45;57;35,40,0,0,
1091,1091,Data/600MHz/sim_001091_1N-HN.out,600.0,14.091966957139045,92.0,1622.2222222222222,0.05444444444444445,4.928571428571429,5555.0,5e-09,5e-11,0.85,1.02e-10,1.86e-10,-0.00016,0.3839724354387525,22.0,1000000.0,0.005,True,1,31;27;45,40,0,0,
1092,1092,Data/600MHz/sim_001092_1N-HN.out,600.0,14.091966957139045,92.0,1622.2222222222222,0.05444444444444445,5.285714285714286,5555.0,5e-09,5e-11,0.85,1.02e-10,1.86e-10,-0.00016,0.3839724354387525,22.0,1000000.0,0.005,True,1,15;63;13,40,0,0,
1093,1093,Data/600MHz/sim_001093_1N-HN.out,600.0,14.091966957139045,92.0,1622.2222222222222,0.05444444444444445,5.642857142857143,5555.0,5e-09,5e-11,0.85,1.02e-10,1.86e-10,-0.00016,0.3839724354387525,22.0,1000000.0,0.005,True,1,57;47;13,40,0,0,
1094,1094,Data/600MHz/sim_001094_1N-HN.out,600.0,14.091966957139045,92.0,1622.2222222222222,0.05444444444444445,6.0,5555.0,5e-09,5e-11,0.85,1.02e-10,1.86e-10,-0.00016,0.3839724354387525,22.0,1000000.0,0.005,True,1,45;39;73,40,0,0,
1095,1095,Data/600MHz/sim_001095_1N-HN.out,600.0,14.091966957139045,92.0,1622.2222222222222,0.05666666666666667,1.0,5555.0,5e-09,5e-11,0.85,1.02e-10,1.86e-10,-0.00016,0.3839724354387525,22.0,1000000.0,0.005,True,1,55;57;39,40,0,0,
1096,1096,Data/600MHz/sim_001096_1N-HN.out,600.0,14.091966957139045,92.0,1622.2222222222222,0.05666666666666667,1.3571428571428572,5555.0,5e-09,5e-11,0.85,1.02e-10,1.86e-10,-0.00016,0.3839724354387525,22.0,1000000.0,0.005,True,1,3;27;43,40,0,0,
1097,1097,Data/600MHz/sim_001097_1N-HN.out,600.0,14.091966957139045,92.0,1622.2222222222222,0.05666666666666667,1.7142857142857144,5555.0,5e-09,5e-11,0.85,1.02e-10,1.86e-10,-0.00016,0.3839724354387525,22.0,1000000.0,0.005,True,1,53;77;9,40,0,0,
1098,1098,Data/600MHz/sim_001098_1N-HN.out,600.0,14.091966957139045,92.0,1622.2222222222222,0.05666666666666667,2.071428571428571,5555.0,5e-09,5e-11,0.85,1.02e-10,1.86e-10,-0.00016,0.3839724354387525,22.0,1000000.0,0.005,True,1,29;61;47,40,0,0,
1099,1099,Data/600MHz/sim_001099_1N-HN.out,600.0,14.091966957139045,92.0,1622.2222222222222,0.05666666666666667,2.428571428571429,5555.0,5e-09,5e-11,0.85,1.02e-10,1.86e-10,-0.00016,0.3839724354387525,22.0,1000000.0,0.005,True,1,73;59;43,40,0,0,
1100,1100,Data/600MHz/sim_001100_1N-HN.out,600.0,14.091966957139045,92.0,1622.2222222222222,0.05666666666666667,2.7857142857142856,5555.0,5e-09,5e-11,0.85,1.02e-10,1.86e-10,-0.00016,0.3839724354387525,22.0,1000000.0,0.005,True,1,47;1;53,40,0,0,
1101,1101,Data/600MHz/sim_001101_1N-HN.out,600.0,14.091966957139045,92.0,1622.2222222222222,0.05666666666666667,3.142857142857143,5555.0,5e-09,5e-11,0.85,1.02e-10,1.86e-10,-0.00016,0.3839724354387525,22.0,1000000.0,0.005,True,1,27;77;67,40,0,0,
1102,1102,Data/600MHz/sim_001102_1N-HN.out,600.0,14.091966957139045,92.0,1622.2222222222222,0.05666666666666667,3.5,5555.0,5e-09,5e-11,0.85,1.02e-10,1.86e-10,-0.00016,0.3839724354387525,22.0,1000000.0,0.005,True,1,53;11;73,40,0,0,
1103,1103,Data/600MHz/sim_001103_1N-HN.out,600.0,14.091966957139045,92.0,1622.2222222222222,0.05666666666666667,3.857142857142857,5555.0,5e-09,5e-11,0.85,1.02e-10,1.86e-10,-0.00016,0.3839724354387525,22.0,1000000.0,0.005,True,1,47;9;5,40,0,0,
1104,1104,Data/600MHz/sim_001104_1N-HN.out,600.0,14.091966957139045,92.0,1622.2222222222222,0.05666666666666667,4.214285714285714,5555.0,5e-09,5e-11,0.85,1.02e-10,1.86e-10,-0.00016,0.3839724354387525,22.0,1000000.0,0.005,True,1,17;39;7,40,0,0,
1105,1105,Data/600MHz/sim_001105_1N-HN.out,600.0,14.091966957139045,92.0,1622.2222222222222,0.05666666666666667,4.571428571428571,5555.0,5e-09,5e-11,0.85,1.02e-10,1.86e-10,-0.00016,0.3839724354387525,22.0,1000000.0,0.005,True,1,13;53;43,40,0,0,
1106,1106,Data/600MHz/sim_001106_1N-HN.out,600.0,14.091966957139045,92.0,1622.2222222222222,0.05666666666666667,4.928571428571429,5555.0,5e-09,5e-11,0.85,1.02e-10,1.86e-10,-0.00016,0.3839724354387525,22.0,1000000.0,0.005,True,1,25;65;49,40,0,0,
1107,1107,Data/600MHz/sim_001107_1N-HN.out,600.0,14.091966957139045,92.0,1622.2222222222222,0.05666666666666667,5.285714285714286,5555.0,5e-09,5e-11,0.85,1.02e-10,1.86e-10,-0.00016,0.3839724354387525,22.0,1000000.0,0.005,True,1,39;75;29,40,0,0,
1108,1108,Data/600MHz/sim_001108_1N-HN.out,600.0,14.091966957139045,92.0,1622.2222222222222,0.05666666666666667,5.642857142857143,5555.0,5e-09,5e-11,0.85,1.02e-10,1.86e-10,-0.00016,0.3839724354387525,22.0,1000000.0,0.005,True,1,19;49;77,40,0,0,
1109,1109,Data/600MHz/sim_001109_1N-HN.out,600.0,14.091966957139045,92.0,1622.2222222222222,0.05666666666666667,6.0,5555.0,5e-09,5e-11,0.85,1.02e-10,1.86e-10,-0.00016,0.3839724354387525,22.0,1000000.0,0.005,True,1,35;11;71,40,0,0,
1110,1110,Data/600MHz/sim_001110_1N-HN.out,600.0,14.091966957139045,92.0,1622.2222222222222,0.05888888888888889,1.0,5555.0,5e-09,5e-11,0.85,1.02e-10,1.86e-10,-0.00016,0.3839724354387525,22.0,1000000.0,0.005,True,1,77;13;67,40,0,0,
1111,1111,Data/600MHz/sim_001111_1N-HN.out,600.0,14.091966957139045,92.0,1622.2222222222222,0.05888888888888889,1.3571428571428572,5555.0,5e-09,5e-11,0.85,1.02e-10,1.86e-10,-0.00016,0.3839724354387525,22.0,1000000.0,0.005,True,1,35;29;37,40,0,0,
1112,1112,Data/600MHz/sim_001112_1N-HN.out,600.0,14.091966957139045,92.0,1622.2222222222222,0.05888888888888889,1.7142857142857144,5555.0,5e-09,5e-11,0.85,1.02e-10,1.86e-10,-0.00016,0.3839724354387525,22.0,1000000.0,0.005,True,1,1;61;45,40,0,0,
1113,1113,Data/600MHz/sim_001113_1N-HN.out,600.0,14.091966957139045,92.0,1622.2222222222222,0.05888888888888889,2.071428571428571,5555.0,5e-09,5e-11,0.85,1.02e-10,1.86e-10,-0.00016,0.3839724354387525,22.0,1000000.0,0.005,True,1,67;75;15,40,0,0,
1114,1114,Data/600MHz/sim_001114_1N-HN.out,600.0,14.091966957139045,92.0,1622.2222222222222,0.05888888888888889,2.428571428571429,5555.0,5e-09,5e-11,0.85,1.02e-10,1.86e-10,-0.00016,0.3839724354387525,22.0,1000000.0,0.005,True,1,45;53;27,40,0,0,
1115,1115,Data/600MHz/sim_001115_1N-HN.out,600.0,14.091966957139045,92.0,1622.2222222222222,0.05888888888888889,2.7857142857142856,5555.0,5e-09,5e-11,0.85,1.02e-10,1.86e-10,-0.00016,0.3839724354387525,22.0,1000000.0,0.005,True,1,59;37;13,40,0,0,
1116,1116,Data/600MHz/sim_001116_1N-HN.out,600.0,14.091966957139045,92.0,1622.2222222222222,0.05888888888888889,3.142857142857143,5555.0,5e-09,5e-11,0.85,1.02e-10,1.86e-10,-0.00016,0.3839724354387525,22.0,1000000.0,0.005,True,1,9;75;69,40,0,0,
1117,1117,Data/600MHz/sim_001117_1N-HN.out,600.0,14.091966957139045,92.0,1622.2222222222222,0.05888888888888889,3.5,5555.0,5e-09,5e-11,0.85,1.02e-10,1.86e-10,-0.00016,0.3839724354387525,22.0,1000000.0,0.005,True,1,27;57;1,40,0,0,
1118,1118,Data/600MHz/sim_001118_1N-HN.out,600.0,14.091966957139045,92.0,1622.2222222222222,0.05888888888888889,3.857142857142857,5555.0,5e-09,5e-11,0.85,1.02e-10,1.86e-10,-0.00016,0.3839724354387525,22.0,1000000.0,0.005,True,1,31;7;47,40,0,0,
1119,1119,Data/600MHz/sim_001119_1N-HN.out,600.0,14.091966957139045,92.0,1622.2222222222222,0.05888888888888889,4.214285714285714,5555.0,5e-09,5e-11,0.85,1.02e-10,1.86e-10,-0.00016,0.3839724354387525,22.0,1000000.0,0.005,True,1,47;55;37,40,0,0,
1120,1120,Data/600MHz/sim_001120_1N-HN.out,600.0,14.091966957139045,92.0,1622.2222222222222,0.05888888888888889,4.571428571428571,5555.0,5e-09,5e-11,0.85,1.02e-10,1.86e-10,-0.00016,0.3839724354387525,22.0,1000000.0,0.005,True,1,9;35;15,40,0,0,
1121,1121,Data/600MHz/sim_001121_1N-HN.out,600.0,14.091966957139045,92.0,1622.2222222222222,0.05888888888888889,4.928571428571429,5555.0,5e-09,5e-11,0.85,1.02e-10,1.86e-10,-0.00016,0.3839724354387525,22.0,1000000.0,0.005,True,1,77;51;11,40,0,0,
1122,1122,Data/600MHz/sim_001122_1N-HN.out,600.0,14.091966957139045,92.0,1622.2222222222222,0.05888888888888889,5.285714285714286,5555.0,5e-09,5e-11,0.85,1.02e-10,1.86e-10,-0.00016,0.3839724354387525,22.0,1000000.0,0.005,True,1,13;7;79,40,0,0,
1123,1123,Data/600MHz/sim_001123_1N-HN.out,600.0,14.091966957139045,92.0,1622.2222222222222,0.05888888888888889,5.642857142857143,5555.0,5e-09,5e-11,0.85,1.02e-10,1.86e-10,-0.00016,0.3839724354387525,22.0,1000000.0,0.005,True,1,49;55;69,40,0,0,
1124,1124,Data/600MHz/sim_001124_1N-HN.out,600.0,14.091966957139045,92.0,1622.2222222222222,0.05888888888888889,6.0,5555.0,5e-09,5e-11,0.85,1.02e-10,1.86e-10,-0.00016,0.3839724354387525,22.0,1000000.0,0.005,True,1,49;59;5,40,0,0,
1125,1125,Data/600MHz/sim_001125_1N-HN.out,600.0,14.091966957139045,92.0,1622.2222222222222,0.061111111111111116,1.0,5555.0,5e-09,5e-11,0.85,1.02e-10,1.86e-10,-0.00016,0.3839724354387525,22.0,1000000.0,0.005,True,1,21;27;43,40,0,0,
1126,1126,Data/600MHz/sim_001126_1N-HN.out,600.0,14.091966957139045,92.0,1622.2222222222222,0.061111111111111116,1.3571428571428572,5555.0,5e-09,5e-11,0.85,1.02e-10,1.86e-10,-0.00016,0.3839724354387525,22.0,1000000.0,0.005,True,1,39;75;29,40,0,0,
1127,1127,Data/600MHz/sim_001127_1N-HN.out,600.0,14.091966957139045,92.0,1622.2222222222222,0.061111111111111116,1.7142857142857144,5555.0,5e-09,5e-11,0.85,1.02e-10,1.86e-10,-0.00016,0.3839724354387525,22.0,1000000.0,0.005,True,1,67;53;69,40,0,0,
1128,1128,Data/600MHz/sim_001128_1N-HN.out,600.0,14.091966957139045,92.0,1622.2222222222222,0.061111111111111116,2.071428571428571,5555.0,5e-09,5e-11,0.85,1.02e-10,1.86e-10,-0.00016,0.3839724354387525,22.0,1000000.0,0.005,True,1,3;29;61,40,0,0,
1129,1129,Data/600MHz/sim_001129_1N-HN.out,600.0,14.091966957139045,92.0,1622.2222222222222,0.061111111111111116,2.428571428571429,5555.0,5e-09,5e-11,0.85,1.02e-10,1.86e-10,-0.00016,0.3839724354387525,22.0,1000000.0,0.005,True,1,5;33;77,40,0,0,
1130,1130,Data/600MHz/sim_001130_1N-HN.out,600.0,14.091966957139045,92.0,1622.2222222222222,0.061111111111111116,2.7857142857142856,5555.0,5e-09,5e-11,0.85,1.02e-10,1.86e-10,-0.00016,0.3839724354387525,22.0,1000000.0,0.005,True,1,25;53;41,40,0,0,
1131,1131,Data/600MHz/sim_001131_1N-HN.out,600.0,14.091966957139045,92.0,1622.2222222222222,0.061111111111111116,3.142857142857143,5555.0,5e-09,5e-11,0.85,1.02e-10,1.86e-10,-0.00016,0.3839724354387525,22.0,1000000.0,0.005,True,1,69;61;55,40,0,0,
1132,1132,Data/600MHz/sim_001132_1N-HN.out,600.0,14.091966957139045,92.0,1622.2222222222222,0.061111111111111116,3.5,5555.0,5e-09,5e-11,0.85,1.02e-10,1.86e-10,-0.00016,0.3839724354387525,22.0,1000000.0,0.005,True,1,41;1;55,40,0,0,
1133,1133,Data/600MHz/sim_001133_1N-HN.out,600.0,14.091966957139045,92.0,1622.2222222222222,0.061111111111111116,3.857142857142857,5555.0,5e-09,5e-11,0.85,1.02e-10,1.86e-10,-0.00016,0.3839724354387525,22.0,1000000.0,0.005,True,1,11;5;65,40,0,0,
1134,1134,Data/600MHz/sim_001134_1N-HN.out,600.0,14.091966957139045,92.0,1622.2222222222222,0.061111111111111116,4.214285714285714,5555.0,5e-09,5e-11,0.85,1.02e-10,1.86e-10,-0.00016,0.3839724354387525,22.0,1000000.0,0.005,True,1,29;73;43,40,0,0,
1135,1135,Data/600MHz/sim_001135_1N-HN.out,600.0,14.091966957139045,92.0,1622.2222222222222,0.061111111111111116,4.571428571428571,5555.0,5e-09,5e-11,0.85,1.02e-10,1.86e-10,-0.00016,0.3839724354387525,22.0,1000000.0,0.005,True,1,47;49;45,40,0,0,
1136,1136,Data/600MHz/sim_001136_1N-HN.out,600.0,14.091966957139045,92.0,1622.2222222222222,0.061111111111111116,4.928571428571429,5555.0,5e-09,5e-11,0.85,1.02e-10,1.86e-10,-0.00016,0.3839724354387525,22.0,1000000.0,0.005,True,1,77;11;55,40,0,0,
1137,1137,Data/600MHz/sim_001137_1N-HN.out,600.0,14.091966957139045,92.0,1622.2222222222222,0.061111111111111116,5.285714285714286,5555.0,5e-09,5e-11,0.85,1.02e-10,1.86e-10,-0.00016,0.3839724354387525,22.0,1000000.0,0.005,True,1,3;35;47,40,0,0,
1138,1138,Data/600MHz/sim_001138_1N-HN.out,600.0,14.091966957139045,92.0,1622.2222222222222,0.061111111111111116,5.642857142857143,5555.0,5e-09,5e-11,0.85,1.02e-10,1.86e-10,-0.00016,0.3839724354387525,22.0,1000000.0,0.005,True,1,71;35;17,40,0,0,
1139,1139,Data/600MHz/sim_001139_1N-HN.out,600.0,14.091966957139045,92.0,1622.2222222222222,0.061111111111111116,6.0,5555.0,5e-09,5e-11,0.85,1.02e-10,1.86e-10,-0.00016,0.3839724354387525,22.0,1000000.0,0.005,True,1,1;13;11,40,0,0,
1140,1140,Data/600MHz/sim_001140_1N-HN.out,600.0,14.091966957139045,92.0,1622.2222222222222,0.06333333333333334,1.0,5555.0,5e-09,5e-11,0.85,1.02e-10,1.86e-10,-0.00016,0.3839724354387525,22.0,1000000.0,0.005,True,1,39;1;57,40,0,0,
1141,1141,Data/600MHz/sim_001141_1N-HN.out,600.0,14.091966957139045,92.0,1622.2222222222222,0.06333333333333334,1.3571428571428572,5555.0,5e-09,5e-11,0.85,1.02e-10,1.86e-10,-0.00016,0.3839724354387525,22.0,1000000.0,0.005,True,1,3;39;11,40,0,0,
1142,1142,Data/600MHz/sim_001142_1N-HN.out,600.0,14.091966957139045,92.0,1622.2222222222222,0.06333333333333334,1.7142857142857144,5555.0,5e-09,5e-11,0.85,1.02e-10,1.86e-10,-0.00016,0.3839724354387525,22.0,1000000.0,0.005,True,1,21;79;57,40,0,0,
1143,1143,Data/600MHz/sim_001143_1N-HN.out,600.0,14.091966957139045,92.0,1622.2222222222222,0.06333333333333334,2.071428571428571,5555.0,5e-09,5e-11,0.85,1.02e-10,1.86e-10,-0.00016,0.3839724354387525,22.0,1000000.0,0.005,True,1,37;35;3,40,0,0,
1144,1144,Data/600MHz/sim_001144_1N-HN.out,600.0,14.091966957139045,92.0,1622.2222222222222,0.06333333333333334,2.428571428571429,5555.0,5e-09,5e-11,0.85,1.02e-10,1.86e-10,-0.00016,0.3839724354387525,22.0,1000000.0,0.005,True,1,65;13;53,40,0,0,
1145,1145,Data/600MHz/sim_001145_1N-HN.out,600.0,14.091966957139045,92.0,1622.2222222222222,0.06333333333333334,2.7857142857142856,5555.0,5e-09,5e-11,0.85,1.02e-10,1.86e-10,-0.00016,0.3839724354387525,22.0,1000000.0,0.005,True,1,53;19;37,40,0,0,
1146,1146,Data/600MHz/sim_001146_1N-HN.out,600.0,14.091966957139045,92.0,1622.2222222222222,0.06333333333333334,3.142857142857143,5555.0,5e-09,5e-11,0.85,1.02e-10,1.86e-10,-0.00016,0.3839724354387525,22.0,1000000.0,0.005,True,1,37;11;77,40,0,0,
1147,1147,Data/600MHz/sim_001147_1N-HN.out,600.0,14.091966957139045,92.0,1622.2222222222222,0.06333333333333334,3.5,5555.0,5e-09,5e-11,0.85,1.02e-10,1.86e-10,-0.00016,0.3839724354387525,22.0,1000000.0,0.005,True,1,61;31;35,40,0,0,
1148,1148,Data/600MHz/sim_001148_1N-HN.out,600.0,14.091966957139045,92.0,1622.2222222222222,0.06333333333333334,3.857142857142857,5555.0,5e-09,5e-11,0.85,1.02e-10,1.86e-10,-0.00016,0.3839724354387525,22.0,1000000.0,0.005,True,1,33;17;45,40,0,0,
1149,1149,Data/600MHz/sim_001149_1N-HN.out,600.0,14.091966957139045,92.0,1622.2222222222222,0.06333333333333334,4.214285714285714,5555.0,5e-09,5e-11,0.85,1.02e-10,1.86e-10,-0.00016,0.3839724354387525,22.0,1000000.0,0.005,True,1,47;73;61,40,0,0,
1150,1150,Data/600MHz/sim_001150_1N-HN.out,600.0,14.091966957139045,92.0,1622.2222222222222,0.06333333333333334,4.571428571428571,5555.0,5e-09,5e-11,0.85,1.02e-10,1.86e-10,-0.00016,0.3839724354387525,22.0,1000000.0,0.005,True,1,75;65;63,40,0,0,
1151,1151,Data/600MHz/sim_001151_1N-HN.out,600.0,14.091966957139045,92.0,1622.2222222222222,0.06333333333333334,4.928571428571429,5555.0,5e-09,5e-11,0.85,1.02e-10,1.86e-10,-0.00016,0.3839724354387525,22.0,1000000.0,0.005,True,1,25;71;65,40,0,0,
1152,1152,Data/600MHz/sim_001152_1N-HN.out,600.0,14.091966957139045,92.0,1622.2222222222222,0.06333333333333334,5.285714285714286,5555.0,5e-09,5e-11,0.85,1.02e-10,1.86e-10,-0.00016,0.3839724354387525,22.0,1000000.0,0.005,True,1,11;73;53,40,0,0,
1153,1153,Data/600MHz/sim_001153_1N-HN.out,600.0,14.091966957139045,92.0,1622.2222222222222,0.06333333333333334,5.642857142857143,5555.0,5e-09,5e-11,0.85,1.02e-10,1.86e-10,-0.00016,0.3839724354387525,22.0,1000000.0,0.005,True,1,51;37;9,40,0,0,
1154,1154,Data/600MHz/sim_001154_1N-HN.out,600.0,14.091966957139045,92.0,1622.2222222222222,0.06333333333333334,6.0,5555.0,5e-09,5e-11,0.85,1.02e-10,1.86e-10,-0.00016,0.3839724354387525,22.0,1000000.0,0.005,True,1,1;39;73,40,0,0,
1155,1155,Data/600MHz/sim_001155_1N-HN.out,600.0,14.091966957139045,92.0,1622.2222222222222,0.06555555555555556,1.0,5555.0,5e-09,5e-11,0.85,1.02e-10,1.86e-10,-0.00016,0.3839724354387525,22.0,1000000.0,0.005,True,1,77;39;51,40,0,0,
1156,1156,Data/600MHz/sim_001156_1N-HN.out,600.0,14.091966957139045,92.0,1622.2222222222222,0.06555555555555556,1.3571428571428572,5555.0,5e-09,5e-11,0.85,1.02e-10,1.86e-10,-0.00016,0.3839724354387525,22.0,1000000.0,0.005,True,1,19;67;43,40,0,0,
1157,1157,Data/600MHz/sim_001157_1N-HN.out,600.0,14.091966957139045,92.0,1622.2222222222222,0.06555555555555556,1.7142857142857144,5555.0,5e-09,5e-11,0.85,1.02e-10,1.86e-10,-0.00016,0.3839724354387525,22.0,1000000.0,0.005,True,1,53;43;79,40,0,0,
1158,1158,Data/600MHz/sim_001158_1N-HN.out,600.0,14.091966957139045,92.0,1622.2222222222222,0.06555555555555556,2.071428571428571,5555.0,5e-09,5e-11,0.85,1.02e-10,1.86e-10,-0.00016,0.3839724354387525,22.0,1000000.0,0.005,True,1,65;1;25,40,0,0,
1159,1159,Data/600MHz/sim_001159_1N-HN.out,600.0,14.091966957139045,92.0,1622.2222222222222,0.06555555555555556,2.428571428571429,5555.0,5e-09,5e-11,0.85,1.02e-10,1.86e-10,-0.00016,0.3839724354387525,22.0,1000000.0,0.005,True,1,11;77;23,40,0,0,
1160,1160,Data/600MHz/sim_001160_1N-HN.out,600.0,14.091966957139045,92.0,1622.2222222222222,0.06555555555555556,2.7857142857142856,5555.0,5e-09,5e-11,0.85,1.02e-10,1.86e-10,-0.00016,0.3839724354387525,22.0,1000000.0,0.005,True,1,37;3;17,40,0,0,
1161,1161,Data/600MHz/sim_001161_1N-HN.out,600.0,14.091966957139045,92.0,1622.2222222222222,0.06555555555555556,3.142857142857143,5555.0,5e-09,5e-11,0.85,1.02e-10,1.86e-10,-0.00016,0.3839724354387525,22.0,1000000.0,0.005,True,1,49;67;15,40,0,0,
1162,1162,Data/600MHz/sim_001162_1N-HN.out,600.0,14.091966957139045,92.0,1622.2222222222222,0.06555555555555556,3.5,5555.0,5e-09,5e-11,0.85,1.02e-10,1.86e-10,-0.00016,0.3839724354387525,22.0,1000000.0,0.005,True,1,19;53;17,40,0,0,
1163,1163,Data/600MHz/sim_001163_1N-HN.out,600.0,14.091966957139045,92.0,1622.2222222222222,0.06555555555555556,3.857142857142857,5555.0,5e-09,5e-11,0.85,1.02e-10,1.86e-10,-0.00016,0.3839724354387525,22.0,1000000.0,0.005,True,1,37;9;79,40,0,0,
1164,1164,Data/600MHz/sim_001164_1N-HN.out,600.0,14.091966957139045,92.0,1622.2222222222222,0.06555555555555556,4.214285714285714,5555.0,5e-09,5e-11,0.85,1.02e-10,1.86e-10,-0.00016,0.3839724354387525,22.0,1000000.0,0.005,True,1,77;15;55,40,0,0,
1165,1165,Data/600MHz/sim_001165_1N-HN.out,600.0,14.091966957139045,92.0,1622.2222222222222,0.06555555555555556,4.571428571428571,5555.0,5e-09,5e-11,0.85,1.02e-10,1.86e-10,-0.00016,0.3839724354387525,22.0,1000000.0,0.005,True,1,77;59;3,40,0,0,
1166,1166,Data/600MHz/sim_001166_1N-HN.out,600.0,14.091966957139045,92.0,1622.2222222222222,0.06555555555555556,4.928571428571429,5555.0,5e-09,5e-11,0.85,1.02e-10,1.86e-10,-0.00016,0.3839724354387525,22.0,1000000.0,0.005,True,1,29;45;79,40,0,0,
1167,1167,Data/600MHz/sim_001167_1N-HN.out,600.0,14.091966957139045,92.0,1622.2222222222222,0.06555555555555556,5.285714285714286,5555.0,5e-09,5e-11,0.85,1.02e-10,1.86e-10,-0.00016,0.3839724354387525,22.0,1000000.0,0.005,True,1,73;5;1,40,0,0,
1168,1168,Data/600MHz/sim_001168_1N-HN.out,600.0,14.091966957139045,92.0,1622.2222222222222,0.06555555555555556,5.642857142857143,5555.0,5e-09,5e-11,0.85,1.02e-10,1.86e-10,-0.00016,0.3839724354387525,22.0,1000000.0,0.005,True,1,49;31;17,40,0,0,
1169,1169,Data/600MHz/sim_001169_1N-HN.out,600.0,14.091966957139045,92.0,1622.2222222222222,0.06555555555555556,6.0,5555.0,5e-09,5e-11,0.85,1.02e-10,1.86e-10,-0.00016,0.3839724354387525,22.0,1000000.0,0.005,True,1,3;43;31,40,0,0,
1170,1170,Data/600MHz/sim_001170_1N-HN.out,600.0,14.091966957139045,92.0,1622.2222222222222,0.06777777777777778,1.0,5555.0,5e-09,5e-11,0.85,1.02e-10,1.86e-10,-0.00016,0.3839724354387525,22.0,1000000.0,0.005,True,1,37;3;75,40,0,0,
1171,1171,Data/600MHz/sim_001171_1N-HN.out,600.0,14.091966957139045,92.0,1622.2222222222222,0.06777777777777778,1.3571428571428572,5555.0,5e-09,5e-11,0.85,1.02e-10,1.86e-10,-0.00016,0.3839724354387525,22.0,1000000.0,0.005,True,1,67;11;49,40,0,0,
1172,1172,Data/600MHz/sim_001172_1N-HN.out,600.0,14.091966957139045,92.0,1622.2222222222222,0.06777777777777778,1.7142857142857144,5555.0,5e-09,5e-11,0.85,1.02e-10,1.86e-10,-0.00016,0.3839724354387525,22.0,1000000.0,0.005,True,1,69;39;47,40,0,0,
1173,1173,Data/600MHz/sim_001173_1N-HN.out,600.0,14.091966957139045,92.0,1622.2222222222222,0.06777777777777778,2.071428571428571,5555.0,5e-09,5e-11,0.85,1.02e-10,1.86e-10,-0.00016,0.3839724354387525,22.0,1000000.0,0.005,True,1,59;73;17,40,0,0,
1174,1174,Data/600MHz/sim_001174_1N-HN.out,600.0,14.091966957139045,92.0,1622.2222222222222,0.06777777777777778,2.428571428571429,5555.0,5e-09,5e-11,0.85,1.02e-10,1.86e-10,-0.00016,0.3839724354387525,22.0,1000000.0,0.005,True,1,57;49;31,40,0,0,
1175,1175,Data/600MHz/sim_001175_1N-HN.out,600.0,14.091966957139045,92.0,1622.2222222222222,0.06777777777777778,2.7857142857142856,5555.0,5e-09,5e-11,0.85,1.02e-10,1.86e-10,-0.00016,0.3839724354387525,22.0,1000000.0,0.005,True,1,47;27;67,40,0,0,
1176,1176,Data/600MHz/sim_001176_1N-HN.out,600.0,14.091966957139045,92.0,1622.2222222222222,0.06777777777777778,3.142857142857143,5555.0,5e-09,5e-11,0.85,1.02e-10,1.86e-10,-0.00016,0.3839724354387525,22.0,1000000.0,0.005,True,1,43;51;79,40,0,0,
1177,1177,Data/600MHz/sim_001177_1N-HN.out,600.0,14.091966957139045,92.0,1622.2222222222222,0.06777777777777778,3.5,5555.0,5e-09,5e-11,0.85,1.02e-10,1.86e-10,-0.00016,0.3839724354387525,22.0,1000000.0,0.005,True,1,19;27;77,40,0,0,
1178,1178,Data/600MHz/sim_001178_1N-HN.out,600.0,14.091966957139045,92.0,1622.2222222222222,0.06777777777777778,3.857142857142857,5555.0,5e-09,5e-11,0.85,1.02e-10,1.86e-10,-0.00016,0.3839724354387525,22.0,1000000.0,0.005,True,1,37;49;41,40,0,0,
1179,1179,Data/600MHz/sim_001179_1N-HN.out,600.0,14.091966957139045,92.0,1622.2222222222222,0.06777777777777778,4.214285714285714,5555.0,5e-09,5e-11,0.85,1.02e-10,1.86e-10,-0.00016,0.3839724354387525,22.0,1000000.0,0.005,True,1,61;79;49,40,0,0,
1180,1180,Data/600MHz/sim_001180_1N-HN.out,600.0,14.091966957139045,92.0,1622.2222222222222,0.06777777777777778,4.571428571428571,5555.0,5e-09,5e-11,0.85,1.02e-10,1.86e-10,-0.00016,0.3839724354387525,22.0,1000000.0,0.005,True,1,27;77;79,40,0,0,
1181,1181,Data/600MHz/sim_001181_1N-HN.out,600.0,14.091966957139045,92.0,1622.2222222222222,0.06777777777777778,4.928571428571429,5555.0,5e-09,5e-11,0.85,1.02e-10,1.86e-10,-0.00016,0.3839724354387525,22.0,1000000.0,0.005,True,1,73;11;61,40,0,0,
1182,1182,Data/600MHz/sim_001182_1N-HN.out,600.0,14.091966957139045,92.0,1622.2222222222222,0.06777777777777778,5.285714285714286,5555.0,5e-09,5e-11,0.85,1.02e-10,1.86e-10,-0.00016,0.3839724354387525,22.0,1000000.0,0.005,True,1,3;5;49,40,0,0,
1183,1183,Data/600MHz/sim_001183_1N-HN.out,600.0,14.091966957139045,92.0,1622.2222222222222,0.06777777777777778,5.642857142857143,5555.0,5e-09,5e-11,0.85,1.02e-10,1.86e-10,-0.00016,0.3839724354387525,22.0,1000000.0,0.005,True,1,39;33;53,40,0,0,
1184,1184,Data/600MHz/sim_001184_1N-HN.out,600.0,14.091966957139045,92.0,1622.2222222222222,0.06777777777777778,6.0,5555.0,5e-09,5e-11,0.85,1.02e-10,1.86e-10,-0.00016,0.3839724354387525,22.0,1000000.0,0.005,True,1,19;33;23,40,0,0,
1185,1185,Data/600MHz/sim_001185_1N-HN.out,600.0,14.091966957139045,92.0,1622.2222222222222,0.07,1.0,5555.0,5e-09,5e-11,0.85,1.02e-10,1.86e-10,-0.00016,0.3839724354387525,22.0,1000000.0,0.005,True,1,75;21;47,40,0,0,
1186,1186,Data/600MHz/sim_001186_1N-HN.out,600.0,14.091966957139045,92.0,1622.2222222222222,0.07,1.3571428571428572,5555.0,5e-09,5e-11,0.85,1.02e-10,1.86e-10,-0.00016,0.3839724354387525,22.0,1000000.0,0.005,True,1,15;45;13,40,0,0,
1187,1187,Data/600MHz/sim_001187_1N-HN.out,600.0,14.091966957139045,92.0,1622.2222222222222,0.07,1.7142857142857144,5555.0,5e-09,5e-11,0.85,1.02e-10,1.86e-10,-0.00016,0.3839724354387525,22.0,1000000.0,0.005,True,1,13;35;45,40,0,0,
1188,1188,Data/600MHz/sim_001188_1N-HN.out,600.0,14.091966957139045,92.0,1622.2222222222222,0.07,2.071428571428571,5555.0,5e-09,5e-11,0.85,1.02e-10,1.86e-10,-0.00016,0.3839724354387525,22.0,1000000.0,0.005,True,1,1;65;31,40,0,0,
1189,1189,Data/600MHz/sim_001189_1N-HN.out,600.0,14.091966957139045,92.0,1622.2222222222222,0.07,2.428571428571429,5555.0,5e-09,5e-11,0.85,1.02e-10,1.86e-10,-0.00016,0.3839724354387525,22.0,1000000.0,0.005,True,1,15;35;75,40,0,0,
1190,1190,Data/600MHz/sim_001190_1N-HN.out,600.0,14.091966957139045,92.0,1622.2222222222222,0.07,2.7857142857142856,5555.0,5e-09,5e-11,0.85,1.02e-10,1.86e-10,-0.00016,0.3839724354387525,22.0,1000000.0,0.005,True,1,13;67;43,40,0,0,
1191,1191,Data/600MHz/sim_001191_1N-HN.out,600.0,14.091966957139045,92.0,1622.2222222222222,0.07,3.142857142857143,5555.0,5e-09,5e-11,0.85,1.02e-10,1.86e-10,-0.00016,0.3839724354387525,22.0,1000000.0,0.005,True,1,31;79;29,40,0,0,
1192,1192,Data/600MHz/sim_001192_1N-HN.out,600.0,14.091966957139045,92.0,1622.2222222222222,0.07,3.5,5555.0,5e-09,5e-11,0.85,1.02e-10,1.86e-10,-0.00016,0.3839724354387525,22.0,1000000.0,0.005,True,1,71;23;41,40,0,0,
1193,1193,Data/600MHz/sim_001193_1N-HN.out,600.0,14.091966957139045,92.0,1622.2222222222222,0.07,3.857142857142857,5555.0,5e-09,5e-11,0.85,1.02e-10,1.86e-10,-0.00016,0.3839724354387525,22.0,1000000.0,0.005,True,1,63;1;53,40,0,0,
1194,1194,Data/600MHz/sim_001194_1N-HN.out,600.0,14.091966957139045,92.0,1622.2222222222222,0.07,4.214285714285714,5555.0,5e-09,5e-11,0.85,1.02e-10,1.86e-10,-0.00016,0.3839724354387525,22.0,1000000.0,0.005,True,1,63;3;65,40,0,0,
1195,1195,Data/600MHz/sim_001195_1N-HN.out,600.0,14.091966957139045,92.0,1622.2222222222222,0.07,4.571428571428571,5555.0,5e-09,5e-11,0.85,1.02e-10,1.86e-10,-0.00016,0.3839724354387525,22.0,1000000.0,0.005,True,1,33;23;73,40,0,0,
1196,1196,Data/600MHz/sim_001196_1N-HN.out,600.0,14.091966957139045,92.0,1622.2222222222222,0.07,4.928571428571429,5555.0,5e-09,5e-11,0.85,1.02e-10,1.86e-10,-0.00016,0.3839724354387525,22.0,1000000.0,0.005,True,1,57;71;35,40,0,0,
1197,1197,Data/600MHz/sim_001197_1N-HN.out,600.0,14.091966957139045,92.0,1622.2222222222222,0.07,5.285714285714286,5555.0,5e-09,5e-11,0.85,1.02e-10,1.86e-10,-0.00016,0.3839724354387525,22.0,1000000.0,0.005,True,1,59;61;11,40,0,0,
1198,1198,Data/600MHz/sim_001198_1N-HN.out,600.0,14.091966957139045,92.0,1622.2222222222222,0.07,5.642857142857143,5555.0,5e-09,5e-11,0.85,1.02e-10,1.86e-10,-0.00016,0.3839724354387525,22.0,1000000.0,0.005,True,1,13;59;51,40,0,0,
1199,1199,Data/600MHz/sim_001199_1N-HN.out,600.0,14.091966957139045,92.0,1622.2222222222222,0.07,6.0,5555.0,5e-09,5e-11,0.85,1.02e-10,1.86e-10,-0.00016,0.3839724354387525,22.0,1000000.0,0.005,True,1,67;71;27,40,0,0,
1200,1200,Data/600MHz/sim_001200_1N-HN.out,600.0,14.091966957139045,92.0,1811.111111111111,0.05,1.0,5555.0,5e-09,5e-11,0.85,1.02e-10,1.86e-10,-0.00016,0.3839724354387525,22.0,1000000.0,0.005,True,1,39;71;75,40,0,0,
1201,1201,Data/600MHz/sim_001201_1N-HN.out,600.0,14.091966957139045,92.0,1811.111111111111,0.05,1.3571428571428572,5555.0,5e-09,5e-11,0.85,1.02e-10,1.86e-10,-0.00016,0.3839724354387525,22.0,1000000.0,0.005,True,1,75;5;1,40,0,0,
1202,1202,Data/600MHz/sim_001202_1N-HN.out,600.0,14.091966957139045,92.0,1811.111111111111,0.05,1.7142857142857144,5555.0,5e-09,5e-11,0.85,1.02e-10,1.86e-10,-0.00016,0.3839724354387525,22.0,1000000.0,0.005,True,1,77;35;19,40,0,0,
1203,1203,Data/600MHz/sim_001203_1N-HN.out,600.0,14.091966957139045,92.0,1811.111111111111,0.05,2.071428571428571,5555.0,5e-09,5e-11,0.85,1.02e-10,1.86e-10,-0.00016,0.3839724354387525,22.0,1000000.0,0.005,True,1,65;43;17,40,0,0,
1204,1204,Data/600MHz/sim_001204_1N-HN.out,600.0,14.091966957139045,92.0,1811.111111111111,0.05,2.428571428571429,5555.0,5e-09,5e-11,0.85,1.02e-10,1.86e-10,-0.00016,0.3839724354387525,22.0,1000000.0,0.005,True,1,25;29;59,40,0,0,
1205,1205,Data/600MHz/sim_001205_1N-HN.out,600.0,14.091966957139045,92.0,1811.111111111111,0.05,2.7857142857142856,5555.0,5e-09,5e-11,0.85,1.02e-10,1.86e-10,-0.00016,0.3839724354387525,22.0,1000000.0,0.005,True,1,71;35;67,40,0,0,
1206,1206,Data/600MHz/sim_001206_1N-HN.out,600.0,14.091966957139045,92.0,1811.111111111111,0.05,3.142857142857143,5555.0,5e-09,5e-11,0.85,1.02e-10,1.86e-10,-0.00016,0.3839724354387525,22.0,1000000.0,0.005,True,1,3;75;25,40,0,0,
1207,1207,Data/600MHz/sim_001207_1N-HN.out,600.0,14.091966957139045,92.0,1811.111111111111,0.05,3.5,5555.0,5e-09,5e-11,0.85,1.02e-10,1.86e-10,-0.00016,0.3839724354387525,22.0,1000000.0,0.005,True,1,3;9;57,40,0,0,
1208,1208,Data/600MHz/sim_001208_1N-HN.out,600.0,14.091966957139045,92.0,1811.111111111111,0.05,3.857142857142857,5555.0,5e-09,5e-11,0.85,1.02e-10,1.86e-10,-0.00016,0.3839724354387525,22.0,1000000.0,0.005,True,1,75;59;25,40,0,0,
1209,1209,Data/600MHz/sim_001209_1N-HN.out,600.0,14.091966957139045,92.0,1811.111111111111,0.05,4.214285714285714,5555.0,5e-09,5e-11,0.85,1.02e-10,1.86e-10,-0.00016,0.3839724354387525,22.0,1000000.0,0.005,True,1,43;21;77,40,0,0,
1210,1210,Data/600MHz/sim_001210_1N-HN.out,600.0,14.091966957139045,92.0,1811.111111111111,0.05,4.571428571428571,5555.0,5e-09,5e-11,0.85,1.02e-10,1.86e-10,-0.00016,0.3839724354387525,22.0,1000000.0,0.005,True,1,13;43;57,40,0,0,
1211,1211,Data/600MHz/sim_001211_1N-HN.out,600.0,14.091966957139045,92.0,1811.111111111111,0.05,4.928571428571429,5555.0,5e-09,5e-11,0.85,1.02e-10,1.86e-10,-0.00016,0.3839724354387525,22.0,1000000.0,0.005,True,1,73;13;75,40,0,0,
1212,1212,Data/600MHz/sim_001212_1N-HN.out,600.0,14.091966957139045,92.0,1811.111111111111,0.05,5.285714285714286,5555.0,5e-09,5e-11,0.85,1.02e-10,1.86e-10,-0.00016,0.3839724354387525,22.0,1000000.0,0.005,True,1,23;51;67,40,0,0,
1213,1213,Data/600MHz/sim_001213_1N-HN.out,600.0,14.091966957139045,92.0,1811.111111111111,0.05,5.642857142857143,5555.0,5e-09,5e-11,0.85,1.02e-10,1.86e-10,-0.00016,0.3839724354387525,22.0,1000000.0,0.005,True,1,27;65;53,40,0,0,
1214,1214,Data/600MHz/sim_001214_1N-HN.out,600.0,14.091966957139045,92.0,1811.111111111111,0.05,6.0,5555.0,5e-09,5e-11,0.85,1.02e-10,1.86e-10,-0.00016,0.3839724354387525,22.0,1000000.0,0.005,True,1,37;11;49,40,0,0,
1215,1215,Data/600MHz/sim_001215_1N-HN.out,600.0,14.091966957139045,92.0,1811.111111111111,0.052222222222222225,1.0,5555.0,5e-09,5e-11,0.85,1.02e-10,1.86e-10,-0.00016,0.3839724354387525,22.0,1000000.0,0.005,True,1,53;13;5,40,0,0,
1216,1216,Data/600MHz/sim_001216_1N-HN.out,600.0,14.091966957139045,92.0,1811.111111111111,0.052222222222222225,1.3571428571428572,5555.0,5e-09,5e-11,0.85,1.02e-10,1.86e-10,-0.00016,0.3839724354387525,22.0,1000000.0,0.005,True,1,15;67;33,40,0,0,
1217,1217,Data/600MHz/sim_001217_1N-HN.out,600.0,14.091966957139045,92.0,1811.111111111111,0.052222222222222225,1.7142857142857144,5555.0,5e-09,5e-11,0.85,1.02e-10,1.86e-10,-0.00016,0.3839724354387525,22.0,1000000.0,0.005,True,1,75;59;37,40,0,0,
1218,1218,Data/600MHz/sim_001218_1N-HN.out,600.0,14.091966957139045,92.0,1811.111111111111,0.052222222222222225,2.071428571428571,5555.0,5e-09,5e-11,0.85,1.02e-10,1.86e-10,-0.00016,0.3839724354387525,22.0,1000000.0,0.005,True,1,53;5;35,40,0,0,
1219,1219,Data/600MHz/sim_001219_1N-HN.out,600.0,14.091966957139045,92.0,1811.111111111111,0.052222222222222225,2.428571428571429,5555.0,5e-09,5e-11,0.85,1.02e-10,1.86e-10,-0.00016,0.3839724354387525,22.0,1000000.0,0.005,True,1,57;35;39,40,0,0,
1220,1220,Data/600MHz/sim_001220_1N-HN.out,600.0,14.091966957139045,92.0,1811.111111111111,0.052222222222222225,2.7857142857142856,5555.0,5e-09,5e-11,0.85,1.02e-10,1.86e-10,-0.00016,0.3839724354387525,22.0,1000000.0,0.005,True,1,79;7;63,40,0,0,
1221,1221,Data/600MHz/sim_001221_1N-HN.out,600.0,14.091966957139045,92.0,1811.111111111111,0.052222222222222225,3.142857142857143,5555.0,5e-09,5e-11,0.85,1.02e-10,1.86e-10,-0.00016,0.3839724354387525,22.0,1000000.0,0.005,True,1,63;53;1,40,0,0,
1222,1222,Data/600MHz/sim_001222_1N-HN.out,600.0,14.091966957139045,92.0,1811.111111111111,0.052222222222222225,3.5,5555.0,5e-09,5e-11,0.85,1.02e-10,1.86e-10,-0.00016,0.3839724354387525,22.0,1000000.0,0.005,True,1,49;73;21,40,0,0,
1223,1223,Data/600MHz/sim_001223_1N-HN.out,600.0,14.091966957139045,92.0,1811.111111111111,0.052222222222222225,3.857142857142857,5555.0,5e-09,5e-11,0.85,1.02e-10,1.86e-10,-0.00016,0.3839724354387525,22.0,1000000.0,0.005,True,1,79;73;1,40,0,0,
1224,1224,Data/600MHz/sim_001224_1N-HN.out,600.0,14.091966957139045,92.0,1811.111111111111,0.052222222222222225,4.214285714285714,5555.0,5e-09,5e-11,0.85,1.02e-10,1.86e-10,-0.00016,0.3839724354387525,22.0,1000000.0,0.005,True,1,7;65;43,40,0,0,
1225,1225,Data/600MHz/sim_001225_1N-HN.out,600.0,14.091966957139045,92.0,1811.111111111111,0.052222222222222225,4.571428571428571,5555.0,5e-09,5e-11,0.85,1.02e-10,1.86e-10,-0.00016,0.3839724354387525,22.0,1000000.0,0.005,True,1,41;59;77,40,0,0,
1226,1226,Data/600MHz/sim_001226_1N-HN.out,600.0,14.091966957139045,92.0,1811.111111111111,0.052222222222222225,4.928571428571429,5555.0,5e-09,5e-11,0.85,1.02e-10,1.86e-10,-0.00016,0.3839724354387525,22.0,1000000.0,0.005,True,1,57;29;71,40,0,0,
1227,1227,Data/600MHz/sim_001227_1N-HN.out,600.0,14.091966957139045,92.0,1811.111111111111,0.052222222222222225,5.285714285714286,5555.0,5e-09,5e-11,0.85,1.02e-10,1.86e-10,-0.00016,0.3839724354387525,22.0,1000000.0,0.005,True,1,47;71;37,40,0,0,
1228,1228,Data/600MHz/sim_001228_1N-HN.out,600.0,14.091966957139045,92.0,1811.111111111111,0.052222222222222225,5.642857142857143,5555.0,5e-09,5e-11,0.85,1.02e-10,1.86e-10,-0.00016,0.3839724354387525,22.0,1000000.0,0.005,True,1,59;9;27,40,0,0,
1229,1229,Data/600MHz/sim_001229_1N-HN.out,600.0,14.091966957139045,92.0,1811.111111111111,0.052222222222222225,6.0,5555.0,5e-09,5e-11,0.85,1.02e-10,1.86e-10,-0.00016,0.3839724354387525,22.0,1000000.0,0.005,True,1,77;3;75,40,0,0,
1230,1230,Data/600MHz/sim_001230_1N-HN.out,600.0,14.091966957139045,92.0,1811.111111111111,0.05444444444444445,1.0,5555.0,5e-09,5e-11,0.85,1.02e-10,1.86e-10,-0.00016,0.3839724354387525,22.0,1000000.0,0.005,True,1,27;35;79,40,0,0,
1231,1231,Data/600MHz/sim_001231_1N-HN.out,600.0,14.091966957139045,92.0,1811.111111111111,0.05444444444444445,1.3571428571428572,5555.0,5e-09,5e-11,0.85,1.02e-10,1.86e-10,-0.00016,0.3839724354387525,22.0,1000000.0,0.005,True,1,59;65;29,40,0,0,
1232,1232,Data/600MHz/sim_001232_1N-HN.out,600.0,14.091966957139045,92.0,1811.111111111111,0.05444444444444445,1.7142857142857144,5555.0,5e-09,5e-11,0.85,1.02e-10,1.86e-10,-0.00016,0.3839724354387525,22.0,1000000.0,0.005,True,1,1;67;25,40,0,0,
1233,1233,Data/600MHz/sim_001233_1N-HN.out,600.0,14.091966957139045,92.0,1811.111111111111,0.05444444444444445,2.071428571428571,5555.0,5e-09,5e-11,0.85,1.02e-10,1.86e-10,-0.00016,0.3839724354387525,22.0,1000000.0,0.005,True,1,41;19;17,40,0,0,
1234,1234,Data/600MHz/sim_001234_1N-HN.out,600.0,14.091966957139045,92.0,1811.111111111111,0.05444444444444445,2.428571428571429,5555.0,5e-09,5e-11,0.85,1.02e-10,1.86e-10,-0.00016,0.3839724354387525,22.0,1000000.0,0.005,True,1,47;31;79,40,0,0,
1235,1235,Data/600MHz/sim_001235_1N-HN.out,600.0,14.091966957139045,92.0,1811.111111111111,0.05444444444444445,2.7857142857142856,5555.0,5e-09,5e-11,0.85,1.02e-10,1.86e-10,-0.00016,0.3839724354387525,22.0,1000000.0,0.005,True,1,57;29;67,40,0,0,
1236,1236,Data/600MHz/sim_001236_1N-HN.out,600.0,14.091966957139045,92.0,1811.111111111111,0.05444444444444445,3.142857142857143,5555.0,5e-09,5e-11,0.85,1.02e-10,1.86e-10,-0.00016,0.3839724354387525,22.0,1000000.0,0.005,True,1,15;7;3,40,0,0,
1237,1237,Data/600MHz/sim_001237_1N-HN.out,600.0,14.091966957139045,92.0,1811.111111111111,0.05444444444444445,3.5,5555.0,5e-09,5e-11,0.85,1.02e-10,1.86e-10,-0.00016,0.3839724354387525,22.0,1000000.0,0.005,True,1,67;23;17,40,0,0,
1238,1238,Data/600MHz/sim_001238_1N-HN.out,600.0,14.091966957139045,92.0,1811.111111111111,0.05444444444444445,3.857142857142857,5555.0,5e-09,5e-11,0.85,1.02e-10,1.86e-10,-0.00016,0.3839724354387525,22.0,1000000.0,0.005,True,1,55;37;45,40,0,0,
1239,1239,Data/600MHz/sim_001239_1N-HN.out,600.0,14.091966957139045,92.0,1811.111111111111,0.05444444444444445,4.214285714285714,5555.0,5e-09,5e-11,0.85,1.02e-10,1.86e-10,-0.00016,0.3839724354387525,22.0,1000000.0,0.005,True,1,9;43;51,40,0,0,
1240,1240,Data/600MHz/sim_001240_1N-HN.out,600.0,14.091966957139045,92.0,1811.111111111111,0.05444444444444445,4.571428571428571,5555.0,5e-09,5e-11,0.85,1.02e-10,1.86e-10,-0.00016,0.3839724354387525,22.0,1000000.0,0.005,True,1,29;37;1,40,0,0,
1241,1241,Data/600MHz/sim_001241_1N-HN.out,600.0,14.091966957139045,92.0,1811.111111111111,0.05444444444444445,4.928571428571429,5555.0,5e-09,5e-11,0.85,1.02e-10,1.86e-10,-0.00016,0.3839724354387525,22.0,1000000.0,0.005,True,1,59;31;23,40,0,0,
1242,1242,Data/600MHz/sim_001242_1N-HN.out,600.0,14.091966957139045,92.0,1811.111111111111,0.05444444444444445,5.285714285714286,5555.0,5e-09,5e-11,0.85,1.02e-10,1.86e-10,-0.00016,0.3839724354387525,22.0,1000000.0,0.005,True,1,45;49;67,40,0,0,
1243,1243,Data/600MHz/sim_001243_1N-HN.out,600.0,14.091966957139045,92.0,1811.111111111111,0.05444444444444445,5.642857142857143,5555.0,5e-09,5e-11,0.85,1.02e-10,1.86e-10,-0.00016,0.3839724354387525,22.0,1000000.0,0.005,True,1,11;61;41,40,0,0,
1244,1244,Data/600MHz/sim_001244_1N-HN.out,600.0,14.091966957139045,92.0,1811.111111111111,0.05444444444444445,6.0,5555.0,5e-09,5e-11,0.85,1.02e-10,1.86e-10,-0.00016,0.3839724354387525,22.0,1000000.0,0.005,True,1,7;25;9,40,0,0,
1245,1245,Data/600MHz/sim_001245_1N-HN.out,600.0,14.091966957139045,92.0,1811.111111111111,0.05666666666666667,1.0,5555.0,5e-09,5e-11,0.85,1.02e-10,1.86e-10,-0.00016,0.3839724354387525,22.0,1000000.0,0.005,True,1,73;67;35,40,0,0,
1246,1246,Data/600MHz/sim_001246_1N-HN.out,600.0,14.091966957139045,92.0,1811.111111111111,0.05666666666666667,1.3571428571428572,5555.0,5e-09,5e-11,0.85,1.02e-10,1.86e-10,-0.00016,0.3839724354387525,22.0,1000000.0,0.005,True,1,35;19;39,40,0,0,
1247,1247,Data/600MHz/sim_001247_1N-HN.out,600.0,14.091966957139045,92.0,1811.111111111111,0.05666666666666667,1.7142857142857144,5555.0,5e-09,5e-11,0.85,1.02e-10,1.86e-10,-0.00016,0.3839724354387525,22.0,1000000.0,0.005,True,1,57;37;69,40,0,0,
1248,1248,Data/600MHz/sim_001248_1N-HN.out,600.0,14.091966957139045,92.0,1811.111111111111,0.05666666666666667,2.071428571428571,5555.0,5e-09,5e-11,0.85,1.02e-10,1.86e-10,-0.00016,0.3839724354387525,22.0,1000000.0,0.005,True,1,73;63;41,40,0,0,
1249,1249,Data/600MHz/sim_001249_1N-HN.out,600.0,14.091966957139045,92.0,1811.111111111111,0.05666666666666667,2.428571428571429,5555.0,5e-09,5e-11,0.85,1.02e-10,1.86e-10,-0.00016,0.3839724354387525,22.0,1000000.0,0.005,True,1,27;55;51,40,0,0,
1250,1250,Data/600MHz/sim_001250_1N-HN.out,600.0,14.091966957139045,92.0,1811.111111111111,0.05666666666666667,2.7857142857142856,5555.0,5e-09,5e-11,0.85,1.02e-10,1.86e-10,-0.00016,0.3839724354387525,22.0,1000000.0,0.005,True,1,15;25;3,40,0,0,
1251,1251,Data/600MHz/sim_001251_1N-HN.out,600.0,14.091966957139045,92.0,1811.111111111111,0.05666666666666667,3.142857142857143,5555.0,5e-09,5e-11,0.85,1.02e-10,1.86e-10,-0.00016,0.3839724354387525,22.0,1000000.0,0.005,True,1,27;79;29,40,0,0,
1252,1252,Data/600MHz/sim_001252_1N-HN.out,600.0,14.091966957139045,92.0,1811.111111111111,0.05666666666666667,3.5,5555.0,5e-09,5e-11,0.85,1.02e-10,1.86e-10,-0.00016,0.3839724354387525,22.0,1000000.0,0.005,True,1,23;5;11,40,0,0,
1253,1253,Data/600MHz/sim_001253_1N-HN.out,600.0,14.091966957139045,92.0,1811.111111111111,0.05666666666666667,3.857142857142857,5555.0,5e-09,5e-11,0.85,1.02e-10,1.86e-10,-0.00016,0.3839724354387525,22.0,1000000.0,0.005,True,1,31;25;37,40,0,0,
1254,1254,Data/600MHz/sim_001254_1N-HN.out,600.0,14.091966957139045,92.0,1811.111111111111,0.05666666666666667,4.214285714285714,5555.0,5e-09,5e-11,0.85,1.02e-10,1.86e-10,-0.00016,0.3839724354387525,22.0,1000000.0,0.005,True,1,19;1;35,40,0,0,
1255,1255,Data/600MHz/sim_001255_1N-HN.out,600.0,14.091966957139045,92.0,1811.111111111111,0.05666666666666667,4.571428571428571,5555.0,5e-09,5e-11,0.85,1.02e-10,1.86e-10,-0.00016,0.3839724354387525,22.0,1000000.0,0.005,True,1,1;43;25,40,0,0,
1256,1256,Data/600MHz/sim_001256_1N-HN.out,600.0,14.091966957139045,92.0,1811.111111111111,0.05666666666666667,4.928571428571429,5555.0,5e-09,5e-11,0.85,1.02e-10,1.86e-10,-0.00016,0.3839724354387525,22.0,1000000.0,0.005,True,1,53;23;65,40,0,0,
1257,1257,Data/600MHz/sim_001257_1N-HN.out,600.0,14.091966957139045,92.0,1811.111111111111,0.05666666666666667,5.285714285714286,5555.0,5e-09,5e-11,0.85,1.02e-10,1.86e-10,-0.00016,0.3839724354387525,22.0,1000000.0,0.005,True,1,39;5;65,40,0,0,
1258,1258,Data/600MHz/sim_001258_1N-HN.out,600.0,14.091966957139045,92.0,1811.111111111111,0.05666666666666667,5.642857142857143,5555.0,5e-09,5e-11,0.85,1.02e-10,1.86e-10,-0.00016,0.3839724354387525,22.0,1000000.0,0.005,True,1,3;57;51,40,0,0,
1259,1259,Data/600MHz/sim_001259_1N-HN.out,600.0,14.091966957139045,92.0,1811.111111111111,0.05666666666666667,6.0,5555.0,5e-09,5e-11,0.85,1.02e-10,1.86e-10,-0.00016,0.3839724354387525,22.0,1000000.0,0.005,True,1,59;3;17,40,0,0,
1260,1260,Data/600MHz/sim_001260_1N-HN.out,600.0,14.091966957139045,92.0,1811.111111111111,0.05888888888888889,1.0,5555.0,5e-09,5e-11,0.85,1.02e-10,1.86e-10,-0.00016,0.3839724354387525,22.0,1000000.0,0.005,True,1,55;35;1,40,0,0,
1261,1261,Data/600MHz/sim_001261_1N-HN.out,600.0,14.091966957139045,92.0,1811.111111111111,0.05888888888888889,1.3571428571428572,5555.0,5e-09,5e-11,0.85,1.02e-10,1.86e-10,-0.00016,0.3839724354387525,22.0,1000000.0,0.005,True,1,33;45;19,40,0,0,
1262,1262,Data/600MHz/sim_001262_1N-HN.out,600.0,14.091966957139045,92.0,1811.111111111111,0.05888888888888889,1.7142857142857144,5555.0,5e-09,5e-11,0.85,1.02e-10,1.86e-10,-0.00016,0.3839724354387525,22.0,1000000.0,0.005,True,1,45;33;13,40,0,0,
1263,1263,Data/600MHz/sim_001263_1N-HN.out,600.0,14.091966957139045,92.0,1811.111111111111,0.05888888888888889,2.071428571428571,5555.0,5e-09,5e-11,0.85,1.02e-10,1.86e-10,-0.00016,0.3839724354387525,22.0,1000000.0,0.005,True,1,55;73;75,40,0,0,
1264,1264,Data/600MHz/sim_001264_1N-HN.out,600.0,14.091966957139045,92.0,1811.111111111111,0.05888888888888889,2.428571428571429,5555.0,5e-09,5e-11,0.85,1.02e-10,1.86e-10,-0.00016,0.3839724354387525,22.0,1000000.0,0.005,True,1,23;53;11,40,0,0,
1265,1265,Data/600MHz/sim_001265_1N-HN.out,600.0,14.091966957139045,92.0,1811.111111111111,0.05888888888888889,2.7857142857142856,5555.0,5e-09,5e-11,0.85,1.02e-10,1.86e-10,-0.00016,0.3839724354387525,22.0,1000000.0,0.005,True,1,73;3;79,40,0,0,
1266,1266,Data/600MHz/sim_001266_1N-HN.out,600.0,14.091966957139045,92.0,1811.111111111111,0.05888888888888889,3.142857142857143,5555.0,5e-09,5e-11,0.85,1.02e-10,1.86e-10,-0.00016,0.3839724354387525,22.0,1000000.0,0.005,True,1,9;3;41,40,0,0,
1267,1267,Data/600MHz/sim_001267_1N-HN.out,600.0,14.091966957139045,92.0,1811.111111111111,0.05888888888888889,3.5,5555.0,5e-09,5e-11,0.85,1.02e-10,1.86e-10,-0.00016,0.3839724354387525,22.0,1000000.0,0.005,True,1,35;27;29,40,0,0,
1268,1268,Data/600MHz/sim_001268_1N-HN.out,600.0,14.091966957139045,92.0,1811.111111111111,0.05888888888888889,3.857142857142857,5555.0,5e-09,5e-11,0.85,1.02e-10,1.86e-10,-0.00016,0.3839724354387525,22.0,1000000.0,0.005,True,1,7;49;9,40,0,0,
1269,1269,Data/600MHz/sim_001269_1N-HN.out,600.0,14.091966957139045,92.0,1811.111111111111,0.05888888888888889,4.214285714285714,5555.0,5e-09,5e-11,0.85,1.02e-10,1.86e-10,-0.00016,0.3839724354387525,22.0,1000000.0,0.005,True,1,65;63;51,40,0,0,
1270,1270,Data/600MHz/sim_001270_1N-HN.out,600.0,14.091966957139045,92.0,1811.111111111111,0.05888888888888889,4.571428571428571,5555.0,5e-09,5e-11,0.85,1.02e-10,1.86e-10,-0.00016,0.3839724354387525,22.0,1000000.0,0.005,True,1,27;3;79,40,0,0,
1271,1271,Data/600MHz/sim_001271_1N-HN.out,600.0,14.091966957139045,92.0,1811.111111111111,0.05888888888888889,4.928571428571429,5555.0,5e-09,5e-11,0.85,1.02e-10,1.86e-10,-0.00016,0.3839724354387525,22.0,1000000.0,0.005,True,1,57;15;7,40,0,0,
1272,1272,Data/600MHz/sim_001272_1N-HN.out,600.0,14.091966957139045,92.0,1811.111111111111,0.05888888888888889,5.285714285714286,5555.0,5e-09,5e-11,0.85,1.02e-10,1.86e-10,-0.00016,0.3839724354387525,22.0,1000000.0,0.005,True,1,25;27;15,40,0,0,
1273,1273,Data/600MHz/sim_001273_1N-HN.out,600.0,14.091966957139045,92.0,1811.111111111111,0.05888888888888889,5.642857142857143,5555.0,5e-09,5e-11,0.85,1.02e-10,1.86e-10,-0.00016,0.3839724354387525,22.0,1000000.0,0.005,True,1,61;55;69,40,0,0,
1274,1274,Data/600MHz/sim_001274_1N-HN.out,600.0,14.091966957139045,92.0,1811.111111111111,0.05888888888888889,6.0,5555.0,5e-09,5e-11,0.85,1.02e-10,1.86e-10,-0.00016,0.3839724354387525,22.0,1000000.0,0.005,True,1,77;7;53,40,0,0,
1275,1275,Data/600MHz/sim_001275_1N-HN.out,600.0,14.091966957139045,92.0,1811.111111111111,0.061111111111111116,1.0,5555.0,5e-09,5e-11,0.85,1.02e-10,1.86e-10,-0.00016,0.3839724354387525,22.0,1000000.0,0.005,True,1,71;77;1,40,0,0,
1276,1276,Data/600MHz/sim_001276_1N-HN.out,600.0,14.091966957139045,92.0,1811.111111111111,0.061111111111111116,1.3571428571428572,5555.0,5e-09,5e-11,0.85,1.02e-10,1.86e-10,-0.00016,0.3839724354387525,22.0,1000000.0,0.005,True,1,43;73;27,40,0,0,
1277,1277,Data/600MHz/sim_001277_1N-HN.out,600.0,14.091966957139045,92.0,1811.111111111111,0.061111111111111116,1.7142857142857144,5555.0,5e-09,5e-11,0.85,1.02e-10,1.86e-10,-0.00016,0.3839724354387525,22.0,1000000.0,0.005,True,1,39;49;25,40,0,0,
1278,1278,Data/600MHz/sim_001278_1N-HN.out,600.0,14.091966957139045,92.0,1811.111111111111,0.061111111111111116,2.071428571428571,5555.0,5e-09,5e-11,0.85,1.02e-10,1.86e-10,-0.00016,0.3839724354387525,22.0,1000000.0,0.005,True,1,55;5;27,40,0,0,
1279,1279,Data/600MHz/sim_001279_1N-HN.out,600.0,14.091966957139045,92.0,1811.111111111111,0.061111111111111116,2.428571428571429,5555.0,5e-09,5e-11,0.85,1.02e-10,1.86e-10,-0.00016,0.3839724354387525,22.0,1000000.0,0.005,True,1,33;49;7,40,0,0,
1280,1280,Data/600MHz/sim_001280_1N-HN.out,600.0,14.091966957139045,92.0,1811.111111111111,0.061111111111111116,2.7857142857142856,5555.0,5e-09,5e-11,0.85,1.02e-10,1.86e-10,-0.00016,0.3839724354387525,22.0,1000000.0,0.005,True,1,17;61;65,40,0,0,
1281,1281,Data/600MHz/sim_001281_1N-HN.out,600.0,14.091966957139045,92.0,1811.111111111111,0.061111111111111116,3.142857142857143,5555.0,5e-09,5e-11,0.85,1.02e-10,1.86e-10,-0.00016,0.3839724354387525,22.0,1000000.0,0.005,True,1,65;47;37,40,0,0,
1282,1282,Data/600MHz/sim_001282_1N-HN.out,600.0,14.091966957139045,92.0,1811.111111111111,0.061111111111111116,3.5,5555.0,5e-09,5e-11,0.85,1.02e-10,1.86e-10,-0.00016,0.3839724354387525,22.0,1000000.0,0.005,True,1,27;75;39,40,0,0,
1283,1283,Data/600MHz/sim_001283_1N-HN.out,600.0,14.091966957139045,92.0,1811.111111111111,0.061111111111111116,3.857142857142857,5555.0,5e-09,5e-11,0.85,1.02e-10,1.86e-10,-0.00016,0.3839724354387525,22.0,1000000.0,0.005,True,1,21;31;29,40,0,0,
1284,1284,Data/600MHz/sim_001284_1N-HN.out,600.0,14.091966957139045,92.0,1811.111111111111,0.061111111111111116,4.214285714285714,5555.0,5e-09,5e-11,0.85,1.02e-10,1.86e-10,-0.00016,0.3839724354387525,22.0,1000000.0,0.005,True,1,77;5;41,40,0,0,
1285,1285,Data/600MHz/sim_001285_1N-HN.out,600.0,14.091966957139045,92.0,1811.111111111111,0.061111111111111116,4.571428571428571,5555.0,5e-09,5e-11,0.85,1.02e-10,1.86e-10,-0.00016,0.3839724354387525,22.0,1000000.0,0.005,True,1,27;59;3,40,0,0,
1286,1286,Data/600MHz/sim_001286_1N-HN.out,600.0,14.091966957139045,92.0,1811.111111111111,0.061111111111111116,4.928571428571429,5555.0,5e-09,5e-11,0.85,1.02e-10,1.86e-10,-0.00016,0.3839724354387525,22.0,1000000.0,0.005,True,1,53;57;23,40,0,0,
1287,1287,Data/600MHz/sim_001287_1N-HN.out,600.0,14.091966957139045,92.0,1811.111111111111,0.061111111111111116,5.285714285714286,5555.0,5e-09,5e-11,0.85,1.02e-10,1.86e-10,-0.00016,0.3839724354387525,22.0,1000000.0,0.005,True,1,27;65;25,40,0,0,
1288,1288,Data/600MHz/sim_001288_1N-HN.out,600.0,14.091966957139045,92.0,1811.111111111111,0.061111111111111116,5.642857142857143,5555.0,5e-09,5e-11,0.85,1.02e-10,1.86e-10,-0.00016,0.3839724354387525,22.0,1000000.0,0.005,True,1,57;39;65,40,0,0,
1289,1289,Data/600MHz/sim_001289_1N-HN.out,600.0,14.091966957139045,92.0,1811.111111111111,0.061111111111111116,6.0,5555.0,5e-09,5e-11,0.85,1.02e-10,1.86e-10,-0.00016,0.3839724354387525,22.0,1000000.0,0.005,True,1,17;71;59,40,0,0,
1290,1290,Data/600MHz/sim_001290_1N-HN.out,600.0,14.091966957139045,92.0,1811.111111111111,0.06333333333333334,1.0,5555.0,5e-09,5e-11,0.85,1.02e-10,1.86e-10,-0.00016,0.3839724354387525,22.0,1000000.0,0.005,True,1,27;21;61,40,0,0,
1291,1291,Data/600MHz/sim_001291_1N-HN.out,600.0,14.091966957139045,92.0,1811.111111111111,0.06333333333333334,1.3571428571428572,5555.0,5e-09,5e-11,0.85,1.02e-10,1.86e-10,-0.00016,0.3839724354387525,22.0,1000000.0,0.005,True,1,45;39;17,40,0,0,
1292,1292,Data/600MHz/sim_001292_1N-HN.out,600.0,14.091966957139045,92.0,1811.111111111111,0.06333333333333334,1.7142857142857144,5555.0,5e-09,5e-11,0.85,1.02e-10,1.86e-10,-0.00016,0.3839724354387525,22.0,1000000.0,0.005,True,1,5;55;9,40,0,0,
1293,1293,Data/600MHz/sim_001293_1N-HN.out,600.0,14.091966957139045,92.0,1811.111111111111,0.06333333333333334,2.071428571428571,5555.0,5e-09,5e-11,0.85,1.02e-10,1.86e-10,-0.00016,0.3839724354387525,22.0,1000000.0,0.005,True,1,27;17;47,40,0,0,
1294,1294,Data/600MHz/sim_001294_1N-HN.out,600.0,14.091966957139045,92.0,1811.111111111111,0.06333333333333334,2.428571428571429,5555.0,5e-09,5e-11,0.85,1.02e-10,1.86e-10,-0.00016,0.3839724354387525,22.0,1000000.0,0.005,True,1,67;5;69,40,0,0,
1295,1295,Data/600MHz/sim_001295_1N-HN.out,600.0,14.091966957139045,92.0,1811.111111111111,0.06333333333333334,2.7857142857142856,5555.0,5e-09,5e-11,0.85,1.02e-10,1.86e-10,-0.00016,0.3839724354387525,22.0,1000000.0,0.005,True,1,3;7;23,40,0,0,
1296,1296,Data/600MHz/sim_001296_1N-HN.out,600.0,14.091966957139045,92.0,1811.111111111111,0.06333333333333334,3.142857142857143,5555.0,5e-09,5e-11,0.85,1.02e-10,1.86e-10,-0.00016,0.3839724354387525,22.0,1000000.0,0.005,True,1,17;57;69,40,0,0,
1297,1297,Data/600MHz/sim_001297_1N-HN.out,600.0,14.091966957139045,92.0,1811.111111111111,0.06333333333333334,3.5,5555.0,5e-09,5e-11,0.85,1.02e-10,1.86e-10,-0.00016,0.3839724354387525,22.0,1000000.0,0.005,True,1,33;23;31,40,0,0,
1298,1298,Data/600MHz/sim_001298_1N-HN.out,600.0,14.091966957139045,92.0,1811.111111111111,0.06333333333333334,3.857142857142857,5555.0,5e-09,5e-11,0.85,1.02e-10,1.86e-10,-0.00016,0.3839724354387525,22.0,1000000.0,0.005,True,1,49;29;63,40,0,0,
1299,1299,Data/600MHz/sim_001299_1N-HN.out,600.0,14.091966957139045,92.0,1811.111111111111,0.06333333333333334,4.214285714285714,5555.0,5e-09,5e-11,0.85,1.02e-10,1.86e-10,-0.00016,0.3839724354387525,22.0,1000000.0,0.005,True,1,3;23;61,40,0,0,
1300,1300,Data/600MHz/sim_001300_1N-HN.out,600.0,14.091966957139045,92.0,1811.111111111111,0.06333333333333334,4.571428571428571,5555.0,5e-09,5e-11,0.85,1.02e-10,1.86e-10,-0.00016,0.3839724354387525,22.0,1000000.0,0.005,True,1,65;37;47,40,0,0,
1301,1301,Data/600MHz/sim_001301_1N-HN.out,600.0,14.091966957139045,92.0,1811.111111111111,0.06333333333333334,4.928571428571429,5555.0,5e-09,5e-11,0.85,1.02e-10,1.86e-10,-0.00016,0.3839724354387525,22.0,1000000.0,0.005,True,1,29;57;21,40,0,0,
1302,1302,Data/600MHz/sim_001302_1N-HN.out,600.0,14.091966957139045,92.0,1811.111111111111,0.06333333333333334,5.285714285714286,5555.0,5e-09,5e-11,0.85,1.02e-10,1.86e-10,-0.00016,0.3839724354387525,22.0,1000000.0,0.005,True,1,67;13;43,40,0,0,
1303,1303,Data/600MHz/sim_001303_1N-HN.out,600.0,14.091966957139045,92.0,1811.111111111111,0.06333333333333334,5.642857142857143,5555.0,5e-09,5e-11,0.85,1.02e-10,1.86e-10,-0.00016,0.3839724354387525,22.0,1000000.0,0.005,True,1,35;45;3,40,0,0,
1304,1304,Data/600MHz/sim_001304_1N-HN.out,600.0,14.091966957139045,92.0,1811.111111111111,0.06333333333333334,6.0,5555.0,5e-09,5e-11,0.85,1.02e-10,1.86e-10,-0.00016,0.3839724354387525,22.0,1000000.0,0.005,True,1,73;71;61,40,0,0,
1305,1305,Data/600MHz/sim_001305_1N-HN.out,600.0,14.091966957139045,92.0,1811.111111111111,0.06555555555555556,1.0,5555.0,5e-09,5e-11,0.85,1.02e-10,1.86e-10,-0.00016,0.3839724354387525,22.0,1000000.0,0.005,True,1,67;17;73,40,0,0,
1306,1306,Data/600MHz/sim_001306_1N-HN.out,600.0,14.091966957139045,92.0,1811.111111111111,0.06555555555555556,1.3571428571428572,5555.0,5e-09,5e-11,0.85,1.02e-10,1.86e-10,-0.00016,0.3839724354387525,22.0,1000000.0,0.005,True,1,7;1;33,40,0,0,
1307,1307,Data/600MHz/sim_001307_1N-HN.out,600.0,14.091966957139045,92.0,1811.111111111111,0.06555555555555556,1.7142857142857144,5555.0,5e-09,5e-11,0.85,1.02e-10,1.86e-10,-0.00016,0.3839724354387525,22.0,1000000.0,0.005,True,1,15;3;5,40,0,0,
1308,1308,Data/600MHz/sim_001308_1N-HN.out,600.0,14.091966957139045,92.0,1811.111111111111,0.06555555555555556,2.071428571428571,5555.0,5e-09,5e-11,0.85,1.02e-10,1.86e-10,-0.00016,0.3839724354387525,22.0,1000000.0,0.005,True,1,11;49;15,40,0,0,
1309,1309,Data/600MHz/sim_001309_1N-HN.out,600.0,14.091966957139045,92.0,1811.111111111111,0.06555555555555556,2.428571428571429,5555.0,5e-09,5e-11,0.85,1.02e-10,1.86e-10,-0.00016,0.3839724354387525,22.0,1000000.0,0.005,True,1,19;21;59,40,0,0,
1310,1310,Data/600MHz/sim_001310_1N-HN.out,600.0,14.091966957139045,92.0,1811.111111111111,0.06555555555555556,2.7857142857142856,5555.0,5e-09,5e-11,0.85,1.02e-10,1.86e-10,-0.00016,0.3839724354387525,22.0,1000000.0,0.005,True,1,43;59;75,40,0,0,
1311,1311,Data/600MHz/sim_001311_1N-HN.out,600.0,14.091966957139045,92.0,1811.111111111111,0.06555555555555556,3.142857142857143,5555.0,5e-09,5e-11,0.85,1.02e-10,1.86e-10,-0.00016,0.3839724354387525,22.0,1000000.0,0.005,True,1,61;71;55,40,0,0,
1312,1312,Data/600MHz/sim_001312_1N-HN.out,600.0,14.091966957139045,92.0,1811.111111111111,0.06555555555555556,3.5,5555.0,5e-09,5e-11,0.85,1.02e-10,1.86e-10,-0.00016,0.3839724354387525,22.0,1000000.0,0.005,True,1,9;23;53,40,0,0,
1313,1313,Data/600MHz/sim_001313_1N-HN.out,600.0,14.091966957139045,92.0,1811.111111111111,0.06555555555555556,3.857142857142857,5555.0,5e-09,5e-11,0.85,1.02e-10,1.86e-10,-0.00016,0.3839724354387525,22.0,1000000.0,0.005,True,1,21;73;1,40,0,0,
1314,1314,Data/600MHz/sim_001314_1N-HN.out,600.0,14.091966957139045,92.0,1811.111111111111,0.06555555555555556,4.214285714285714,5555.0,5e-09,5e-11,0.85,1.02e-10,1.86e-10,-0.00016,0.3839724354387525,22.0,1000000.0,0.005,True,1,67;65;77,40,0,0,
1315,1315,Data/600MHz/sim_001315_1N-HN.out,600.0,14.091966957139045,92.0,1811.111111111111,0.06555555555555556,4.571428571428571,5555.0,5e-09,5e-11,0.85,1.02e-10,1.86e-10,-0.00016,0.3839724354387525,22.0,1000000.0,0.005,True,1,17;13;67,40,0,0,
1316,1316,Data/600MHz/sim_001316_1N-HN.out,600.0,14.091966957139045,92.0,1811.111111111111,0.06555555555555556,4.928571428571429,5555.0,5e-09,5e-11,0.85,1.02e-10,1.86e-10,-0.00016,0.3839724354387525,22.0,1000000.0,0.005,True,1,61;9;35,40,0,0,
1317,1317,Data/600MHz/sim_001317_1N-HN.out,600.0,14.091966957139045,92.0,1811.111111111111,0.06555555555555556,5.285714285714286,5555.0,5e-09,5e-11,0.85,1.02e-10,1.86e-10,-0.00016,0.3839724354387525,22.0,1000000.0,0.005,True,1,71;51;3,40,0,0,
1318,1318,Data/600MHz/sim_001318_1N-HN.out,600.0,14.091966957139045,92.0,1811.111111111111,0.06555555555555556,5.642857142857143,5555.0,5e-09,5e-11,0.85,1.02e-10,1.86e-10,-0.00016,0.3839724354387525,22.0,1000000.0,0.005,True,1,53;11;63,40,0,0,
1319,1319,Data/600MHz/sim_001319_1N-HN.out,600.0,14.091966957139045,92.0,1811.111111111111,0.06555555555555556,6.0,5555.0,5e-09,5e-11,0.85,1.02e-10,1.86e-10,-0.00016,0.3839724354387525,22.0,1000000.0,0.005,True,1,65;17;79,40,0,0,
1320,1320,Data/600MHz/sim_001320_1N-HN.out,600.0,14.091966957139045,92.0,1811.111111111111,0.06777777777777778,1.0,5555.0,5e-09,5e-11,0.85,1.02e-10,1.86e-10,-0.00016,0.3839724354387525,22.0,1000000.0,0.005,True,1,29;57;35,40,0,0,
1321,1321,Data/600MHz/sim_001321_1N-HN.out,600.0,14.091966957139045,92.0,1811.111111111111,0.06777777777777778,1.3571428571428572,5555.0,5e-09,5e-11,0.85,1.02e-10,1.86e-10,-0.00016,0.3839724354387525,22.0,1000000.0,0.005,True,1,15;45;29,40,0,0,
1322,1322,Data/600MHz/sim_001322_1N-HN.out,600.0,14.091966957139045,92.0,1811.111111111111,0.06777777777777778,1.7142857142857144,5555.0,5e-09,5e-11,0.85,1.02e-10,1.86e-10,-0.00016,0.3839724354387525,22.0,1000000.0,0.005,True,1,41;55;75,40,0,0,
1323,1323,Data/600MHz/sim_001323_1N-HN.out,600.0,14.091966957139045,92.0,1811.111111111111,0.06777777777777778,2.071428571428571,5555.0,5e-09,5e-11,0.85,1.02e-10,1.86e-10,-0.00016,0.3839724354387525,22.0,1000000.0,0.005,True,1,51;13;69,40,0,0,
1324,1324,Data/600MHz/sim_001324_1N-HN.out,600.0,14.091966957139045,92.0,1811.111111111111,0.06777777777777778,2.428571428571429,5555.0,5e-09,5e-11,0.85,1.02e-10,1.86e-10,-0.00016,0.3839724354387525,22.0,1000000.0,0.005,True,1,49;31;17,40,0,0,
1325,1325,Data/600MHz/sim_001325_1N-HN.out,600.0,14.091966957139045,92.0,1811.111111111111,0.06777777777777778,2.7857142857142856,5555.0,5e-09,5e-11,0.85,1.02e-10,1.86e-10,-0.00016,0.3839724354387525,22.0,1000000.0,0.005,True,1,47;25;11,40,0,0,
1326,1326,Data/600MHz/sim_001326_1N-HN.out,600.0,14.091966957139045,92.0,1811.111111111111,0.06777777777777778,3.142857142857143,5555.0,5e-09,5e-11,0.85,1.02e-10,1.86e-10,-0.00016,0.3839724354387525,22.0,1000000.0,0.005,True,1,79;17;13,40,0,0,
1327,1327,Data/600MHz/sim_001327_1N-HN.out,600.0,14.091966957139045,92.0,1811.111111111111,0.06777777777777778,3.5,5555.0,5e-09,5e-11,0.85,1.02e-10,1.86e-10,-0.00016,0.3839724354387525,22.0,1000000.0,0.005,True,1,59;49;25,40,0,0,
1328,1328,Data/600MHz/sim_001328_1N-HN.out,600.0,14.091966957139045,92.0,1811.111111111111,0.06777777777777778,3.857142857142857,5555.0,5e-09,5e-11,0.85,1.02e-10,1.86e-10,-0.00016,0.3839724354387525,22.0,1000000.0,0.005,True,1,11;53;29,40,0,0,
1329,1329,Data/600MHz/sim_001329_1N-HN.out,600.0,14.091966957139045,92.0,1811.111111111111,0.06777777777777778,4.214285714285714,5555.0,5e-09,5e-11,0.85,1.02e-10,1.86e-10,-0.00016,0.3839724354387525,22.0,1000000.0,0.005,True,1,53;69;65,40,0,0,
1330,1330,Data/600MHz/sim_001330_1N-HN.out,600.0,14.091966957139045,92.0,1811.111111111111,0.06777777777777778,4.571428571428571,5555.0,5e-09,5e-11,0.85,1.02e-10,1.86e-10,-0.00016,0.3839724354387525,22.0,1000000.0,0.005,True,1,71;73;75,40,0,0,
1331,1331,Data/600MHz/sim_001331_1N-HN.out,600.0,14.091966957139045,92.0,1811.111111111111,0.06777777777777778,4.928571428571429,5555.0,5e-09,5e-11,0.85,1.02e-10,1.86e-10,-0.00016,0.3839724354387525,22.0,1000000.0,0.005,True,1,49;7;69,40,0,0,
1332,1332,Data/600MHz/sim_001332_1N-HN.out,600.0,14.091966957139045,92.0,1811.111111111111,0.06777777777777778,5.285714285714286,5555.0,5e-09,5e-11,0.85,1.02e-10,1.86e-10,-0.00016,0.3839724354387525,22.0,1000000.0,0.005,True,1,59;73;31,40,0,0,
1333,1333,Data/600MHz/sim_001333_1N-HN.out,600.0,14.091966957139045,92.0,1811.111111111111,0.06777777777777778,5.642857142857143,5555.0,5e-09,5e-11,0.85,1.02e-10,1.86e-10,-0.00016,0.3839724354387525,22.0,1000000.0,0.005,True,1,17;25;9,40,0,0,
1334,1334,Data/600MHz/sim_001334_1N-HN.out,600.0,14.091966957139045,92.0,1811.111111111111,0.06777777777777778,6.0,5555.0,5e-09,5e-11,0.85,1.02e-10,1.86e-10,-0.00016,0.3839724354387525,22.0,1000000.0,0.005,True,1,49;47;9,40,0,0,
1335,1335,Data/600MHz/sim_001335_1N-HN.out,600.0,14.091966957139045,92.0,1811.111111111111,0.07,1.0,5555.0,5e-09,5e-11,0.85,1.02e-10,1.86e-10,-0.00016,0.3839724354387525,22.0,1000000.0,0.005,True,1,9;57;77,40,0,0,
1336,1336,Data/600MHz/sim_001336_1N-HN.out,600.0,14.091966957139045,92.0,1811.111111111111,0.07,1.3571428571428572,5555.0,5e-09,5e-11,0.85,1.02e-10,1.86e-10,-0.00016,0.3839724354387525,22.0,1000000.0,0.005,True,1,7;63;43,40,0,0,
1337,1337,Data/600MHz/sim_001337_1N-HN.out,600.0,14.091966957139045,92.0,1811.111111111111,0.07,1.7142857142857144,5555.0,5e-09,5e-11,0.85,1.02e-10,1.86e-10,-0.00016,0.3839724354387525,22.0,1000000.0,0.005,True,1,67;53;75,40,0,0,
1338,1338,Data/600MHz/sim_001338_1N-HN.out,600.0,14.091966957139045,92.0,1811.111111111111,0.07,2.071428571428571,5555.0,5e-09,5e-11,0.85,1.02e-10,1.86e-10,-0.00016,0.3839724354387525,22.0,1000000.0,0.005,True,1,11;1;39,40,0,0,
1339,1339,Data/600MHz/sim_001339_1N-HN.out,600.0,14.091966957139045,92.0,1811.111111111111,0.07,2.428571428571429,5555.0,5e-09,5e-11,0.85,1.02e-10,1.86e-10,-0.00016,0.3839724354387525,22.0,1000000.0,0.005,True,1,55;75;67,40,0,0,
1340,1340,Data/600MHz/sim_001340_1N-HN.out,600.0,14.091966957139045,92.0,1811.111111111111,0.07,2.7857142857142856,5555.0,5e-09,5e-11,0.85,1.02e-10,1.86e-10,-0.00016,0.3839724354387525,22.0,1000000.0,0.005,True,1,7;63;17,40,0,0,
1341,1341,Data/600MHz/sim_001341_1N-HN.out,600.0,14.091966957139045,92.0,1811.111111111111,0.07,3.142857142857143,5555.0,5e-09,5e-11,0.85,1.02e-10,1.86e-10,-0.00016,0.3839724354387525,22.0,1000000.0,0.005,True,1,71;77;23,40,0,0,
1342,1342,Data/600MHz/sim_001342_1N-HN.out,600.0,14.091966957139045,92.0,1811.111111111111,0.07,3.5,5555.0,5e-09,5e-11,0.85,1.02e-10,1.86e-10,-0.00016,0.3839724354387525,22.0,1000000.0,0.005,True,1,31;29;61,40,0,0,
1343,1343,Data/600MHz/sim_001343_1N-HN.out,600.0,14.091966957139045,92.0,1811.111111111111,0.07,3.857142857142857,5555.0,5e-09,5e-11,0.85,1.02e-10,1.86e-10,-0.00016,0.3839724354387525,22.0,1000000.0,0.005,True,1,15;73;75,40,0,0,
1344,1344,Data/600MHz/sim_001344_1N-HN.out,600.0,14.091966957139045,92.0,1811.111111111111,0.07,4.214285714285714,5555.0,5e-09,5e-11,0.85,1.02e-10,1.86e-10,-0.00016,0.3839724354387525,22.0,1000000.0,0.005,True,1,27;5;37,40,0,0,
1345,1345,Data/600MHz/sim_001345_1N-HN.out,600.0,14.091966957139045,92.0,1811.111111111111,0.07,4.571428571428571,5555.0,5e-09,5e-11,0.85,1.02e-10,1.86e-10,-0.00016,0.3839724354387525,22.0,1000000.0,0.005,True,1,77;37;69,40,0,0,
1346,1346,Data/600MHz/sim_001346_1N-HN.out,600.0,14.091966957139045,92.0,1811.111111111111,0.07,4.928571428571429,5555.0,5e-09,5e-11,0.85,1.02e-10,1.86e-10,-0.00016,0.3839724354387525,22.0,1000000.0,0.005,True,1,21;61;51,40,0,0,
1347,1347,Data/600MHz/sim_001347_1N-HN.out,600.0,14.091966957139045,92.0,1811.111111111111,0.07,5.285714285714286,5555.0,5e-09,5e-11,0.85,1.02e-10,1.86e-10,-0.00016,0.3839724354387525,22.0,1000000.0,0.005,True,1,43;35;57,40,0,0,
1348,1348,Data/600MHz/sim_001348_1N-HN.out,600.0,14.091966957139045,92.0,1811.111111111111,0.07,5.642857142857143,5555.0,5e-09,5e-11,0.85,1.02e-10,1.86e-10,-0.00016,0.3839724354387525,22.0,1000000.0,0.005,True,1,75;29;65,40,0,0,
1349,1349,Data/600MHz/sim_001349_1N-HN.out,600.0,14.091966957139045,92.0,1811.111111111111,0.07,6.0,5555.0,5e-09,5e-11,0.85,1.02e-10,1.86e-10,-0.00016,0.3839724354387525,22.0,1000000.0,0.005,True,1,39;51;17,40,0,0,
1350,1350,Data/600MHz/sim_001350_1N-HN.out,600.0,14.091966957139045,92.0,2000.0,0.05,1.0,5555.0,5e-09,5e-11,0.85,1.02e-10,1.86e-10,-0.00016,0.3839724354387525,22.0,1000000.0,0.005,True,1,27;1;41,40,0,0,
1351,1351,Data/600MHz/sim_001351_1N-HN.out,600.0,14.091966957139045,92.0,2000.0,0.05,1.3571428571428572,5555.0,5e-09,5e-11,0.85,1.02e-10,1.86e-10,-0.00016,0.3839724354387525,22.0,1000000.0,0.005,True,1,67;55;53,40,0,0,
1352,1352,Data/600MHz/sim_001352_1N-HN.out,600.0,14.091966957139045,92.0,2000.0,0.05,1.7142857142857144,5555.0,5e-09,5e-11,0.85,1.02e-10,1.86e-10,-0.00016,0.3839724354387525,22.0,1000000.0,0.005,True,1,43;25;11,40,0,0,
1353,1353,Data/600MHz/sim_001353_1N-HN.out,600.0,14.091966957139045,92.0,2000.0,0.05,2.071428571428571,5555.0,5e-09,5e-11,0.85,1.02e-10,1.86e-10,-0.00016,0.3839724354387525,22.0,1000000.0,0.005,True,1,69;27;25,40,0,0,
1354,1354,Data/600MHz/sim_001354_1N-HN.out,600.0,14.091966957139045,92.0,2000.0,0.05,2.428571428571429,5555.0,5e-09,5e-11,0.85,1.02e-10,1.86e-10,-0.00016,0.3839724354387525,22.0,1000000.0,0.005,True,1,51;73;55,40,0,0,
1355,1355,Data/600MHz/sim_001355_1N-HN.out,600.0,14.091966957139045,92.0,2000.0,0.05,2.7857142857142856,5555.0,5e-09,5e-11,0.85,1.02e-10,1.86e-10,-0.00016,0.3839724354387525,22.0,1000000.0,0.005,True,1,69;51;65,40,0,0,
1356,1356,Data/600MHz/sim_001356_1N-HN.out,600.0,14.091966957139045,92.0,2000.0,0.05,3.142857142857143,5555.0,5e-09,5e-11,0.85,1.02e-10,1.86e-10,-0.00016,0.3839724354387525,22.0,1000000.0,0.005,True,1,71;7;51,40,0,0,
1357,1357,Data/600MHz/sim_001357_1N-HN.out,600.0,14.091966957139045,92.0,2000.0,0.05,3.5,5555.0,5e-09,5e-11,0.85,1.02e-10,1.86e-10,-0.00016,0.3839724354387525,22.0,1000000.0,0.005,True,1,11;43;33,40,0,0,
1358,1358,Data/600MHz/sim_001358_1N-HN.out,600.0,14.091966957139045,92.0,2000.0,0.05,3.857142857142857,5555.0,5e-09,5e-11,0.85,1.02e-10,1.86e-10,-0.00016,0.3839724354387525,22.0,1000000.0,0.005,True,1,41;15;45,40,0,0,
1359,1359,Data/600MHz/sim_001359_1N-HN.out,600.0,14.091966957139045,92.0,2000.0,0.05,4.214285714285714,5555.0,5e-09,5e-11,0.85,1.02e-10,1.86e-10,-0.00016,0.3839724354387525,22.0,1000000.0,0.005,True,1,49;19;57,40,0,0,
1360,1360,Data/600MHz/sim_001360_1N-HN.out,600.0,14.091966957139045,92.0,2000.0,0.05,4.571428571428571,5555.0,5e-09,5e-11,0.85,1.02e-10,1.86e-10,-0.00016,0.3839724354387525,22.0,1000000.0,0.005,True,1,71;47;25,40,0,0,
1361,1361,Data/600MHz/sim_001361_1N-HN.out,600.0,14.091966957139045,92.0,2000.0,0.05,4.928571428571429,5555.0,5e-09,5e-11,0.85,1.02e-10,1.86e-10,-0.00016,0.3839724354387525,22.0,1000000.0,0.005,True,1,75;51;31,40,0,0,
1362,1362,Data/600MHz/sim_001362_1N-HN.out,600.0,14.091966957139045,92.0,2000.0,0.05,5.285714285714286,5555.0,5e-09,5e-11,0.85,1.02e-10,1.86e-10,-0.00016,0.3839724354387525,22.0,1000000.0,0.005,True,1,41;37;29,40,0,0,
1363,1363,Data/600MHz/sim_001363_1N-HN.out,600.0,14.091966957139045,92.0,2000.0,0.05,5.642857142857143,5555.0,5e-09,5e-11,0.85,1.02e-10,1.86e-10,-0.00016,0.3839724354387525,22.0,1000000.0,0.005,True,1,43;73;7,40,0,0,
1364,1364,Data/600MHz/sim_001364_1N-HN.out,600.0,14.091966957139045,92.0,2000.0,0.05,6.0,5555.0,5e-09,5e-11,0.85,1.02e-10,1.86e-10,-0.00016,0.3839724354387525,22.0,1000000.0,0.005,True,1,9;43;51,40,0,0,
1365,1365,Data/600MHz/sim_001365_1N-HN.out,600.0,14.091966957139045,92.0,2000.0,0.052222222222222225,1.0,5555.0,5e-09,5e-11,0.85,1.02e-10,1.86e-10,-0.00016,0.3839724354387525,22.0,1000000.0,0.005,True,1,5;45;25,40,0,0,
1366,1366,Data/600MHz/sim_001366_1N-HN.out,600.0,14.091966957139045,92.0,2000.0,0.052222222222222225,1.3571428571428572,5555.0,5e-09,5e-11,0.85,1.02e-10,1.86e-10,-0.00016,0.3839724354387525,22.0,1000000.0,0.005,True,1,49;27;9,40,0,0,
1367,1367,Data/600MHz/sim_001367_1N-HN.out,600.0,14.091966957139045,92.0,2000.0,0.052222222222222225,1.7142857142857144,5555.0,5e-09,5e-11,0.85,1.02e-10,1.86e-10,-0.00016,0.3839724354387525,22.0,1000000.0,0.005,True,1,65;15;21,40,0,0,
1368,1368,Data/600MHz/sim_001368_1N-HN.out,600.0,14.091966957139045,92.0,2000.0,0.052222222222222225,2.071428571428571,5555.0,5e-09,5e-11,0.85,1.02e-10,1.86e-10,-0.00016,0.3839724354387525,22.0,1000000.0,0.005,True,1,17;11;33,40,0,0,
1369,1369,Data/600MHz/sim_001369_1N-HN.out,600.0,14.091966957139045,92.0,2000.0,0.052222222222222225,2.428571428571429,5555.0,5e-09,5e-11,0.85,1.02e-10,1.86e-10,-0.00016,0.3839724354387525,22.0,1000000.0,0.005,True,1,53;61;39,40,0,0,
1370,1370,Data/600MHz/sim_001370_1N-HN.out,600.0,14.091966957139045,92.0,2000.0,0.052222222222222225,2.7857142857142856,5555.0,5e-09,5e-11,0.85,1.02e-10,1.86e-10,-0.00016,0.3839724354387525,22.0,1000000.0,0.005,True,1,31;75;77,40,0,0,
1371,1371,Data/600MHz/sim_001371_1N-HN.out,600.0,14.091966957139045,92.0,2000.0,0.052222222222222225,3.142857142857143,5555.0,5e-09,5e-11,0.85,1.02e-10,1.86e-10,-0.00016,0.3839724354387525,22.0,1000000.0,0.005,True,1,37;43;25,40,0,0,
1372,1372,Data/600MHz/sim_001372_1N-HN.out,600.0,14.091966957139045,92.0,2000.0,0.052222222222222225,3.5,5555.0,5e-09,5e-11,0.85,1.02e-10,1.86e-10,-0.00016,0.3839724354387525,22.0,1000000.0,0.005,True,1,17;7;35,40,0,0,
1373,1373,Data/600MHz/sim_001373_1N-HN.out,600.0,14.091966957139045,92.0,2000.0,0.052222222222222225,3.857142857142857,5555.0,5e-09,5e-11,0.85,1.02e-10,1.86e-10,-0.00016,0.3839724354387525,22.0,1000000.0,0.005,True,1,79;75;77,40,0,0,
1374,1374,Data/600MHz/sim_001374_1N-HN.out,600.0,14.091966957139045,92.0,2000.0,0.052222222222222225,4.214285714285714,5555.0,5e-09,5e-11,0.85,1.02e-10,1.86e-10,-0.00016,0.3839724354387525,22.0,1000000.0,0.005,True,1,65;13;79,40,0,0,
1375,1375,Data/600MHz/sim_001375_1N-HN.out,600.0,14.091966957139045,92.0,2000.0,0.052222222222222225,4.571428571428571,5555.0,5e-09,5e-11,0.85,1.02e-10,1.86e-10,-0.00016,0.3839724354387525,22.0,1000000.0,0.005,True,1,53;71;9,40,0,0,
1376,1376,Data/600MHz/sim_001376_1N-HN.out,600.0,14.091966957139045,92.0,2000.0,0.052222222222222225,4.928571428571429,5555.0,5e-09,5e-11,0.85,1.02e-10,1.86e-10,-0.00016,0.3839724354387525,22.0,1000000.0,0.005,True,1,75;21;3,40,0,0,
1377,1377,Data/600MHz/sim_001377_1N-HN.out,600.0,14.091966957139045,92.0,2000.0,0.052222222222222225,5.285714285714286,5555.0,5e-09,5e-11,0.85,1.02e-10,1.86e-10,-0.00016,0.3839724354387525,22.0,1000000.0,0.005,True,1,31;37;21,40,0,0,
1378,1378,Data/600MHz/sim_001378_1N-HN.out,600.0,14.091966957139045,92.0,2000.0,0.052222222222222225,5.642857142857143,5555.0,5e-09,5e-11,0.85,1.02e-10,1.86e-10,-0.00016,0.3839724354387525,22.0,1000000.0,0.005,True,1,3;9;63,40,0,0,
1379,1379,Data/600MHz/sim_001379_1N-HN.out,600.0,14.091966957139045,92.0,2000.0,0.052222222222222225,6.0,5555.0,5e-09,5e-11,0.85,1.02e-10,1.86e-10,-0.00016,0.3839724354387525,22.0,1000000.0,0.005,True,1,9;71;73,40,0,0,
1380,1380,Data/600MHz/sim_001380_1N-HN.out,600.0,14.091966957139045,92.0,2000.0,0.05444444444444445,1.0,5555.0,5e-09,5e-11,0.85,1.02e-10,1.86e-10,-0.00016,0.3839724354387525,22.0,1000000.0,0.005,True,1,59;1;33,40,0,0,
1381,1381,Data/600MHz/sim_001381_1N-HN.out,600.0,14.091966957139045,92.0,2000.0,0.05444444444444445,1.3571428571428572,5555.0,5e-09,5e-11,0.85,1.02e-10,1.86e-10,-0.00016,0.3839724354387525,22.0,1000000.0,0.005,True,1,29;5;27,40,0,0,
1382,1382,Data/600MHz/sim_001382_1N-HN.out,600.0,14.091966957139045,92.0,2000.0,0.05444444444444445,1.7142857142857144,5555.0,5e-09,5e-11,0.85,1.02e-10,1.86e-10,-0.00016,0.3839724354387525,22.0,1000000.0,0.005,True,1,61;31;73,40,0,0,
1383,1383,Data/600MHz/sim_001383_1N-HN.out,600.0,14.091966957139045,92.0,2000.0,0.05444444444444445,2.071428571428571,5555.0,5e-09,5e-11,0.85,1.02e-10,1.86e-10,-0.00016,0.3839724354387525,22.0,1000000.0,0.005,True,1,13;23;1,40,0,0,
1384,1384,Data/600MHz/sim_001384_1N-HN.out,600.0,14.091966957139045,92.0,2000.0,0.05444444444444445,2.428571428571429,5555.0,5e-09,5e-11,0.85,1.02e-10,1.86e-10,-0.00016,0.3839724354387525,22.0,1000000.0,0.005,True,1,3;25;19,40,0,0,
1385,1385,Data/600MHz/sim_001385_1N-HN.out,600.0,14.091966957139045,92.0,2000.0,0.05444444444444445,2.7857142857142856,5555.0,5e-09,5e-11,0.85,1.02e-10,1.86e-10,-0.00016,0.3839724354387525,22.0,1000000.0,0.005,True,1,21;11;59,40,0,0,
1386,1386,Data/600MHz/sim_001386_1N-HN.out,600.0,14.091966957139045,92.0,2000.0,0.05444444444444445,3.142857142857143,5555.0,5e-09,5e-11,0.85,1.02e-10,1.86e-10,-0.00016,0.3839724354387525,22.0,1000000.0,0.005,True,1,57;69;63,40,0,0,
1387,1387,Data/600MHz/sim_001387_1N-HN.out,600.0,14.091966957139045,92.0,2000.0,0.05444444444444445,3.5,5555.0,5e-09,5e-11,0.85,1.02e-10,1.86e-10,-0.00016,0.3839724354387525,22.0,1000000.0,0.005,True,1,23;59;47,40,0,0,
1388,1388,Data/600MHz/sim_001388_1N-HN.out,600.0,14.091966957139045,92.0,2000.0,0.05444444444444445,3.857142857142857,5555.0,5e-09,5e-11,0.85,1.02e-10,1.86e-10,-0.00016,0.3839724354387525,22.0,1000000.0,0.005,True,1,3;71;39,40,0,0,
1389,1389,Data/600MHz/sim_001389_1N-HN.out,600.0,14.091966957139045,92.0,2000.0,0.05444444444444445,4.214285714285714,5555.0,5e-09,5e-11,0.85,1.02e-10,1.86e-10,-0.00016,0.3839724354387525,22.0,1000000.0,0.005,True,1,47;25;69,40,0,0,
1390,1390,Data/600MHz/sim_001390_1N-HN.out,600.0,14.091966957139045,92.0,2000.0,0.05444444444444445,4.571428571428571,5555.0,5e-09,5e-11,0.85,1.02e-10,1.86e-10,-0.00016,0.3839724354387525,22.0,1000000.0,0.005,True,1,57;1;3,40,0,0,
1391,1391,Data/600MHz/sim_001391_1N-HN.out,600.0,14.091966957139045,92.0,2000.0,0.05444444444444445,4.928571428571429,5555.0,5e-09,5e-11,0.85,1.02e-10,1.86e-10,-0.00016,0.3839724354387525,22.0,1000000.0,0.005,True,1,57;45;3,40,0,0,
1392,1392,Data/600MHz/sim_001392_1N-HN.out,600.0,14.091966957139045,92.0,2000.0,0.05444444444444445,5.285714285714286,5555.0,5e-09,5e-11,0.85,1.02e-10,1.86e-10,-0.00016,0.3839724354387525,22.0,1000000.0,0.005,True,1,35;7;5,40,0,0,
1393,1393,Data/600MHz/sim_001393_1N-HN.out,600.0,14.091966957139045,92.0,2000.0,0.05444444444444445,5.642857142857143,5555.0,5e-09,5e-11,0.85,1.02e-10,1.86e-10,-0.00016,0.3839724354387525,22.0,1000000.0,0.005,True,1,47;5;21,40,0,0,
1394,1394,Data/600MHz/sim_001394_1N-HN.out,600.0,14.091966957139045,92.0,2000.0,0.05444444444444445,6.0,5555.0,5e-09,5e-11,0.85,1.02e-10,1.86e-10,-0.00016,0.3839724354387525,22.0,1000000.0,0.005,True,1,9;67;39,40,0,0,
1395,1395,Data/600MHz/sim_001395_1N-HN.out,600.0,14.091966957139045,92.0,2000.0,0.05666666666666667,1.0,5555.0,5e-09,5e-11,0.85,1.02e-10,1.86e-10,-0.00016,0.3839724354387525,22.0,1000000.0,0.005,True,1,31;35;41,40,0,0,
1396,1396,Data/600MHz/sim_001396_1N-HN.out,600.0,14.091966957139045,92.0,2000.0,0.05666666666666667,1.3571428571428572,5555.0,5e-09,5e-11,0.85,1.02e-10,1.86e-10,-0.00016,0.3839724354387525,22.0,1000000.0,0.005,True,1,27;79;25,40,0,0,
1397,1397,Data/600MHz/sim_001397_1N-HN.out,600.0,14.091966957139045,92.0,2000.0,0.05666666666666667,1.7142857142857144,5555.0,5e-09,5e-11,0.85,1.02e-10,1.86e-10,-0.00016,0.3839724354387525,22.0,1000000.0,0.005,True,1,1;59;53,40,0,0,
1398,1398,Data/600MHz/sim_001398_1N-HN.out,600.0,14.091966957139045,92.0,2000.0,0.05666666666666667,2.071428571428571,5555.0,5e-09,5e-11,0.85,1.02e-10,1.86e-10,-0.00016,0.3839724354387525,22.0,1000000.0,0.005,True,1,55;61;63,40,0,0,
1399,1399,Data/600MHz/sim_001399_1N-HN.out,600.0,14.091966957139045,92.0,2000.0,0.05666666666666667,2.428571428571429,5555.0,5e-09,5e-11,0.85,1.02e-10,1.86e-10,-0.00016,0.3839724354387525,22.0,1000000.0,0.005,True,1,13;15;45,40,0,0,
1400,1400,Data/600MHz/sim_001400_1N-HN.out,600.0,14.091966957139045,92.0,2000.0,0.05666666666666667,2.7857142857142856,5555.0,5e-09,5e-11,0.85,1.02e-10,1.86e-10,-0.00016,0.3839724354387525,22.0,1000000.0,0.005,True,1,23;51;55,40,0,0,
1401,1401,Data/600MHz/sim_001401_1N-HN.out,600.0,14.091966957139045,92.0,2000.0,0.05666666666666667,3.142857142857143,5555.0,5e-09,5e-11,0.85,1.02e-10,1.86e-10,-0.00016,0.3839724354387525,22.0,1000000.0,0.005,True,1,71;3;77,40,0,0,
1402,1402,Data/600MHz/sim_001402_1N-HN.out,600.0,14.091966957139045,92.0,2000.0,0.05666666666666667,3.5,5555.0,5e-09,5e-11,0.85,1.02e-10,1.86e-10,-0.00016,0.3839724354387525,22.0,1000000.0,0.005,True,1,11;7;9,40,0,0,
1403,1403,Data/600MHz/sim_001403_1N-HN.out,600.0,14.091966957139045,92.0,2000.0,0.05666666666666667,3.857142857142857,5555.0,5e-09,5e-11,0.85,1.02e-10,1.86e-10,-0.00016,0.3839724354387525,22.0,1000000.0,0.005,True,1,23;37;43,40,0,0,
1404,1404,Data/600MHz/sim_001404_1N-HN.out,600.0,14.091966957139045,92.0,2000.0,0.05666666666666667,4.214285714285714,5555.0,5e-09,5e-11,0.85,1.02e-10,1.86e-10,-0.00016,0.3839724354387525,22.0,1000000.0,0.005,True,1,63;39;5,40,0,0,
1405,1405,Data/600MHz/sim_001405_1N-HN.out,600.0,14.091966957139045,92.0,2000.0,0.05666666666666667,4.571428571428571,5555.0,5e-09,5e-11,0.85,1.02e-10,1.86e-10,-0.00016,0.3839724354387525,22.0,1000000.0,0.005,True,1,73;77;15,40,0,0,
1406,1406,Data/600MHz/sim_001406_1N-HN.out,600.0,14.091966957139045,92.0,2000.0,0.05666666666666667,4.928571428571429,5555.0,5e-09,5e-11,0.85,1.02e-10,1.86e-10,-0.00016,0.3839724354387525,22.0,1000000.0,0.005,True,1,73;47;23,40,0,0,
1407,1407,Data/600MHz/sim_001407_1N-HN.out,600.0,14.091966957139045,92.0,2000.0,0.05666666666666667,5.285714285714286,5555.0,5e-09,5e-11,0.85,1.02e-10,1.86e-10,-0.00016,0.3839724354387525,22.0,1000000.0,0.005,True,1,63;31;29,40,0,0,
1408,1408,Data/600MHz/sim_001408_1N-HN.out,600.0,14.091966957139045,92.0,2000.0,0.05666666666666667,5.642857142857143,5555.0,5e-09,5e-11,0.85,1.02e-10,1.86e-10,-0.00016,0.3839724354387525,22.0,1000000.0,0.005,True,1,39;43;69,40,0,0,
1409,1409,Data/600MHz/sim_001409_1N-HN.out,600.0,14.091966957139045,92.0,2000.0,0.05666666666666667,6.0,5555.0,5e-09,5e-11,0.85,1.02e-10,1.86e-10,-0.00016,0.3839724354387525,22.0,1000000.0,0.005,True,1,21;75;11,40,0,0,
1410,1410,Data/600MHz/sim_001410_1N-HN.out,600.0,14.091966957139045,92.0,2000.0,0.05888888888888889,1.0,5555.0,5e-09,5e-11,0.85,1.02e-10,1.86e-10,-0.00016,0.3839724354387525,22.0,1000000.0,0.005,True,1,13;7;19,40,0,0,
1411,1411,Data/600MHz/sim_001411_1N-HN.out,600.0,14.091966957139045,92.0,2000.0,0.05888888888888889,1.3571428571428572,5555.0,5e-09,5e-11,0.85,1.02e-10,1.86e-10,-0.00016,0.3839724354387525,22.0,1000000.0,0.005,True,1,59;39;25,40,0,0,
1412,1412,Data/600MHz/sim_001412_1N-HN.out,600.0,14.091966957139045,92.0,2000.0,0.05888888888888889,1.7142857142857144,5555.0,5e-09,5e-11,0.85,1.02e-10,1.86e-10,-0.00016,0.3839724354387525,22.0,1000000.0,0.005,True,1,9;47;33,40,0,0,
1413,1413,Data/600MHz/sim_001413_1N-HN.out,600.0,14.091966957139045,92.0,2000.0,0.05888888888888889,2.071428571428571,5555.0,5e-09,5e-11,0.85,1.02e-10,1.86e-10,-0.00016,0.3839724354387525,22.0,1000000.0,0.005,True,1,43;19;25,40,0,0,
1414,1414,Data/600MHz/sim_001414_1N-HN.out,600.0,14.091966957139045,92.0,2000.0,0.05888888888888889,2.428571428571429,5555.0,5e-09,5e-11,0.85,1.02e-10,1.86e-10,-0.00016,0.3839724354387525,22.0,1000000.0,0.005,True,1,37;51;63,40,0,0,
1415,1415,Data/600MHz/sim_001415_1N-HN.out,600.0,14.091966957139045,92.0,2000.0,0.05888888888888889,2.7857142857142856,5555.0,5e-09,5e-11,0.85,1.02e-10,1.86e-10,-0.00016,0.3839724354387525,22.0,1000000.0,0.005,True,1,25;49;9,40,0,0,
1416,1416,Data/600MHz/sim_001416_1N-HN.out,600.0,14.091966957139045,92.0,2000.0,0.05888888888888889,3.142857142857143,5555.0,5e-09,5e-11,0.85,1.02e-10,1.86e-10,-0.00016,0.3839724354387525,22.0,1000000.0,0.005,True,1,79;15;41,40,0,0,
1417,1417,Data/600MHz/sim_001417_1N-HN.out,600.0,14.091966957139045,92.0,2000.0,0.05888888888888889,3.5,5555.0,5e-09,5e-11,0.85,1.02e-10,1.86e-10,-0.00016,0.3839724354387525,22.0,1000000.0,0.005,True,1,77;73;13,40,0,0,
1418,1418,Data/600MHz/sim_001418_1N-HN.out,600.0,14.091966957139045,92.0,2000.0,0.05888888888888889,3.857142857142857,5555.0,5e-09,5e-11,0.85,1.02e-10,1.86e-10,-0.00016,0.3839724354387525,22.0,1000000.0,0.005,True,1,37;79;7,40,0,0,
1419,1419,Data/600MHz/sim_001419_1N-HN.out,600.0,14.091966957139045,92.0,2000.0,0.05888888888888889,4.214285714285714,5555.0,5e-09,5e-11,0.85,1.02e-10,1.86e-10,-0.00016,0.3839724354387525,22.0,1000000.0,0.005,True,1,11;61;37,40,0,0,
1420,1420,Data/600MHz/sim_001420_1N-HN.out,600.0,14.091966957139045,92.0,2000.0,0.05888888888888889,4.571428571428571,5555.0,5e-09,5e-11,0.85,1.02e-10,1.86e-10,-0.00016,0.3839724354387525,22.0,1000000.0,0.005,True,1,33;41;61,40,0,0,
1421,1421,Data/600MHz/sim_001421_1N-HN.out,600.0,14.091966957139045,92.0,2000.0,0.05888888888888889,4.928571428571429,5555.0,5e-09,5e-11,0.85,1.02e-10,1.86e-10,-0.00016,0.3839724354387525,22.0,1000000.0,0.005,True,1,71;3;11,40,0,0,
1422,1422,Data/600MHz/sim_001422_1N-HN.out,600.0,14.091966957139045,92.0,2000.0,0.05888888888888889,5.285714285714286,5555.0,5e-09,5e-11,0.85,1.02e-10,1.86e-10,-0.00016,0.3839724354387525,22.0,1000000.0,0.005,True,1,41;25;65,40,0,0,
1423,1423,Data/600MHz/sim_001423_1N-HN.out,600.0,14.091966957139045,92.0,2000.0,0.05888888888888889,5.642857142857143,5555.0,5e-09,5e-11,0.85,1.02e-10,1.86e-10,-0.00016,0.3839724354387525,22.0,1000000.0,0.005,True,1,55;49;15,40,0,0,
1424,1424,Data/600MHz/sim_001424_1N-HN.out,600.0,14.091966957139045,92.0,2000.0,0.05888888888888889,6.0,5555.0,5e-09,5e-11,0.85,1.02e-10,1.86e-10,-0.00016,0.3839724354387525,22.0,1000000.0,0.005,True,1,7;25;1,40,0,0,
1425,1425,Data/600MHz/sim_001425_1N-HN.out,600.0,14.091966957139045,92.0,2000.0,0.061111111111111116,1.0,5555.0,5e-09,5e-11,0.85,1.02e-10,1.86e-10,-0.00016,0.3839724354387525,22.0,1000000.0,0.005,True,1,43;63;35,40,0,0,
1426,1426,Data/600MHz/sim_001426_1N-HN.out,600.0,14.091966957139045,92.0,2000.0,0.061111111111111116,1.3571428571428572,5555.0,5e-09,5e-11,0.85,1.02e-10,1.86e-10,-0.00016,0.3839724354387525,22.0,1000000.0,0.005,True,1,51;55;35,40,0,0,
1427,1427,Data/600MHz/sim_001427_1N-HN.out,600.0,14.091966957139045,92.0,2000.0,0.061111111111111116,1.7142857142857144,5555.0,5e-09,5e-11,0.85,1.02e-10,1.86e-10,-0.00016,0.3839724354387525,22.0,1000000.0,0.005,True,1,61;39;29,40,0,0,
1428,1428,Data/600MHz/sim_001428_1N-HN.out,600.0,14.091966957139045,92.0,2000.0,0.061111111111111116,2.071428571428571,5555.0,5e-09,5e-11,0.85,1.02e-10,1.86e-10,-0.00016,0.3839724354387525,22.0,1000000.0,0.005,True,1,19;55;5,40,0,0,
1429,1429,Data/600MHz/sim_001429_1N-HN.out,600.0,14.091966957139045,92.0,2000.0,0.061111111111111116,2.428571428571429,5555.0,5e-09,5e-11,0.85,1.02e-10,1.86e-10,-0.00016,0.3839724354387525,22.0,1000000.0,0.005,True,1,1;45;35,40,0,0,
1430,1430,Data/600MHz/sim_001430_1N-HN.out,600.0,14.091966957139045,92.0,2000.0,0.061111111111111116,2.7857142857142856,5555.0,5e-09,5e-11,0.85,1.02e-10,1.86e-10,-0.00016,0.3839724354387525,22.0,1000000.0,0.005,True,1,73;39;7,40,0,0,
1431,1431,Data/600MHz/sim_001431_1N-HN.out,600.0,14.091966957139045,92.0,2000.0,0.061111111111111116,3.142857142857143,5555.0,5e-09,5e-11,0.85,1.02e-10,1.86e-10,-0.00016,0.3839724354387525,22.0,1000000.0,0.005,True,1,23;71;75,40,0,0,
1432,1432,Data/600MHz/sim_001432_1N-HN.out,600.0,14.091966957139045,92.0,2000.0,0.061111111111111116,3.5,5555.0,5e-09,5e-11,0.85,1.02e-10,1.86e-10,-0.00016,0.3839724354387525,22.0,1000000.0,0.005,True,1,35;45;9,40,0,0,
1433,1433,Data/600MHz/sim_001433_1N-HN.out,600.0,14.091966957139045,92.0,2000.0,0.061111111111111116,3.857142857142857,5555.0,5e-09,5e-11,0.85,1.02e-10,1.86e-10,-0.00016,0.3839724354387525,22.0,1000000.0,0.005,True,1,59;75;51,40,0,0,
1434,1434,Data/600MHz/sim_001434_1N-HN.out,600.0,14.091966957139045,92.0,2000.0,0.061111111111111116,4.214285714285714,5555.0,5e-09,5e-11,0.85,1.02e-10,1.86e-10,-0.00016,0.3839724354387525,22.0,1000000.0,0.005,True,1,35;11;73,40,0,0,
1435,1435,Data/600MHz/sim_001435_1N-HN.out,600.0,14.091966957139045,92.0,2000.0,0.061111111111111116,4.571428571428571,5555.0,5e-09,5e-11,0.85,1.02e-10,1.86e-10,-0.00016,0.3839724354387525,22.0,1000000.0,0.005,True,1,77;39;19,40,0,0,
1436,1436,Data/600MHz/sim_001436_1N-HN.out,600.0,14.091966957139045,92.0,2000.0,0.061111111111111116,4.928571428571429,5555.0,5e-09,5e-11,0.85,1.02e-10,1.86e-10,-0.00016,0.3839724354387525,22.0,1000000.0,0.005,True,1,17;29;77,40,0,0,
1437,1437,Data/600MHz/sim_001437_1N-HN.out,600.0,14.091966957139045,92.0,2000.0,0.061111111111111116,5.285714285714286,5555.0,5e-09,5e-11,0.85,1.02e-10,1.86e-10,-0.00016,0.3839724354387525,22.0,1000000.0,0.005,True,1,17;41;25,40,0,0,
1438,1438,Data/600MHz/sim_001438_1N-HN.out,600.0,14.091966957139045,92.0,2000.0,0.061111111111111116,5.642857142857143,5555.0,5e-09,5e-11,0.85,1.02e-10,1.86e-10,-0.00016,0.3839724354387525,22.0,1000000.0,0.005,True,1,59;49;69,40,0,0,
1439,1439,Data/600MHz/sim_001439_1N-HN.out,600.0,14.091966957139045,92.0,2000.0,0.061111111111111116,6.0,5555.0,5e-09,5e-11,0.85,1.02e-10,1.86e-10,-0.00016,0.3839724354387525,22.0,1000000.0,0.005,True,1,51;15;47,40,0,0,
1440,1440,Data/600MHz/sim_001440_1N-HN.out,600.0,14.091966957139045,92.0,2000.0,0.06333333333333334,1.0,5555.0,5e-09,5e-11,0.85,1.02e-10,1.86e-10,-0.00016,0.3839724354387525,22.0,1000000.0,0.005,True,1,39;47;31,40,0,0,
1441,1441,Data/600MHz/sim_001441_1N-HN.out,600.0,14.091966957139045,92.0,2000.0,0.06333333333333334,1.3571428571428572,5555.0,5e-09,5e-11,0.85,1.02e-10,1.86e-10,-0.00016,0.3839724354387525,22.0,1000000.0,0.005,True,1,65;61;15,40,0,0,
1442,1442,Data/600MHz/sim_001442_1N-HN.out,600.0,14.091966957139045,92.0,2000.0,0.06333333333333334,1.7142857142857144,5555.0,5e-09,5e-11,0.85,1.02e-10,1.86e-10,-0.00016,0.3839724354387525,22.0,1000000.0,0.005,True,1,37;15;39,40,0,0,
1443,1443,Data/600MHz/sim_001443_1N-HN.out,600.0,14.091966957139045,92.0,2000.0,0.06333333333333334,2.071428571428571,5555.0,5e-09,5e-11,0.85,1.02e-10,1.86e-10,-0.00016,0.3839724354387525,22.0,1000000.0,0.005,True,1,37;11;39,40,0,0,
1444,1444,Data/600MHz/sim_001444_1N-HN.out,600.0,14.091966957139045,92.0,2000.0,0.06333333333333334,2.428571428571429,5555.0,5e-09,5e-11,0.85,1.02e-10,1.86e-10,-0.00016,0.3839724354387525,22.0,1000000.0,0.005,True,1,59;11;7,40,0,0,
1445,1445,Data/600MHz/sim_001445_1N-HN.out,600.0,14.091966957139045,92.0,2000.0,0.06333333333333334,2.7857142857142856,5555.0,5e-09,5e-11,0.85,1.02e-10,1.86e-10,-0.00016,0.3839724354387525,22.0,1000000.0,0.005,True,1,23;13;25,40,0,0,
1446,1446,Data/600MHz/sim_001446_1N-HN.out,600.0,14.091966957139045,92.0,2000.0,0.06333333333333334,3.142857142857143,5555.0,5e-09,5e-11,0.85,1.02e-10,1.86e-10,-0.00016,0.3839724354387525,22.0,1000000.0,0.005,True,1,73;31;1,40,0,0,
1447,1447,Data/600MHz/sim_001447_1N-HN.out,600.0,14.091966957139045,92.0,2000.0,0.06333333333333334,3.5,5555.0,5e-09,5e-11,0.85,1.02e-10,1.86e-10,-0.00016,0.3839724354387525,22.0,1000000.0,0.005,True,1,49;11;17,40,0,0,
1448,1448,Data/600MHz/sim_001448_1N-HN.out,600.0,14.091966957139045,92.0,2000.0,0.06333333333333334,3.857142857142857,5555.0,5e-09,5e-11,0.85,1.02e-10,1.86e-10,-0.00016,0.3839724354387525,22.0,1000000.0,0.005,True,1,21;11;71,40,0,0,
1449,1449,Data/600MHz/sim_001449_1N-HN.out,600.0,14.091966957139045,92.0,2000.0,0.06333333333333334,4.214285714285714,5555.0,5e-09,5e-11,0.85,1.02e-10,1.86e-10,-0.00016,0.3839724354387525,22.0,1000000.0,0.005,True,1,69;65;53,40,0,0,
1450,1450,Data/600MHz/sim_001450_1N-HN.out,600.0,14.091966957139045,92.0,2000.0,0.06333333333333334,4.571428571428571,5555.0,5e-09,5e-11,0.85,1.02e-10,1.86e-10,-0.00016,0.3839724354387525,22.0,1000000.0,0.005,True,1,33;67;15,40,0,0,
1451,1451,Data/600MHz/sim_001451_1N-HN.out,600.0,14.091966957139045,92.0,2000.0,0.06333333333333334,4.928571428571429,5555.0,5e-09,5e-11,0.85,1.02e-10,1.86e-10,-0.00016,0.3839724354387525,22.0,1000000.0,0.005,True,1,77;39;67,40,0,0,
1452,1452,Data/600MHz/sim_001452_1N-HN.out,600.0,14.091966957139045,92.0,2000.0,0.06333333333333334,5.285714285714286,5555.0,5e-09,5e-11,0.85,1.02e-10,1.86e-10,-0.00016,0.3839724354387525,22.0,1000000.0,0.005,True,1,3;45;23,40,0,0,
1453,1453,Data/600MHz/sim_001453_1N-HN.out,600.0,14.091966957139045,92.0,2000.0,0.06333333333333334,5.642857142857143,5555.0,5e-09,5e-11,0.85,1.02e-10,1.86e-10,-0.00016,0.3839724354387525,22.0,1000000.0,0.005,True,1,41;79;17,40,0,0,
1454,1454,Data/600MHz/sim_001454_1N-HN.out,600.0,14.091966957139045,92.0,2000.0,0.06333333333333334,6.0,5555.0,5e-09,5e-11,0.85,1.02e-10,1.86e-10,-0.00016,0.3839724354387525,22.0,1000000.0,0.005,True,1,55;3;35,40,0,0,
1455,1455,Data/600MHz/sim_001455_1N-HN.out,600.0,14.091966957139045,92.0,2000.0,0.06555555555555556,1.0,5555.0,5e-09,5e-11,0.85,1.02e-10,1.86e-10,-0.00016,0.3839724354387525,22.0,1000000.0,0.005,True,1,13;3;77,40,0,0,
1456,1456,Data/600MHz/sim_001456_1N-HN.out,600.0,14.091966957139045,92.0,2000.0,0.06555555555555556,1.3571428571428572,5555.0,5e-09,5e-11,0.85,1.02e-10,1.86e-10,-0.00016,0.3839724354387525,22.0,1000000.0,0.005,True,1,31;63;45,40,0,0,
1457,1457,Data/600MHz/sim_001457_1N-HN.out,600.0,14.091966957139045,92.0,2000.0,0.06555555555555556,1.7142857142857144,5555.0,5e-09,5e-11,0.85,1.02e-10,1.86e-10,-0.00016,0.3839724354387525,22.0,1000000.0,0.005,True,1,31;57;19,40,0,0,
1458,1458,Data/600MHz/sim_001458_1N-HN.out,600.0,14.091966957139045,92.0,2000.0,0.06555555555555556,2.071428571428571,5555.0,5e-09,5e-11,0.85,1.02e-10,1.86e-10,-0.00016,0.3839724354387525,22.0,1000000.0,0.005,True,1,33;39;23,40,0,0,
1459,1459,Data/600MHz/sim_001459_1N-HN.out,600.0,14.091966957139045,92.0,2000.0,0.06555555555555556,2.428571428571429,5555.0,5e-09,5e-11,0.85,1.02e-10,1.86e-10,-0.00016,0.3839724354387525,22.0,1000000.0,0.005,True,1,7;13;43,40,0,0,
1460,1460,Data/600MHz/sim_001460_1N-HN.out,600.0,14.091966957139045,92.0,2000.0,0.06555555555555556,2.7857142857142856,5555.0,5e-09,5e-11,0.85,1.02e-10,1.86e-10,-0.00016,0.3839724354387525,22.0,1000000.0,0.005,True,1,13;27;53,40,0,0,
1461,1461,Data/600MHz/sim_001461_1N-HN.out,600.0,14.091966957139045,92.0,2000.0,0.06555555555555556,3.142857142857143,5555.0,5e-09,5e-11,0.85,1.02e-10,1.86e-10,-0.00016,0.3839724354387525,22.0,1000000.0,0.005,True,1,7;65;67,40,0,0,
1462,1462,Data/600MHz/sim_001462_1N-HN.out,600.0,14.091966957139045,92.0,2000.0,0.06555555555555556,3.5,5555.0,5e-09,5e-11,0.85,1.02e-10,1.86e-10,-0.00016,0.3839724354387525,22.0,1000000.0,0.005,True,1,43;79;19,40,0,0,
1463,1463,Data/600MHz/sim_001463_1N-HN.out,600.0,14.091966957139045,92.0,2000.0,0.06555555555555556,3.857142857142857,5555.0,5e-09,5e-11,0.85,1.02e-10,1.86e-10,-0.00016,0.3839724354387525,22.0,1000000.0,0.005,True,1,13;73;31,40,0,0,
1464,1464,Data/600MHz/sim_001464_1N-HN.out,600.0,14.091966957139045,92.0,2000.0,0.06555555555555556,4.214285714285714,5555.0,5e-09,5e-11,0.85,1.02e-10,1.86e-10,-0.00016,0.3839724354387525,22.0,1000000.0,0.005,True,1,45;53;27,40,0,0,
1465,1465,Data/600MHz/sim_001465_1N-HN.out,600.0,14.091966957139045,92.0,2000.0,0.06555555555555556,4.571428571428571,5555.0,5e-09,5e-11,0.85,1.02e-10,1.86e-10,-0.00016,0.3839724354387525,22.0,1000000.0,0.005,True,1,1;41;55,40,0,0,
1466,1466,Data/600MHz/sim_001466_1N-HN.out,600.0,14.091966957139045,92.0,2000.0,0.06555555555555556,4.928571428571429,5555.0,5e-09,5e-11,0.85,1.02e-10,1.86e-10,-0.00016,0.3839724354387525,22.0,1000000.0,0.005,True,1,37;61;59,40,0,0,
1467,1467,Data/600MHz/sim_001467_1N-HN.out,600.0,14.091966957139045,92.0,2000.0,0.06555555555555556,5.285714285714286,5555.0,5e-09,5e-11,0.85,1.02e-10,1.86e-10,-0.00016,0.3839724354387525,22.0,1000000.0,0.005,True,1,63;77;9,40,0,0,
1468,1468,Data/600MHz/sim_001468_1N-HN.out,600.0,14.091966957139045,92.0,2000.0,0.06555555555555556,5.642857142857143,5555.0,5e-09,5e-11,0.85,1.02e-10,1.86e-10,-0.00016,0.3839724354387525,22.0,1000000.0,0.005,True,1,43;79;71,40,0,0,
1469,1469,Data/600MHz/sim_001469_1N-HN.out,600.0,14.091966957139045,92.0,2000.0,0.06555555555555556,6.0,5555.0,5e-09,5e-11,0.85,1.02e-10,1.86e-10,-0.00016,0.3839724354387525,22.0,1000000.0,0.005,True,1,63;75;5,40,0,0,
1470,1470,Data/600MHz/sim_001470_1N-HN.out,600.0,14.091966957139045,92.0,2000.0,0.06777777777777778,1.0,5555.0,5e-09,5e-11,0.85,1.02e-10,1.86e-10,-0.00016,0.3839724354387525,22.0,1000000.0,0.005,True,1,15;25;61,40,0,0,
1471,1471,Data/600MHz/sim_001471_1N-HN.out,600.0,14.091966957139045,92.0,2000.0,0.06777777777777778,1.3571428571428572,5555.0,5e-09,5e-11,0.85,1.02e-10,1.86e-10,-0.00016,0.3839724354387525,22.0,1000000.0,0.005,True,1,79;27;23,40,0,0,
1472,1472,Data/600MHz/sim_001472_1N-HN.out,600.0,14.091966957139045,92.0,2000.0,0.06777777777777778,1.7142857142857144,5555.0,5e-09,5e-11,0.85,1.02e-10,1.86e-10,-0.00016,0.3839724354387525,22.0,1000000.0,0.005,True,1,79;39;51,40,0,0,
1473,1473,Data/600MHz/sim_001473_1N-HN.out,600.0,14.091966957139045,92.0,2000.0,0.06777777777777778,2.071428571428571,5555.0,5e-09,5e-11,0.85,1.02e-10,1.86e-10,-0.00016,0.3839724354387525,22.0,1000000.0,0.005,True,1,25;79;59,40,0,0,
1474,1474,Data/600MHz/sim_001474_1N-HN.out,600.0,14.091966957139045,92.0,2000.0,0.06777777777777778,2.428571428571429,5555.0,5e-09,5e-11,0.85,1.02e-10,1.86e-10,-0.00016,0.3839724354387525,22.0,1000000.0,0.005,True,1,77;7;69,40,0,0,
1475,1475,Data/600MHz/sim_001475_1N-HN.out,600.0,14.091966957139045,92.0,2000.0,0.06777777777777778,2.7857142857142856,5555.0,5e-09,5e-11,0.85,1.02e-10,1.86e-10,-0.00016,0.3839724354387525,22.0,1000000.0,0.005,True,1,7;27;39,40,0,0,
1476,1476,Data/600MHz/sim_001476_1N-HN.out,600.0,14.091966957139045,92.0,2000.0,0.06777777777777778,3.142857142857143,5555.0,5e-09,5e-11,0.85,1.02e-10,1.86e-10,-0.00016,0.3839724354387525,22.0,1000000.0,0.005,True,1,49;65;39,40,0,0,
1477,1477,Data/600MHz/sim_001477_1N-HN.out,600.0,14.091966957139045,92.0,2000.0,0.06777777777777778,3.5,5555.0,5e-09,5e-11,0.85,1.02e-10,1.86e-10,-0.00016,0.3839724354387525,22.0,1000000.0,0.005,True,1,17;41;49,40,0,0,
1478,1478,Data/600MHz/sim_001478_1N-HN.out,600.0,14.091966957139045,92.0,2000.0,0.06777777777777778,3.857142857142857,5555.0,5e-09,5e-11,0.85,1.02e-10,1.86e-10,-0.00016,0.3839724354387525,22.0,1000000.0,0.005,True,1,7;23;77,40,0,0,
1479,1479,Data/600MHz/sim_001479_1N-HN.out,600.0,14.091966957139045,92.0,2000.0,0.06777777777777778,4.214285714285714,5555.0,5e-09,5e-11,0.85,1.02e-10,1.86e-10,-0.00016,0.3839724354387525,22.0,1000000.0,0.005,True,1,63;41;15,40,0,0,
1480,1480,Data/600MHz/sim_001480_1N-HN.out,600.0,14.091966957139045,92.0,2000.0,0.06777777777777778,4.571428571428571,5555.0,5e-09,5e-11,0.85,1.02e-10,1.86e-10,-0.00016,0.3839724354387525,22.0,1000000.0,0.005,True,1,75;59;29,40,0,0,
1481,1481,Data/600MHz/sim_001481_1N-HN.out,600.0,14.091966957139045,92.0,2000.0,0.06777777777777778,4.928571428571429,5555.0,5e-09,5e-11,0.85,1.02e-10,1.86e-10,-0.00016,0.3839724354387525,22.0,1000000.0,0.005,True,1,21;17;59,40,0,0,
1482,1482,Data/600MHz/sim_001482_1N-HN.out,600.0,14.091966957139045,92.0,2000.0,0.06777777777777778,5.285714285714286,5555.0,5e-09,5e-11,0.85,1.02e-10,1.86e-10,-0.00016,0.3839724354387525,22.0,1000000.0,0.005,True,1,59;49;35,40,0,0,
1483,1483,Data/600MHz/sim_001483_1N-HN.out,600.0,14.091966957139045,92.0,2000.0,0.06777777777777778,5.642857142857143,5555.0,5e-09,5e-11,0.85,1.02e-10,1.86e-10,-0.00016,0.3839724354387525,22.0,1000000.0,0.005,True,1,55;65;67,40,0,0,
1484,1484,Data/600MHz/sim_001484_1N-HN.out,600.0,14.091966957139045,92.0,2000.0,0.06777777777777778,6.0,5555.0,5e-09,5e-11,0.85,1.02e-10,1.86e-10,-0.00016,0.3839724354387525,22.0,1000000.0,0.005,True,1,79;21;59,40,0,0,
1485,1485,Data/600MHz/sim_001485_1N-HN.out,600.0,14.091966957139045,92.0,2000.0,0.07,1.0,5555.0,5e-09,5e-11,0.85,1.02e-10,1.86e-10,-0.00016,0.3839724354387525,22.0,1000000.0,0.005,True,1,29;9;23,40,0,0,
1486,1486,Data/600MHz/sim_001486_1N-HN.out,600.0,14.091966957139045,92.0,2000.0,0.07,1.3571428571428572,5555.0,5e-09,5e-11,0.85,1.02e-10,1.86e-10,-0.00016,0.3839724354387525,22.0,1000000.0,0.005,True,1,25;7;23,40,0,0,
1487,1487,Data/600MHz/sim_001487_1N-HN.out,600.0,14.091966957139045,92.0,2000.0,0.07,1.7142857142857144,5555.0,5e-09,5e-11,0.85,1.02e-10,1.86e-10,-0.00016,0.3839724354387525,22.0,1000000.0,0.005,True,1,45;7;1,40,0,0,
1488,1488,Data/600MHz/sim_001488_1N-HN.out,600.0,14.091966957139045,92.0,2000.0,0.07,2.071428571428571,5555.0,5e-09,5e-11,0.85,1.02e-10,1.86e-10,-0.00016,0.3839724354387525,22.0,1000000.0,0.005,True,1,31;59;49,40,0,0,
1489,1489,Data/600MHz/sim_001489_1N-HN.out,600.0,14.091966957139045,92.0,2000.0,0.07,2.428571428571429,5555.0,5e-09,5e-11,0.85,1.02e-10,1.86e-10,-0.00016,0.3839724354387525,22.0,1000000.0,0.005,True,1,61;57;37,40,0,0,
1490,1490,Data/600MHz/sim_001490_1N-HN.out,600.0,14.091966957139045,92.0,2000.0,0.07,2.7857142857142856,5555.0,5e-09,5e-11,0.85,1.02e-10,1.86e-10,-0.00016,0.3839724354387525,22.0,1000000.0,0.005,True,1,31;29;21,40,0,0,
1491,1491,Data/600MHz/sim_001491_1N-HN.out,600.0,14.091966957139045,92.0,2000.0,0.07,3.142857142857143,5555.0,5e-09,5e-11,0.85,1.02e-10,1.86e-10,-0.00016,0.3839724354387525,22.0,1000000.0,0.005,True,1,1;65;47,40,0,0,
1492,1492,Data/600MHz/sim_001492_1N-HN.out,600.0,14.091966957139045,92.0,2000.0,0.07,3.5,5555.0,5e-09,5e-11,0.85,1.02e-10,1.86e-10,-0.00016,0.3839724354387525,22.0,1000000.0,0.005,True,1,77;33;65,40,0,0,
1493,1493,Data/600MHz/sim_001493_1N-HN.out,600.0,14.091966957139045,92.0,2000.0,0.07,3.857142857142857,5555.0,5e-09,5e-11,0.85,1.02e-10,1.86e-10,-0.00016,0.3839724354387525,22.0,1000000.0,0.005,True,1,5;47;59,40,0,0,
1494,1494,Data/600MHz/sim_001494_1N-HN.out,600.0,14.091966957139045,92.0,2000.0,0.07,4.214285714285714,5555.0,5e-09,5e-11,0.85,1.02e-10,1.86e-10,-0.00016,0.3839724354387525,22.0,1000000.0,0.005,True,1,27;35;57,40,0,0,
1495,1495,Data/600MHz/sim_001495_1N-HN.out,600.0,14.091966957139045,92.0,2000.0,0.07,4.571428571428571,5555.0,5e-09,5e-11,0.85,1.02e-10,1.86e-10,-0.00016,0.3839724354387525,22.0,1000000.0,0.005,True,1,5;57;29,40,0,0,
1496,1496,Data/600MHz/sim_001496_1N-HN.out,600.0,14.091966957139045,92.0,2000.0,0.07,4.928571428571429,5555.0,5e-09,5e-11,0.85,1.02e-10,1.86e-10,-0.00016,0.3839724354387525,22.0,1000000.0,0.005,True,1,79;53;13,40,0,0,
1497,1497,Data/600MHz/sim_001497_1N-HN.out,600.0,14.091966957139045,92.0,2000.0,0.07,5.285714285714286,5555.0,5e-09,5e-11,0.85,1.02e-10,1.86e-10,-0.00016,0.3839724354387525,22.0,1000000.0,0.005,True,1,25;11;61,40,0,0,
1498,1498,Data/600MHz/sim_001498_1N-HN.out,600.0,14.091966957139045,92.0,2000.0,0.07,5.642857142857143,5555.0,5e-09,5e-11,0.85,1.02e-10,1.86e-10,-0.00016,0.3839724354387525,22.0,1000000.0,0.005,True,1,29;47;23,40,0,0,
1499,1499,Data/600MHz/sim_001499_1N-HN.out,600.0,14.091966957139045,92.0,2000.0,0.07,6.0,5555.0,5e-09,5e-11,0.85,1.02e-10,1.86e-10,-0.00016,0.3839724354387525,22.0,1000000.0,0.005,True,1,35;47;9,40,0,0,
1500,1500,Data/800MHz/sim_001500_1N-HN.out,800.0,18.789289276185396,92.0,300.0,0.05,1.0,5555.0,5e-09,5e-11,0.85,1.02e-10,1.86e-10,-0.00016,0.3839724354387525,22.0,1000000.0,0.005,True,1,31;17;33,40,0,0,
1501,1501,Data/800MHz/sim_001501_1N-HN.out,800.0,18.789289276185396,92.0,300.0,0.05,1.3571428571428572,5555.0,5e-09,5e-11,0.85,1.02e-10,1.86e-10,-0.00016,0.3839724354387525,22.0,1000000.0,0.005,True,1,69;31;9,40,0,0,
1502,1502,Data/800MHz/sim_001502_1N-HN.out,800.0,18.789289276185396,92.0,300.0,0.05,1.7142857142857144,5555.0,5e-09,5e-11,0.85,1.02e-10,1.86e-10,-0.00016,0.3839724354387525,22.0,1000000.0,0.005,True,1,77;19;1,40,0,0,
1503,1503,Data/800MHz/sim_001503_1N-HN.out,800.0,18.789289276185396,92.0,300.0,0.05,2.071428571428571,5555.0,5e-09,5e-11,0.85,1.02e-10,1.86e-10,-0.00016,0.3839724354387525,22.0,1000000.0,0.005,True,1,61;53;21,40,0,0,
1504,1504,Data/800MHz/sim_001504_1N-HN.out,800.0,18.789289276185396,92.0,300.0,0.05,2.428571428571429,5555.0,5e-09,5e-11,0.85,1.02e-10,1.86e-10,-0.00016,0.3839724354387525,22.0,1000000.0,0.005,True,1,51;63;71,40,0,0,
1505,1505,Data/800MHz/sim_001505_1N-HN.out,800.0,18.789289276185396,92.0,300.0,0.05,2.7857142857142856,5555.0,5e-09,5e-11,0.85,1.02e-10,1.86e-10,-0.00016,0.3839724354387525,22.0,1000000.0,0.005,True,1,63;7;43,40,0,0,
1506,1506,Data/800MHz/sim_001506_1N-HN.out,800.0,18.789289276185396,92.0,300.0,0.05,3.142857142857143,5555.0,5e-09,5e-11,0.85,1.02e-10,1.86e-10,-0.00016,0.3839724354387525,22.0,1000000.0,0.005,True,1,39;49;43,40,0,0,
1507,1507,Data/800MHz/sim_001507_1N-HN.out,800.0,18.789289276185396,92.0,300.0,0.05,3.5,5555.0,5e-09,5e-11,0.85,1.02e-10,1.86e-10,-0.00016,0.3839724354387525,22.0,1000000.0,0.005,True,1,79;57;37,40,0,0,
1508,1508,Data/800MHz/sim_001508_1N-HN.out,800.0,18.789289276185396,92.0,300.0,0.05,3.857142857142857,5555.0,5e-09,5e-11,0.85,1.02e-10,1.86e-10,-0.00016,0.3839724354387525,22.0,1000000.0,0.005,True,1,31;21;5,40,0,0,
1509,1509,Data/800MHz/sim_001509_1N-HN.out,800.0,18.789289276185396,92.0,300.0,0.05,4.214285714285714,5555.0,5e-09,5e-11,0.85,1.02e-10,1.86e-10,-0.00016,0.3839724354387525,22.0,1000000.0,0.005,True,1,17;45;1,40,0,0,
1510,1510,Data/800MHz/sim_001510_1N-HN.out,800.0,18.789289276185396,92.0,300.0,0.05,4.571428571428571,5555.0,5e-09,5e-11,0.85,1.02e-10,1.86e-10,-0.00016,0.3839724354387525,22.0,1000000.0,0.005,True,1,71;63;7,40,0,0,
1511,1511,Data/800MHz/sim_001511_1N-HN.out,800.0,18.789289276185396,92.0,300.0,0.05,4.928571428571429,5555.0,5e-09,5e-11,0.85,1.02e-10,1.86e-10,-0.00016,0.3839724354387525,22.0,1000000.0,0.005,True,1,21;69;15,40,0,0,
1512,1512,Data/800MHz/sim_001512_1N-HN.out,800.0,18.789289276185396,92.0,300.0,0.05,5.285714285714286,5555.0,5e-09,5e-11,0.85,1.02e-10,1.86e-10,-0.00016,0.3839724354387525,22.0,1000000.0,0.005,True,1,37;67;59,40,0,0,
1513,1513,Data/800MHz/sim_001513_1N-HN.out,800.0,18.789289276185396,92.0,300.0,0.05,5.642857142857143,5555.0,5e-09,5e-11,0.85,1.02e-10,1.86e-10,-0.00016,0.3839724354387525,22.0,1000000.0,0.005,True,1,11;65;69,40,0,0,
1514,1514,Data/800MHz/sim_001514_1N-HN.out,800.0,18.789289276185396,92.0,300.0,0.05,6.0,5555.0,5e-09,5e-11,0.85,1.02e-10,1.86e-10,-0.00016,0.3839724354387525,22.0,1000000.0,0.005,True,1,9;79;75,40,0,0,
1515,1515,Data/800MHz/sim_001515_1N-HN.out,800.0,18.789289276185396,92.0,300.0,0.052222222222222225,1.0,5555.0,5e-09,5e-11,0.85,1.02e-10,1.86e-10,-0.00016,0.3839724354387525,22.0,1000000.0,0.005,True,1,41;19;43,40,0,0,
1516,1516,Data/800MHz/sim_001516_1N-HN.out,800.0,18.789289276185396,92.0,300.0,0.052222222222222225,1.3571428571428572,5555.0,5e-09,5e-11,0.85,1.02e-10,1.86e-10,-0.00016,0.3839724354387525,22.0,1000000.0,0.005,True,1,11;55;15,40,0,0,
1517,1517,Data/800MHz/sim_001517_1N-HN.out,800.0,18.789289276185396,92.0,300.0,0.052222222222222225,1.7142857142857144,5555.0,5e-09,5e-11,0.85,1.02e-10,1.86e-10,-0.00016,0.3839724354387525,22.0,1000000.0,0.005,True,1,35;51;59,40,0,0,
1518,1518,Data/800MHz/sim_001518_1N-HN.out,800.0,18.789289276185396,92.0,300.0,0.052222222222222225,2.071428571428571,5555.0,5e-09,5e-11,0.85,1.02e-10,1.86e-10,-0.00016,0.3839724354387525,22.0,1000000.0,0.005,True,1,1;53;21,40,0,0,
1519,1519,Data/800MHz/sim_001519_1N-HN.out,800.0,18.789289276185396,92.0,300.0,0.052222222222222225,2.428571428571429,5555.0,5e-09,5e-11,0.85,1.02e-10,1.86e-10,-0.00016,0.3839724354387525,22.0,1000000.0,0.005,True,1,63;41;3,40,0,0,
1520,1520,Data/800MHz/sim_001520_1N-HN.out,800.0,18.789289276185396,92.0,300.0,0.052222222222222225,2.7857142857142856,5555.0,5e-09,5e-11,0.85,1.02e-10,1.86e-10,-0.00016,0.3839724354387525,22.0,1000000.0,0.005,True,1,77;57;35,40,0,0,
1521,1521,Data/800MHz/sim_001521_1N-HN.out,800.0,18.789289276185396,92.0,300.0,0.052222222222222225,3.142857142857143,5555.0,5e-09,5e-11,0.85,1.02e-10,1.86e-10,-0.00016,0.3839724354387525,22.0,1000000.0,0.005,True,1,55;61;43,40,0,0,
1522,1522,Data/800MHz/sim_001522_1N-HN.out,800.0,18.789289276185396,92.0,300.0,0.052222222222222225,3.5,5555.0,5e-09,5e-11,0.85,1.02e-10,1.86e-10,-0.00016,0.3839724354387525,22.0,1000000.0,0.005,True,1,43;19;9,40,0,0,
1523,1523,Data/800MHz/sim_001523_1N-HN.out,800.0,18.789289276185396,92.0,300.0,0.052222222222222225,3.857142857142857,5555.0,5e-09,5e-11,0.85,1.02e-10,1.86e-10,-0.00016,0.3839724354387525,22.0,1000000.0,0.005,True,1,69;13;33,40,0,0,
1524,1524,Data/800MHz/sim_001524_1N-HN.out,800.0,18.789289276185396,92.0,300.0,0.052222222222222225,4.214285714285714,5555.0,5e-09,5e-11,0.85,1.02e-10,1.86e-10,-0.00016,0.3839724354387525,22.0,1000000.0,0.005,True,1,53;37;33,40,0,0,
1525,1525,Data/800MHz/sim_001525_1N-HN.out,800.0,18.789289276185396,92.0,300.0,0.052222222222222225,4.571428571428571,5555.0,5e-09,5e-11,0.85,1.02e-10,1.86e-10,-0.00016,0.3839724354387525,22.0,1000000.0,0.005,True,1,7;67;77,40,0,0,
1526,1526,Data/800MHz/sim_001526_1N-HN.out,800.0,18.789289276185396,92.0,300.0,0.052222222222222225,4.928571428571429,5555.0,5e-09,5e-11,0.85,1.02e-10,1.86e-10,-0.00016,0.3839724354387525,22.0,1000000.0,0.005,True,1,47;7;69,40,0,0,
1527,1527,Data/800MHz/sim_001527_1N-HN.out,800.0,18.789289276185396,92.0,300.0,0.052222222222222225,5.285714285714286,5555.0,5e-09,5e-11,0.85,1.02e-10,1.86e-10,-0.00016,0.3839724354387525,22.0,1000000.0,0.005,True,1,53;9;27,40,0,0,
1528,1528,Data/800MHz/sim_001528_1N-HN.out,800.0,18.789289276185396,92.0,300.0,0.052222222222222225,5.642857142857143,5555.0,5e-09,5e-11,0.85,1.02e-10,1.86e-10,-0.00016,0.3839724354387525,22.0,1000000.0,0.005,True,1,13;51;9,40,0,0,
1529,1529,Data/800MHz/sim_001529_1N-HN.out,800.0,18.789289276185396,92.0,300.0,0.052222222222222225,6.0,5555.0,5e-09,5e-11,0.85,1.02e-10,1.86e-10,-0.00016,0.3839724354387525,22.0,1000000.0,0.005,True,1,25;63;17,40,0,0,
1530,1530,Data/800MHz/sim_001530_1N-HN.out,800.0,18.789289276185396,92.0,300.0,0.05444444444444445,1.0,5555.0,5e-09,5e-11,0.85,1.02e-10,1.86e-10,-0.00016,0.3839724354387525,22.0,1000000.0,0.005,True,1,13;35;51,40,0,0,
1531,1531,Data/800MHz/sim_001531_1N-HN.out,800.0,18.789289276185396,92.0,300.0,0.05444444444444445,1.3571428571428572,5555.0,5e-09,5e-11,0.85,1.02e-10,1.86e-10,-0.00016,0.3839724354387525,22.0,1000000.0,0.005,True,1,37;39;47,40,0,0,
1532,1532,Data/800MHz/sim_001532_1N-HN.out,800.0,18.789289276185396,92.0,300.0,0.05444444444444445,1.7142857142857144,5555.0,5e-09,5e-11,0.85,1.02e-10,1.86e-10,-0.00016,0.3839724354387525,22.0,1000000.0,0.005,True,1,43;19;7,40,0,0,
1533,1533,Data/800MHz/sim_001533_1N-HN.out,800.0,18.789289276185396,92.0,300.0,0.05444444444444445,2.071428571428571,5555.0,5e-09,5e-11,0.85,1.02e-10,1.86e-10,-0.00016,0.3839724354387525,22.0,1000000.0,0.005,True,1,31;39;13,40,0,0,
1534,1534,Data/800MHz/sim_001534_1N-HN.out,800.0,18.789289276185396,92.0,300.0,0.05444444444444445,2.428571428571429,5555.0,5e-09,5e-11,0.85,1.02e-10,1.86e-10,-0.00016,0.3839724354387525,22.0,1000000.0,0.005,True,1,73;17;45,40,0,0,
1535,1535,Data/800MHz/sim_001535_1N-HN.out,800.0,18.789289276185396,92.0,300.0,0.05444444444444445,2.7857142857142856,5555.0,5e-09,5e-11,0.85,1.02e-10,1.86e-10,-0.00016,0.3839724354387525,22.0,1000000.0,0.005,True,1,37;67;53,40,0,0,
1536,1536,Data/800MHz/sim_001536_1N-HN.out,800.0,18.789289276185396,92.0,300.0,0.05444444444444445,3.142857142857143,5555.0,5e-09,5e-11,0.85,1.02e-10,1.86e-10,-0.00016,0.3839724354387525,22.0,1000000.0,0.005,True,1,25;45;9,40,0,0,
1537,1537,Data/800MHz/sim_001537_1N-HN.out,800.0,18.789289276185396,92.0,300.0,0.05444444444444445,3.5,5555.0,5e-09,5e-11,0.85,1.02e-10,1.86e-10,-0.00016,0.3839724354387525,22.0,1000000.0,0.005,True,1,51;29;9,40,0,0,
1538,1538,Data/800MHz/sim_001538_1N-HN.out,800.0,18.789289276185396,92.0,300.0,0.05444444444444445,3.857142857142857,5555.0,5e-09,5e-11,0.85,1.02e-10,1.86e-10,-0.00016,0.3839724354387525,22.0,1000000.0,0.005,True,1,3;35;29,40,0,0,
1539,1539,Data/800MHz/sim_001539_1N-HN.out,800.0,18.789289276185396,92.0,300.0,0.05444444444444445,4.214285714285714,5555.0,5e-09,5e-11,0.85,1.02e-10,1.86e-10,-0.00016,0.3839724354387525,22.0,1000000.0,0.005,True,1,65;15;3,40,0,0,
1540,1540,Data/800MHz/sim_001540_1N-HN.out,800.0,18.789289276185396,92.0,300.0,0.05444444444444445,4.571428571428571,5555.0,5e-09,5e-11,0.85,1.02e-10,1.86e-10,-0.00016,0.3839724354387525,22.0,1000000.0,0.005,True,1,57;11;1,40,0,0,
1541,1541,Data/800MHz/sim_001541_1N-HN.out,800.0,18.789289276185396,92.0,300.0,0.05444444444444445,4.928571428571429,5555.0,5e-09,5e-11,0.85,1.02e-10,1.86e-10,-0.00016,0.3839724354387525,22.0,1000000.0,0.005,True,1,27;67;25,40,0,0,
1542,1542,Data/800MHz/sim_001542_1N-HN.out,800.0,18.789289276185396,92.0,300.0,0.05444444444444445,5.285714285714286,5555.0,5e-09,5e-11,0.85,1.02e-10,1.86e-10,-0.00016,0.3839724354387525,22.0,1000000.0,0.005,True,1,39;35;59,40,0,0,
1543,1543,Data/800MHz/sim_001543_1N-HN.out,800.0,18.789289276185396,92.0,300.0,0.05444444444444445,5.642857142857143,5555.0,5e-09,5e-11,0.85,1.02e-10,1.86e-10,-0.00016,0.3839724354387525,22.0,1000000.0,0.005,True,1,73;45;23,40,0,0,
1544,1544,Data/800MHz/sim_001544_1N-HN.out,800.0,18.789289276185396,92.0,300.0,0.05444444444444445,6.0,5555.0,5e-09,5e-11,0.85,1.02e-10,1.86e-10,-0.00016,0.3839724354387525,22.0,1000000.0,0.005,True,1,65;23;51,40,0,0,
1545,1545,Data/800MHz/sim_001545_1N-HN.out,800.0,18.789289276185396,92.0,300.0,0.05666666666666667,1.0,5555.0,5e-09,5e-11,0.85,1.02e-10,1.86e-10,-0.00016,0.3839724354387525,22.0,1000000.0,0.005,True,1,9;65;37,40,0,0,
1546,1546,Data/800MHz/sim_001546_1N-HN.out,800.0,18.789289276185396,92.0,300.0,0.05666666666666667,1.3571428571428572,5555.0,5e-09,5e-11,0.85,1.02e-10,1.86e-10,-0.00016,0.3839724354387525,22.0,1000000.0,0.005,True,1,11;55;79,40,0,0,
1547,1547,Data/800MHz/sim_001547_1N-HN.out,800.0,18.789289276185396,92.0,300.0,0.05666666666666667,1.7142857142857144,5555.0,5e-09,5e-11,0.85,1.02e-10,1.86e-10,-0.00016,0.3839724354387525,22.0,1000000.0,0.005,True,1,61;13;15,40,0,0,
1548,1548,Data/800MHz/sim_001548_1N-HN.out,800.0,18.789289276185396,92.0,300.0,0.05666666666666667,2.071428571428571,5555.0,5e-09,5e-11,0.85,1.02e-10,1.86e-10,-0.00016,0.3839724354387525,22.0,1000000.0,0.005,True,1,1;43;55,40,0,0,
1549,1549,Data/800MHz/sim_001549_1N-HN.out,800.0,18.789289276185396,92.0,300.0,0.05666666666666667,2.428571428571429,5555.0,5e-09,5e-11,0.85,1.02e-10,1.86e-10,-0.00016,0.3839724354387525,22.0,1000000.0,0.005,True,1,9;39;71,40,0,0,
1550,1550,Data/800MHz/sim_001550_1N-HN.out,800.0,18.789289276185396,92.0,300.0,0.05666666666666667,2.7857142857142856,5555.0,5e-09,5e-11,0.85,1.02e-10,1.86e-10,-0.00016,0.3839724354387525,22.0,1000000.0,0.005,True,1,21;9;53,40,0,0,
1551,1551,Data/800MHz/sim_001551_1N-HN.out,800.0,18.789289276185396,92.0,300.0,0.05666666666666667,3.142857142857143,5555.0,5e-09,5e-11,0.85,1.02e-10,1.86e-10,-0.00016,0.3839724354387525,22.0,1000000.0,0.005,True,1,25;15;35,40,0,0,
1552,1552,Data/800MHz/sim_001552_1N-HN.out,800.0,18.789289276185396,92.0,300.0,0.05666666666666667,3.5,5555.0,5e-09,5e-11,0.85,1.02e-10,1.86e-10,-0.00016,0.3839724354387525,22.0,1000000.0,0.005,True,1,69;17;67,40,0,0,
1553,1553,Data/800MHz/sim_001553_1N-HN.out,800.0,18.789289276185396,92.0,300.0,0.05666666666666667,3.857142857142857,5555.0,5e-09,5e-11,0.85,1.02e-10,1.86e-10,-0.00016,0.3839724354387525,22.0,1000000.0,0.005,True,1,63;1;39,40,0,0,
1554,1554,Data/800MHz/sim_001554_1N-HN.out,800.0,18.789289276185396,92.0,300.0,0.05666666666666667,4.214285714285714,5555.0,5e-09,5e-11,0.85,1.02e-10,1.86e-10,-0.00016,0.3839724354387525,22.0,1000000.0,0.005,True,1,79;55;69,40,0,0,
1555,1555,Data/800MHz/sim_001555_1N-HN.out,800.0,18.789289276185396,92.0,300.0,0.05666666666666667,4.571428571428571,5555.0,5e-09,5e-11,0.85,1.02e-10,1.86e-10,-0.00016,0.3839724354387525,22.0,1000000.0,0.005,True,1,63;69;39,40,0,0,
1556,1556,Data/800MHz/sim_001556_1N-HN.out,800.0,18.789289276185396,92.0,300.0,0.05666666666666667,4.928571428571429,5555.0,5e-09,5e-11,0.85,1.02e-10,1.86e-10,-0.00016,0.3839724354387525,22.0,1000000.0,0.005,True,1,47;63;67,40,0,0,
1557,1557,Data/800MHz/sim_001557_1N-HN.out,800.0,18.789289276185396,92.0,300.0,0.05666666666666667,5.285714285714286,5555.0,5e-09,5e-11,0.85,1.02e-10,1.86e-10,-0.00016,0.3839724354387525,22.0,1000000.0,0.005,True,1,3;27;13,40,0,0,
1558,1558,Data/800MHz/sim_001558_1N-HN.out,800.0,18.789289276185396,92.0,300.0,0.05666666666666667,5.642857142857143,5555.0,5e-09,5e-11,0.85,1.02e-10,1.86e-10,-0.00016,0.3839724354387525,22.0,1000000.0,0.005,True,1,9;73;69,40,0,0,
1559,1559,Data/800MHz/sim_001559_1N-HN.out,800.0,18.789289276185396,92.0,300.0,0.05666666666666667,6.0,5555.0,5e-09,5e-11,0.85,1.02e-10,1.86e-10,-0.00016,0.3839724354387525,22.0,1000000.0,0.005,True,1,63;55;9,40,0,0,
1560,1560,Data/800MHz/sim_001560_1N-HN.out,800.0,18.789289276185396,92.0,300.0,0.05888888888888889,1.0,5555.0,5e-09,5e-11,0.85,1.02e-10,1.86e-10,-0.00016,0.3839724354387525,22.0,1000000.0,0.005,True,1,21;23;35,40,0,0,
1561,1561,Data/800MHz/sim_001561_1N-HN.out,800.0,18.789289276185396,92.0,300.0,0.05888888888888889,1.3571428571428572,5555.0,5e-09,5e-11,0.85,1.02e-10,1.86e-10,-0.00016,0.3839724354387525,22.0,1000000.0,0.005,True,1,37;25;3,40,0,0,
1562,1562,Data/800MHz/sim_001562_1N-HN.out,800.0,18.789289276185396,92.0,300.0,0.05888888888888889,1.7142857142857144,5555.0,5e-09,5e-11,0.85,1.02e-10,1.86e-10,-0.00016,0.3839724354387525,22.0,1000000.0,0.005,True,1,47;27;77,40,0,0,
1563,1563,Data/800MHz/sim_001563_1N-HN.out,800.0,18.789289276185396,92.0,300.0,0.05888888888888889,2.071428571428571,5555.0,5e-09,5e-11,0.85,1.02e-10,1.86e-10,-0.00016,0.3839724354387525,22.0,1000000.0,0.005,True,1,71;49;41,40,0,0,
1564,1564,Data/800MHz/sim_001564_1N-HN.out,800.0,18.789289276185396,92.0,300.0,0.05888888888888889,2.428571428571429,5555.0,5e-09,5e-11,0.85,1.02e-10,1.86e-10,-0.00016,0.3839724354387525,22.0,1000000.0,0.005,True,1,5;65;79,40,0,0,
1565,1565,Data/800MHz/sim_001565_1N-HN.out,800.0,18.789289276185396,92.0,300.0,0.05888888888888889,2.7857142857142856,5555.0,5e-09,5e-11,0.85,1.02e-10,1.86e-10,-0.00016,0.3839724354387525,22.0,1000000.0,0.005,True,1,59;25;79,40,0,0,
1566,1566,Data/800MHz/sim_001566_1N-HN.out,800.0,18.789289276185396,92.0,300.0,0.05888888888888889,3.142857142857143,5555.0,5e-09,5e-11,0.85,1.02e-10,1.86e-10,-0.00016,0.3839724354387525,22.0,1000000.0,0.005,True,1,25;77;33,40,0,0,
1567,1567,Data/800MHz/sim_001567_1N-HN.out,800.0,18.789289276185396,92.0,300.0,0.05888888888888889,3.5,5555.0,5e-09,5e-11,0.85,1.02e-10,1.86e-10,-0.00016,0.3839724354387525,22.0,1000000.0,0.005,True,1,47;27;63,40,0,0,
1568,1568,Data/800MHz/sim_001568_1N-HN.out,800.0,18.789289276185396,92.0,300.0,0.05888888888888889,3.857142857142857,5555.0,5e-09,5e-11,0.85,1.02e-10,1.86e-10,-0.00016,0.3839724354387525,22.0,1000000.0,0.005,True,1,33;19;17,40,0,0,
1569,1569,Data/800MHz/sim_001569_1N-HN.out,800.0,18.789289276185396,92.0,300.0,0.05888888888888889,4.214285714285714,5555.0,5e-09,5e-11,0.85,1.02e-10,1.86e-10,-0.00016,0.3839724354387525,22.0,1000000.0,0.005,True,1,39;35;23,40,0,0,
1570,1570,Data/800MHz/sim_001570_1N-HN.out,800.0,18.789289276185396,92.0,300.0,0.05888888888888889,4.571428571428571,5555.0,5e-09,5e-11,0.85,1.02e-10,1.86e-10,-0.00016,0.3839724354387525,22.0,1000000.0,0.005,True,1,41;63;71,40,0,0,
1571,1571,Data/800MHz/sim_001571_1N-HN.out,800.0,18.789289276185396,92.0,300.0,0.05888888888888889,4.928571428571429,5555.0,5e-09,5e-11,0.85,1.02e-10,1.86e-10,-0.00016,0.3839724354387525,22.0,1000000.0,0.005,True,1,41;79;61,40,0,0,
1572,1572,Data/800MHz/sim_001572_1N-HN.out,800.0,18.789289276185396,92.0,300.0,0.05888888888888889,5.285714285714286,5555.0,5e-09,5e-11,0.85,1.02e-10,1.86e-10,-0.00016,0.3839724354387525,22.0,1000000.0,0.005,True,1,55;43;77,40,0,0,
1573,1573,Data/800MHz/sim_001573_1N-HN.out,800.0,18.789289276185396,92.0,300.0,0.05888888888888889,5.642857142857143,5555.0,5e-09,5e-11,0.85,1.02e-10,1.86e-10,-0.00016,0.3839724354387525,22.0,1000000.0,0.005,True,1,27;75;1,40,0,0,
1574,1574,Data/800MHz/sim_001574_1N-HN.out,800.0,18.789289276185396,92.0,300.0,0.05888888888888889,6.0,5555.0,5e-09,5e-11,0.85,1.02e-10,1.86e-10,-0.00016,0.3839724354387525,22.0,1000000.0,0.005,True,1,45;49;51,40,0,0,
1575,1575,Data/800MHz/sim_001575_1N-HN.out,800.0,18.789289276185396,92.0,300.0,0.061111111111111116,1.0,5555.0,5e-09,5e-11,0.85,1.02e-10,1.86e-10,-0.00016,0.3839724354387525,22.0,1000000.0,0.005,True,1,41;45;43,40,0,0,
1576,1576,Data/800MHz/sim_001576_1N-HN.out,800.0,18.789289276185396,92.0,300.0,0.061111111111111116,1.3571428571428572,5555.0,5e-09,5e-11,0.85,1.02e-10,1.86e-10,-0.00016,0.3839724354387525,22.0,1000000.0,0.005,True,1,17;15;9,40,0,0,
1577,1577,Data/800MHz/sim_001577_1N-HN.out,800.0,18.789289276185396,92.0,300.0,0.061111111111111116,1.7142857142857144,5555.0,5e-09,5e-11,0.85,1.02e-10,1.86e-10,-0.00016,0.3839724354387525,22.0,1000000.0,0.005,True,1,11;17;21,40,0,0,
1578,1578,Data/800MHz/sim_001578_1N-HN.out,800.0,18.789289276185396,92.0,300.0,0.061111111111111116,2.071428571428571,5555.0,5e-09,5e-11,0.85,1.02e-10,1.86e-10,-0.00016,0.3839724354387525,22.0,1000000.0,0.005,True,1,51;69;39,40,0,0,
1579,1579,Data/800MHz/sim_001579_1N-HN.out,800.0,18.789289276185396,92.0,300.0,0.061111111111111116,2.428571428571429,5555.0,5e-09,5e-11,0.85,1.02e-10,1.86e-10,-0.00016,0.3839724354387525,22.0,1000000.0,0.005,True,1,65;21;5,40,0,0,
1580,1580,Data/800MHz/sim_001580_1N-HN.out,800.0,18.789289276185396,92.0,300.0,0.061111111111111116,2.7857142857142856,5555.0,5e-09,5e-11,0.85,1.02e-10,1.86e-10,-0.00016,0.3839724354387525,22.0,1000000.0,0.005,True,1,55;33;11,40,0,0,
1581,1581,Data/800MHz/sim_001581_1N-HN.out,800.0,18.789289276185396,92.0,300.0,0.061111111111111116,3.142857142857143,5555.0,5e-09,5e-11,0.85,1.02e-10,1.86e-10,-0.00016,0.3839724354387525,22.0,1000000.0,0.005,True,1,47;45;13,40,0,0,
1582,1582,Data/800MHz/sim_001582_1N-HN.out,800.0,18.789289276185396,92.0,300.0,0.061111111111111116,3.5,5555.0,5e-09,5e-11,0.85,1.02e-10,1.86e-10,-0.00016,0.3839724354387525,22.0,1000000.0,0.005,True,1,55;67;45,40,0,0,
1583,1583,Data/800MHz/sim_001583_1N-HN.out,800.0,18.789289276185396,92.0,300.0,0.061111111111111116,3.857142857142857,5555.0,5e-09,5e-11,0.85,1.02e-10,1.86e-10,-0.00016,0.3839724354387525,22.0,1000000.0,0.005,True,1,11;73;45,40,0,0,
1584,1584,Data/800MHz/sim_001584_1N-HN.out,800.0,18.789289276185396,92.0,300.0,0.061111111111111116,4.214285714285714,5555.0,5e-09,5e-11,0.85,1.02e-10,1.86e-10,-0.00016,0.3839724354387525,22.0,1000000.0,0.005,True,1,21;55;73,40,0,0,
1585,1585,Data/800MHz/sim_001585_1N-HN.out,800.0,18.789289276185396,92.0,300.0,0.061111111111111116,4.571428571428571,5555.0,5e-09,5e-11,0.85,1.02e-10,1.86e-10,-0.00016,0.3839724354387525,22.0,1000000.0,0.005,True,1,65;47;45,40,0,0,
1586,1586,Data/800MHz/sim_001586_1N-HN.out,800.0,18.789289276185396,92.0,300.0,0.061111111111111116,4.928571428571429,5555.0,5e-09,5e-11,0.85,1.02e-10,1.86e-10,-0.00016,0.3839724354387525,22.0,1000000.0,0.005,True,1,17;3;15,40,0,0,
1587,1587,Data/800MHz/sim_001587_1N-HN.out,800.0,18.789289276185396,92.0,300.0,0.061111111111111116,5.285714285714286,5555.0,5e-09,5e-11,0.85,1.02e-10,1.86e-10,-0.00016,0.3839724354387525,22.0,1000000.0,0.005,True,1,39;55;77,40,0,0,
1588,1588,Data/800MHz/sim_001588_1N-HN.out,800.0,18.789289276185396,92.0,300.0,0.061111111111111116,5.642857142857143,5555.0,5e-09,5e-11,0.85,1.02e-10,1.86e-10,-0.00016,0.3839724354387525,22.0,1000000.0,0.005,True,1,63;47;69,40,0,0,
1589,1589,Data/800MHz/sim_001589_1N-HN.out,800.0,18.789289276185396,92.0,300.0,0.061111111111111116,6.0,5555.0,5e-09,5e-11,0.85,1.02e-10,1.86e-10,-0.00016,0.3839724354387525,22.0,1000000.0,0.005,True,1,15;69;53,40,0,0,
1590,1590,Data/800MHz/sim_001590_1N-HN.out,800.0,18.789289276185396,92.0,300.0,0.06333333333333334,1.0,5555.0,5e-09,5e-11,0.85,1.02e-10,1.86e-10,-0.00016,0.3839724354387525,22.0,1000000.0,0.005,True,1,33;7;49,40,0,0,
1591,1591,Data/800MHz/sim_001591_1N-HN.out,800.0,18.789289276185396,92.0,300.0,0.06333333333333334,1.3571428571428572,5555.0,5e-09,5e-11,0.85,1.02e-10,1.86e-10,-0.00016,0.3839724354387525,22.0,1000000.0,0.005,True,1,53;59;41,40,0,0,
1592,1592,Data/800MHz/sim_001592_1N-HN.out,800.0,18.789289276185396,92.0,300.0,0.06333333333333334,1.7142857142857144,5555.0,5e-09,5e-11,0.85,1.02e-10,1.86e-10,-0.00016,0.3839724354387525,22.0,1000000.0,0.005,True,1,75;5;51,40,0,0,
1593,1593,Data/800MHz/sim_001593_1N-HN.out,800.0,18.789289276185396,92.0,300.0,0.06333333333333334,2.071428571428571,5555.0,5e-09,5e-11,0.85,1.02e-10,1.86e-10,-0.00016,0.3839724354387525,22.0,1000000.0,0.005,True,1,29;11;7,40,0,0,
1594,1594,Data/800MHz/sim_001594_1N-HN.out,800.0,18.789289276185396,92.0,300.0,0.06333333333333334,2.428571428571429,5555.0,5e-09,5e-11,0.85,1.02e-10,1.86e-10,-0.00016,0.3839724354387525,22.0,1000000.0,0.005,True,1,15;69;9,40,0,0,
1595,1595,Data/800MHz/sim_001595_1N-HN.out,800.0,18.789289276185396,92.0,300.0,0.06333333333333334,2.7857142857142856,5555.0,5e-09,5e-11,0.85,1.02e-10,1.86e-10,-0.00016,0.3839724354387525,22.0,1000000.0,0.005,True,1,45;55;37,40,0,0,
1596,1596,Data/800MHz/sim_001596_1N-HN.out,800.0,18.789289276185396,92.0,300.0,0.06333333333333334,3.142857142857143,5555.0,5e-09,5e-11,0.85,1.02e-10,1.86e-10,-0.00016,0.3839724354387525,22.0,1000000.0,0.005,True,1,13;3;23,40,0,0,
1597,1597,Data/800MHz/sim_001597_1N-HN.out,800.0,18.789289276185396,92.0,300.0,0.06333333333333334,3.5,5555.0,5e-09,5e-11,0.85,1.02e-10,1.86e-10,-0.00016,0.3839724354387525,22.0,1000000.0,0.005,True,1,63;39;69,40,0,0,
1598,1598,Data/800MHz/sim_001598_1N-HN.out,800.0,18.789289276185396,92.0,300.0,0.06333333333333334,3.857142857142857,5555.0,5e-09,5e-11,0.85,1.02e-10,1.86e-10,-0.00016,0.3839724354387525,22.0,1000000.0,0.005,True,1,59;17;3,40,0,0,
1599,1599,Data/800MHz/sim_001599_1N-HN.out,800.0,18.789289276185396,92.0,300.0,0.06333333333333334,4.214285714285714,5555.0,5e-09,5e-11,0.85,1.02e-10,1.86e-10,-0.00016,0.3839724354387525,22.0,1000000.0,0.005,True,1,19;21;29,40,0,0,
1600,1600,Data/800MHz/sim_001600_1N-HN.out,800.0,18.789289276185396,92.0,300.0,0.06333333333333334,4.571428571428571,5555.0,5e-09,5e-11,0.85,1.02e-10,1.86e-10,-0.00016,0.3839724354387525,22.0,1000000.0,0.005,True,1,5;29;1,40,0,0,
1601,1601,Data/800MHz/sim_001601_1N-HN.out,800.0,18.789289276185396,92.0,300.0,0.06333333333333334,4.928571428571429,5555.0,5e-09,5e-11,0.85,1.02e-10,1.86e-10,-0.00016,0.3839724354387525,22.0,1000000.0,0.005,True,1,35;67;75,40,0,0,
1602,1602,Data/800MHz/sim_001602_1N-HN.out,800.0,18.789289276185396,92.0,300.0,0.06333333333333334,5.285714285714286,5555.0,5e-09,5e-11,0.85,1.02e-10,1.86e-10,-0.00016,0.3839724354387525,22.0,1000000.0,0.005,True,1,29;77;15,40,0,0,
1603,1603,Data/800MHz/sim_001603_1N-HN.out,800.0,18.789289276185396,92.0,300.0,0.06333333333333334,5.642857142857143,5555.0,5e-09,5e-11,0.85,1.02e-10,1.86e-10,-0.00016,0.3839724354387525,22.0,1000000.0,0.005,True,1,45;53;23,40,0,0,
1604,1604,Data/800MHz/sim_001604_1N-HN.out,800.0,18.789289276185396,92.0,300.0,0.06333333333333334,6.0,5555.0,5e-09,5e-11,0.85,1.02e-10,1.86e-10,-0.00016,0.3839724354387525,22.0,1000000.0,0.005,True,1,35;11;37,40,0,0,
1605,1605,Data/800MHz/sim_001605_1N-HN.out,800.0,18.789289276185396,92.0,300.0,0.06555555555555556,1.0,5555.0,5e-09,5e-11,0.85,1.02e-10,1.86e-10,-0.00016,0.3839724354387525,22.0,1000000.0,0.005,True,1,13;65;5,40,0,0,
1606,1606,Data/800MHz/sim_001606_1N-HN.out,800.0,18.789289276185396,92.0,300.0,0.06555555555555556,1.3571428571428572,5555.0,5e-09,5e-11,0.85,1.02e-10,1.86e-10,-0.00016,0.3839724354387525,22.0,1000000.0,0.005,True,1,51;17;25,40,0,0,
1607,1607,Data/800MHz/sim_001607_1N-HN.out,800.0,18.789289276185396,92.0,300.0,0.06555555555555556,1.7142857142857144,5555.0,5e-09,5e-11,0.85,1.02e-10,1.86e-10,-0.00016,0.3839724354387525,22.0,1000000.0,0.005,True,1,41;21;37,40,0,0,
1608,1608,Data/800MHz/sim_001608_1N-HN.out,800.0,18.789289276185396,92.0,300.0,0.06555555555555556,2.071428571428571,5555.0,5e-09,5e-11,0.85,1.02e-10,1.86e-10,-0.00016,0.3839724354387525,22.0,1000000.0,0.005,True,1,71;43;49,40,0,0,
1609,1609,Data/800MHz/sim_001609_1N-HN.out,800.0,18.789289276185396,92.0,300.0,0.06555555555555556,2.428571428571429,5555.0,5e-09,5e-11,0.85,1.02e-10,1.86e-10,-0.00016,0.3839724354387525,22.0,1000000.0,0.005,True,1,1;33;49,40,0,0,
1610,1610,Data/800MHz/sim_001610_1N-HN.out,800.0,18.789289276185396,92.0,300.0,0.06555555555555556,2.7857142857142856,5555.0,5e-09,5e-11,0.85,1.02e-10,1.86e-10,-0.00016,0.3839724354387525,22.0,1000000.0,0.005,True,1,41;11;5,40,0,0,
1611,1611,Data/800MHz/sim_001611_1N-HN.out,800.0,18.789289276185396,92.0,300.0,0.06555555555555556,3.142857142857143,5555.0,5e-09,5e-11,0.85,1.02e-10,1.86e-10,-0.00016,0.3839724354387525,22.0,1000000.0,0.005,True,1,57;35;9,40,0,0,
1612,1612,Data/800MHz/sim_001612_1N-HN.out,800.0,18.789289276185396,92.0,300.0,0.06555555555555556,3.5,5555.0,5e-09,5e-11,0.85,1.02e-10,1.86e-10,-0.00016,0.3839724354387525,22.0,1000000.0,0.005,True,1,23;73;79,40,0,0,
1613,1613,Data/800MHz/sim_001613_1N-HN.out,800.0,18.789289276185396,92.0,300.0,0.06555555555555556,3.857142857142857,5555.0,5e-09,5e-11,0.85,1.02e-10,1.86e-10,-0.00016,0.3839724354387525,22.0,1000000.0,0.005,True,1,65;67;55,40,0,0,
1614,1614,Data/800MHz/sim_001614_1N-HN.out,800.0,18.789289276185396,92.0,300.0,0.06555555555555556,4.214285714285714,5555.0,5e-09,5e-11,0.85,1.02e-10,1.86e-10,-0.00016,0.3839724354387525,22.0,1000000.0,0.005,True,1,5;65;21,40,0,0,
1615,1615,Data/800MHz/sim_001615_1N-HN.out,800.0,18.789289276185396,92.0,300.0,0.06555555555555556,4.571428571428571,5555.0,5e-09,5e-11,0.85,1.02e-10,1.86e-10,-0.00016,0.3839724354387525,22.0,1000000.0,0.005,True,1,33;23;59,40,0,0,
1616,1616,Data/800MHz/sim_001616_1N-HN.out,800.0,18.789289276185396,92.0,300.0,0.06555555555555556,4.928571428571429,5555.0,5e-09,5e-11,0.85,1.02e-10,1.86e-10,-0.00016,0.3839724354387525,22.0,1000000.0,0.005,True,1,27;65;23,40,0,0,
1617,1617,Data/800MHz/sim_001617_1N-HN.out,800.0,18.789289276185396,92.0,300.0,0.06555555555555556,5.285714285714286,5555.0,5e-09,5e-11,0.85,1.02e-10,1.86e-10,-0.00016,0.3839724354387525,22.0,1000000.0,0.005,True,1,5;29;49,40,0,0,
1618,1618,Data/800MHz/sim_001618_1N-HN.out,800.0,18.789289276185396,92.0,300.0,0.06555555555555556,5.642857142857143,5555.0,5e-09,5e-11,0.85,1.02e-10,1.86e-10,-0.00016,0.3839724354387525,22.0,1000000.0,0.005,True,1,49;65;61,40,0,0,
1619,1619,Data/800MHz/sim_001619_1N-HN.out,800.0,18.789289276185396,92.0,300.0,0.06555555555555556,6.0,5555.0,5e-09,5e-11,0.85,1.02e-10,1.86e-10,-0.00016,0.3839724354387525,22.0,1000000.0,0.005,True,1,41;21;31,40,0,0,
1620,1620,Data/800MHz/sim_001620_1N-HN.out,800.0,18.789289276185396,92.0,300.0,0.06777777777777778,1.0,5555.0,5e-09,5e-11,0.85,1.02e-10,1.86e-10,-0.00016,0.3839724354387525,22.0,1000000.0,0.005,True,1,51;17;65,40,0,0,
1621,1621,Data/800MHz/sim_001621_1N-HN.out,800.0,18.789289276185396,92.0,300.0,0.06777777777777778,1.3571428571428572,5555.0,5e-09,5e-11,0.85,1.02e-10,1.86e-10,-0.00016,0.3839724354387525,22.0,1000000.0,0.005,True,1,59;65;33,40,0,0,
1622,1622,Data/800MHz/sim_001622_1N-HN.out,800.0,18.789289276185396,92.0,300.0,0.06777777777777778,1.7142857142857144,5555.0,5e-09,5e-11,0.85,1.02e-10,1.86e-10,-0.00016,0.3839724354387525,22.0,1000000.0,0.005,True,1,41;67;57,40,0,0,
1623,1623,Data/800MHz/sim_001623_1N-HN.out,800.0,18.789289276185396,92.0,300.0,0.06777777777777778,2.071428571428571,5555.0,5e-09,5e-11,0.85,1.02e-10,1.86e-10,-0.00016,0.3839724354387525,22.0,1000000.0,0.005,True,1,65;77;17,40,0,0,
1624,1624,Data/800MHz/sim_001624_1N-HN.out,800.0,18.789289276185396,92.0,300.0,0.06777777777777778,2.428571428571429,5555.0,5e-09,5e-11,0.85,1.02e-10,1.86e-10,-0.00016,0.3839724354387525,22.0,1000000.0,0.005,True,1,11;31;19,40,0,0,
1625,1625,Data/800MHz/sim_001625_1N-HN.out,800.0,18.789289276185396,92.0,300.0,0.06777777777777778,2.7857142857142856,5555.0,5e-09,5e-11,0.85,1.02e-10,1.86e-10,-0.00016,0.3839724354387525,22.0,1000000.0,0.005,True,1,13;69;27,40,0,0,
1626,1626,Data/800MHz/sim_001626_1N-HN.out,800.0,18.789289276185396,92.0,300.0,0.06777777777777778,3.142857142857143,5555.0,5e-09,5e-11,0.85,1.02e-10,1.86e-10,-0.00016,0.3839724354387525,22.0,1000000.0,0.005,True,1,51;37;65,40,0,0,
1627,1627,Data/800MHz/sim_001627_1N-HN.out,800.0,18.789289276185396,92.0,300.0,0.06777777777777778,3.5,5555.0,5e-09,5e-11,0.85,1.02e-10,1.86e-10,-0.00016,0.3839724354387525,22.0,1000000.0,0.005,True,1,37;49;11,40,0,0,
1628,1628,Data/800MHz/sim_001628_1N-HN.out,800.0,18.789289276185396,92.0,300.0,0.06777777777777778,3.857142857142857,5555.0,5e-09,5e-11,0.85,1.02e-10,1.86e-10,-0.00016,0.3839724354387525,22.0,1000000.0,0.005,True,1,41;5;71,40,0,0,
1629,1629,Data/800MHz/sim_001629_1N-HN.out,800.0,18.789289276185396,92.0,300.0,0.06777777777777778,4.214285714285714,5555.0,5e-09,5e-11,0.85,1.02e-10,1.86e-10,-0.00016,0.3839724354387525,22.0,1000000.0,0.005,True,1,47;7;21,40,0,0,
1630,1630,Data/800MHz/sim_001630_1N-HN.out,800.0,18.789289276185396,92.0,300.0,0.06777777777777778,4.571428571428571,5555.0,5e-09,5e-11,0.85,1.02e-10,1.86e-10,-0.00016,0.3839724354387525,22.0,1000000.0,0.005,True,1,15;11;7,40,0,0,
1631,1631,Data/800MHz/sim_001631_1N-HN.out,800.0,18.789289276185396,92.0,300.0,0.06777777777777778,4.928571428571429,5555.0,5e-09,5e-11,0.85,1.02e-10,1.86e-10,-0.00016,0.3839724354387525,22.0,1000000.0,0.005,True,1,7;39;25,40,0,0,
1632,1632,Data/800MHz/sim_001632_1N-HN.out,800.0,18.789289276185396,92.0,300.0,0.06777777777777778,5.285714285714286,5555.0,5e-09,5e-11,0.85,1.02e-10,1.86e-10,-0.00016,0.3839724354387525,22.0,1000000.0,0.005,True,1,37;63;35,40,0,0,
1633,1633,Data/800MHz/sim_001633_1N-HN.out,800.0,18.789289276185396,92.0,300.0,0.06777777777777778,5.642857142857143,5555.0,5e-09,5e-11,0.85,1.02e-10,1.86e-10,-0.00016,0.3839724354387525,22.0,1000000.0,0.005,True,1,29;31;43,40,0,0,
1634,1634,Data/800MHz/sim_001634_1N-HN.out,800.0,18.789289276185396,92.0,300.0,0.06777777777777778,6.0,5555.0,5e-09,5e-11,0.85,1.02e-10,1.86e-10,-0.00016,0.3839724354387525,22.0,1000000.0,0.005,True,1,35;37;47,40,0,0,
1635,1635,Data/800MHz/sim_001635_1N-HN.out,800.0,18.789289276185396,92.0,300.0,0.07,1.0,5555.0,5e-09,5e-11,0.85,1.02e-10,1.86e-10,-0.00016,0.3839724354387525,22.0,1000000.0,0.005,True,1,31;33;75,40,0,0,
1636,1636,Data/800MHz/sim_001636_1N-HN.out,800.0,18.789289276185396,92.0,300.0,0.07,1.3571428571428572,5555.0,5e-09,5e-11,0.85,1.02e-10,1.86e-10,-0.00016,0.3839724354387525,22.0,1000000.0,0.005,True,1,15;77;57,40,0,0,
1637,1637,Data/800MHz/sim_001637_1N-HN.out,800.0,18.789289276185396,92.0,300.0,0.07,1.7142857142857144,5555.0,5e-09,5e-11,0.85,1.02e-10,1.86e-10,-0.00016,0.3839724354387525,22.0,1000000.0,0.005,True,1,43;69;71,40,0,0,
1638,1638,Data/800MHz/sim_001638_1N-HN.out,800.0,18.789289276185396,92.0,300.0,0.07,2.071428571428571,5555.0,5e-09,5e-11,0.85,1.02e-10,1.86e-10,-0.00016,0.3839724354387525,22.0,1000000.0,0.005,True,1,33;57;41,40,0,0,
1639,1639,Data/800MHz/sim_001639_1N-HN.out,800.0,18.789289276185396,92.0,300.0,0.07,2.428571428571429,5555.0,5e-09,5e-11,0.85,1.02e-10,1.86e-10,-0.00016,0.3839724354387525,22.0,1000000.0,0.005,True,1,61;59;49,40,0,0,
1640,1640,Data/800MHz/sim_001640_1N-HN.out,800.0,18.789289276185396,92.0,300.0,0.07,2.7857142857142856,5555.0,5e-09,5e-11,0.85,1.02e-10,1.86e-10,-0.00016,0.3839724354387525,22.0,1000000.0,0.005,True,1,5;65;19,40,0,0,
1641,1641,Data/800MHz/sim_001641_1N-HN.out,800.0,18.789289276185396,92.0,300.0,0.07,3.142857142857143,5555.0,5e-09,5e-11,0.85,1.02e-10,1.86e-10,-0.00016,0.3839724354387525,22.0,1000000.0,0.005,True,1,77;61;31,40,0,0,
1642,1642,Data/800MHz/sim_001642_1N-HN.out,800.0,18.789289276185396,92.0,300.0,0.07,3.5,5555.0,5e-09,5e-11,0.85,1.02e-10,1.86e-10,-0.00016,0.3839724354387525,22.0,1000000.0,0.005,True,1,25;53;51,40,0,0,
1643,1643,Data/800MHz/sim_001643_1N-HN.out,800.0,18.789289276185396,92.0,300.0,0.07,3.857142857142857,5555.0,5e-09,5e-11,0.85,1.02e-10,1.86e-10,-0.00016,0.3839724354387525,22.0,1000000.0,0.005,True,1,3;31;43,40,0,0,
1644,1644,Data/800MHz/sim_001644_1N-HN.out,800.0,18.789289276185396,92.0,300.0,0.07,4.214285714285714,5555.0,5e-09,5e-11,0.85,1.02e-10,1.86e-10,-0.00016,0.3839724354387525,22.0,1000000.0,0.005,True,1,79;37;31,40,0,0,
1645,1645,Data/800MHz/sim_001645_1N-HN.out,800.0,18.789289276185396,92.0,300.0,0.07,4.571428571428571,5555.0,5e-09,5e-11,0.85,1.02e-10,1.86e-10,-0.00016,0.3839724354387525,22.0,1000000.0,0.005,True,1,3;65;47,40,0,0,
1646,1646,Data/800MHz/sim_001646_1N-HN.out,800.0,18.789289276185396,92.0,300.0,0.07,4.928571428571429,5555.0,5e-09,5e-11,0.85,1.02e-10,1.86e-10,-0.00016,0.3839724354387525,22.0,1000000.0,0.005,True,1,37;9;17,40,0,0,
1647,1647,Data/800MHz/sim_001647_1N-HN.out,800.0,18.789289276185396,92.0,300.0,0.07,5.285714285714286,5555.0,5e-09,5e-11,0.85,1.02e-10,1.86e-10,-0.00016,0.3839724354387525,22.0,1000000.0,0.005,True,1,73;67;9,40,0,0,
1648,1648,Data/800MHz/sim_001648_1N-HN.out,800.0,18.789289276185396,92.0,300.0,0.07,5.642857142857143,5555.0,5e-09,5e-11,0.85,1.02e-10,1.86e-10,-0.00016,0.3839724354387525,22.0,1000000.0,0.005,True,1,47;29;75,40,0,0,
1649,1649,Data/800MHz/sim_001649_1N-HN.out,800.0,18.789289276185396,92.0,300.0,0.07,6.0,5555.0,5e-09,5e-11,0.85,1.02e-10,1.86e-10,-0.00016,0.3839724354387525,22.0,1000000.0,0.005,True,1,15;3;29,40,0,0,
1650,1650,Data/800MHz/sim_001650_1N-HN.out,800.0,18.789289276185396,92.0,488.8888888888889,0.05,1.0,5555.0,5e-09,5e-11,0.85,1.02e-10,1.86e-10,-0.00016,0.3839724354387525,22.0,1000000.0,0.005,True,1,47;49;79,40,0,0,
1651,1651,Data/800MHz/sim_001651_1N-HN.out,800.0,18.789289276185396,92.0,488.8888888888889,0.05,1.3571428571428572,5555.0,5e-09,5e-11,0.85,1.02e-10,1.86e-10,-0.00016,0.3839724354387525,22.0,1000000.0,0.005,True,1,3;41;47,40,0,0,
1652,1652,Data/800MHz/sim_001652_1N-HN.out,800.0,18.789289276185396,92.0,488.8888888888889,0.05,1.7142857142857144,5555.0,5e-09,5e-11,0.85,1.02e-10,1.86e-10,-0.00016,0.3839724354387525,22.0,1000000.0,0.005,True,1,19;15;65,40,0,0,
1653,1653,Data/800MHz/sim_001653_1N-HN.out,800.0,18.789289276185396,92.0,488.8888888888889,0.05,2.071428571428571,5555.0,5e-09,5e-11,0.85,1.02e-10,1.86e-10,-0.00016,0.3839724354387525,22.0,1000000.0,0.005,True,1,47;27;37,40,0,0,
1654,1654,Data/800MHz/sim_001654_1N-HN.out,800.0,18.789289276185396,92.0,488.8888888888889,0.05,2.428571428571429,5555.0,5e-09,5e-11,0.85,1.02e-10,1.86e-10,-0.00016,0.3839724354387525,22.0,1000000.0,0.005,True,1,15;69;59,40,0,0,
1655,1655,Data/800MHz/sim_001655_1N-HN.out,800.0,18.789289276185396,92.0,488.8888888888889,0.05,2.7857142857142856,5555.0,5e-09,5e-11,0.85,1.02e-10,1.86e-10,-0.00016,0.3839724354387525,22.0,1000000.0,0.005,True,1,25;59;9,40,0,0,
1656,1656,Data/800MHz/sim_001656_1N-HN.out,800.0,18.789289276185396,92.0,488.8888888888889,0.05,3.142857142857143,5555.0,5e-09,5e-11,0.85,1.02e-10,1.86e-10,-0.00016,0.3839724354387525,22.0,1000000.0,0.005,True,1,39;69;43,40,0,0,
1657,1657,Data/800MHz/sim_001657_1N-HN.out,800.0,18.789289276185396,92.0,488.8888888888889,0.05,3.5,5555.0,5e-09,5e-11,0.85,1.02e-10,1.86e-10,-0.00016,0.3839724354387525,22.0,1000000.0,0.005,True,1,45;61;73,40,0,0,
1658,1658,Data/800MHz/sim_001658_1N-HN.out,800.0,18.789289276185396,92.0,488.8888888888889,0.05,3.857142857142857,5555.0,5e-09,5e-11,0.85,1.02e-10,1.86e-10,-0.00016,0.3839724354387525,22.0,1000000.0,0.005,True,1,29;71;23,40,0,0,
1659,1659,Data/800MHz/sim_001659_1N-HN.out,800.0,18.789289276185396,92.0,488.8888888888889,0.05,4.214285714285714,5555.0,5e-09,5e-11,0.85,1.02e-10,1.86e-10,-0.00016,0.3839724354387525,22.0,1000000.0,0.005,True,1,79;19;35,40,0,0,
1660,1660,Data/800MHz/sim_001660_1N-HN.out,800.0,18.789289276185396,92.0,488.8888888888889,0.05,4.571428571428571,5555.0,5e-09,5e-11,0.85,1.02e-10,1.86e-10,-0.00016,0.3839724354387525,22.0,1000000.0,0.005,True,1,55;3;23,40,0,0,
1661,1661,Data/800MHz/sim_001661_1N-HN.out,800.0,18.789289276185396,92.0,488.8888888888889,0.05,4.928571428571429,5555.0,5e-09,5e-11,0.85,1.02e-10,1.86e-10,-0.00016,0.3839724354387525,22.0,1000000.0,0.005,True,1,79;75;51,40,0,0,
1662,1662,Data/800MHz/sim_001662_1N-HN.out,800.0,18.789289276185396,92.0,488.8888888888889,0.05,5.285714285714286,5555.0,5e-09,5e-11,0.85,1.02e-10,1.86e-10,-0.00016,0.3839724354387525,22.0,1000000.0,0.005,True,1,69;53;13,40,0,0,
1663,1663,Data/800MHz/sim_001663_1N-HN.out,800.0,18.789289276185396,92.0,488.8888888888889,0.05,5.642857142857143,5555.0,5e-09,5e-11,0.85,1.02e-10,1.86e-10,-0.00016,0.3839724354387525,22.0,1000000.0,0.005,True,1,75;19;29,40,0,0,
1664,1664,Data/800MHz/sim_001664_1N-HN.out,800.0,18.789289276185396,92.0,488.8888888888889,0.05,6.0,5555.0,5e-09,5e-11,0.85,1.02e-10,1.86e-10,-0.00016,0.3839724354387525,22.0,1000000.0,0.005,True,1,31;55;39,40,0,0,
1665,1665,Data/800MHz/sim_001665_1N-HN.out,800.0,18.789289276185396,92.0,488.8888888888889,0.052222222222222225,1.0,5555.0,5e-09,5e-11,0.85,1.02e-10,1.86e-10,-0.00016,0.3839724354387525,22.0,1000000.0,0.005,True,1,49;53;71,40,0,0,
1666,1666,Data/800MHz/sim_001666_1N-HN.out,800.0,18.789289276185396,92.0,488.8888888888889,0.052222222222222225,1.3571428571428572,5555.0,5e-09,5e-11,0.85,1.02e-10,1.86e-10,-0.00016,0.3839724354387525,22.0,1000000.0,0.005,True,1,67;21;65,40,0,0,
1667,1667,Data/800MHz/sim_001667_1N-HN.out,800.0,18.789289276185396,92.0,488.8888888888889,0.052222222222222225,1.7142857142857144,5555.0,5e-09,5e-11,0.85,1.02e-10,1.86e-10,-0.00016,0.3839724354387525,22.0,1000000.0,0.005,True,1,35;73;43,40,0,0,
1668,1668,Data/800MHz/sim_001668_1N-HN.out,800.0,18.789289276185396,92.0,488.8888888888889,0.052222222222222225,2.071428571428571,5555.0,5e-09,5e-11,0.85,1.02e-10,1.86e-10,-0.00016,0.3839724354387525,22.0,1000000.0,0.005,True,1,5;65;41,40,0,0,
1669,1669,Data/800MHz/sim_001669_1N-HN.out,800.0,18.789289276185396,92.0,488.8888888888889,0.052222222222222225,2.428571428571429,5555.0,5e-09,5e-11,0.85,1.02e-10,1.86e-10,-0.00016,0.3839724354387525,22.0,1000000.0,0.005,True,1,51;71;5,40,0,0,
1670,1670,Data/800MHz/sim_001670_1N-HN.out,800.0,18.789289276185396,92.0,488.8888888888889,0.052222222222222225,2.7857142857142856,5555.0,5e-09,5e-11,0.85,1.02e-10,1.86e-10,-0.00016,0.3839724354387525,22.0,1000000.0,0.005,True,1,33;9;71,40,0,0,
1671,1671,Data/800MHz/sim_001671_1N-HN.out,800.0,18.789289276185396,92.0,488.8888888888889,0.052222222222222225,3.142857142857143,5555.0,5e-09,5e-11,0.85,1.02e-10,1.86e-10,-0.00016,0.3839724354387525,22.0,1000000.0,0.005,True,1,51;59;29,40,0,0,
1672,1672,Data/800MHz/sim_001672_1N-HN.out,800.0,18.789289276185396,92.0,488.8888888888889,0.052222222222222225,3.5,5555.0,5e-09,5e-11,0.85,1.02e-10,1.86e-10,-0.00016,0.3839724354387525,22.0,1000000.0,0.005,True,1,1;47;15,40,0,0,
1673,1673,Data/800MHz/sim_001673_1N-HN.out,800.0,18.789289276185396,92.0,488.8888888888889,0.052222222222222225,3.857142857142857,5555.0,5e-09,5e-11,0.85,1.02e-10,1.86e-10,-0.00016,0.3839724354387525,22.0,1000000.0,0.005,True,1,3;11;17,40,0,0,
1674,1674,Data/800MHz/sim_001674_1N-HN.out,800.0,18.789289276185396,92.0,488.8888888888889,0.052222222222222225,4.214285714285714,5555.0,5e-09,5e-11,0.85,1.02e-10,1.86e-10,-0.00016,0.3839724354387525,22.0,1000000.0,0.005,True,1,45;69;7,40,0,0,
1675,1675,Data/800MHz/sim_001675_1N-HN.out,800.0,18.789289276185396,92.0,488.8888888888889,0.052222222222222225,4.571428571428571,5555.0,5e-09,5e-11,0.85,1.02e-10,1.86e-10,-0.00016,0.3839724354387525,22.0,1000000.0,0.005,True,1,61;25;55,40,0,0,
1676,1676,Data/800MHz/sim_001676_1N-HN.out,800.0,18.789289276185396,92.0,488.8888888888889,0.052222222222222225,4.928571428571429,5555.0,5e-09,5e-11,0.85,1.02e-10,1.86e-10,-0.00016,0.3839724354387525,22.0,1000000.0,0.005,True,1,65;63;23,40,0,0,
1677,1677,Data/800MHz/sim_001677_1N-HN.out,800.0,18.789289276185396,92.0,488.8888888888889,0.052222222222222225,5.285714285714286,5555.0,5e-09,5e-11,0.85,1.02e-10,1.86e-10,-0.00016,0.3839724354387525,22.0,1000000.0,0.005,True,1,11;77;23,40,0,0,
1678,1678,Data/800MHz/sim_001678_1N-HN.out,800.0,18.789289276185396,92.0,488.8888888888889,0.052222222222222225,5.642857142857143,5555.0,5e-09,5e-11,0.85,1.02e-10,1.86e-10,-0.00016,0.3839724354387525,22.0,1000000.0,0.005,True,1,15;79;19,40,0,0,
1679,1679,Data/800MHz/sim_001679_1N-HN.out,800.0,18.789289276185396,92.0,488.8888888888889,0.052222222222222225,6.0,5555.0,5e-09,5e-11,0.85,1.02e-10,1.86e-10,-0.00016,0.3839724354387525,22.0,1000000.0,0.005,True,1,17;79;53,40,0,0,
1680,1680,Data/800MHz/sim_001680_1N-HN.out,800.0,18.789289276185396,92.0,488.8888888888889,0.05444444444444445,1.0,5555.0,5e-09,5e-11,0.85,1.02e-10,1.86e-10,-0.00016,0.3839724354387525,22.0,1000000.0,0.005,True,1,61;47;21,40,0,0,
1681,1681,Data/800MHz/sim_001681_1N-HN.out,800.0,18.789289276185396,92.0,488.8888888888889,0.05444444444444445,1.3571428571428572,5555.0,5e-09,5e-11,0.85,1.02e-10,1.86e-10,-0.00016,0.3839724354387525,22.0,1000000.0,0.005,True,1,41;47;73,40,0,0,
1682,1682,Data/800MHz/sim_001682_1N-HN.out,800.0,18.789289276185396,92.0,488.8888888888889,0.05444444444444445,1.7142857142857144,5555.0,5e-09,5e-11,0.85,1.02e-10,1.86e-10,-0.00016,0.3839724354387525,22.0,1000000.0,0.005,True,1,19;41;9,40,0,0,
1683,1683,Data/800MHz/sim_001683_1N-HN.out,800.0,18.789289276185396,92.0,488.8888888888889,0.05444444444444445,2.071428571428571,5555.0,5e-09,5e-11,0.85,1.02e-10,1.86e-10,-0.00016,0.3839724354387525,22.0,1000000.0,0.005,True,1,15;17;73,40,0,0,
1684,1684,Data/800MHz/sim_001684_1N-HN.out,800.0,18.789289276185396,92.0,488.8888888888889,0.05444444444444445,2.428571428571429,5555.0,5e-09,5e-11,0.85,1.02e-10,1.86e-10,-0.00016,0.3839724354387525,22.0,1000000.0,0.005,True,1,7;53;13,40,0,0,
1685,1685,Data/800MHz/sim_001685_1N-HN.out,800.0,18.789289276185396,92.0,488.8888888888889,0.05444444444444445,2.7857142857142856,5555.0,5e-09,5e-11,0.85,1.02e-10,1.86e-10,-0.00016,0.3839724354387525,22.0,1000000.0,0.005,True,1,69;51;17,40,0,0,
1686,1686,Data/800MHz/sim_001686_1N-HN.out,800.0,18.789289276185396,92.0,488.8888888888889,0.05444444444444445,3.142857142857143,5555.0,5e-09,5e-11,0.85,1.02e-10,1.86e-10,-0.00016,0.3839724354387525,22.0,1000000.0,0.005,True,1,69;5;47,40,0,0,
1687,1687,Data/800MHz/sim_001687_1N-HN.out,800.0,18.789289276185396,92.0,488.8888888888889,0.05444444444444445,3.5,5555.0,5e-09,5e-11,0.85,1.02e-10,1.86e-10,-0.00016,0.3839724354387525,22.0,1000000.0,0.005,True,1,43;1;31,40,0,0,
1688,1688,Data/800MHz/sim_001688_1N-HN.out,800.0,18.789289276185396,92.0,488.8888888888889,0.05444444444444445,3.857142857142857,5555.0,5e-09,5e-11,0.85,1.02e-10,1.86e-10,-0.00016,0.3839724354387525,22.0,1000000.0,0.005,True,1,23;15;73,40,0,0,
1689,1689,Data/800MHz/sim_001689_1N-HN.out,800.0,18.789289276185396,92.0,488.8888888888889,0.05444444444444445,4.214285714285714,5555.0,5e-09,5e-11,0.85,1.02e-10,1.86e-10,-0.00016,0.3839724354387525,22.0,1000000.0,0.005,True,1,7;31;13,40,0,0,
1690,1690,Data/800MHz/sim_001690_1N-HN.out,800.0,18.789289276185396,92.0,488.8888888888889,0.05444444444444445,4.571428571428571,5555.0,5e-09,5e-11,0.85,1.02e-10,1.86e-10,-0.00016,0.3839724354387525,22.0,1000000.0,0.005,True,1,9;71;1,40,0,0,
1691,1691,Data/800MHz/sim_001691_1N-HN.out,800.0,18.789289276185396,92.0,488.8888888888889,0.05444444444444445,4.928571428571429,5555.0,5e-09,5e-11,0.85,1.02e-10,1.86e-10,-0.00016,0.3839724354387525,22.0,1000000.0,0.005,True,1,35;75;27,40,0,0,
1692,1692,Data/800MHz/sim_001692_1N-HN.out,800.0,18.789289276185396,92.0,488.8888888888889,0.05444444444444445,5.285714285714286,5555.0,5e-09,5e-11,0.85,1.02e-10,1.86e-10,-0.00016,0.3839724354387525,22.0,1000000.0,0.005,True,1,57;29;53,40,0,0,
1693,1693,Data/800MHz/sim_001693_1N-HN.out,800.0,18.789289276185396,92.0,488.8888888888889,0.05444444444444445,5.642857142857143,5555.0,5e-09,5e-11,0.85,1.02e-10,1.86e-10,-0.00016,0.3839724354387525,22.0,1000000.0,0.005,True,1,59;7;9,40,0,0,
1694,1694,Data/800MHz/sim_001694_1N-HN.out,800.0,18.789289276185396,92.0,488.8888888888889,0.05444444444444445,6.0,5555.0,5e-09,5e-11,0.85,1.02e-10,1.86e-10,-0.00016,0.3839724354387525,22.0,1000000.0,0.005,True,1,25;3;19,40,0,0,
1695,1695,Data/800MHz/sim_001695_1N-HN.out,800.0,18.789289276185396,92.0,488.8888888888889,0.05666666666666667,1.0,5555.0,5e-09,5e-11,0.85,1.02e-10,1.86e-10,-0.00016,0.3839724354387525,22.0,1000000.0,0.005,True,1,69;47;33,40,0,0,
1696,1696,Data/800MHz/sim_001696_1N-HN.out,800.0,18.789289276185396,92.0,488.8888888888889,0.05666666666666667,1.3571428571428572,5555.0,5e-09,5e-11,0.85,1.02e-10,1.86e-10,-0.00016,0.3839724354387525,22.0,1000000.0,0.005,True,1,53;13;41,40,0,0,
1697,1697,Data/800MHz/sim_001697_1N-HN.out,800.0,18.789289276185396,92.0,488.8888888888889,0.05666666666666667,1.7142857142857144,5555.0,5e-09,5e-11,0.85,1.02e-10,1.86e-10,-0.00016,0.3839724354387525,22.0,1000000.0,0.005,True,1,33;63;75,40,0,0,
1698,1698,Data/800MHz/sim_001698_1N-HN.out,800.0,18.789289276185396,92.0,488.8888888888889,0.05666666666666667,2.071428571428571,5555.0,5e-09,5e-11,0.85,1.02e-10,1.86e-10,-0.00016,0.3839724354387525,22.0,1000000.0,0.005,True,1,7;47;51,40,0,0,
1699,1699,Data/800MHz/sim_001699_1N-HN.out,800.0,18.789289276185396,92.0,488.8888888888889,0.05666666666666667,2.428571428571429,5555.0,5e-09,5e-11,0.85,1.02e-10,1.86e-10,-0.00016,0.3839724354387525,22.0,1000000.0,0.005,True,1,23;75;51,40,0,0,
1700,1700,Data/800MHz/sim_001700_1N-HN.out,800.0,18.789289276185396,92.0,488.8888888888889,0.05666666666666667,2.7857142857142856,5555.0,5e-09,5e-11,0.85,1.02e-10,1.86e-10,-0.00016,0.3839724354387525,22.0,1000000.0,0.005,True,1,73;27;25,40,0,0,
1701,1701,Data/800MHz/sim_001701_1N-HN.out,800.0,18.789289276185396,92.0,488.8888888888889,0.05666666666666667,3.142857142857143,5555.0,5e-09,5e-11,0.85,1.02e-10,1.86e-10,-0.00016,0.3839724354387525,22.0,1000000.0,0.005,True,1,53;11;73,40,0,0,
1702,1702,Data/800MHz/sim_001702_1N-HN.out,800.0,18.789289276185396,92.0,488.8888888888889,0.05666666666666667,3.5,5555.0,5e-09,5e-11,0.85,1.02e-10,1.86e-10,-0.00016,0.3839724354387525,22.0,1000000.0,0.005,True,1,51;45;25,40,0,0,
1703,1703,Data/800MHz/sim_001703_1N-HN.out,800.0,18.789289276185396,92.0,488.8888888888889,0.05666666666666667,3.857142857142857,5555.0,5e-09,5e-11,0.85,1.02e-10,1.86e-10,-0.00016,0.3839724354387525,22.0,1000000.0,0.005,True,1,79;5;67,40,0,0,
1704,1704,Data/800MHz/sim_001704_1N-HN.out,800.0,18.789289276185396,92.0,488.8888888888889,0.05666666666666667,4.214285714285714,5555.0,5e-09,5e-11,0.85,1.02e-10,1.86e-10,-0.00016,0.3839724354387525,22.0,1000000.0,0.005,True,1,19;75;77,40,0,0,
1705,1705,Data/800MHz/sim_001705_1N-HN.out,800.0,18.789289276185396,92.0,488.8888888888889,0.05666666666666667,4.571428571428571,5555.0,5e-09,5e-11,0.85,1.02e-10,1.86e-10,-0.00016,0.3839724354387525,22.0,1000000.0,0.005,True,1,67;39;19,40,0,0,
1706,1706,Data/800MHz/sim_001706_1N-HN.out,800.0,18.789289276185396,92.0,488.8888888888889,0.05666666666666667,4.928571428571429,5555.0,5e-09,5e-11,0.85,1.02e-10,1.86e-10,-0.00016,0.3839724354387525,22.0,1000000.0,0.005,True,1,45;25;53,40,0,0,
1707,1707,Data/800MHz/sim_001707_1N-HN.out,800.0,18.789289276185396,92.0,488.8888888888889,0.05666666666666667,5.285714285714286,5555.0,5e-09,5e-11,0.85,1.02e-10,1.86e-10,-0.00016,0.3839724354387525,22.0,1000000.0,0.005,True,1,53;19;29,40,0,0,
1708,1708,Data/800MHz/sim_001708_1N-HN.out,800.0,18.789289276185396,92.0,488.8888888888889,0.05666666666666667,5.642857142857143,5555.0,5e-09,5e-11,0.85,1.02e-10,1.86e-10,-0.00016,0.3839724354387525,22.0,1000000.0,0.005,True,1,75;67;35,40,0,0,
1709,1709,Data/800MHz/sim_001709_1N-HN.out,800.0,18.789289276185396,92.0,488.8888888888889,0.05666666666666667,6.0,5555.0,5e-09,5e-11,0.85,1.02e-10,1.86e-10,-0.00016,0.3839724354387525,22.0,1000000.0,0.005,True,1,53;13;45,40,0,0,
1710,1710,Data/800MHz/sim_001710_1N-HN.out,800.0,18.789289276185396,92.0,488.8888888888889,0.05888888888888889,1.0,5555.0,5e-09,5e-11,0.85,1.02e-10,1.86e-10,-0.00016,0.3839724354387525,22.0,1000000.0,0.005,True,1,35;63;37,40,0,0,
1711,1711,Data/800MHz/sim_001711_1N-HN.out,800.0,18.789289276185396,92.0,488.8888888888889,0.05888888888888889,1.3571428571428572,5555.0,5e-09,5e-11,0.85,1.02e-10,1.86e-10,-0.00016,0.3839724354387525,22.0,1000000.0,0.005,True,1,71;61;11,40,0,0,
1712,1712,Data/800MHz/sim_001712_1N-HN.out,800.0,18.789289276185396,92.0,488.8888888888889,0.05888888888888889,1.7142857142857144,5555.0,5e-09,5e-11,0.85,1.02e-10,1.86e-10,-0.00016,0.3839724354387525,22.0,1000000.0,0.005,True,1,67;29;5,40,0,0,
1713,1713,Data/800MHz/sim_001713_1N-HN.out,800.0,18.789289276185396,92.0,488.8888888888889,0.05888888888888889,2.071428571428571,5555.0,5e-09,5e-11,0.85,1.02e-10,1.86e-10,-0.00016,0.3839724354387525,22.0,1000000.0,0.005,True,1,37;25;23,40,0,0,
1714,1714,Data/800MHz/sim_001714_1N-HN.out,800.0,18.789289276185396,92.0,488.8888888888889,0.05888888888888889,2.428571428571429,5555.0,5e-09,5e-11,0.85,1.02e-10,1.86e-10,-0.00016,0.3839724354387525,22.0,1000000.0,0.005,True,1,51;13;31,40,0,0,
1715,1715,Data/800MHz/sim_001715_1N-HN.out,800.0,18.789289276185396,92.0,488.8888888888889,0.05888888888888889,2.7857142857142856,5555.0,5e-09,5e-11,0.85,1.02e-10,1.86e-10,-0.00016,0.3839724354387525,22.0,1000000.0,0.005,True,1,79;41;65,40,0,0,
1716,1716,Data/800MHz/sim_001716_1N-HN.out,800.0,18.789289276185396,92.0,488.8888888888889,0.05888888888888889,3.142857142857143,5555.0,5e-09,5e-11,0.85,1.02e-10,1.86e-10,-0.00016,0.3839724354387525,22.0,1000000.0,0.005,True,1,71;29;79,40,0,0,
1717,1717,Data/800MHz/sim_001717_1N-HN.out,800.0,18.789289276185396,92.0,488.8888888888889,0.05888888888888889,3.5,5555.0,5e-09,5e-11,0.85,1.02e-10,1.86e-10,-0.00016,0.3839724354387525,22.0,1000000.0,0.005,True,1,7;73;5,40,0,0,
1718,1718,Data/800MHz/sim_001718_1N-HN.out,800.0,18.789289276185396,92.0,488.8888888888889,0.05888888888888889,3.857142857142857,5555.0,5e-09,5e-11,0.85,1.02e-10,1.86e-10,-0.00016,0.3839724354387525,22.0,1000000.0,0.005,True,1,17;23;61,40,0,0,
1719,1719,Data/800MHz/sim_001719_1N-HN.out,800.0,18.789289276185396,92.0,488.8888888888889,0.05888888888888889,4.214285714285714,5555.0,5e-09,5e-11,0.85,1.02e-10,1.86e-10,-0.00016,0.3839724354387525,22.0,1000000.0,0.005,True,1,23;51;25,40,0,0,
1720,1720,Data/800MHz/sim_001720_1N-HN.out,800.0,18.789289276185396,92.0,488.8888888888889,0.05888888888888889,4.571428571428571,5555.0,5e-09,5e-11,0.85,1.02e-10,1.86e-10,-0.00016,0.3839724354387525,22.0,1000000.0,0.005,True,1,29;15;43,40,0,0,
1721,1721,Data/800MHz/sim_001721_1N-HN.out,800.0,18.789289276185396,92.0,488.8888888888889,0.05888888888888889,4.928571428571429,5555.0,5e-09,5e-11,0.85,1.02e-10,1.86e-10,-0.00016,0.3839724354387525,22.0,1000000.0,0.005,True,1,37;17;71,40,0,0,
1722,1722,Data/800MHz/sim_001722_1N-HN.out,800.0,18.789289276185396,92.0,488.8888888888889,0.05888888888888889,5.285714285714286,5555.0,5e-09,5e-11,0.85,1.02e-10,1.86e-10,-0.00016,0.3839724354387525,22.0,1000000.0,0.005,True,1,51;7;49,40,0,0,
1723,1723,Data/800MHz/sim_001723_1N-HN.out,800.0,18.789289276185396,92.0,488.8888888888889,0.05888888888888889,5.642857142857143,5555.0,5e-09,5e-11,0.85,1.02e-10,1.86e-10,-0.00016,0.3839724354387525,22.0,1000000.0,0.005,True,1,67;73;59,40,0,0,
1724,1724,Data/800MHz/sim_001724_1N-HN.out,800.0,18.789289276185396,92.0,488.8888888888889,0.05888888888888889,6.0,5555.0,5e-09,5e-11,0.85,1.02e-10,1.86e-10,-0.00016,0.3839724354387525,22.0,1000000.0,0.005,True,1,57;3;39,40,0,0,
1725,1725,Data/800MHz/sim_001725_1N-HN.out,800.0,18.789289276185396,92.0,488.8888888888889,0.061111111111111116,1.0,5555.0,5e-09,5e-11,0.85,1.02e-10,1.86e-10,-0.00016,0.3839724354387525,22.0,1000000.0,0.005,True,1,5;11;23,40,0,0,
1726,1726,Data/800MHz/sim_001726_1N-HN.out,800.0,18.789289276185396,92.0,488.8888888888889,0.061111111111111116,1.3571428571428572,5555.0,5e-09,5e-11,0.85,1.02e-10,1.86e-10,-0.00016,0.3839724354387525,22.0,1000000.0,0.005,True,1,17;79;77,40,0,0,
1727,1727,Data/800MHz/sim_001727_1N-HN.out,800.0,18.789289276185396,92.0,488.8888888888889,0.061111111111111116,1.7142857142857144,5555.0,5e-09,5e-11,0.85,1.02e-10,1.86e-10,-0.00016,0.3839724354387525,22.0,1000000.0,0.005,True,1,55;41;79,40,0,0,
1728,1728,Data/800MHz/sim_001728_1N-HN.out,800.0,18.789289276185396,92.0,488.8888888888889,0.061111111111111116,2.071428571428571,5555.0,5e-09,5e-11,0.85,1.02e-10,1.86e-10,-0.00016,0.3839724354387525,22.0,1000000.0,0.005,True,1,47;15;49,40,0,0,
1729,1729,Data/800MHz/sim_001729_1N-HN.out,800.0,18.789289276185396,92.0,488.8888888888889,0.061111111111111116,2.428571428571429,5555.0,5e-09,5e-11,0.85,1.02e-10,1.86e-10,-0.00016,0.3839724354387525,22.0,1000000.0,0.005,True,1,75;71;65,40,0,0,
1730,1730,Data/800MHz/sim_001730_1N-HN.out,800.0,18.789289276185396,92.0,488.8888888888889,0.061111111111111116,2.7857142857142856,5555.0,5e-09,5e-11,0.85,1.02e-10,1.86e-10,-0.00016,0.3839724354387525,22.0,1000000.0,0.005,True,1,13;63;47,40,0,0,
1731,1731,Data/800MHz/sim_001731_1N-HN.out,800.0,18.789289276185396,92.0,488.8888888888889,0.061111111111111116,3.142857142857143,5555.0,5e-09,5e-11,0.85,1.02e-10,1.86e-10,-0.00016,0.3839724354387525,22.0,1000000.0,0.005,True,1,13;9;77,40,0,0,
1732,1732,Data/800MHz/sim_001732_1N-HN.out,800.0,18.789289276185396,92.0,488.8888888888889,0.061111111111111116,3.5,5555.0,5e-09,5e-11,0.85,1.02e-10,1.86e-10,-0.00016,0.3839724354387525,22.0,1000000.0,0.005,True,1,21;7;25,40,0,0,
1733,1733,Data/800MHz/sim_001733_1N-HN.out,800.0,18.789289276185396,92.0,488.8888888888889,0.061111111111111116,3.857142857142857,5555.0,5e-09,5e-11,0.85,1.02e-10,1.86e-10,-0.00016,0.3839724354387525,22.0,1000000.0,0.005,True,1,15;51;1,40,0,0,
1734,1734,Data/800MHz/sim_001734_1N-HN.out,800.0,18.789289276185396,92.0,488.8888888888889,0.061111111111111116,4.214285714285714,5555.0,5e-09,5e-11,0.85,1.02e-10,1.86e-10,-0.00016,0.3839724354387525,22.0,1000000.0,0.005,True,1,3;73;31,40,0,0,
1735,1735,Data/800MHz/sim_001735_1N-HN.out,800.0,18.789289276185396,92.0,488.8888888888889,0.061111111111111116,4.571428571428571,5555.0,5e-09,5e-11,0.85,1.02e-10,1.86e-10,-0.00016,0.3839724354387525,22.0,1000000.0,0.005,True,1,9;17;27,40,0,0,
1736,1736,Data/800MHz/sim_001736_1N-HN.out,800.0,18.789289276185396,92.0,488.8888888888889,0.061111111111111116,4.928571428571429,5555.0,5e-09,5e-11,0.85,1.02e-10,1.86e-10,-0.00016,0.3839724354387525,22.0,1000000.0,0.005,True,1,51;1;71,40,0,0,
1737,1737,Data/800MHz/sim_001737_1N-HN.out,800.0,18.789289276185396,92.0,488.8888888888889,0.061111111111111116,5.285714285714286,5555.0,5e-09,5e-11,0.85,1.02e-10,1.86e-10,-0.00016,0.3839724354387525,22.0,1000000.0,0.005,True,1,35;51;19,40,0,0,
1738,1738,Data/800MHz/sim_001738_1N-HN.out,800.0,18.789289276185396,92.0,488.8888888888889,0.061111111111111116,5.642857142857143,5555.0,5e-09,5e-11,0.85,1.02e-10,1.86e-10,-0.00016,0.3839724354387525,22.0,1000000.0,0.005,True,1,67;11;33,40,0,0,
1739,1739,Data/800MHz/sim_001739_1N-HN.out,800.0,18.789289276185396,92.0,488.8888888888889,0.061111111111111116,6.0,5555.0,5e-09,5e-11,0.85,1.02e-10,1.86e-10,-0.00016,0.3839724354387525,22.0,1000000.0,0.005,True,1,39;73;9,40,0,0,
1740,1740,Data/800MHz/sim_001740_1N-HN.out,800.0,18.789289276185396,92.0,488.8888888888889,0.06333333333333334,1.0,5555.0,5e-09,5e-11,0.85,1.02e-10,1.86e-10,-0.00016,0.3839724354387525,22.0,1000000.0,0.005,True,1,47;75;13,40,0,0,
1741,1741,Data/800MHz/sim_001741_1N-HN.out,800.0,18.789289276185396,92.0,488.8888888888889,0.06333333333333334,1.3571428571428572,5555.0,5e-09,5e-11,0.85,1.02e-10,1.86e-10,-0.00016,0.3839724354387525,22.0,1000000.0,0.005,True,1,35;27;79,40,0,0,
1742,1742,Data/800MHz/sim_001742_1N-HN.out,800.0,18.789289276185396,92.0,488.8888888888889,0.06333333333333334,1.7142857142857144,5555.0,5e-09,5e-11,0.85,1.02e-10,1.86e-10,-0.00016,0.3839724354387525,22.0,1000000.0,0.005,True,1,15;47;23,40,0,0,
1743,1743,Data/800MHz/sim_001743_1N-HN.out,800.0,18.789289276185396,92.0,488.8888888888889,0.06333333333333334,2.071428571428571,5555.0,5e-09,5e-11,0.85,1.02e-10,1.86e-10,-0.00016,0.3839724354387525,22.0,1000000.0,0.005,True,1,43;47;33,40,0,0,
1744,1744,Data/800MHz/sim_001744_1N-HN.out,800.0,18.789289276185396,92.0,488.8888888888889,0.06333333333333334,2.428571428571429,5555.0,5e-09,5e-11,0.85,1.02e-10,1.86e-10,-0.00016,0.3839724354387525,22.0,1000000.0,0.005,True,1,71;39;67,40,0,0,
1745,1745,Data/800MHz/sim_001745_1N-HN.out,800.0,18.789289276185396,92.0,488.8888888888889,0.06333333333333334,2.7857142857142856,5555.0,5e-09,5e-11,0.85,1.02e-10,1.86e-10,-0.00016,0.3839724354387525,22.0,1000000.0,0.005,True,1,3;69;41,40,0,0,
1746,1746,Data/800MHz/sim_001746_1N-HN.out,800.0,18.789289276185396,92.0,488.8888888888889,0.06333333333333334,3.142857142857143,5555.0,5e-09,5e-11,0.85,1.02e-10,1.86e-10,-0.00016,0.3839724354387525,22.0,1000000.0,0.005,True,1,55;61;5,40,0,0,
1747,1747,Data/800MHz/sim_001747_1N-HN.out,800.0,18.789289276185396,92.0,488.8888888888889,0.06333333333333334,3.5,5555.0,5e-09,5e-11,0.85,1.02e-10,1.86e-10,-0.00016,0.3839724354387525,22.0,1000000.0,0.005,True,1,53;47;73,40,0,0,
1748,1748,Data/800MHz/sim_001748_1N-HN.out,800.0,18.789289276185396,92.0,488.8888888888889,0.06333333333333334,3.857142857142857,5555.0,5e-09,5e-11,0.85,1.02e-10,1.86e-10,-0.00016,0.3839724354387525,22.0,1000000.0,0.005,True,1,45;67;73,40,0,0,
1749,1749,Data/800MHz/sim_001749_1N-HN.out,800.0,18.789289276185396,92.0,488.8888888888889,0.06333333333333334,4.214285714285714,5555.0,5e-09,5e-11,0.85,1.02e-10,1.86e-10,-0.00016,0.3839724354387525,22.0,1000000.0,0.005,True,1,3;59;11,40,0,0,
1750,1750,Data/800MHz/sim_001750_1N-HN.out,800.0,18.789289276185396,92.0,488.8888888888889,0.06333333333333334,4.571428571428571,5555.0,5e-09,5e-11,0.85,1.02e-10,1.86e-10,-0.00016,0.3839724354387525,22.0,1000000.0,0.005,True,1,9;47;33,40,0,0,
1751,1751,Data/800MHz/sim_001751_1N-HN.out,800.0,18.789289276185396,92.0,488.8888888888889,0.06333333333333334,4.928571428571429,5555.0,5e-09,5e-11,0.85,1.02e-10,1.86e-10,-0.00016,0.3839724354387525,22.0,1000000.0,0.005,True,1,59;47;45,40,0,0,
1752,1752,Data/800MHz/sim_001752_1N-HN.out,800.0,18.789289276185396,92.0,488.8888888888889,0.06333333333333334,5.285714285714286,5555.0,5e-09,5e-11,0.85,1.02e-10,1.86e-10,-0.00016,0.3839724354387525,22.0,1000000.0,0.005,True,1,55;3;23,40,0,0,
1753,1753,Data/800MHz/sim_001753_1N-HN.out,800.0,18.789289276185396,92.0,488.8888888888889,0.06333333333333334,5.642857142857143,5555.0,5e-09,5e-11,0.85,1.02e-10,1.86e-10,-0.00016,0.3839724354387525,22.0,1000000.0,0.005,True,1,59;1;55,40,0,0,
1754,1754,Data/800MHz/sim_001754_1N-HN.out,800.0,18.789289276185396,92.0,488.8888888888889,0.06333333333333334,6.0,5555.0,5e-09,5e-11,0.85,1.02e-10,1.86e-10,-0.00016,0.3839724354387525,22.0,1000000.0,0.005,True,1,77;35;71,40,0,0,
1755,1755,Data/800MHz/sim_001755_1N-HN.out,800.0,18.789289276185396,92.0,488.8888888888889,0.06555555555555556,1.0,5555.0,5e-09,5e-11,0.85,1.02e-10,1.86e-10,-0.00016,0.3839724354387525,22.0,1000000.0,0.005,True,1,23;77;25,40,0,0,
1756,1756,Data/800MHz/sim_001756_1N-HN.out,800.0,18.789289276185396,92.0,488.8888888888889,0.06555555555555556,1.3571428571428572,5555.0,5e-09,5e-11,0.85,1.02e-10,1.86e-10,-0.00016,0.3839724354387525,22.0,1000000.0,0.005,True,1,59;31;67,40,0,0,
1757,1757,Data/800MHz/sim_001757_1N-HN.out,800.0,18.789289276185396,92.0,488.8888888888889,0.06555555555555556,1.7142857142857144,5555.0,5e-09,5e-11,0.85,1.02e-10,1.86e-10,-0.00016,0.3839724354387525,22.0,1000000.0,0.005,True,1,35;1;59,40,0,0,
1758,1758,Data/800MHz/sim_001758_1N-HN.out,800.0,18.789289276185396,92.0,488.8888888888889,0.06555555555555556,2.071428571428571,5555.0,5e-09,5e-11,0.85,1.02e-10,1.86e-10,-0.00016,0.3839724354387525,22.0,1000000.0,0.005,True,1,7;77;49,40,0,0,
1759,1759,Data/800MHz/sim_001759_1N-HN.out,800.0,18.789289276185396,92.0,488.8888888888889,0.06555555555555556,2.428571428571429,5555.0,5e-09,5e-11,0.85,1.02e-10,1.86e-10,-0.00016,0.3839724354387525,22.0,1000000.0,0.005,True,1,21;79;61,40,0,0,
1760,1760,Data/800MHz/sim_001760_1N-HN.out,800.0,18.789289276185396,92.0,488.8888888888889,0.06555555555555556,2.7857142857142856,5555.0,5e-09,5e-11,0.85,1.02e-10,1.86e-10,-0.00016,0.3839724354387525,22.0,1000000.0,0.005,True,1,3;7;11,40,0,0,
1761,1761,Data/800MHz/sim_001761_1N-HN.out,800.0,18.789289276185396,92.0,488.8888888888889,0.06555555555555556,3.142857142857143,5555.0,5e-09,5e-11,0.85,1.02e-10,1.86e-10,-0.00016,0.3839724354387525,22.0,1000000.0,0.005,True,1,53;59;15,40,0,0,
1762,1762,Data/800MHz/sim_001762_1N-HN.out,800.0,18.789289276185396,92.0,488.8888888888889,0.06555555555555556,3.5,5555.0,5e-09,5e-11,0.85,1.02e-10,1.86e-10,-0.00016,0.3839724354387525,22.0,1000000.0,0.005,True,1,59;63;45,40,0,0,
1763,1763,Data/800MHz/sim_001763_1N-HN.out,800.0,18.789289276185396,92.0,488.8888888888889,0.06555555555555556,3.857142857142857,5555.0,5e-09,5e-11,0.85,1.02e-10,1.86e-10,-0.00016,0.3839724354387525,22.0,1000000.0,0.005,True,1,47;3;17,40,0,0,
1764,1764,Data/800MHz/sim_001764_1N-HN.out,800.0,18.789289276185396,92.0,488.8888888888889,0.06555555555555556,4.214285714285714,5555.0,5e-09,5e-11,0.85,1.02e-10,1.86e-10,-0.00016,0.3839724354387525,22.0,1000000.0,0.005,True,1,17;25;65,40,0,0,
1765,1765,Data/800MHz/sim_001765_1N-HN.out,800.0,18.789289276185396,92.0,488.8888888888889,0.06555555555555556,4.571428571428571,5555.0,5e-09,5e-11,0.85,1.02e-10,1.86e-10,-0.00016,0.3839724354387525,22.0,1000000.0,0.005,True,1,63;17;59,40,0,0,
1766,1766,Data/800MHz/sim_001766_1N-HN.out,800.0,18.789289276185396,92.0,488.8888888888889,0.06555555555555556,4.928571428571429,5555.0,5e-09,5e-11,0.85,1.02e-10,1.86e-10,-0.00016,0.3839724354387525,22.0,1000000.0,0.005,True,1,57;51;37,40,0,0,
1767,1767,Data/800MHz/sim_001767_1N-HN.out,800.0,18.789289276185396,92.0,488.8888888888889,0.06555555555555556,5.285714285714286,5555.0,5e-09,5e-11,0.85,1.02e-10,1.86e-10,-0.00016,0.3839724354387525,22.0,1000000.0,0.005,True,1,9;11;75,40,0,0,
1768,1768,Data/800MHz/sim_001768_1N-HN.out,800.0,18.789289276185396,92.0,488.8888888888889,0.06555555555555556,5.642857142857143,5555.0,5e-09,5e-11,0.85,1.02e-10,1.86e-10,-0.00016,0.3839724354387525,22.0,1000000.0,0.005,True,1,65;33;61,40,0,0,
1769,1769,Data/800MHz/sim_001769_1N-HN.out,800.0,18.789289276185396,92.0,488.8888888888889,0.06555555555555556,6.0,5555.0,5e-09,5e-11,0.85,1.02e-10,1.86e-10,-0.00016,0.3839724354387525,22.0,1000000.0,0.005,True,1,57;11;45,40,0,0,
1770,1770,Data/800MHz/sim_001770_1N-HN.out,800.0,18.789289276185396,92.0,488.8888888888889,0.06777777777777778,1.0,5555.0,5e-09,5e-11,0.85,1.02e-10,1.86e-10,-0.00016,0.3839724354387525,22.0,1000000.0,0.005,True,1,73;71;19,40,0,0,
1771,1771,Data/800MHz/sim_001771_1N-HN.out,800.0,18.789289276185396,92.0,488.8888888888889,0.06777777777777778,1.3571428571428572,5555.0,5e-09,5e-11,0.85,1.02e-10,1.86e-10,-0.00016,0.3839724354387525,22.0,1000000.0,0.005,True,1,5;33;39,40,0,0,
1772,1772,Data/800MHz/sim_001772_1N-HN.out,800.0,18.789289276185396,92.0,488.8888888888889,0.06777777777777778,1.7142857142857144,5555.0,5e-09,5e-11,0.85,1.02e-10,1.86e-10,-0.00016,0.3839724354387525,22.0,1000000.0,0.005,True,1,67;23;57,40,0,0,
1773,1773,Data/800MHz/sim_001773_1N-HN.out,800.0,18.789289276185396,92.0,488.8888888888889,0.06777777777777778,2.071428571428571,5555.0,5e-09,5e-11,0.85,1.02e-10,1.86e-10,-0.00016,0.3839724354387525,22.0,1000000.0,0.005,True,1,47;77;3,40,0,0,
1774,1774,Data/800MHz/sim_001774_1N-HN.out,800.0,18.789289276185396,92.0,488.8888888888889,0.06777777777777778,2.428571428571429,5555.0,5e-09,5e-11,0.85,1.02e-10,1.86e-10,-0.00016,0.3839724354387525,22.0,1000000.0,0.005,True,1,3;45;73,40,0,0,
1775,1775,Data/800MHz/sim_001775_1N-HN.out,800.0,18.789289276185396,92.0,488.8888888888889,0.06777777777777778,2.7857142857142856,5555.0,5e-09,5e-11,0.85,1.02e-10,1.86e-10,-0.00016,0.3839724354387525,22.0,1000000.0,0.005,True,1,1;5;47,40,0,0,
1776,1776,Data/800MHz/sim_001776_1N-HN.out,800.0,18.789289276185396,92.0,488.8888888888889,0.06777777777777778,3.142857142857143,5555.0,5e-09,5e-11,0.85,1.02e-10,1.86e-10,-0.00016,0.3839724354387525,22.0,1000000.0,0.005,True,1,9;21;3,40,0,0,
1777,1777,Data/800MHz/sim_001777_1N-HN.out,800.0,18.789289276185396,92.0,488.8888888888889,0.06777777777777778,3.5,5555.0,5e-09,5e-11,0.85,1.02e-10,1.86e-10,-0.00016,0.3839724354387525,22.0,1000000.0,0.005,True,1,77;3;63,40,0,0,
1778,1778,Data/800MHz/sim_001778_1N-HN.out,800.0,18.789289276185396,92.0,488.8888888888889,0.06777777777777778,3.857142857142857,5555.0,5e-09,5e-11,0.85,1.02e-10,1.86e-10,-0.00016,0.3839724354387525,22.0,1000000.0,0.005,True,1,51;49;13,40,0,0,
1779,1779,Data/800MHz/sim_001779_1N-HN.out,800.0,18.789289276185396,92.0,488.8888888888889,0.06777777777777778,4.214285714285714,5555.0,5e-09,5e-11,0.85,1.02e-10,1.86e-10,-0.00016,0.3839724354387525,22.0,1000000.0,0.005,True,1,7;19;77,40,0,0,
1780,1780,Data/800MHz/sim_001780_1N-HN.out,800.0,18.789289276185396,92.0,488.8888888888889,0.06777777777777778,4.571428571428571,5555.0,5e-09,5e-11,0.85,1.02e-10,1.86e-10,-0.00016,0.3839724354387525,22.0,1000000.0,0.005,True,1,49;15;73,40,0,0,
1781,1781,Data/800MHz/sim_001781_1N-HN.out,800.0,18.789289276185396,92.0,488.8888888888889,0.06777777777777778,4.928571428571429,5555.0,5e-09,5e-11,0.85,1.02e-10,1.86e-10,-0.00016,0.3839724354387525,22.0,1000000.0,0.005,True,1,59;73;9,40,0,0,
1782,1782,Data/800MHz/sim_001782_1N-HN.out,800.0,18.789289276185396,92.0,488.8888888888889,0.06777777777777778,5.285714285714286,5555.0,5e-09,5e-11,0.85,1.02e-10,1.86e-10,-0.00016,0.3839724354387525,22.0,1000000.0,0.005,True,1,3;65;75,40,0,0,
1783,1783,Data/800MHz/sim_001783_1N-HN.out,800.0,18.789289276185396,92.0,488.8888888888889,0.06777777777777778,5.642857142857143,5555.0,5e-09,5e-11,0.85,1.02e-10,1.86e-10,-0.00016,0.3839724354387525,22.0,1000000.0,0.005,True,1,35;11;61,40,0,0,
1784,1784,Data/800MHz/sim_001784_1N-HN.out,800.0,18.789289276185396,92.0,488.8888888888889,0.06777777777777778,6.0,5555.0,5e-09,5e-11,0.85,1.02e-10,1.86e-10,-0.00016,0.3839724354387525,22.0,1000000.0,0.005,True,1,27;45;67,40,0,0,
1785,1785,Data/800MHz/sim_001785_1N-HN.out,800.0,18.789289276185396,92.0,488.8888888888889,0.07,1.0,5555.0,5e-09,5e-11,0.85,1.02e-10,1.86e-10,-0.00016,0.3839724354387525,22.0,1000000.0,0.005,True,1,77;9;71,40,0,0,
1786,1786,Data/800MHz/sim_001786_1N-HN.out,800.0,18.789289276185396,92.0,488.8888888888889,0.07,1.3571428571428572,5555.0,5e-09,5e-11,0.85,1.02e-10,1.86e-10,-0.00016,0.3839724354387525,22.0,1000000.0,0.005,True,1,5;55;11,40,0,0,
1787,1787,Data/800MHz/sim_001787_1N-HN.out,800.0,18.789289276185396,92.0,488.8888888888889,0.07,1.7142857142857144,5555.0,5e-09,5e-11,0.85,1.02e-10,1.86e-10,-0.00016,0.3839724354387525,22.0,1000000.0,0.005,True,1,49;5;31,40,0,0,
1788,1788,Data/800MHz/sim_001788_1N-HN.out,800.0,18.789289276185396,92.0,488.8888888888889,0.07,2.071428571428571,5555.0,5e-09,5e-11,0.85,1.02e-10,1.86e-10,-0.00016,0.3839724354387525,22.0,1000000.0,0.005,True,1,33;79;13,40,0,0,
1789,1789,Data/800MHz/sim_001789_1N-HN.out,800.0,18.789289276185396,92.0,488.8888888888889,0.07,2.428571428571429,5555.0,5e-09,5e-11,0.85,1.02e-10,1.86e-10,-0.00016,0.3839724354387525,22.0,1000000.0,0.005,True,1,39;21;49,40,0,0,
1790,1790,Data/800MHz/sim_001790_1N-HN.out,800.0,18.789289276185396,92.0,488.8888888888889,0.07,2.7857142857142856,5555.0,5e-09,5e-11,0.85,1.02e-10,1.86e-10,-0.00016,0.3839724354387525,22.0,1000000.0,0.005,True,1,7;71;21,40,0,0,
1791,1791,Data/800MHz/sim_001791_1N-HN.out,800.0,18.789289276185396,92.0,488.8888888888889,0.07,3.142857142857143,5555.0,5e-09,5e-11,0.85,1.02e-10,1.86e-10,-0.00016,0.3839724354387525,22.0,1000000.0,0.005,True,1,31;23;43,40,0,0,
1792,1792,Data/800MHz/sim_001792_1N-HN.out,800.0,18.789289276185396,92.0,488.8888888888889,0.07,3.5,5555.0,5e-09,5e-11,0.85,1.02e-10,1.86e-10,-0.00016,0.3839724354387525,22.0,1000000.0,0.005,True,1,75;39;61,40,0,0,
1793,1793,Data/800MHz/sim_001793_1N-HN.out,800.0,18.789289276185396,92.0,488.8888888888889,0.07,3.857142857142857,5555.0,5e-09,5e-11,0.85,1.02e-10,1.86e-10,-0.00016,0.3839724354387525,22.0,1000000.0,0.005,True,1,25;47;79,40,0,0,
1794,1794,Data/800MHz/sim_001794_1N-HN.out,800.0,18.789289276185396,92.0,488.8888888888889,0.07,4.214285714285714,5555.0,5e-09,5e-11,0.85,1.02e-10,1.86e-10,-0.00016,0.3839724354387525,22.0,1000000.0,0.005,True,1,17;1;59,40,0,0,
1795,1795,Data/800MHz/sim_001795_1N-HN.out,800.0,18.789289276185396,92.0,488.8888888888889,0.07,4.571428571428571,5555.0,5e-09,5e-11,0.85,1.02e-10,1.86e-10,-0.00016,0.3839724354387525,22.0,1000000.0,0.005,True,1,49;25;35,40,0,0,
1796,1796,Data/800MHz/sim_001796_1N-HN.out,800.0,18.789289276185396,92.0,488.8888888888889,0.07,4.928571428571429,5555.0,5e-09,5e-11,0.85,1.02e-10,1.86e-10,-0.00016,0.3839724354387525,22.0,1000000.0,0.005,True,1,59;27;11,40,0,0,
1797,1797,Data/800MHz/sim_001797_1N-HN.out,800.0,18.789289276185396,92.0,488.8888888888889,0.07,5.285714285714286,5555.0,5e-09,5e-11,0.85,1.02e-10,1.86e-10,-0.00016,0.3839724354387525,22.0,1000000.0,0.005,True,1,25;19;47,40,0,0,
1798,1798,Data/800MHz/sim_001798_1N-HN.out,800.0,18.789289276185396,92.0,488.8888888888889,0.07,5.642857142857143,5555.0,5e-09,5e-11,0.85,1.02e-10,1.86e-10,-0.00016,0.3839724354387525,22.0,1000000.0,0.005,True,1,75;7;55,40,0,0,
1799,1799,Data/800MHz/sim_001799_1N-HN.out,800.0,18.789289276185396,92.0,488.8888888888889,0.07,6.0,5555.0,5e-09,5e-11,0.85,1.02e-10,1.86e-10,-0.00016,0.3839724354387525,22.0,1000000.0,0.005,True,1,59;15;5,40,0,0,
1800,1800,Data/800MHz/sim_001800_1N-HN.out,800.0,18.789289276185396,92.0,677.7777777777778,0.05,1.0,5555.0,5e-09,5e-11,0.85,1.02e-10,1.86e-10,-0.00016,0.3839724354387525,22.0,1000000.0,0.005,True,1,41;1;71,40,0,0,
1801,1801,Data/800MHz/sim_001801_1N-HN.out,800.0,18.789289276185396,92.0,677.7777777777778,0.05,1.3571428571428572,5555.0,5e-09,5e-11,0.85,1.02e-10,1.86e-10,-0.00016,0.3839724354387525,22.0,1000000.0,0.005,True,1,65;47;79,40,0,0,
1802,1802,Data/800MHz/sim_001802_1N-HN.out,800.0,18.789289276185396,92.0,677.7777777777778,0.05,1.7142857142857144,5555.0,5e-09,5e-11,0.85,1.02e-10,1.86e-10,-0.00016,0.3839724354387525,22.0,1000000.0,0.005,True,1,45;9;17,40,0,0,
1803,1803,Data/800MHz/sim_001803_1N-HN.out,800.0,18.789289276185396,92.0,677.7777777777778,0.05,2.071428571428571,5555.0,5e-09,5e-11,0.85,1.02e-10,1.86e-10,-0.00016,0.3839724354387525,22.0,1000000.0,0.005,True,1,67;37;29,40,0,0,
1804,1804,Data/800MHz/sim_001804_1N-HN.out,800.0,18.789289276185396,92.0,677.7777777777778,0.05,2.428571428571429,5555.0,5e-09,5e-11,0.85,1.02e-10,1.86e-10,-0.00016,0.3839724354387525,22.0,1000000.0,0.005,True,1,69;3;1,40,0,0,
1805,1805,Data/800MHz/sim_001805_1N-HN.out,800.0,18.789289276185396,92.0,677.7777777777778,0.05,2.7857142857142856,5555.0,5e-09,5e-11,0.85,1.02e-10,1.86e-10,-0.00016,0.3839724354387525,22.0,1000000.0,0.005,True,1,69;39;55,40,0,0,
1806,1806,Data/800MHz/sim_001806_1N-HN.out,800.0,18.789289276185396,92.0,677.7777777777778,0.05,3.142857142857143,5555.0,5e-09,5e-11,0.85,1.02e-10,1.86e-10,-0.00016,0.3839724354387525,22.0,1000000.0,0.005,True,1,53;67;3,40,0,0,
1807,1807,Data/800MHz/sim_001807_1N-HN.out,800.0,18.789289276185396,92.0,677.7777777777778,0.05,3.5,5555.0,5e-09,5e-11,0.85,1.02e-10,1.86e-10,-0.00016,0.3839724354387525,22.0,1000000.0,0.005,True,1,15;3;75,40,0,0,
1808,1808,Data/800MHz/sim_001808_1N-HN.out,800.0,18.789289276185396,92.0,677.7777777777778,0.05,3.857142857142857,5555.0,5e-09,5e-11,0.85,1.02e-10,1.86e-10,-0.00016,0.3839724354387525,22.0,1000000.0,0.005,True,1,49;13;19,40,0,0,
1809,1809,Data/800MHz/sim_001809_1N-HN.out,800.0,18.789289276185396,92.0,677.7777777777778,0.05,4.214285714285714,5555.0,5e-09,5e-11,0.85,1.02e-10,1.86e-10,-0.00016,0.3839724354387525,22.0,1000000.0,0.005,True,1,77;19;33,40,0,0,
1810,1810,Data/800MHz/sim_001810_1N-HN.out,800.0,18.789289276185396,92.0,677.7777777777778,0.05,4.571428571428571,5555.0,5e-09,5e-11,0.85,1.02e-10,1.86e-10,-0.00016,0.3839724354387525,22.0,1000000.0,0.005,True,1,59;57;49,40,0,0,
1811,1811,Data/800MHz/sim_001811_1N-HN.out,800.0,18.789289276185396,92.0,677.7777777777778,0.05,4.928571428571429,5555.0,5e-09,5e-11,0.85,1.02e-10,1.86e-10,-0.00016,0.3839724354387525,22.0,1000000.0,0.005,True,1,3;45;75,40,0,0,
1812,1812,Data/800MHz/sim_001812_1N-HN.out,800.0,18.789289276185396,92.0,677.7777777777778,0.05,5.285714285714286,5555.0,5e-09,5e-11,0.85,1.02e-10,1.86e-10,-0.00016,0.3839724354387525,22.0,1000000.0,0.005,True,1,25;27;31,40,0,0,
1813,1813,Data/800MHz/sim_001813_1N-HN.out,800.0,18.789289276185396,92.0,677.7777777777778,0.05,5.642857142857143,5555.0,5e-09,5e-11,0.85,1.02e-10,1.86e-10,-0.00016,0.3839724354387525,22.0,1000000.0,0.005,True,1,15;25;11,40,0,0,
1814,1814,Data/800MHz/sim_001814_1N-HN.out,800.0,18.789289276185396,92.0,677.7777777777778,0.05,6.0,5555.0,5e-09,5e-11,0.85,1.02e-10,1.86e-10,-0.00016,0.3839724354387525,22.0,1000000.0,0.005,True,1,61;55;31,40,0,0,
1815,1815,Data/800MHz/sim_001815_1N-HN.out,800.0,18.789289276185396,92.0,677.7777777777778,0.052222222222222225,1.0,5555.0,5e-09,5e-11,0.85,1.02e-10,1.86e-10,-0.00016,0.3839724354387525,22.0,1000000.0,0.005,True,1,19;37;69,40,0,0,
1816,1816,Data/800MHz/sim_001816_1N-HN.out,800.0,18.789289276185396,92.0,677.7777777777778,0.052222222222222225,1.3571428571428572,5555.0,5e-09,5e-11,0.85,1.02e-10,1.86e-10,-0.00016,0.3839724354387525,22.0,1000000.0,0.005,True,1,63;77;11,40,0,0,
1817,1817,Data/800MHz/sim_001817_1N-HN.out,800.0,18.789289276185396,92.0,677.7777777777778,0.052222222222222225,1.7142857142857144,5555.0,5e-09,5e-11,0.85,1.02e-10,1.86e-10,-0.00016,0.3839724354387525,22.0,1000000.0,0.005,True,1,55;49;41,40,0,0,
1818,1818,Data/800MHz/sim_001818_1N-HN.out,800.0,18.789289276185396,92.0,677.7777777777778,0.052222222222222225,2.071428571428571,5555.0,5e-09,5e-11,0.85,1.02e-10,1.86e-10,-0.00016,0.3839724354387525,22.0,1000000.0,0.005,True,1,37;13;25,40,0,0,
1819,1819,Data/800MHz/sim_001819_1N-HN.out,800.0,18.789289276185396,92.0,677.7777777777778,0.052222222222222225,2.428571428571429,5555.0,5e-09,5e-11,0.85,1.02e-10,1.86e-10,-0.00016,0.3839724354387525,22.0,1000000.0,0.005,True,1,17;79;47,40,0,0,
1820,1820,Data/800MHz/sim_001820_1N-HN.out,800.0,18.789289276185396,92.0,677.7777777777778,0.052222222222222225,2.7857142857142856,5555.0,5e-09,5e-11,0.85,1.02e-10,1.86e-10,-0.00016,0.3839724354387525,22.0,1000000.0,0.005,True,1,55;41;7,40,0,0,
1821,1821,Data/800MHz/sim_001821_1N-HN.out,800.0,18.789289276185396,92.0,677.7777777777778,0.052222222222222225,3.142857142857143,5555.0,5e-09,5e-11,0.85,1.02e-10,1.86e-10,-0.00016,0.3839724354387525,22.0,1000000.0,0.005,True,1,67;51;7,40,0,0,
1822,1822,Data/800MHz/sim_001822_1N-HN.out,800.0,18.789289276185396,92.0,677.7777777777778,0.052222222222222225,3.5,5555.0,5e-09,5e-11,0.85,1.02e-10,1.86e-10,-0.00016,0.3839724354387525,22.0,1000000.0,0.005,True,1,73;53;23,40,0,0,
1823,1823,Data/800MHz/sim_001823_1N-HN.out,800.0,18.789289276185396,92.0,677.7777777777778,0.052222222222222225,3.857142857142857,5555.0,5e-09,5e-11,0.85,1.02e-10,1.86e-10,-0.00016,0.3839724354387525,22.0,1000000.0,0.005,True,1,17;77;73,40,0,0,
1824,1824,Data/800MHz/sim_001824_1N-HN.out,800.0,18.789289276185396,92.0,677.7777777777778,0.052222222222222225,4.214285714285714,5555.0,5e-09,5e-11,0.85,1.02e-10,1.86e-10,-0.00016,0.3839724354387525,22.0,1000000.0,0.005,True,1,9;53;51,40,0,0,
1825,1825,Data/800MHz/sim_001825_1N-HN.out,800.0,18.789289276185396,92.0,677.7777777777778,0.052222222222222225,4.571428571428571,5555.0,5e-09,5e-11,0.85,1.02e-10,1.86e-10,-0.00016,0.3839724354387525,22.0,1000000.0,0.005,True,1,47;77;75,40,0,0,
1826,1826,Data/800MHz/sim_001826_1N-HN.out,800.0,18.789289276185396,92.0,677.7777777777778,0.052222222222222225,4.928571428571429,5555.0,5e-09,5e-11,0.85,1.02e-10,1.86e-10,-0.00016,0.3839724354387525,22.0,1000000.0,0.005,True,1,49;47;37,40,0,0,
1827,1827,Data/800MHz/sim_001827_1N-HN.out,800.0,18.789289276185396,92.0,677.7777777777778,0.052222222222222225,5.285714285714286,5555.0,5e-09,5e-11,0.85,1.02e-10,1.86e-10,-0.00016,0.3839724354387525,22.0,1000000.0,0.005,True,1,9;77;71,40,0,0,
1828,1828,Data/800MHz/sim_001828_1N-HN.out,800.0,18.789289276185396,92.0,677.7777777777778,0.052222222222222225,5.642857142857143,5555.0,5e-09,5e-11,0.85,1.02e-10,1.86e-10,-0.00016,0.3839724354387525,22.0,1000000.0,0.005,True,1,37;45;27,40,0,0,
1829,1829,Data/800MHz/sim_001829_1N-HN.out,800.0,18.789289276185396,92.0,677.7777777777778,0.052222222222222225,6.0,5555.0,5e-09,5e-11,0.85,1.02e-10,1.86e-10,-0.00016,0.3839724354387525,22.0,1000000.0,0.005,True,1,53;39;41,40,0,0,
1830,1830,Data/800MHz/sim_001830_1N-HN.out,800.0,18.789289276185396,92.0,677.7777777777778,0.05444444444444445,1.0,5555.0,5e-09,5e-11,0.85,1.02e-10,1.86e-10,-0.00016,0.3839724354387525,22.0,1000000.0,0.005,True,1,47;65;73,40,0,0,
1831,1831,Data/800MHz/sim_001831_1N-HN.out,800.0,18.789289276185396,92.0,677.7777777777778,0.05444444444444445,1.3571428571428572,5555.0,5e-09,5e-11,0.85,1.02e-10,1.86e-10,-0.00016,0.3839724354387525,22.0,1000000.0,0.005,True,1,29;63;53,40,0,0,
1832,1832,Data/800MHz/sim_001832_1N-HN.out,800.0,18.789289276185396,92.0,677.7777777777778,0.05444444444444445,1.7142857142857144,5555.0,5e-09,5e-11,0.85,1.02e-10,1.86e-10,-0.00016,0.3839724354387525,22.0,1000000.0,0.005,True,1,5;9;15,40,0,0,
1833,1833,Data/800MHz/sim_001833_1N-HN.out,800.0,18.789289276185396,92.0,677.7777777777778,0.05444444444444445,2.071428571428571,5555.0,5e-09,5e-11,0.85,1.02e-10,1.86e-10,-0.00016,0.3839724354387525,22.0,1000000.0,0.005,True,1,29;35;39,40,0,0,
1834,1834,Data/800MHz/sim_001834_1N-HN.out,800.0,18.789289276185396,92.0,677.7777777777778,0.05444444444444445,2.428571428571429,5555.0,5e-09,5e-11,0.85,1.02e-10,1.86e-10,-0.00016,0.3839724354387525,22.0,1000000.0,0.005,True,1,39;31;43,40,0,0,
1835,1835,Data/800MHz/sim_001835_1N-HN.out,800.0,18.789289276185396,92.0,677.7777777777778,0.05444444444444445,2.7857142857142856,5555.0,5e-09,5e-11,0.85,1.02e-10,1.86e-10,-0.00016,0.3839724354387525,22.0,1000000.0,0.005,True,1,79;47;51,40,0,0,
1836,1836,Data/800MHz/sim_001836_1N-HN.out,800.0,18.789289276185396,92.0,677.7777777777778,0.05444444444444445,3.142857142857143,5555.0,5e-09,5e-11,0.85,1.02e-10,1.86e-10,-0.00016,0.3839724354387525,22.0,1000000.0,0.005,True,1,71;65;49,40,0,0,
1837,1837,Data/800MHz/sim_001837_1N-HN.out,800.0,18.789289276185396,92.0,677.7777777777778,0.05444444444444445,3.5,5555.0,5e-09,5e-11,0.85,1.02e-10,1.86e-10,-0.00016,0.3839724354387525,22.0,1000000.0,0.005,True,1,45;33;19,40,0,0,
1838,1838,Data/800MHz/sim_001838_1N-HN.out,800.0,18.789289276185396,92.0,677.7777777777778,0.05444444444444445,3.857142857142857,5555.0,5e-09,5e-11,0.85,1.02e-10,1.86e-10,-0.00016,0.3839724354387525,22.0,1000000.0,0.005,True,1,57;53;29,40,0,0,
1839,1839,Data/800MHz/sim_001839_1N-HN.out,800.0,18.789289276185396,92.0,677.7777777777778,0.05444444444444445,4.214285714285714,5555.0,5e-09,5e-11,0.85,1.02e-10,1.86e-10,-0.00016,0.3839724354387525,22.0,1000000.0,0.005,True,1,33;61;39,40,0,0,
1840,1840,Data/800MHz/sim_001840_1N-HN.out,800.0,18.789289276185396,92.0,677.7777777777778,0.05444444444444445,4.571428571428571,5555.0,5e-09,5e-11,0.85,1.02e-10,1.86e-10,-0.00016,0.3839724354387525,22.0,1000000.0,0.005,True,1,47;9;45,40,0,0,
1841,1841,Data/800MHz/sim_001841_1N-HN.out,800.0,18.789289276185396,92.0,677.7777777777778,0.05444444444444445,4.928571428571429,5555.0,5e-09,5e-11,0.85,1.02e-10,1.86e-10,-0.00016,0.3839724354387525,22.0,1000000.0,0.005,True,1,43;71;55,40,0,0,
1842,1842,Data/800MHz/sim_001842_1N-HN.out,800.0,18.789289276185396,92.0,677.7777777777778,0.05444444444444445,5.285714285714286,5555.0,5e-09,5e-11,0.85,1.02e-10,1.86e-10,-0.00016,0.3839724354387525,22.0,1000000.0,0.005,True,1,3;21;49,40,0,0,
1843,1843,Data/800MHz/sim_001843_1N-HN.out,800.0,18.789289276185396,92.0,677.7777777777778,0.05444444444444445,5.642857142857143,5555.0,5e-09,5e-11,0.85,1.02e-10,1.86e-10,-0.00016,0.3839724354387525,22.0,1000000.0,0.005,True,1,19;29;47,40,0,0,
1844,1844,Data/800MHz/sim_001844_1N-HN.out,800.0,18.789289276185396,92.0,677.7777777777778,0.05444444444444445,6.0,5555.0,5e-09,5e-11,0.85,1.02e-10,1.86e-10,-0.00016,0.3839724354387525,22.0,1000000.0,0.005,True,1,35;63;59,40,0,0,
1845,1845,Data/800MHz/sim_001845_1N-HN.out,800.0,18.789289276185396,92.0,677.7777777777778,0.05666666666666667,1.0,5555.0,5e-09,5e-11,0.85,1.02e-10,1.86e-10,-0.00016,0.3839724354387525,22.0,1000000.0,0.005,True,1,75;47;15,40,0,0,
1846,1846,Data/800MHz/sim_001846_1N-HN.out,800.0,18.789289276185396,92.0,677.7777777777778,0.05666666666666667,1.3571428571428572,5555.0,5e-09,5e-11,0.85,1.02e-10,1.86e-10,-0.00016,0.3839724354387525,22.0,1000000.0,0.005,True,1,71;19;13,40,0,0,
1847,1847,Data/800MHz/sim_001847_1N-HN.out,800.0,18.789289276185396,92.0,677.7777777777778,0.05666666666666667,1.7142857142857144,5555.0,5e-09,5e-11,0.85,1.02e-10,1.86e-10,-0.00016,0.3839724354387525,22.0,1000000.0,0.005,True,1,1;79;73,40,0,0,
1848,1848,Data/800MHz/sim_001848_1N-HN.out,800.0,18.789289276185396,92.0,677.7777777777778,0.05666666666666667,2.071428571428571,5555.0,5e-09,5e-11,0.85,1.02e-10,1.86e-10,-0.00016,0.3839724354387525,22.0,1000000.0,0.005,True,1,51;43;59,40,0,0,
1849,1849,Data/800MHz/sim_001849_1N-HN.out,800.0,18.789289276185396,92.0,677.7777777777778,0.05666666666666667,2.428571428571429,5555.0,5e-09,5e-11,0.85,1.02e-10,1.86e-10,-0.00016,0.3839724354387525,22.0,1000000.0,0.005,True,1,13;27;73,40,0,0,
1850,1850,Data/800MHz/sim_001850_1N-HN.out,800.0,18.789289276185396,92.0,677.7777777777778,0.05666666666666667,2.7857142857142856,5555.0,5e-09,5e-11,0.85,1.02e-10,1.86e-10,-0.00016,0.3839724354387525,22.0,1000000.0,0.005,True,1,25;5;73,40,0,0,
1851,1851,Data/800MHz/sim_001851_1N-HN.out,800.0,18.789289276185396,92.0,677.7777777777778,0.05666666666666667,3.142857142857143,5555.0,5e-09,5e-11,0.85,1.02e-10,1.86e-10,-0.00016,0.3839724354387525,22.0,1000000.0,0.005,True,1,29;3;73,40,0,0,
1852,1852,Data/800MHz/sim_001852_1N-HN.out,800.0,18.789289276185396,92.0,677.7777777777778,0.05666666666666667,3.5,5555.0,5e-09,5e-11,0.85,1.02e-10,1.86e-10,-0.00016,0.3839724354387525,22.0,1000000.0,0.005,True,1,67;33;51,40,0,0,
1853,1853,Data/800MHz/sim_001853_1N-HN.out,800.0,18.789289276185396,92.0,677.7777777777778,0.05666666666666667,3.857142857142857,5555.0,5e-09,5e-11,0.85,1.02e-10,1.86e-10,-0.00016,0.3839724354387525,22.0,1000000.0,0.005,True,1,51;5;15,40,0,0,
1854,1854,Data/800MHz/sim_001854_1N-HN.out,800.0,18.789289276185396,92.0,677.7777777777778,0.05666666666666667,4.214285714285714,5555.0,5e-09,5e-11,0.85,1.02e-10,1.86e-10,-0.00016,0.3839724354387525,22.0,1000000.0,0.005,True,1,43;17;31,40,0,0,
1855,1855,Data/800MHz/sim_001855_1N-HN.out,800.0,18.789289276185396,92.0,677.7777777777778,0.05666666666666667,4.571428571428571,5555.0,5e-09,5e-11,0.85,1.02e-10,1.86e-10,-0.00016,0.3839724354387525,22.0,1000000.0,0.005,True,1,77;13;79,40,0,0,
1856,1856,Data/800MHz/sim_001856_1N-HN.out,800.0,18.789289276185396,92.0,677.7777777777778,0.05666666666666667,4.928571428571429,5555.0,5e-09,5e-11,0.85,1.02e-10,1.86e-10,-0.00016,0.3839724354387525,22.0,1000000.0,0.005,True,1,65;23;51,40,0,0,
1857,1857,Data/800MHz/sim_001857_1N-HN.out,800.0,18.789289276185396,92.0,677.7777777777778,0.05666666666666667,5.285714285714286,5555.0,5e-09,5e-11,0.85,1.02e-10,1.86e-10,-0.00016,0.3839724354387525,22.0,1000000.0,0.005,True,1,11;51;41,40,0,0,
1858,1858,Data/800MHz/sim_001858_1N-HN.out,800.0,18.789289276185396,92.0,677.7777777777778,0.05666666666666667,5.642857142857143,5555.0,5e-09,5e-11,0.85,1.02e-10,1.86e-10,-0.00016,0.3839724354387525,22.0,1000000.0,0.005,True,1,5;61;75,40,0,0,
1859,1859,Data/800MHz/sim_001859_1N-HN.out,800.0,18.789289276185396,92.0,677.7777777777778,0.05666666666666667,6.0,5555.0,5e-09,5e-11,0.85,1.02e-10,1.86e-10,-0.00016,0.3839724354387525,22.0,1000000.0,0.005,True,1,63;29;33,40,0,0,
1860,1860,Data/800MHz/sim_001860_1N-HN.out,800.0,18.789289276185396,92.0,677.7777777777778,0.05888888888888889,1.0,5555.0,5e-09,5e-11,0.85,1.02e-10,1.86e-10,-0.00016,0.3839724354387525,22.0,1000000.0,0.005,True,1,63;9;43,40,0,0,
1861,1861,Data/800MHz/sim_001861_1N-HN.out,800.0,18.789289276185396,92.0,677.7777777777778,0.05888888888888889,1.3571428571428572,5555.0,5e-09,5e-11,0.85,1.02e-10,1.86e-10,-0.00016,0.3839724354387525,22.0,1000000.0,0.005,True,1,75;37;29,40,0,0,
1862,1862,Data/800MHz/sim_001862_1N-HN.out,800.0,18.789289276185396,92.0,677.7777777777778,0.05888888888888889,1.7142857142857144,5555.0,5e-09,5e-11,0.85,1.02e-10,1.86e-10,-0.00016,0.3839724354387525,22.0,1000000.0,0.005,True,1,27;9;31,40,0,0,
1863,1863,Data/800MHz/sim_001863_1N-HN.out,800.0,18.789289276185396,92.0,677.7777777777778,0.05888888888888889,2.071428571428571,5555.0,5e-09,5e-11,0.85,1.02e-10,1.86e-10,-0.00016,0.3839724354387525,22.0,1000000.0,0.005,True,1,33;17;27,40,0,0,
1864,1864,Data/800MHz/sim_001864_1N-HN.out,800.0,18.789289276185396,92.0,677.7777777777778,0.05888888888888889,2.428571428571429,5555.0,5e-09,5e-11,0.85,1.02e-10,1.86e-10,-0.00016,0.3839724354387525,22.0,1000000.0,0.005,True,1,13;77;65,40,0,0,
1865,1865,Data/800MHz/sim_001865_1N-HN.out,800.0,18.789289276185396,92.0,677.7777777777778,0.05888888888888889,2.7857142857142856,5555.0,5e-09,5e-11,0.85,1.02e-10,1.86e-10,-0.00016,0.3839724354387525,22.0,1000000.0,0.005,True,1,69;51;67,40,0,0,
1866,1866,Data/800MHz/sim_001866_1N-HN.out,800.0,18.789289276185396,92.0,677.7777777777778,0.05888888888888889,3.142857142857143,5555.0,5e-09,5e-11,0.85,1.02e-10,1.86e-10,-0.00016,0.3839724354387525,22.0,1000000.0,0.005,True,1,53;59;49,40,0,0,
1867,1867,Data/800MHz/sim_001867_1N-HN.out,800.0,18.789289276185396,92.0,677.7777777777778,0.05888888888888889,3.5,5555.0,5e-09,5e-11,0.85,1.02e-10,1.86e-10,-0.00016,0.3839724354387525,22.0,1000000.0,0.005,True,1,11;49;69,40,0,0,
1868,1868,Data/800MHz/sim_001868_1N-HN.out,800.0,18.789289276185396,92.0,677.7777777777778,0.05888888888888889,3.857142857142857,5555.0,5e-09,5e-11,0.85,1.02e-10,1.86e-10,-0.00016,0.3839724354387525,22.0,1000000.0,0.005,True,1,3;15;51,40,0,0,
1869,1869,Data/800MHz/sim_001869_1N-HN.out,800.0,18.789289276185396,92.0,677.7777777777778,0.05888888888888889,4.214285714285714,5555.0,5e-09,5e-11,0.85,1.02e-10,1.86e-10,-0.00016,0.3839724354387525,22.0,1000000.0,0.005,True,1,49;53;33,40,0,0,
1870,1870,Data/800MHz/sim_001870_1N-HN.out,800.0,18.789289276185396,92.0,677.7777777777778,0.05888888888888889,4.571428571428571,5555.0,5e-09,5e-11,0.85,1.02e-10,1.86e-10,-0.00016,0.3839724354387525,22.0,1000000.0,0.005,True,1,31;39;17,40,0,0,
1871,1871,Data/800MHz/sim_001871_1N-HN.out,800.0,18.789289276185396,92.0,677.7777777777778,0.05888888888888889,4.928571428571429,5555.0,5e-09,5e-11,0.85,1.02e-10,1.86e-10,-0.00016,0.3839724354387525,22.0,1000000.0,0.005,True,1,5;29;51,40,0,0,
1872,1872,Data/800MHz/sim_001872_1N-HN.out,800.0,18.789289276185396,92.0,677.7777777777778,0.05888888888888889,5.285714285714286,5555.0,5e-09,5e-11,0.85,1.02e-10,1.86e-10,-0.00016,0.3839724354387525,22.0,1000000.0,0.005,True,1,61;51;53,40,0,0,
1873,1873,Data/800MHz/sim_001873_1N-HN.out,800.0,18.789289276185396,92.0,677.7777777777778,0.05888888888888889,5.642857142857143,5555.0,5e-09,5e-11,0.85,1.02e-10,1.86e-10,-0.00016,0.3839724354387525,22.0,1000000.0,0.005,True,1,47;7;51,40,0,0,
1874,1874,Data/800MHz/sim_001874_1N-HN.out,800.0,18.789289276185396,92.0,677.7777777777778,0.05888888888888889,6.0,5555.0,5e-09,5e-11,0.85,1.02e-10,1.86e-10,-0.00016,0.3839724354387525,22.0,1000000.0,0.005,True,1,9;3;73,40,0,0,
1875,1875,Data/800MHz/sim_001875_1N-HN.out,800.0,18.789289276185396,92.0,677.7777777777778,0.061111111111111116,1.0,5555.0,5e-09,5e-11,0.85,1.02e-10,1.86e-10,-0.00016,0.3839724354387525,22.0,1000000.0,0.005,True,1,35;39;17,40,0,0,
1876,1876,Data/800MHz/sim_001876_1N-HN.out,800.0,18.789289276185396,92.0,677.7777777777778,0.061111111111111116,1.3571428571428572,5555.0,5e-09,5e-11,0.85,1.02e-10,1.86e-10,-0.00016,0.3839724354387525,22.0,1000000.0,0.005,True,1,55;75;27,40,0,0,
1877,1877,Data/800MHz/sim_001877_1N-HN.out,800.0,18.789289276185396,92.0,677.7777777777778,0.061111111111111116,1.7142857142857144,5555.0,5e-09,5e-11,0.85,1.02e-10,1.86e-10,-0.00016,0.3839724354387525,22.0,1000000.0,0.005,True,1,79;75;19,40,0,0,
1878,1878,Data/800MHz/sim_001878_1N-HN.out,800.0,18.789289276185396,92.0,677.7777777777778,0.061111111111111116,2.071428571428571,5555.0,5e-09,5e-11,0.85,1.02e-10,1.86e-10,-0.00016,0.3839724354387525,22.0,1000000.0,0.005,True,1,49;23;79,40,0,0,
1879,1879,Data/800MHz/sim_001879_1N-HN.out,800.0,18.789289276185396,92.0,677.7777777777778,0.061111111111111116,2.428571428571429,5555.0,5e-09,5e-11,0.85,1.02e-10,1.86e-10,-0.00016,0.3839724354387525,22.0,1000000.0,0.005,True,1,27;77;57,40,0,0,
1880,1880,Data/800MHz/sim_001880_1N-HN.out,800.0,18.789289276185396,92.0,677.7777777777778,0.061111111111111116,2.7857142857142856,5555.0,5e-09,5e-11,0.85,1.02e-10,1.86e-10,-0.00016,0.3839724354387525,22.0,1000000.0,0.005,True,1,67;33;1,40,0,0,
1881,1881,Data/800MHz/sim_001881_1N-HN.out,800.0,18.789289276185396,92.0,677.7777777777778,0.061111111111111116,3.142857142857143,5555.0,5e-09,5e-11,0.85,1.02e-10,1.86e-10,-0.00016,0.3839724354387525,22.0,1000000.0,0.005,True,1,45;17;39,40,0,0,
1882,1882,Data/800MHz/sim_001882_1N-HN.out,800.0,18.789289276185396,92.0,677.7777777777778,0.061111111111111116,3.5,5555.0,5e-09,5e-11,0.85,1.02e-10,1.86e-10,-0.00016,0.3839724354387525,22.0,1000000.0,0.005,True,1,79;55;49,40,0,0,
1883,1883,Data/800MHz/sim_001883_1N-HN.out,800.0,18.789289276185396,92.0,677.7777777777778,0.061111111111111116,3.857142857142857,5555.0,5e-09,5e-11,0.85,1.02e-10,1.86e-10,-0.00016,0.3839724354387525,22.0,1000000.0,0.005,True,1,47;9;41,40,0,0,
1884,1884,Data/800MHz/sim_001884_1N-HN.out,800.0,18.789289276185396,92.0,677.7777777777778,0.061111111111111116,4.214285714285714,5555.0,5e-09,5e-11,0.85,1.02e-10,1.86e-10,-0.00016,0.3839724354387525,22.0,1000000.0,0.005,True,1,75;77;73,40,0,0,
1885,1885,Data/800MHz/sim_001885_1N-HN.out,800.0,18.789289276185396,92.0,677.7777777777778,0.061111111111111116,4.571428571428571,5555.0,5e-09,5e-11,0.85,1.02e-10,1.86e-10,-0.00016,0.3839724354387525,22.0,1000000.0,0.005,True,1,23;53;29,40,0,0,
1886,1886,Data/800MHz/sim_001886_1N-HN.out,800.0,18.789289276185396,92.0,677.7777777777778,0.061111111111111116,4.928571428571429,5555.0,5e-09,5e-11,0.85,1.02e-10,1.86e-10,-0.00016,0.3839724354387525,22.0,1000000.0,0.005,True,1,7;23;43,40,0,0,
1887,1887,Data/800MHz/sim_001887_1N-HN.out,800.0,18.789289276185396,92.0,677.7777777777778,0.061111111111111116,5.285714285714286,5555.0,5e-09,5e-11,0.85,1.02e-10,1.86e-10,-0.00016,0.3839724354387525,22.0,1000000.0,0.005,True,1,25;61;5,40,0,0,
1888,1888,Data/800MHz/sim_001888_1N-HN.out,800.0,18.789289276185396,92.0,677.7777777777778,0.061111111111111116,5.642857142857143,5555.0,5e-09,5e-11,0.85,1.02e-10,1.86e-10,-0.00016,0.3839724354387525,22.0,1000000.0,0.005,True,1,43;65;1,40,0,0,
1889,1889,Data/800MHz/sim_001889_1N-HN.out,800.0,18.789289276185396,92.0,677.7777777777778,0.061111111111111116,6.0,5555.0,5e-09,5e-11,0.85,1.02e-10,1.86e-10,-0.00016,0.3839724354387525,22.0,1000000.0,0.005,True,1,51;45;17,40,0,0,
1890,1890,Data/800MHz/sim_001890_1N-HN.out,800.0,18.789289276185396,92.0,677.7777777777778,0.06333333333333334,1.0,5555.0,5e-09,5e-11,0.85,1.02e-10,1.86e-10,-0.00016,0.3839724354387525,22.0,1000000.0,0.005,True,1,51;37;5,40,0,0,
1891,1891,Data/800MHz/sim_001891_1N-HN.out,800.0,18.789289276185396,92.0,677.7777777777778,0.06333333333333334,1.3571428571428572,5555.0,5e-09,5e-11,0.85,1.02e-10,1.86e-10,-0.00016,0.3839724354387525,22.0,1000000.0,0.005,True,1,75;23;15,40,0,0,
1892,1892,Data/800MHz/sim_001892_1N-HN.out,800.0,18.789289276185396,92.0,677.7777777777778,0.06333333333333334,1.7142857142857144,5555.0,5e-09,5e-11,0.85,1.02e-10,1.86e-10,-0.00016,0.3839724354387525,22.0,1000000.0,0.005,True,1,55;3;43,40,0,0,
1893,1893,Data/800MHz/sim_001893_1N-HN.out,800.0,18.789289276185396,92.0,677.7777777777778,0.06333333333333334,2.071428571428571,5555.0,5e-09,5e-11,0.85,1.02e-10,1.86e-10,-0.00016,0.3839724354387525,22.0,1000000.0,0.005,True,1,63;1;31,40,0,0,
1894,1894,Data/800MHz/sim_001894_1N-HN.out,800.0,18.789289276185396,92.0,677.7777777777778,0.06333333333333334,2.428571428571429,5555.0,5e-09,5e-11,0.85,1.02e-10,1.86e-10,-0.00016,0.3839724354387525,22.0,1000000.0,0.005,True,1,27;9;21,40,0,0,
1895,1895,Data/800MHz/sim_001895_1N-HN.out,800.0,18.789289276185396,92.0,677.7777777777778,0.06333333333333334,2.7857142857142856,5555.0,5e-09,5e-11,0.85,1.02e-10,1.86e-10,-0.00016,0.3839724354387525,22.0,1000000.0,0.005,True,1,55;43;61,40,0,0,
1896,1896,Data/800MHz/sim_001896_1N-HN.out,800.0,18.789289276185396,92.0,677.7777777777778,0.06333333333333334,3.142857142857143,5555.0,5e-09,5e-11,0.85,1.02e-10,1.86e-10,-0.00016,0.3839724354387525,22.0,1000000.0,0.005,True,1,57;13;47,40,0,0,
1897,1897,Data/800MHz/sim_001897_1N-HN.out,800.0,18.789289276185396,92.0,677.7777777777778,0.06333333333333334,3.5,5555.0,5e-09,5e-11,0.85,1.02e-10,1.86e-10,-0.00016,0.3839724354387525,22.0,1000000.0,0.005,True,1,61;65;19,40,0,0,
1898,1898,Data/800MHz/sim_001898_1N-HN.out,800.0,18.789289276185396,92.0,677.7777777777778,0.06333333333333334,3.857142857142857,5555.0,5e-09,5e-11,0.85,1.02e-10,1.86e-10,-0.00016,0.3839724354387525,22.0,1000000.0,0.005,True,1,31;69;53,40,0,0,
1899,1899,Data/800MHz/sim_001899_1N-HN.out,800.0,18.789289276185396,92.0,677.7777777777778,0.06333333333333334,4.214285714285714,5555.0,5e-09,5e-11,0.85,1.02e-10,1.86e-10,-0.00016,0.3839724354387525,22.0,1000000.0,0.005,True,1,17;15;61,40,0,0,
1900,1900,Data/800MHz/sim_001900_1N-HN.out,800.0,18.789289276185396,92.0,677.7777777777778,0.06333333333333334,4.571428571428571,5555.0,5e-09,5e-11,0.85,1.02e-10,1.86e-10,-0.00016,0.3839724354387525,22.0,1000000.0,0.005,True,1,49;63;7,40,0,0,
1901,1901,Data/800MHz/sim_001901_1N-HN.out,800.0,18.789289276185396,92.0,677.7777777777778,0.06333333333333334,4.928571428571429,5555.0,5e-09,5e-11,0.85,1.02e-10,1.86e-10,-0.00016,0.3839724354387525,22.0,1000000.0,0.005,True,1,69;47;53,40,0,0,
1902,1902,Data/800MHz/sim_001902_1N-HN.out,800.0,18.789289276185396,92.0,677.7777777777778,0.06333333333333334,5.285714285714286,5555.0,5e-09,5e-11,0.85,1.02e-10,1.86e-10,-0.00016,0.3839724354387525,22.0,1000000.0,0.005,True,1,31;71;77,40,0,0,
1903,1903,Data/800MHz/sim_001903_1N-HN.out,800.0,18.789289276185396,92.0,677.7777777777778,0.06333333333333334,5.642857142857143,5555.0,5e-09,5e-11,0.85,1.02e-10,1.86e-10,-0.00016,0.3839724354387525,22.0,1000000.0,0.005,True,1,59;11;67,40,0,0,
1904,1904,Data/800MHz/sim_001904_1N-HN.out,800.0,18.789289276185396,92.0,677.7777777777778,0.06333333333333334,6.0,5555.0,5e-09,5e-11,0.85,1.02e-10,1.86e-10,-0.00016,0.3839724354387525,22.0,1000000.0,0.005,True,1,71;41;25,40,0,0,
1905,1905,Data/800MHz/sim_001905_1N-HN.out,800.0,18.789289276185396,92.0,677.7777777777778,0.06555555555555556,1.0,5555.0,5e-09,5e-11,0.85,1.02e-10,1.86e-10,-0.00016,0.3839724354387525,22.0,1000000.0,0.005,True,1,51;27;25,40,0,0,
1906,1906,Data/800MHz/sim_001906_1N-HN.out,800.0,18.789289276185396,92.0,677.7777777777778,0.06555555555555556,1.3571428571428572,5555.0,5e-09,5e-11,0.85,1.02e-10,1.86e-10,-0.00016,0.3839724354387525,22.0,1000000.0,0.005,True,1,67;69;31,40,0,0,
1907,1907,Data/800MHz/sim_001907_1N-HN.out,800.0,18.789289276185396,92.0,677.7777777777778,0.06555555555555556,1.7142857142857144,5555.0,5e-09,5e-11,0.85,1.02e-10,1.86e-10,-0.00016,0.3839724354387525,22.0,1000000.0,0.005,True,1,73;1;79,40,0,0,
1908,1908,Data/800MHz/sim_001908_1N-HN.out,800.0,18.789289276185396,92.0,677.7777777777778,0.06555555555555556,2.071428571428571,5555.0,5e-09,5e-11,0.85,1.02e-10,1.86e-10,-0.00016,0.3839724354387525,22.0,1000000.0,0.005,True,1,51;33;11,40,0,0,
1909,1909,Data/800MHz/sim_001909_1N-HN.out,800.0,18.789289276185396,92.0,677.7777777777778,0.06555555555555556,2.428571428571429,5555.0,5e-09,5e-11,0.85,1.02e-10,1.86e-10,-0.00016,0.3839724354387525,22.0,1000000.0,0.005,True,1,45;59;11,40,0,0,
1910,1910,Data/800MHz/sim_001910_1N-HN.out,800.0,18.789289276185396,92.0,677.7777777777778,0.06555555555555556,2.7857142857142856,5555.0,5e-09,5e-11,0.85,1.02e-10,1.86e-10,-0.00016,0.3839724354387525,22.0,1000000.0,0.005,True,1,67;77;5,40,0,0,
1911,1911,Data/800MHz/sim_001911_1N-HN.out,800.0,18.789289276185396,92.0,677.7777777777778,0.06555555555555556,3.142857142857143,5555.0,5e-09,5e-11,0.85,1.02e-10,1.86e-10,-0.00016,0.3839724354387525,22.0,1000000.0,0.005,True,1,77;69;47,40,0,0,
1912,1912,Data/800MHz/sim_001912_1N-HN.out,800.0,18.789289276185396,92.0,677.7777777777778,0.06555555555555556,3.5,5555.0,5e-09,5e-11,0.85,1.02e-10,1.86e-10,-0.00016,0.3839724354387525,22.0,1000000.0,0.005,True,1,17;13;49,40,0,0,
1913,1913,Data/800MHz/sim_001913_1N-HN.out,800.0,18.789289276185396,92.0,677.7777777777778,0.06555555555555556,3.857142857142857,5555.0,5e-09,5e-11,0.85,1.02e-10,1.86e-10,-0.00016,0.3839724354387525,22.0,1000000.0,0.005,True,1,65;53;41,40,0,0,
1914,1914,Data/800MHz/sim_001914_1N-HN.out,800.0,18.789289276185396,92.0,677.7777777777778,0.06555555555555556,4.214285714285714,5555.0,5e-09,5e-11,0.85,1.02e-10,1.86e-10,-0.00016,0.3839724354387525,22.0,1000000.0,0.005,True,1,3;21;25,40,0,0,
1915,1915,Data/800MHz/sim_001915_1N-HN.out,800.0,18.789289276185396,92.0,677.7777777777778,0.06555555555555556,4.571428571428571,5555.0,5e-09,5e-11,0.85,1.02e-10,1.86e-10,-0.00016,0.3839724354387525,22.0,1000000.0,0.005,True,1,31;67;39,40,0,0,
1916,1916,Data/800MHz/sim_001916_1N-HN.out,800.0,18.789289276185396,92.0,677.7777777777778,0.06555555555555556,4.928571428571429,5555.0,5e-09,5e-11,0.85,1.02e-10,1.86e-10,-0.00016,0.3839724354387525,22.0,1000000.0,0.005,True,1,65;55;23,40,0,0,
1917,1917,Data/800MHz/sim_001917_1N-HN.out,800.0,18.789289276185396,92.0,677.7777777777778,0.06555555555555556,5.285714285714286,5555.0,5e-09,5e-11,0.85,1.02e-10,1.86e-10,-0.00016,0.3839724354387525,22.0,1000000.0,0.005,True,1,1;73;47,40,0,0,
1918,1918,Data/800MHz/sim_001918_1N-HN.out,800.0,18.789289276185396,92.0,677.7777777777778,0.06555555555555556,5.642857142857143,5555.0,5e-09,5e-11,0.85,1.02e-10,1.86e-10,-0.00016,0.3839724354387525,22.0,1000000.0,0.005,True,1,35;77;1,40,0,0,
1919,1919,Data/800MHz/sim_001919_1N-HN.out,800.0,18.789289276185396,92.0,677.7777777777778,0.06555555555555556,6.0,5555.0,5e-09,5e-11,0.85,1.02e-10,1.86e-10,-0.00016,0.3839724354387525,22.0,1000000.0,0.005,True,1,37;65;47,40,0,0,
1920,1920,Data/800MHz/sim_001920_1N-HN.out,800.0,18.789289276185396,92.0,677.7777777777778,0.06777777777777778,1.0,5555.0,5e-09,5e-11,0.85,1.02e-10,1.86e-10,-0.00016,0.3839724354387525,22.0,1000000.0,0.005,True,1,79;19;25,40,0,0,
1921,1921,Data/800MHz/sim_001921_1N-HN.out,800.0,18.789289276185396,92.0,677.7777777777778,0.06777777777777778,1.3571428571428572,5555.0,5e-09,5e-11,0.85,1.02e-10,1.86e-10,-0.00016,0.3839724354387525,22.0,1000000.0,0.005,True,1,37;3;75,40,0,0,
1922,1922,Data/800MHz/sim_001922_1N-HN.out,800.0,18.789289276185396,92.0,677.7777777777778,0.06777777777777778,1.7142857142857144,5555.0,5e-09,5e-11,0.85,1.02e-10,1.86e-10,-0.00016,0.3839724354387525,22.0,1000000.0,0.005,True,1,3;31;27,40,0,0,
1923,1923,Data/800MHz/sim_001923_1N-HN.out,800.0,18.789289276185396,92.0,677.7777777777778,0.06777777777777778,2.071428571428571,5555.0,5e-09,5e-11,0.85,1.02e-10,1.86e-10,-0.00016,0.3839724354387525,22.0,1000000.0,0.005,True,1,61;29;17,40,0,0,
1924,1924,Data/800MHz/sim_001924_1N-HN.out,800.0,18.789289276185396,92.0,677.7777777777778,0.06777777777777778,2.428571428571429,5555.0,5e-09,5e-11,0.85,1.02e-10,1.86e-10,-0.00016,0.3839724354387525,22.0,1000000.0,0.005,True,1,55;29;59,40,0,0,
1925,1925,Data/800MHz/sim_001925_1N-HN.out,800.0,18.789289276185396,92.0,677.7777777777778,0.06777777777777778,2.7857142857142856,5555.0,5e-09,5e-11,0.85,1.02e-10,1.86e-10,-0.00016,0.3839724354387525,22.0,1000000.0,0.005,True,1,9;45;43,40,0,0,
1926,1926,Data/800MHz/sim_001926_1N-HN.out,800.0,18.789289276185396,92.0,677.7777777777778,0.06777777777777778,3.142857142857143,5555.0,5e-09,5e-11,0.85,1.02e-10,1.86e-10,-0.00016,0.3839724354387525,22.0,1000000.0,0.005,True,1,51;29;55,40,0,0,
1927,1927,Data/800MHz/sim_001927_1N-HN.out,800.0,18.789289276185396,92.0,677.7777777777778,0.06777777777777778,3.5,5555.0,5e-09,5e-11,0.85,1.02e-10,1.86e-10,-0.00016,0.3839724354387525,22.0,1000000.0,0.005,True,1,19;43;1,40,0,0,
1928,1928,Data/800MHz/sim_001928_1N-HN.out,800.0,18.789289276185396,92.0,677.7777777777778,0.06777777777777778,3.857142857142857,5555.0,5e-09,5e-11,0.85,1.02e-10,1.86e-10,-0.00016,0.3839724354387525,22.0,1000000.0,0.005,True,1,69;9;71,40,0,0,
1929,1929,Data/800MHz/sim_001929_1N-HN.out,800.0,18.789289276185396,92.0,677.7777777777778,0.06777777777777778,4.214285714285714,5555.0,5e-09,5e-11,0.85,1.02e-10,1.86e-10,-0.00016,0.3839724354387525,22.0,1000000.0,0.005,True,1,59;19;65,40,0,0,
1930,1930,Data/800MHz/sim_001930_1N-HN.out,800.0,18.789289276185396,92.0,677.7777777777778,0.06777777777777778,4.571428571428571,5555.0,5e-09,5e-11,0.85,1.02e-10,1.86e-10,-0.00016,0.3839724354387525,22.0,1000000.0,0.005,True,1,5;49;63,40,0,0,
1931,1931,Data/800MHz/sim_001931_1N-HN.out,800.0,18.789289276185396,92.0,677.7777777777778,0.06777777777777778,4.928571428571429,5555.0,5e-09,5e-11,0.85,1.02e-10,1.86e-10,-0.00016,0.3839724354387525,22.0,1000000.0,0.005,True,1,77;65;19,40,0,0,
1932,1932,Data/800MHz/sim_001932_1N-HN.out,800.0,18.789289276185396,92.0,677.7777777777778,0.06777777777777778,5.285714285714286,5555.0,5e-09,5e-11,0.85,1.02e-10,1.86e-10,-0.00016,0.3839724354387525,22.0,1000000.0,0.005,True,1,53;43;63,40,0,0,
1933,1933,Data/800MHz/sim_001933_1N-HN.out,800.0,18.789289276185396,92.0,677.7777777777778,0.06777777777777778,5.642857142857143,5555.0,5e-09,5e-11,0.85,1.02e-10,1.86e-10,-0.00016,0.3839724354387525,22.0,1000000.0,0.005,True,1,67;43;45,40,0,0,
1934,1934,Data/800MHz/sim_001934_1N-HN.out,800.0,18.789289276185396,92.0,677.7777777777778,0.06777777777777778,6.0,5555.0,5e-09,5e-11,0.85,1.02e-10,1.86e-10,-0.00016,0.3839724354387525,22.0,1000000.0,0.005,True,1,31;51;13,40,0,0,
1935,1935,Data/800MHz/sim_001935_1N-HN.out,800.0,18.789289276185396,92.0,677.7777777777778,0.07,1.0,5555.0,5e-09,5e-11,0.85,1.02e-10,1.86e-10,-0.00016,0.3839724354387525,22.0,1000000.0,0.005,True,1,47;9;37,40,0,0,
1936,1936,Data/800MHz/sim_001936_1N-HN.out,800.0,18.789289276185396,92.0,677.7777777777778,0.07,1.3571428571428572,5555.0,5e-09,5e-11,0.85,1.02e-10,1.86e-10,-0.00016,0.3839724354387525,22.0,1000000.0,0.005,True,1,41;1;55,40,0,0,
1937,1937,Data/800MHz/sim_001937_1N-HN.out,800.0,18.789289276185396,92.0,677.7777777777778,0.07,1.7142857142857144,5555.0,5e-09,5e-11,0.85,1.02e-10,1.86e-10,-0.00016,0.3839724354387525,22.0,1000000.0,0.005,True,1,1;39;31,40,0,0,
1938,1938,Data/800MHz/sim_001938_1N-HN.out,800.0,18.789289276185396,92.0,677.7777777777778,0.07,2.071428571428571,5555.0,5e-09,5e-11,0.85,1.02e-10,1.86e-10,-0.00016,0.3839724354387525,22.0,1000000.0,0.005,True,1,77;59;73,40,0,0,
1939,1939,Data/800MHz/sim_001939_1N-HN.out,800.0,18.789289276185396,92.0,677.7777777777778,0.07,2.428571428571429,5555.0,5e-09,5e-11,0.85,1.02e-10,1.86e-10,-0.00016,0.3839724354387525,22.0,1000000.0,0.005,True,1,45;63;47,40,0,0,
1940,1940,Data/800MHz/sim_001940_1N-HN.out,800.0,18.789289276185396,92.0,677.7777777777778,0.07,2.7857142857142856,5555.0,5e-09,5e-11,0.85,1.02e-10,1.86e-10,-0.00016,0.3839724354387525,22.0,1000000.0,0.005,True,1,43;1;15,40,0,0,
1941,1941,Data/800MHz/sim_001941_1N-HN.out,800.0,18.789289276185396,92.0,677.7777777777778,0.07,3.142857142857143,5555.0,5e-09,5e-11,0.85,1.02e-10,1.86e-10,-0.00016,0.3839724354387525,22.0,1000000.0,0.005,True,1,59;1;55,40,0,0,
1942,1942,Data/800MHz/sim_001942_1N-HN.out,800.0,18.789289276185396,92.0,677.7777777777778,0.07,3.5,5555.0,5e-09,5e-11,0.85,1.02e-10,1.86e-10,-0.00016,0.3839724354387525,22.0,1000000.0,0.005,True,1,45;61;65,40,0,0,
1943,1943,Data/800MHz/sim_001943_1N-HN.out,800.0,18.789289276185396,92.0,677.7777777777778,0.07,3.857142857142857,5555.0,5e-09,5e-11,0.85,1.02e-10,1.86e-10,-0.00016,0.3839724354387525,22.0,1000000.0,0.005,True,1,39;21;35,40,0,0,
1944,1944,Data/800MHz/sim_001944_1N-HN.out,800.0,18.789289276185396,92.0,677.7777777777778,0.07,4.214285714285714,5555.0,5e-09,5e-11,0.85,1.02e-10,1.86e-10,-0.00016,0.3839724354387525,22.0,1000000.0,0.005,True,1,65;55;37,40,0,0,
1945,1945,Data/800MHz/sim_001945_1N-HN.out,800.0,18.789289276185396,92.0,677.7777777777778,0.07,4.571428571428571,5555.0,5e-09,5e-11,0.85,1.02e-10,1.86e-10,-0.00016,0.3839724354387525,22.0,1000000.0,0.005,True,1,13;21;69,40,0,0,
1946,1946,Data/800MHz/sim_001946_1N-HN.out,800.0,18.789289276185396,92.0,677.7777777777778,0.07,4.928571428571429,5555.0,5e-09,5e-11,0.85,1.02e-10,1.86e-10,-0.00016,0.3839724354387525,22.0,1000000.0,0.005,True,1,1;45;9,40,0,0,
1947,1947,Data/800MHz/sim_001947_1N-HN.out,800.0,18.789289276185396,92.0,677.7777777777778,0.07,5.285714285714286,5555.0,5e-09,5e-11,0.85,1.02e-10,1.86e-10,-0.00016,0.3839724354387525,22.0,1000000.0,0.005,True,1,15;65;59,40,0,0,
1948,1948,Data/800MHz/sim_001948_1N-HN.out,800.0,18.789289276185396,92.0,677.7777777777778,0.07,5.642857142857143,5555.0,5e-09,5e-11,0.85,1.02e-10,1.86e-10,-0.00016,0.3839724354387525,22.0,1000000.0,0.005,True,1,65;61;59,40,0,0,
1949,1949,Data/800MHz/sim_001949_1N-HN.out,800.0,18.789289276185396,92.0,677.7777777777778,0.07,6.0,5555.0,5e-09,5e-11,0.85,1.02e-10,1.86e-10,-0.00016,0.3839724354387525,22.0,1000000.0,0.005,True,1,57;31;15,40,0,0,
1950,1950,Data/800MHz/sim_001950_1N-HN.out,800.0,18.789289276185396,92.0,866.6666666666666,0.05,1.0,5555.0,5e-09,5e-11,0.85,1.02e-10,1.86e-10,-0.00016,0.3839724354387525,22.0,1000000.0,0.005,True,1,3;73;25,40,0,0,
1951,1951,Data/800MHz/sim_001951_1N-HN.out,800.0,18.789289276185396,92.0,866.6666666666666,0.05,1.3571428571428572,5555.0,5e-09,5e-11,0.85,1.02e-10,1.86e-10,-0.00016,0.3839724354387525,22.0,1000000.0,0.005,True,1,25;39;17,40,0,0,
1952,1952,Data/800MHz/sim_001952_1N-HN.out,800.0,18.789289276185396,92.0,866.6666666666666,0.05,1.7142857142857144,5555.0,5e-09,5e-11,0.85,1.02e-10,1.86e-10,-0.00016,0.3839724354387525,22.0,1000000.0,0.005,True,1,23;5;9,40,0,0,
1953,1953,Data/800MHz/sim_001953_1N-HN.out,800.0,18.789289276185396,92.0,866.6666666666666,0.05,2.071428571428571,5555.0,5e-09,5e-11,0.85,1.02e-10,1.86e-10,-0.00016,0.3839724354387525,22.0,1000000.0,0.005,True,1,45;51;49,40,0,0,
1954,1954,Data/800MHz/sim_001954_1N-HN.out,800.0,18.789289276185396,92.0,866.6666666666666,0.05,2.428571428571429,5555.0,5e-09,5e-11,0.85,1.02e-10,1.86e-10,-0.00016,0.3839724354387525,22.0,1000000.0,0.005,True,1,45;31;57,40,0,0,
1955,1955,Data/800MHz/sim_001955_1N-HN.out,800.0,18.789289276185396,92.0,866.6666666666666,0.05,2.7857142857142856,5555.0,5e-09,5e-11,0.85,1.02e-10,1.86e-10,-0.00016,0.3839724354387525,22.0,1000000.0,0.005,True,1,11;23;45,40,0,0,
1956,1956,Data/800MHz/sim_001956_1N-HN.out,800.0,18.789289276185396,92.0,866.6666666666666,0.05,3.142857142857143,5555.0,5e-09,5e-11,0.85,1.02e-10,1.86e-10,-0.00016,0.3839724354387525,22.0,1000000.0,0.005,True,1,25;35;7,40,0,0,
1957,1957,Data/800MHz/sim_001957_1N-HN.out,800.0,18.789289276185396,92.0,866.6666666666666,0.05,3.5,5555.0,5e-09,5e-11,0.85,1.02e-10,1.86e-10,-0.00016,0.3839724354387525,22.0,1000000.0,0.005,True,1,77;45;71,40,0,0,
1958,1958,Data/800MHz/sim_001958_1N-HN.out,800.0,18.789289276185396,92.0,866.6666666666666,0.05,3.857142857142857,5555.0,5e-09,5e-11,0.85,1.02e-10,1.86e-10,-0.00016,0.3839724354387525,22.0,1000000.0,0.005,True,1,37;79;7,40,0,0,
1959,1959,Data/800MHz/sim_001959_1N-HN.out,800.0,18.789289276185396,92.0,866.6666666666666,0.05,4.214285714285714,5555.0,5e-09,5e-11,0.85,1.02e-10,1.86e-10,-0.00016,0.3839724354387525,22.0,1000000.0,0.005,True,1,23;33;35,40,0,0,
1960,1960,Data/800MHz/sim_001960_1N-HN.out,800.0,18.789289276185396,92.0,866.6666666666666,0.05,4.571428571428571,5555.0,5e-09,5e-11,0.85,1.02e-10,1.86e-10,-0.00016,0.3839724354387525,22.0,1000000.0,0.005,True,1,63;15;17,40,0,0,
1961,1961,Data/800MHz/sim_001961_1N-HN.out,800.0,18.789289276185396,92.0,866.6666666666666,0.05,4.928571428571429,5555.0,5e-09,5e-11,0.85,1.02e-10,1.86e-10,-0.00016,0.3839724354387525,22.0,1000000.0,0.005,True,1,45;49;59,40,0,0,
1962,1962,Data/800MHz/sim_001962_1N-HN.out,800.0,18.789289276185396,92.0,866.6666666666666,0.05,5.285714285714286,5555.0,5e-09,5e-11,0.85,1.02e-10,1.86e-10,-0.00016,0.3839724354387525,22.0,1000000.0,0.005,True,1,61;75;51,40,0,0,
1963,1963,Data/800MHz/sim_001963_1N-HN.out,800.0,18.789289276185396,92.0,866.6666666666666,0.05,5.642857142857143,5555.0,5e-09,5e-11,0.85,1.02e-10,1.86e-10,-0.00016,0.3839724354387525,22.0,1000000.0,0.005,True,1,65;27;45,40,0,0,
1964,1964,Data/800MHz/sim_001964_1N-HN.out,800.0,18.789289276185396,92.0,866.6666666666666,0.05,6.0,5555.0,5e-09,5e-11,0.85,1.02e-10,1.86e-10,-0.00016,0.3839724354387525,22.0,1000000.0,0.005,True,1,61;39;1,40,0,0,
1965,1965,Data/800MHz/sim_001965_1N-HN.out,800.0,18.789289276185396,92.0,866.6666666666666,0.052222222222222225,1.0,5555.0,5e-09,5e-11,0.85,1.02e-10,1.86e-10,-0.00016,0.3839724354387525,22.0,1000000.0,0.005,True,1,71;31;37,40,0,0,
1966,1966,Data/800MHz/sim_001966_1N-HN.out,800.0,18.789289276185396,92.0,866.6666666666666,0.052222222222222225,1.3571428571428572,5555.0,5e-09,5e-11,0.85,1.02e-10,1.86e-10,-0.00016,0.3839724354387525,22.0,1000000.0,0.005,True,1,33;27;25,40,0,0,
1967,1967,Data/800MHz/sim_001967_1N-HN.out,800.0,18.789289276185396,92.0,866.6666666666666,0.052222222222222225,1.7142857142857144,5555.0,5e-09,5e-11,0.85,1.02e-10,1.86e-10,-0.00016,0.3839724354387525,22.0,1000000.0,0.005,True,1,67;79;21,40,0,0,
1968,1968,Data/800MHz/sim_001968_1N-HN.out,800.0,18.789289276185396,92.0,866.6666666666666,0.052222222222222225,2.071428571428571,5555.0,5e-09,5e-11,0.85,1.02e-10,1.86e-10,-0.00016,0.3839724354387525,22.0,1000000.0,0.005,True,1,69;75;39,40,0,0,
1969,1969,Data/800MHz/sim_001969_1N-HN.out,800.0,18.789289276185396,92.0,866.6666666666666,0.052222222222222225,2.428571428571429,5555.0,5e-09,5e-11,0.85,1.02e-10,1.86e-10,-0.00016,0.3839724354387525,22.0,1000000.0,0.005,True,1,63;21;7,40,0,0,
1970,1970,Data/800MHz/sim_001970_1N-HN.out,800.0,18.789289276185396,92.0,866.6666666666666,0.052222222222222225,2.7857142857142856,5555.0,5e-09,5e-11,0.85,1.02e-10,1.86e-10,-0.00016,0.3839724354387525,22.0,1000000.0,0.005,True,1,11;53;15,40,0,0,
1971,1971,Data/800MHz/sim_001971_1N-HN.out,800.0,18.789289276185396,92.0,866.6666666666666,0.052222222222222225,3.142857142857143,5555.0,5e-09,5e-11,0.85,1.02e-10,1.86e-10,-0.00016,0.3839724354387525,22.0,1000000.0,0.005,True,1,13;61;15,40,0,0,
1972,1972,Data/800MHz/sim_001972_1N-HN.out,800.0,18.789289276185396,92.0,866.6666666666666,0.052222222222222225,3.5,5555.0,5e-09,5e-11,0.85,1.02e-10,1.86e-10,-0.00016,0.3839724354387525,22.0,1000000.0,0.005,True,1,29;31;79,40,0,0,
1973,1973,Data/800MHz/sim_001973_1N-HN.out,800.0,18.789289276185396,92.0,866.6666666666666,0.052222222222222225,3.857142857142857,5555.0,5e-09,5e-11,0.85,1.02e-10,1.86e-10,-0.00016,0.3839724354387525,22.0,1000000.0,0.005,True,1,73;35;47,40,0,0,
1974,1974,Data/800MHz/sim_001974_1N-HN.out,800.0,18.789289276185396,92.0,866.6666666666666,0.052222222222222225,4.214285714285714,5555.0,5e-09,5e-11,0.85,1.02e-10,1.86e-10,-0.00016,0.3839724354387525,22.0,1000000.0,0.005,True,1,27;45;11,40,0,0,
1975,1975,Data/800MHz/sim_001975_1N-HN.out,800.0,18.789289276185396,92.0,866.6666666666666,0.052222222222222225,4.571428571428571,5555.0,5e-09,5e-11,0.85,1.02e-10,1.86e-10,-0.00016,0.3839724354387525,22.0,1000000.0,0.005,True,1,79;19;5,40,0,0,
1976,1976,Data/800MHz/sim_001976_1N-HN.out,800.0,18.789289276185396,92.0,866.6666666666666,0.052222222222222225,4.928571428571429,5555.0,5e-09,5e-11,0.85,1.02e-10,1.86e-10,-0.00016,0.3839724354387525,22.0,1000000.0,0.005,True,1,33;3;73,40,0,0,
1977,1977,Data/800MHz/sim_001977_1N-HN.out,800.0,18.789289276185396,92.0,866.6666666666666,0.052222222222222225,5.285714285714286,5555.0,5e-09,5e-11,0.85,1.02e-10,1.86e-10,-0.00016,0.3839724354387525,22.0,1000000.0,0.005,True,1,25;79;53,40,0,0,
1978,1978,Data/800MHz/sim_001978_1N-HN.out,800.0,18.789289276185396,92.0,866.6666666666666,0.052222222222222225,5.642857142857143,5555.0,5e-09,5e-11,0.85,1.02e-10,1.86e-10,-0.00016,0.3839724354387525,22.0,1000000.0,0.005,True,1,47;75;73,40,0,0,
1979,1979,Data/800MHz/sim_001979_1N-HN.out,800.0,18.789289276185396,92.0,866.6666666666666,0.052222222222222225,6.0,5555.0,5e-09,5e-11,0.85,1.02e-10,1.86e-10,-0.00016,0.3839724354387525,22.0,1000000.0,0.005,True,1,39;21;13,40,0,0,
1980,1980,Data/800MHz/sim_001980_1N-HN.out,800.0,18.789289276185396,92.0,866.6666666666666,0.05444444444444445,1.0,5555.0,5e-09,5e-11,0.85,1.02e-10,1.86e-10,-0.00016,0.3839724354387525,22.0,1000000.0,0.005,True,1,61;47;73,40,0,0,
1981,1981,Data/800MHz/sim_001981_1N-HN.out,800.0,18.789289276185396,92.0,866.6666666666666,0.05444444444444445,1.3571428571428572,5555.0,5e-09,5e-11,0.85,1.02e-10,1.86e-10,-0.00016,0.3839724354387525,22.0,1000000.0,0.005,True,1,49;31;9,40,0,0,
1982,1982,Data/800MHz/sim_001982_1N-HN.out,800.0,18.789289276185396,92.0,866.6666666666666,0.05444444444444445,1.7142857142857144,5555.0,5e-09,5e-11,0.85,1.02e-10,1.86e-10,-0.00016,0.3839724354387525,22.0,1000000.0,0.005,True,1,23;69;61,40,0,0,
1983,1983,Data/800MHz/sim_001983_1N-HN.out,800.0,18.789289276185396,92.0,866.6666666666666,0.05444444444444445,2.071428571428571,5555.0,5e-09,5e-11,0.85,1.02e-10,1.86e-10,-0.00016,0.3839724354387525,22.0,1000000.0,0.005,True,1,9;15;25,40,0,0,
1984,1984,Data/800MHz/sim_001984_1N-HN.out,800.0,18.789289276185396,92.0,866.6666666666666,0.05444444444444445,2.428571428571429,5555.0,5e-09,5e-11,0.85,1.02e-10,1.86e-10,-0.00016,0.3839724354387525,22.0,1000000.0,0.005,True,1,63;3;23,40,0,0,
1985,1985,Data/800MHz/sim_001985_1N-HN.out,800.0,18.789289276185396,92.0,866.6666666666666,0.05444444444444445,2.7857142857142856,5555.0,5e-09,5e-11,0.85,1.02e-10,1.86e-10,-0.00016,0.3839724354387525,22.0,1000000.0,0.005,True,1,43;1;45,40,0,0,
1986,1986,Data/800MHz/sim_001986_1N-HN.out,800.0,18.789289276185396,92.0,866.6666666666666,0.05444444444444445,3.142857142857143,5555.0,5e-09,5e-11,0.85,1.02e-10,1.86e-10,-0.00016,0.3839724354387525,22.0,1000000.0,0.005,True,1,25;69;23,40,0,0,
1987,1987,Data/800MHz/sim_001987_1N-HN.out,800.0,18.789289276185396,92.0,866.6666666666666,0.05444444444444445,3.5,5555.0,5e-09,5e-11,0.85,1.02e-10,1.86e-10,-0.00016,0.3839724354387525,22.0,1000000.0,0.005,True,1,73;59;27,40,0,0,
1988,1988,Data/800MHz/sim_001988_1N-HN.out,800.0,18.789289276185396,92.0,866.6666666666666,0.05444444444444445,3.857142857142857,5555.0,5e-09,5e-11,0.85,1.02e-10,1.86e-10,-0.00016,0.3839724354387525,22.0,1000000.0,0.005,True,1,29;69;35,40,0,0,
1989,1989,Data/800MHz/sim_001989_1N-HN.out,800.0,18.789289276185396,92.0,866.6666666666666,0.05444444444444445,4.214285714285714,5555.0,5e-09,5e-11,0.85,1.02e-10,1.86e-10,-0.00016,0.3839724354387525,22.0,1000000.0,0.005,True,1,65;23;45,40,0,0,
1990,1990,Data/800MHz/sim_001990_1N-HN.out,800.0,18.789289276185396,92.0,866.6666666666666,0.05444444444444445,4.571428571428571,5555.0,5e-09,5e-11,0.85,1.02e-10,1.86e-10,-0.00016,0.3839724354387525,22.0,1000000.0,0.005,True,1,21;31;37,40,0,0,
1991,1991,Data/800MHz/sim_001991_1N-HN.out,800.0,18.789289276185396,92.0,866.6666666666666,0.05444444444444445,4.928571428571429,5555.0,5e-09,5e-11,0.85,1.02e-10,1.86e-10,-0.00016,0.3839724354387525,22.0,1000000.0,0.005,True,1,51;43;47,40,0,0,
1992,1992,Data/800MHz/sim_001992_1N-HN.out,800.0,18.789289276185396,92.0,866.6666666666666,0.05444444444444445,5.285714285714286,5555.0,5e-09,5e-11,0.85,1.02e-10,1.86e-10,-0.00016,0.3839724354387525,22.0,1000000.0,0.005,True,1,53;73;69,40,0,0,
1993,1993,Data/800MHz/sim_001993_1N-HN.out,800.0,18.789289276185396,92.0,866.6666666666666,0.05444444444444445,5.642857142857143,5555.0,5e-09,5e-11,0.85,1.02e-10,1.86e-10,-0.00016,0.3839724354387525,22.0,1000000.0,0.005,True,1,59;45;43,40,0,0,
1994,1994,Data/800MHz/sim_001994_1N-HN.out,800.0,18.789289276185396,92.0,866.6666666666666,0.05444444444444445,6.0,5555.0,5e-09,5e-11,0.85,1.02e-10,1.86e-10,-0.00016,0.3839724354387525,22.0,1000000.0,0.005,True,1,23;13;47,40,0,0,
1995,1995,Data/800MHz/sim_001995_1N-HN.out,800.0,18.789289276185396,92.0,866.6666666666666,0.05666666666666667,1.0,5555.0,5e-09,5e-11,0.85,1.02e-10,1.86e-10,-0.00016,0.3839724354387525,22.0,1000000.0,0.005,True,1,25;55;61,40,0,0,
1996,1996,Data/800MHz/sim_001996_1N-HN.out,800.0,18.789289276185396,92.0,866.6666666666666,0.05666666666666667,1.3571428571428572,5555.0,5e-09,5e-11,0.85,1.02e-10,1.86e-10,-0.00016,0.3839724354387525,22.0,1000000.0,0.005,True,1,9;71;59,40,0,0,
1997,1997,Data/800MHz/sim_001997_1N-HN.out,800.0,18.789289276185396,92.0,866.6666666666666,0.05666666666666667,1.7142857142857144,5555.0,5e-09,5e-11,0.85,1.02e-10,1.86e-10,-0.00016,0.3839724354387525,22.0,1000000.0,0.005,True,1,15;27;1,40,0,0,
1998,1998,Data/800MHz/sim_001998_1N-HN.out,800.0,18.789289276185396,92.0,866.6666666666666,0.05666666666666667,2.071428571428571,5555.0,5e-09,5e-11,0.85,1.02e-10,1.86e-10,-0.00016,0.3839724354387525,22.0,1000000.0,0.005,True,1,7;47;37,40,0,0,
1999,1999,Data/800MHz/sim_001999_1N-HN.out,800.0,18.789289276185396,92.0,866.6666666666666,0.05666666666666667,2.428571428571429,5555.0,5e-09,5e-11,0.85,1.02e-10,1.86e-10,-0.00016,0.3839724354387525,22.0,1000000.0,0.005,True,1,77;65;21,40,0,0,
2000,2000,Data/800MHz/sim_002000_1N-HN.out,800.0,18.789289276185396,92.0,866.6666666666666,0.05666666666666667,2.7857142857142856,5555.0,5e-09,5e-11,0.85,1.02e-10,1.86e-10,-0.00016,0.3839724354387525,22.0,1000000.0,0.005,True,1,5;67;61,40,0,0,
2001,2001,Data/800MHz/sim_002001_1N-HN.out,800.0,18.789289276185396,92.0,866.6666666666666,0.05666666666666667,3.142857142857143,5555.0,5e-09,5e-11,0.85,1.02e-10,1.86e-10,-0.00016,0.3839724354387525,22.0,1000000.0,0.005,True,1,41;77;5,40,0,0,
2002,2002,Data/800MHz/sim_002002_1N-HN.out,800.0,18.789289276185396,92.0,866.6666666666666,0.05666666666666667,3.5,5555.0,5e-09,5e-11,0.85,1.02e-10,1.86e-10,-0.00016,0.3839724354387525,22.0,1000000.0,0.005,True,1,53;49;69,40,0,0,
2003,2003,Data/800MHz/sim_002003_1N-HN.out,800.0,18.789289276185396,92.0,866.6666666666666,0.05666666666666667,3.857142857142857,5555.0,5e-09,5e-11,0.85,1.02e-10,1.86e-10,-0.00016,0.3839724354387525,22.0,1000000.0,0.005,True,1,73;77;3,40,0,0,
2004,2004,Data/800MHz/sim_002004_1N-HN.out,800.0,18.789289276185396,92.0,866.6666666666666,0.05666666666666667,4.214285714285714,5555.0,5e-09,5e-11,0.85,1.02e-10,1.86e-10,-0.00016,0.3839724354387525,22.0,1000000.0,0.005,True,1,65;7;27,40,0,0,
2005,2005,Data/800MHz/sim_002005_1N-HN.out,800.0,18.789289276185396,92.0,866.6666666666666,0.05666666666666667,4.571428571428571,5555.0,5e-09,5e-11,0.85,1.02e-10,1.86e-10,-0.00016,0.3839724354387525,22.0,1000000.0,0.005,True,1,75;39;35,40,0,0,
2006,2006,Data/800MHz/sim_002006_1N-HN.out,800.0,18.789289276185396,92.0,866.6666666666666,0.05666666666666667,4.928571428571429,5555.0,5e-09,5e-11,0.85,1.02e-10,1.86e-10,-0.00016,0.3839724354387525,22.0,1000000.0,0.005,True,1,5;19;13,40,0,0,
2007,2007,Data/800MHz/sim_002007_1N-HN.out,800.0,18.789289276185396,92.0,866.6666666666666,0.05666666666666667,5.285714285714286,5555.0,5e-09,5e-11,0.85,1.02e-10,1.86e-10,-0.00016,0.3839724354387525,22.0,1000000.0,0.005,True,1,33;29;39,40,0,0,
2008,2008,Data/800MHz/sim_002008_1N-HN.out,800.0,18.789289276185396,92.0,866.6666666666666,0.05666666666666667,5.642857142857143,5555.0,5e-09,5e-11,0.85,1.02e-10,1.86e-10,-0.00016,0.3839724354387525,22.0,1000000.0,0.005,True,1,15;23;7,40,0,0,
2009,2009,Data/800MHz/sim_002009_1N-HN.out,800.0,18.789289276185396,92.0,866.6666666666666,0.05666666666666667,6.0,5555.0,5e-09,5e-11,0.85,1.02e-10,1.86e-10,-0.00016,0.3839724354387525,22.0,1000000.0,0.005,True,1,75;23;71,40,0,0,
2010,2010,Data/800MHz/sim_002010_1N-HN.out,800.0,18.789289276185396,92.0,866.6666666666666,0.05888888888888889,1.0,5555.0,5e-09,5e-11,0.85,1.02e-10,1.86e-10,-0.00016,0.3839724354387525,22.0,1000000.0,0.005,True,1,39;19;59,40,0,0,
2011,2011,Data/800MHz/sim_002011_1N-HN.out,800.0,18.789289276185396,92.0,866.6666666666666,0.05888888888888889,1.3571428571428572,5555.0,5e-09,5e-11,0.85,1.02e-10,1.86e-10,-0.00016,0.3839724354387525,22.0,1000000.0,0.005,True,1,9;15;41,40,0,0,
2012,2012,Data/800MHz/sim_002012_1N-HN.out,800.0,18.789289276185396,92.0,866.6666666666666,0.05888888888888889,1.7142857142857144,5555.0,5e-09,5e-11,0.85,1.02e-10,1.86e-10,-0.00016,0.3839724354387525,22.0,1000000.0,0.005,True,1,11;13;51,40,0,0,
2013,2013,Data/800MHz/sim_002013_1N-HN.out,800.0,18.789289276185396,92.0,866.6666666666666,0.05888888888888889,2.071428571428571,5555.0,5e-09,5e-11,0.85,1.02e-10,1.86e-10,-0.00016,0.3839724354387525,22.0,1000000.0,0.005,True,1,79;77;37,40,0,0,
2014,2014,Data/800MHz/sim_002014_1N-HN.out,800.0,18.789289276185396,92.0,866.6666666666666,0.05888888888888889,2.428571428571429,5555.0,5e-09,5e-11,0.85,1.02e-10,1.86e-10,-0.00016,0.3839724354387525,22.0,1000000.0,0.005,True,1,5;65;49,40,0,0,
2015,2015,Data/800MHz/sim_002015_1N-HN.out,800.0,18.789289276185396,92.0,866.6666666666666,0.05888888888888889,2.7857142857142856,5555.0,5e-09,5e-11,0.85,1.02e-10,1.86e-10,-0.00016,0.3839724354387525,22.0,1000000.0,0.005,True,1,17;39;5,40,0,0,
2016,2016,Data/800MHz/sim_002016_1N-HN.out,800.0,18.789289276185396,92.0,866.6666666666666,0.05888888888888889,3.142857142857143,5555.0,5e-09,5e-11,0.85,1.02e-10,1.86e-10,-0.00016,0.3839724354387525,22.0,1000000.0,0.005,True,1,43;73;11,40,0,0,
2017,2017,Data/800MHz/sim_002017_1N-HN.out,800.0,18.789289276185396,92.0,866.6666666666666,0.05888888888888889,3.5,5555.0,5e-09,5e-11,0.85,1.02e-10,1.86e-10,-0.00016,0.3839724354387525,22.0,1000000.0,0.005,True,1,27;53;23,40,0,0,
2018,2018,Data/800MHz/sim_002018_1N-HN.out,800.0,18.789289276185396,92.0,866.6666666666666,0.05888888888888889,3.857142857142857,5555.0,5e-09,5e-11,0.85,1.02e-10,1.86e-10,-0.00016,0.3839724354387525,22.0,1000000.0,0.005,True,1,29;15;57,40,0,0,
2019,2019,Data/800MHz/sim_002019_1N-HN.out,800.0,18.789289276185396,92.0,866.6666666666666,0.05888888888888889,4.214285714285714,5555.0,5e-09,5e-11,0.85,1.02e-10,1.86e-10,-0.00016,0.3839724354387525,22.0,1000000.0,0.005,True,1,23;13;59,40,0,0,
2020,2020,Data/800MHz/sim_002020_1N-HN.out,800.0,18.789289276185396,92.0,866.6666666666666,0.05888888888888889,4.571428571428571,5555.0,5e-09,5e-11,0.85,1.02e-10,1.86e-10,-0.00016,0.3839724354387525,22.0,1000000.0,0.005,True,1,69;17;11,40,0,0,
2021,2021,Data/800MHz/sim_002021_1N-HN.out,800.0,18.789289276185396,92.0,866.6666666666666,0.05888888888888889,4.928571428571429,5555.0,5e-09,5e-11,0.85,1.02e-10,1.86e-10,-0.00016,0.3839724354387525,22.0,1000000.0,0.005,True,1,61;45;3,40,0,0,
2022,2022,Data/800MHz/sim_002022_1N-HN.out,800.0,18.789289276185396,92.0,866.6666666666666,0.05888888888888889,5.285714285714286,5555.0,5e-09,5e-11,0.85,1.02e-10,1.86e-10,-0.00016,0.3839724354387525,22.0,1000000.0,0.005,True,1,17;45;31,40,0,0,
2023,2023,Data/800MHz/sim_002023_1N-HN.out,800.0,18.789289276185396,92.0,866.6666666666666,0.05888888888888889,5.642857142857143,5555.0,5e-09,5e-11,0.85,1.02e-10,1.86e-10,-0.00016,0.3839724354387525,22.0,1000000.0,0.005,True,1,63;59;75,40,0,0,
2024,2024,Data/800MHz/sim_002024_1N-HN.out,800.0,18.789289276185396,92.0,866.6666666666666,0.05888888888888889,6.0,5555.0,5e-09,5e-11,0.85,1.02e-10,1.86e-10,-0.00016,0.3839724354387525,22.0,1000000.0,0.005,True,1,53;37;57,40,0,0,
2025,2025,Data/800MHz/sim_002025_1N-HN.out,800.0,18.789289276185396,92.0,866.6666666666666,0.061111111111111116,1.0,5555.0,5e-09,5e-11,0.85,1.02e-10,1.86e-10,-0.00016,0.3839724354387525,22.0,1000000.0,0.005,True,1,79;5;71,40,0,0,
2026,2026,Data/800MHz/sim_002026_1N-HN.out,800.0,18.789289276185396,92.0,866.6666666666666,0.061111111111111116,1.3571428571428572,5555.0,5e-09,5e-11,0.85,1.02e-10,1.86e-10,-0.00016,0.3839724354387525,22.0,1000000.0,0.005,True,1,11;45;21,40,0,0,
2027,2027,Data/800MHz/sim_002027_1N-HN.out,800.0,18.789289276185396,92.0,866.6666666666666,0.061111111111111116,1.7142857142857144,5555.0,5e-09,5e-11,0.85,1.02e-10,1.86e-10,-0.00016,0.3839724354387525,22.0,1000000.0,0.005,True,1,51;43;7,40,0,0,
2028,2028,Data/800MHz/sim_002028_1N-HN.out,800.0,18.789289276185396,92.0,866.6666666666666,0.061111111111111116,2.071428571428571,5555.0,5e-09,5e-11,0.85,1.02e-10,1.86e-10,-0.00016,0.3839724354387525,22.0,1000000.0,0.005,True,1,65;41;13,40,0,0,
2029,2029,Data/800MHz/sim_002029_1N-HN.out,800.0,18.789289276185396,92.0,866.6666666666666,0.061111111111111116,2.428571428571429,5555.0,5e-09,5e-11,0.85,1.02e-10,1.86e-10,-0.00016,0.3839724354387525,22.0,1000000.0,0.005,True,1,21;39;49,40,0,0,
2030,2030,Data/800MHz/sim_002030_1N-HN.out,800.0,18.789289276185396,92.0,866.6666666666666,0.061111111111111116,2.7857142857142856,5555.0,5e-09,5e-11,0.85,1.02e-10,1.86e-10,-0.00016,0.3839724354387525,22.0,1000000.0,0.005,True,1,25;29;67,40,0,0,
2031,2031,Data/800MHz/sim_002031_1N-HN.out,800.0,18.789289276185396,92.0,866.6666666666666,0.061111111111111116,3.142857142857143,5555.0,5e-09,5e-11,0.85,1.02e-10,1.86e-10,-0.00016,0.3839724354387525,22.0,1000000.0,0.005,True,1,51;41;11,40,0,0,
2032,2032,Data/800MHz/sim_002032_1N-HN.out,800.0,18.789289276185396,92.0,866.6666666666666,0.061111111111111116,3.5,5555.0,5e-09,5e-11,0.85,1.02e-10,1.86e-10,-0.00016,0.3839724354387525,22.0,1000000.0,0.005,True,1,59;39;57,40,0,0,
2033,2033,Data/800MHz/sim_002033_1N-HN.out,800.0,18.789289276185396,92.0,866.6666666666666,0.061111111111111116,3.857142857142857,5555.0,5e-09,5e-11,0.85,1.02e-10,1.86e-10,-0.00016,0.3839724354387525,22.0,1000000.0,0.005,True,1,61;3;51,40,0,0,
2034,2034,Data/800MHz/sim_002034_1N-HN.out,800.0,18.789289276185396,92.0,866.6666666666666,0.061111111111111116,4.214285714285714,5555.0,5e-09,5e-11,0.85,1.02e-10,1.86e-10,-0.00016,0.3839724354387525,22.0,1000000.0,0.005,True,1,9;51;67,40,0,0,
2035,2035,Data/800MHz/sim_002035_1N-HN.out,800.0,18.789289276185396,92.0,866.6666666666666,0.061111111111111116,4.571428571428571,5555.0,5e-09,5e-11,0.85,1.02e-10,1.86e-10,-0.00016,0.3839724354387525,22.0,1000000.0,0.005,True,1,75;69;73,40,0,0,
2036,2036,Data/800MHz/sim_002036_1N-HN.out,800.0,18.789289276185396,92.0,866.6666666666666,0.061111111111111116,4.928571428571429,5555.0,5e-09,5e-11,0.85,1.02e-10,1.86e-10,-0.00016,0.3839724354387525,22.0,1000000.0,0.005,True,1,79;23;69,40,0,0,
2037,2037,Data/800MHz/sim_002037_1N-HN.out,800.0,18.789289276185396,92.0,866.6666666666666,0.061111111111111116,5.285714285714286,5555.0,5e-09,5e-11,0.85,1.02e-10,1.86e-10,-0.00016,0.3839724354387525,22.0,1000000.0,0.005,True,1,39;37;73,40,0,0,
2038,2038,Data/800MHz/sim_002038_1N-HN.out,800.0,18.789289276185396,92.0,866.6666666666666,0.061111111111111116,5.642857142857143,5555.0,5e-09,5e-11,0.85,1.02e-10,1.86e-10,-0.00016,0.3839724354387525,22.0,1000000.0,0.005,True,1,59;7;37,40,0,0,
2039,2039,Data/800MHz/sim_002039_1N-HN.out,800.0,18.789289276185396,92.0,866.6666666666666,0.061111111111111116,6.0,5555.0,5e-09,5e-11,0.85,1.02e-10,1.86e-10,-0.00016,0.3839724354387525,22.0,1000000.0,0.005,True,1,1;63;53,40,0,0,
2040,2040,Data/800MHz/sim_002040_1N-HN.out,800.0,18.789289276185396,92.0,866.6666666666666,0.06333333333333334,1.0,5555.0,5e-09,5e-11,0.85,1.02e-10,1.86e-10,-0.00016,0.3839724354387525,22.0,1000000.0,0.005,True,1,9;55;35,40,0,0,
2041,2041,Data/800MHz/sim_002041_1N-HN.out,800.0,18.789289276185396,92.0,866.6666666666666,0.06333333333333334,1.3571428571428572,5555.0,5e-09,5e-11,0.85,1.02e-10,1.86e-10,-0.00016,0.3839724354387525,22.0,1000000.0,0.005,True,1,45;13;5,40,0,0,
2042,2042,Data/800MHz/sim_002042_1N-HN.out,800.0,18.789289276185396,92.0,866.6666666666666,0.06333333333333334,1.7142857142857144,5555.0,5e-09,5e-11,0.85,1.02e-10,1.86e-10,-0.00016,0.3839724354387525,22.0,1000000.0,0.005,True,1,47;17;61,40,0,0,
2043,2043,Data/800MHz/sim_002043_1N-HN.out,800.0,18.789289276185396,92.0,866.6666666666666,0.06333333333333334,2.071428571428571,5555.0,5e-09,5e-11,0.85,1.02e-10,1.86e-10,-0.00016,0.3839724354387525,22.0,1000000.0,0.005,True,1,1;77;21,40,0,0,
2044,2044,Data/800MHz/sim_002044_1N-HN.out,800.0,18.789289276185396,92.0,866.6666666666666,0.06333333333333334,2.428571428571429,5555.0,5e-09,5e-11,0.85,1.02e-10,1.86e-10,-0.00016,0.3839724354387525,22.0,1000000.0,0.005,True,1,37;3;71,40,0,0,
2045,2045,Data/800MHz/sim_002045_1N-HN.out,800.0,18.789289276185396,92.0,866.6666666666666,0.06333333333333334,2.7857142857142856,5555.0,5e-09,5e-11,0.85,1.02e-10,1.86e-10,-0.00016,0.3839724354387525,22.0,1000000.0,0.005,True,1,5;3;35,40,0,0,
2046,2046,Data/800MHz/sim_002046_1N-HN.out,800.0,18.789289276185396,92.0,866.6666666666666,0.06333333333333334,3.142857142857143,5555.0,5e-09,5e-11,0.85,1.02e-10,1.86e-10,-0.00016,0.3839724354387525,22.0,1000000.0,0.005,True,1,25;19;23,40,0,0,
2047,2047,Data/800MHz/sim_002047_1N-HN.out,800.0,18.789289276185396,92.0,866.6666666666666,0.06333333333333334,3.5,5555.0,5e-09,5e-11,0.85,1.02e-10,1.86e-10,-0.00016,0.3839724354387525,22.0,1000000.0,0.005,True,1,9;51;27,40,0,0,
2048,2048,Data/800MHz/sim_002048_1N-HN.out,800.0,18.789289276185396,92.0,866.6666666666666,0.06333333333333334,3.857142857142857,5555.0,5e-09,5e-11,0.85,1.02e-10,1.86e-10,-0.00016,0.3839724354387525,22.0,1000000.0,0.005,True,1,51;3;39,40,0,0,
2049,2049,Data/800MHz/sim_002049_1N-HN.out,800.0,18.789289276185396,92.0,866.6666666666666,0.06333333333333334,4.214285714285714,5555.0,5e-09,5e-11,0.85,1.02e-10,1.86e-10,-0.00016,0.3839724354387525,22.0,1000000.0,0.005,True,1,69;33;63,40,0,0,
2050,2050,Data/800MHz/sim_002050_1N-HN.out,800.0,18.789289276185396,92.0,866.6666666666666,0.06333333333333334,4.571428571428571,5555.0,5e-09,5e-11,0.85,1.02e-10,1.86e-10,-0.00016,0.3839724354387525,22.0,1000000.0,0.005,True,1,51;55;69,40,0,0,
2051,2051,Data/800MHz/sim_002051_1N-HN.out,800.0,18.789289276185396,92.0,866.6666666666666,0.06333333333333334,4.928571428571429,5555.0,5e-09,5e-11,0.85,1.02e-10,1.86e-10,-0.00016,0.3839724354387525,22.0,1000000.0,0.005,True,1,67;3;51,40,0,0,
2052,2052,Data/800MHz/sim_002052_1N-HN.out,800.0,18.789289276185396,92.0,866.6666666666666,0.06333333333333334,5.285714285714286,5555.0,5e-09,5e-11,0.85,1.02e-10,1.86e-10,-0.00016,0.3839724354387525,22.0,1000000.0,0.005,True,1,45;37;35,40,0,0,
2053,2053,Data/800MHz/sim_002053_1N-HN.out,800.0,18.789289276185396,92.0,866.6666666666666,0.06333333333333334,5.642857142857143,5555.0,5e-09,5e-11,0.85,1.02e-10,1.86e-10,-0.00016,0.3839724354387525,22.0,1000000.0,0.005,True,1,57;45;3,40,0,0,
2054,2054,Data/800MHz/sim_002054_1N-HN.out,800.0,18.789289276185396,92.0,866.6666666666666,0.06333333333333334,6.0,5555.0,5e-09,5e-11,0.85,1.02e-10,1.86e-10,-0.00016,0.3839724354387525,22.0,1000000.0,0.005,True,1,31;33;63,40,0,0,
2055,2055,Data/800MHz/sim_002055_1N-HN.out,800.0,18.789289276185396,92.0,866.6666666666666,0.06555555555555556,1.0,5555.0,5e-09,5e-11,0.85,1.02e-10,1.86e-10,-0.00016,0.3839724354387525,22.0,1000000.0,0.005,True,1,27;25;33,40,0,0,
2056,2056,Data/800MHz/sim_002056_1N-HN.out,800.0,18.789289276185396,92.0,866.6666666666666,0.06555555555555556,1.3571428571428572,5555.0,5e-09,5e-11,0.85,1.02e-10,1.86e-10,-0.00016,0.3839724354387525,22.0,1000000.0,0.005,True,1,71;29;49,40,0,0,
2057,2057,Data/800MHz/sim_002057_1N-HN.out,800.0,18.789289276185396,92.0,866.6666666666666,0.06555555555555556,1.7142857142857144,5555.0,5e-09,5e-11,0.85,1.02e-10,1.86e-10,-0.00016,0.3839724354387525,22.0,1000000.0,0.005,True,1,5;57;37,40,0,0,
2058,2058,Data/800MHz/sim_002058_1N-HN.out,800.0,18.789289276185396,92.0,866.6666666666666,0.06555555555555556,2.071428571428571,5555.0,5e-09,5e-11,0.85,1.02e-10,1.86e-10,-0.00016,0.3839724354387525,22.0,1000000.0,0.005,True,1,27;21;33,40,0,0,
2059,2059,Data/800MHz/sim_002059_1N-HN.out,800.0,18.789289276185396,92.0,866.6666666666666,0.06555555555555556,2.428571428571429,5555.0,5e-09,5e-11,0.85,1.02e-10,1.86e-10,-0.00016,0.3839724354387525,22.0,1000000.0,0.005,True,1,3;17;21,40,0,0,
2060,2060,Data/800MHz/sim_002060_1N-HN.out,800.0,18.789289276185396,92.0,866.6666666666666,0.06555555555555556,2.7857142857142856,5555.0,5e-09,5e-11,0.85,1.02e-10,1.86e-10,-0.00016,0.3839724354387525,22.0,1000000.0,0.005,True,1,25;43;27,40,0,0,
2061,2061,Data/800MHz/sim_002061_1N-HN.out,800.0,18.789289276185396,92.0,866.6666666666666,0.06555555555555556,3.142857142857143,5555.0,5e-09,5e-11,0.85,1.02e-10,1.86e-10,-0.00016,0.3839724354387525,22.0,1000000.0,0.005,True,1,43;31;37,40,0,0,
2062,2062,Data/800MHz/sim_002062_1N-HN.out,800.0,18.789289276185396,92.0,866.6666666666666,0.06555555555555556,3.5,5555.0,5e-09,5e-11,0.85,1.02e-10,1.86e-10,-0.00016,0.3839724354387525,22.0,1000000.0,0.005,True,1,39;35;69,40,0,0,
2063,2063,Data/800MHz/sim_002063_1N-HN.out,800.0,18.789289276185396,92.0,866.6666666666666,0.06555555555555556,3.857142857142857,5555.0,5e-09,5e-11,0.85,1.02e-10,1.86e-10,-0.00016,0.3839724354387525,22.0,1000000.0,0.005,True,1,69;49;15,40,0,0,
2064,2064,Data/800MHz/sim_002064_1N-HN.out,800.0,18.789289276185396,92.0,866.6666666666666,0.06555555555555556,4.214285714285714,5555.0,5e-09,5e-11,0.85,1.02e-10,1.86e-10,-0.00016,0.3839724354387525,22.0,1000000.0,0.005,True,1,79;67;71,40,0,0,
2065,2065,Data/800MHz/sim_002065_1N-HN.out,800.0,18.789289276185396,92.0,866.6666666666666,0.06555555555555556,4.571428571428571,5555.0,5e-09,5e-11,0.85,1.02e-10,1.86e-10,-0.00016,0.3839724354387525,22.0,1000000.0,0.005,True,1,29;9;79,40,0,0,
2066,2066,Data/800MHz/sim_002066_1N-HN.out,800.0,18.789289276185396,92.0,866.6666666666666,0.06555555555555556,4.928571428571429,5555.0,5e-09,5e-11,0.85,1.02e-10,1.86e-10,-0.00016,0.3839724354387525,22.0,1000000.0,0.005,True,1,63;69;61,40,0,0,
2067,2067,Data/800MHz/sim_002067_1N-HN.out,800.0,18.789289276185396,92.0,866.6666666666666,0.06555555555555556,5.285714285714286,5555.0,5e-09,5e-11,0.85,1.02e-10,1.86e-10,-0.00016,0.3839724354387525,22.0,1000000.0,0.005,True,1,57;55;65,40,0,0,
2068,2068,Data/800MHz/sim_002068_1N-HN.out,800.0,18.789289276185396,92.0,866.6666666666666,0.06555555555555556,5.642857142857143,5555.0,5e-09,5e-11,0.85,1.02e-10,1.86e-10,-0.00016,0.3839724354387525,22.0,1000000.0,0.005,True,1,37;31;27,40,0,0,
2069,2069,Data/800MHz/sim_002069_1N-HN.out,800.0,18.789289276185396,92.0,866.6666666666666,0.06555555555555556,6.0,5555.0,5e-09,5e-11,0.85,1.02e-10,1.86e-10,-0.00016,0.3839724354387525,22.0,1000000.0,0.005,True,1,61;67;3,40,0,0,
2070,2070,Data/800MHz/sim_002070_1N-HN.out,800.0,18.789289276185396,92.0,866.6666666666666,0.06777777777777778,1.0,5555.0,5e-09,5e-11,0.85,1.02e-10,1.86e-10,-0.00016,0.3839724354387525,22.0,1000000.0,0.005,True,1,65;45;77,40,0,0,
2071,2071,Data/800MHz/sim_002071_1N-HN.out,800.0,18.789289276185396,92.0,866.6666666666666,0.06777777777777778,1.3571428571428572,5555.0,5e-09,5e-11,0.85,1.02e-10,1.86e-10,-0.00016,0.3839724354387525,22.0,1000000.0,0.005,True,1,45;27;75,40,0,0,
2072,2072,Data/800MHz/sim_002072_1N-HN.out,800.0,18.789289276185396,92.0,866.6666666666666,0.06777777777777778,1.7142857142857144,5555.0,5e-09,5e-11,0.85,1.02e-10,1.86e-10,-0.00016,0.3839724354387525,22.0,1000000.0,0.005,True,1,25;65;15,40,0,0,
2073,2073,Data/800MHz/sim_002073_1N-HN.out,800.0,18.789289276185396,92.0,866.6666666666666,0.06777777777777778,2.071428571428571,5555.0,5e-09,5e-11,0.85,1.02e-10,1.86e-10,-0.00016,0.3839724354387525,22.0,1000000.0,0.005,True,1,69;5;1,40,0,0,
2074,2074,Data/800MHz/sim_002074_1N-HN.out,800.0,18.789289276185396,92.0,866.6666666666666,0.06777777777777778,2.428571428571429,5555.0,5e-09,5e-11,0.85,1.02e-10,1.86e-10,-0.00016,0.3839724354387525,22.0,1000000.0,0.005,True,1,75;31;19,40,0,0,
2075,2075,Data/800MHz/sim_002075_1N-HN.out,800.0,18.789289276185396,92.0,866.6666666666666,0.06777777777777778,2.7857142857142856,5555.0,5e-09,5e-11,0.85,1.02e-10,1.86e-10,-0.00016,0.3839724354387525,22.0,1000000.0,0.005,True,1,11;29;13,40,0,0,
2076,2076,Data/800MHz/sim_002076_1N-HN.out,800.0,18.789289276185396,92.0,866.6666666666666,0.06777777777777778,3.142857142857143,5555.0,5e-09,5e-11,0.85,1.02e-10,1.86e-10,-0.00016,0.3839724354387525,22.0,1000000.0,0.005,True,1,59;13;65,40,0,0,
2077,2077,Data/800MHz/sim_002077_1N-HN.out,800.0,18.789289276185396,92.0,866.6666666666666,0.06777777777777778,3.5,5555.0,5e-09,5e-11,0.85,1.02e-10,1.86e-10,-0.00016,0.3839724354387525,22.0,1000000.0,0.005,True,1,71;65;15,40,0,0,
2078,2078,Data/800MHz/sim_002078_1N-HN.out,800.0,18.789289276185396,92.0,866.6666666666666,0.06777777777777778,3.857142857142857,5555.0,5e-09,5e-11,0.85,1.02e-10,1.86e-10,-0.00016,0.3839724354387525,22.0,1000000.0,0.005,True,1,57;1;73,40,0,0,
2079,2079,Data/800MHz/sim_002079_1N-HN.out,800.0,18.789289276185396,92.0,866.6666666666666,0.06777777777777778,4.214285714285714,5555.0,5e-09,5e-11,0.85,1.02e-10,1.86e-10,-0.00016,0.3839724354387525,22.0,1000000.0,0.005,True,1,43;3;61,40,0,0,
2080,2080,Data/800MHz/sim_002080_1N-HN.out,800.0,18.789289276185396,92.0,866.6666666666666,0.06777777777777778,4.571428571428571,5555.0,5e-09,5e-11,0.85,1.02e-10,1.86e-10,-0.00016,0.3839724354387525,22.0,1000000.0,0.005,True,1,57;73;77,40,0,0,
2081,2081,Data/800MHz/sim_002081_1N-HN.out,800.0,18.789289276185396,92.0,866.6666666666666,0.06777777777777778,4.928571428571429,5555.0,5e-09,5e-11,0.85,1.02e-10,1.86e-10,-0.00016,0.3839724354387525,22.0,1000000.0,0.005,True,1,9;73;41,40,0,0,
2082,2082,Data/800MHz/sim_002082_1N-HN.out,800.0,18.789289276185396,92.0,866.6666666666666,0.06777777777777778,5.285714285714286,5555.0,5e-09,5e-11,0.85,1.02e-10,1.86e-10,-0.00016,0.3839724354387525,22.0,1000000.0,0.005,True,1,29;5;53,40,0,0,
2083,2083,Data/800MHz/sim_002083_1N-HN.out,800.0,18.789289276185396,92.0,866.6666666666666,0.06777777777777778,5.642857142857143,5555.0,5e-09,5e-11,0.85,1.02e-10,1.86e-10,-0.00016,0.3839724354387525,22.0,1000000.0,0.005,True,1,23;71;69,40,0,0,
2084,2084,Data/800MHz/sim_002084_1N-HN.out,800.0,18.789289276185396,92.0,866.6666666666666,0.06777777777777778,6.0,5555.0,5e-09,5e-11,0.85,1.02e-10,1.86e-10,-0.00016,0.3839724354387525,22.0,1000000.0,0.005,True,1,71;77;29,40,0,0,
2085,2085,Data/800MHz/sim_002085_1N-HN.out,800.0,18.789289276185396,92.0,866.6666666666666,0.07,1.0,5555.0,5e-09,5e-11,0.85,1.02e-10,1.86e-10,-0.00016,0.3839724354387525,22.0,1000000.0,0.005,True,1,25;5;37,40,0,0,
2086,2086,Data/800MHz/sim_002086_1N-HN.out,800.0,18.789289276185396,92.0,866.6666666666666,0.07,1.3571428571428572,5555.0,5e-09,5e-11,0.85,1.02e-10,1.86e-10,-0.00016,0.3839724354387525,22.0,1000000.0,0.005,True,1,67;51;15,40,0,0,
2087,2087,Data/800MHz/sim_002087_1N-HN.out,800.0,18.789289276185396,92.0,866.6666666666666,0.07,1.7142857142857144,5555.0,5e-09,5e-11,0.85,1.02e-10,1.86e-10,-0.00016,0.3839724354387525,22.0,1000000.0,0.005,True,1,45;63;67,40,0,0,
2088,2088,Data/800MHz/sim_002088_1N-HN.out,800.0,18.789289276185396,92.0,866.6666666666666,0.07,2.071428571428571,5555.0,5e-09,5e-11,0.85,1.02e-10,1.86e-10,-0.00016,0.3839724354387525,22.0,1000000.0,0.005,True,1,1;9;71,40,0,0,
2089,2089,Data/800MHz/sim_002089_1N-HN.out,800.0,18.789289276185396,92.0,866.6666666666666,0.07,2.428571428571429,5555.0,5e-09,5e-11,0.85,1.02e-10,1.86e-10,-0.00016,0.3839724354387525,22.0,1000000.0,0.005,True,1,21;43;31,40,0,0,
2090,2090,Data/800MHz/sim_002090_1N-HN.out,800.0,18.789289276185396,92.0,866.6666666666666,0.07,2.7857142857142856,5555.0,5e-09,5e-11,0.85,1.02e-10,1.86e-10,-0.00016,0.3839724354387525,22.0,1000000.0,0.005,True,1,23;31;35,40,0,0,
2091,2091,Data/800MHz/sim_002091_1N-HN.out,800.0,18.789289276185396,92.0,866.6666666666666,0.07,3.142857142857143,5555.0,5e-09,5e-11,0.85,1.02e-10,1.86e-10,-0.00016,0.3839724354387525,22.0,1000000.0,0.005,True,1,31;67;57,40,0,0,
2092,2092,Data/800MHz/sim_002092_1N-HN.out,800.0,18.789289276185396,92.0,866.6666666666666,0.07,3.5,5555.0,5e-09,5e-11,0.85,1.02e-10,1.86e-10,-0.00016,0.3839724354387525,22.0,1000000.0,0.005,True,1,23;73;41,40,0,0,
2093,2093,Data/800MHz/sim_002093_1N-HN.out,800.0,18.789289276185396,92.0,866.6666666666666,0.07,3.857142857142857,5555.0,5e-09,5e-11,0.85,1.02e-10,1.86e-10,-0.00016,0.3839724354387525,22.0,1000000.0,0.005,True,1,77;51;35,40,0,0,
2094,2094,Data/800MHz/sim_002094_1N-HN.out,800.0,18.789289276185396,92.0,866.6666666666666,0.07,4.214285714285714,5555.0,5e-09,5e-11,0.85,1.02e-10,1.86e-10,-0.00016,0.3839724354387525,22.0,1000000.0,0.005,True,1,7;1;15,40,0,0,
2095,2095,Data/800MHz/sim_002095_1N-HN.out,800.0,18.789289276185396,92.0,866.6666666666666,0.07,4.571428571428571,5555.0,5e-09,5e-11,0.85,1.02e-10,1.86e-10,-0.00016,0.3839724354387525,22.0,1000000.0,0.005,True,1,5;33;29,40,0,0,
2096,2096,Data/800MHz/sim_002096_1N-HN.out,800.0,18.789289276185396,92.0,866.6666666666666,0.07,4.928571428571429,5555.0,5e-09,5e-11,0.85,1.02e-10,1.86e-10,-0.00016,0.3839724354387525,22.0,1000000.0,0.005,True,1,53;77;33,40,0,0,
2097,2097,Data/800MHz/sim_002097_1N-HN.out,800.0,18.789289276185396,92.0,866.6666666666666,0.07,5.285714285714286,5555.0,5e-09,5e-11,0.85,1.02e-10,1.86e-10,-0.00016,0.3839724354387525,22.0,1000000.0,0.005,True,1,79;11;37,40,0,0,
2098,2098,Data/800MHz/sim_002098_1N-HN.out,800.0,18.789289276185396,92.0,866.6666666666666,0.07,5.642857142857143,5555.0,5e-09,5e-11,0.85,1.02e-10,1.86e-10,-0.00016,0.3839724354387525,22.0,1000000.0,0.005,True,1,7;75;1,40,0,0,
2099,2099,Data/800MHz/sim_002099_1N-HN.out,800.0,18.789289276185396,92.0,866.6666666666666,0.07,6.0,5555.0,5e-09,5e-11,0.85,1.02e-10,1.86e-10,-0.00016,0.3839724354387525,22.0,1000000.0,0.005,True,1,17;7;3,40,0,0,
2100,2100,Data/800MHz/sim_002100_1N-HN.out,800.0,18.789289276185396,92.0,1055.5555555555557,0.05,1.0,5555.0,5e-09,5e-11,0.85,1.02e-10,1.86e-10,-0.00016,0.3839724354387525,22.0,1000000.0,0.005,True,1,11;79;29,40,0,0,
2101,2101,Data/800MHz/sim_002101_1N-HN.out,800.0,18.789289276185396,92.0,1055.5555555555557,0.05,1.3571428571428572,5555.0,5e-09,5e-11,0.85,1.02e-10,1.86e-10,-0.00016,0.3839724354387525,22.0,1000000.0,0.005,True,1,25;53;13,40,0,0,
2102,2102,Data/800MHz/sim_002102_1N-HN.out,800.0,18.789289276185396,92.0,1055.5555555555557,0.05,1.7142857142857144,5555.0,5e-09,5e-11,0.85,1.02e-10,1.86e-10,-0.00016,0.3839724354387525,22.0,1000000.0,0.005,True,1,61;27;9,40,0,0,
2103,2103,Data/800MHz/sim_002103_1N-HN.out,800.0,18.789289276185396,92.0,1055.5555555555557,0.05,2.071428571428571,5555.0,5e-09,5e-11,0.85,1.02e-10,1.86e-10,-0.00016,0.3839724354387525,22.0,1000000.0,0.005,True,1,31;53;49,40,0,0,
2104,2104,Data/800MHz/sim_002104_1N-HN.out,800.0,18.789289276185396,92.0,1055.5555555555557,0.05,2.428571428571429,5555.0,5e-09,5e-11,0.85,1.02e-10,1.86e-10,-0.00016,0.3839724354387525,22.0,1000000.0,0.005,True,1,21;9;31,40,0,0,
2105,2105,Data/800MHz/sim_002105_1N-HN.out,800.0,18.789289276185396,92.0,1055.5555555555557,0.05,2.7857142857142856,5555.0,5e-09,5e-11,0.85,1.02e-10,1.86e-10,-0.00016,0.3839724354387525,22.0,1000000.0,0.005,True,1,49;3;63,40,0,0,
2106,2106,Data/800MHz/sim_002106_1N-HN.out,800.0,18.789289276185396,92.0,1055.5555555555557,0.05,3.142857142857143,5555.0,5e-09,5e-11,0.85,1.02e-10,1.86e-10,-0.00016,0.3839724354387525,22.0,1000000.0,0.005,True,1,45;11;67,40,0,0,
2107,2107,Data/800MHz/sim_002107_1N-HN.out,800.0,18.789289276185396,92.0,1055.5555555555557,0.05,3.5,5555.0,5e-09,5e-11,0.85,1.02e-10,1.86e-10,-0.00016,0.3839724354387525,22.0,1000000.0,0.005,True,1,11;7;57,40,0,0,
2108,2108,Data/800MHz/sim_002108_1N-HN.out,800.0,18.789289276185396,92.0,1055.5555555555557,0.05,3.857142857142857,5555.0,5e-09,5e-11,0.85,1.02e-10,1.86e-10,-0.00016,0.3839724354387525,22.0,1000000.0,0.005,True,1,7;23;47,40,0,0,
2109,2109,Data/800MHz/sim_002109_1N-HN.out,800.0,18.789289276185396,92.0,1055.5555555555557,0.05,4.214285714285714,5555.0,5e-09,5e-11,0.85,1.02e-10,1.86e-10,-0.00016,0.3839724354387525,22.0,1000000.0,0.005,True,1,11;47;57,40,0,0,
2110,2110,Data/800MHz/sim_002110_1N-HN.out,800.0,18.789289276185396,92.0,1055.5555555555557,0.05,4.571428571428571,5555.0,5e-09,5e-11,0.85,1.02e-10,1.86e-10,-0.00016,0.3839724354387525,22.0,1000000.0,0.005,True,1,37;69;9,40,0,0,
2111,2111,Data/800MHz/sim_002111_1N-HN.out,800.0,18.789289276185396,92.0,1055.5555555555557,0.05,4.928571428571429,5555.0,5e-09,5e-11,0.85,1.02e-10,1.86e-10,-0.00016,0.3839724354387525,22.0,1000000.0,0.005,True,1,17;57;31,40,0,0,
2112,2112,Data/800MHz/sim_002112_1N-HN.out,800.0,18.789289276185396,92.0,1055.5555555555557,0.05,5.285714285714286,5555.0,5e-09,5e-11,0.85,1.02e-10,1.86e-10,-0.00016,0.3839724354387525,22.0,1000000.0,0.005,True,1,35;3;29,40,0,0,
2113,2113,Data/800MHz/sim_002113_1N-HN.out,800.0,18.789289276185396,92.0,1055.5555555555557,0.05,5.642857142857143,5555.0,5e-09,5e-11,0.85,1.02e-10,1.86e-10,-0.00016,0.3839724354387525,22.0,1000000.0,0.005,True,1,21;3;57,40,0,0,
2114,2114,Data/800MHz/sim_002114_1N-HN.out,800.0,18.789289276185396,92.0,1055.5555555555557,0.05,6.0,5555.0,5e-09,5e-11,0.85,1.02e-10,1.86e-10,-0.00016,0.3839724354387525,22.0,1000000.0,0.005,True,1,53;9;5,40,0,0,
2115,2115,Data/800MHz/sim_002115_1N-HN.out,800.0,18.789289276185396,92.0,1055.5555555555557,0.052222222222222225,1.0,5555.0,5e-09,5e-11,0.85,1.02e-10,1.86e-10,-0.00016,0.3839724354387525,22.0,1000000.0,0.005,True,1,65;31;75,40,0,0,
2116,2116,Data/800MHz/sim_002116_1N-HN.out,800.0,18.789289276185396,92.0,1055.5555555555557,0.052222222222222225,1.3571428571428572,5555.0,5e-09,5e-11,0.85,1.02e-10,1.86e-10,-0.00016,0.3839724354387525,22.0,1000000.0,0.005,True,1,17;73;55,40,0,0,
2117,2117,Data/800MHz/sim_002117_1N-HN.out,800.0,18.789289276185396,92.0,1055.5555555555557,0.052222222222222225,1.7142857142857144,5555.0,5e-09,5e-11,0.85,1.02e-10,1.86e-10,-0.00016,0.3839724354387525,22.0,1000000.0,0.005,True,1,69;47;25,40,0,0,
2118,2118,Data/800MHz/sim_002118_1N-HN.out,800.0,18.789289276185396,92.0,1055.5555555555557,0.052222222222222225,2.071428571428571,5555.0,5e-09,5e-11,0.85,1.02e-10,1.86e-10,-0.00016,0.3839724354387525,22.0,1000000.0,0.005,True,1,51;71;33,40,0,0,
2119,2119,Data/800MHz/sim_002119_1N-HN.out,800.0,18.789289276185396,92.0,1055.5555555555557,0.052222222222222225,2.428571428571429,5555.0,5e-09,5e-11,0.85,1.02e-10,1.86e-10,-0.00016,0.3839724354387525,22.0,1000000.0,0.005,True,1,59;39;51,40,0,0,
2120,2120,Data/800MHz/sim_002120_1N-HN.out,800.0,18.789289276185396,92.0,1055.5555555555557,0.052222222222222225,2.7857142857142856,5555.0,5e-09,5e-11,0.85,1.02e-10,1.86e-10,-0.00016,0.3839724354387525,22.0,1000000.0,0.005,True,1,51;49;11,40,0,0,
2121,2121,Data/800MHz/sim_002121_1N-HN.out,800.0,18.789289276185396,92.0,1055.5555555555557,0.052222222222222225,3.142857142857143,5555.0,5e-09,5e-11,0.85,1.02e-10,1.86e-10,-0.00016,0.3839724354387525,22.0,1000000.0,0.005,True,1,49;15;31,40,0,0,
2122,2122,Data/800MHz/sim_002122_1N-HN.out,800.0,18.789289276185396,92.0,1055.5555555555557,0.052222222222222225,3.5,5555.0,5e-09,5e-11,0.85,1.02e-10,1.86e-10,-0.00016,0.3839724354387525,22.0,1000000.0,0.005,True,1,19;17;31,40,0,0,
2123,2123,Data/800MHz/sim_002123_1N-HN.out,800.0,18.789289276185396,92.0,1055.5555555555557,0.052222222222222225,3.857142857142857,5555.0,5e-09,5e-11,0.85,1.02e-10,1.86e-10,-0.00016,0.3839724354387525,22.0,1000000.0,0.005,True,1,27;5;77,40,0,0,
2124,2124,Data/800MHz/sim_002124_1N-HN.out,800.0,18.789289276185396,92.0,1055.5555555555557,0.052222222222222225,4.214285714285714,5555.0,5e-09,5e-11,0.85,1.02e-10,1.86e-10,-0.00016,0.3839724354387525,22.0,1000000.0,0.005,True,1,5;57;17,40,0,0,
2125,2125,Data/800MHz/sim_002125_1N-HN.out,800.0,18.789289276185396,92.0,1055.5555555555557,0.052222222222222225,4.571428571428571,5555.0,5e-09,5e-11,0.85,1.02e-10,1.86e-10,-0.00016,0.3839724354387525,22.0,1000000.0,0.005,True,1,23;75;41,40,0,0,
2126,2126,Data/800MHz/sim_002126_1N-HN.out,800.0,18.789289276185396,92.0,1055.5555555555557,0.052222222222222225,4.928571428571429,5555.0,5e-09,5e-11,0.85,1.02e-10,1.86e-10,-0.00016,0.3839724354387525,22.0,1000000.0,0.005,True,1,35;7;77,40,0,0,
2127,2127,Data/800MHz/sim_002127_1N-HN.out,800.0,18.789289276185396,92.0,1055.5555555555557,0.052222222222222225,5.285714285714286,5555.0,5e-09,5e-11,0.85,1.02e-10,1.86e-10,-0.00016,0.3839724354387525,22.0,1000000.0,0.005,True,1,3;47;13,40,0,0,
2128,2128,Data/800MHz/sim_002128_1N-HN.out,800.0,18.789289276185396,92.0,1055.5555555555557,0.052222222222222225,5.642857142857143,5555.0,5e-09,5e-11,0.85,1.02e-10,1.86e-10,-0.00016,0.3839724354387525,22.0,1000000.0,0.005,True,1,3;27;25,40,0,0,
2129,2129,Data/800MHz/sim_002129_1N-HN.out,800.0,18.789289276185396,92.0,1055.5555555555557,0.052222222222222225,6.0,5555.0,5e-09,5e-11,0.85,1.02e-10,1.86e-10,-0.00016,0.3839724354387525,22.0,1000000.0,0.005,True,1,57;63;51,40,0,0,
2130,2130,Data/800MHz/sim_002130_1N-HN.out,800.0,18.789289276185396,92.0,1055.5555555555557,0.05444444444444445,1.0,5555.0,5e-09,5e-11,0.85,1.02e-10,1.86e-10,-0.00016,0.3839724354387525,22.0,1000000.0,0.005,True,1,75;79;11,40,0,0,
2131,2131,Data/800MHz/sim_002131_1N-HN.out,800.0,18.789289276185396,92.0,1055.5555555555557,0.05444444444444445,1.3571428571428572,5555.0,5e-09,5e-11,0.85,1.02e-10,1.86e-10,-0.00016,0.3839724354387525,22.0,1000000.0,0.005,True,1,49;33;73,40,0,0,
2132,2132,Data/800MHz/sim_002132_1N-HN.out,800.0,18.789289276185396,92.0,1055.5555555555557,0.05444444444444445,1.7142857142857144,5555.0,5e-09,5e-11,0.85,1.02e-10,1.86e-10,-0.00016,0.3839724354387525,22.0,1000000.0,0.005,True,1,57;3;53,40,0,0,
2133,2133,Data/800MHz/sim_002133_1N-HN.out,800.0,18.789289276185396,92.0,1055.5555555555557,0.05444444444444445,2.071428571428571,5555.0,5e-09,5e-11,0.85,1.02e-10,1.86e-10,-0.00016,0.3839724354387525,22.0,1000000.0,0.005,True,1,49;27;19,40,0,0,
2134,2134,Data/800MHz/sim_002134_1N-HN.out,800.0,18.789289276185396,92.0,1055.5555555555557,0.05444444444444445,2.428571428571429,5555.0,5e-09,5e-11,0.85,1.02e-10,1.86e-10,-0.00016,0.3839724354387525,22.0,1000000.0,0.005,True,1,7;61;55,40,0,0,
2135,2135,Data/800MHz/sim_002135_1N-HN.out,800.0,18.789289276185396,92.0,1055.5555555555557,0.05444444444444445,2.7857142857142856,5555.0,5e-09,5e-11,0.85,1.02e-10,1.86e-10,-0.00016,0.3839724354387525,22.0,1000000.0,0.005,True,1,27;57;25,40,0,0,
2136,2136,Data/800MHz/sim_002136_1N-HN.out,800.0,18.789289276185396,92.0,1055.5555555555557,0.05444444444444445,3.142857142857143,5555.0,5e-09,5e-11,0.85,1.02e-10,1.86e-10,-0.00016,0.3839724354387525,22.0,1000000.0,0.005,True,1,59;79;43,40,0,0,
2137,2137,Data/800MHz/sim_002137_1N-HN.out,800.0,18.789289276185396,92.0,1055.5555555555557,0.05444444444444445,3.5,5555.0,5e-09,5e-11,0.85,1.02e-10,1.86e-10,-0.00016,0.3839724354387525,22.0,1000000.0,0.005,True,1,37;1;55,40,0,0,
2138,2138,Data/800MHz/sim_002138_1N-HN.out,800.0,18.789289276185396,92.0,1055.5555555555557,0.05444444444444445,3.857142857142857,5555.0,5e-09,5e-11,0.85,1.02e-10,1.86e-10,-0.00016,0.3839724354387525,22.0,1000000.0,0.005,True,1,53;37;17,40,0,0,
2139,2139,Data/800MHz/sim_002139_1N-HN.out,800.0,18.789289276185396,92.0,1055.5555555555557,0.05444444444444445,4.214285714285714,5555.0,5e-09,5e-11,0.85,1.02e-10,1.86e-10,-0.00016,0.3839724354387525,22.0,1000000.0,0.005,True,1,73;19;17,40,0,0,
2140,2140,Data/800MHz/sim_002140_1N-HN.out,800.0,18.789289276185396,92.0,1055.5555555555557,0.05444444444444445,4.571428571428571,5555.0,5e-09,5e-11,0.85,1.02e-10,1.86e-10,-0.00016,0.3839724354387525,22.0,1000000.0,0.005,True,1,3;57;29,40,0,0,
2141,2141,Data/800MHz/sim_002141_1N-HN.out,800.0,18.789289276185396,92.0,1055.5555555555557,0.05444444444444445,4.928571428571429,5555.0,5e-09,5e-11,0.85,1.02e-10,1.86e-10,-0.00016,0.3839724354387525,22.0,1000000.0,0.005,True,1,21;51;69,40,0,0,
2142,2142,Data/800MHz/sim_002142_1N-HN.out,800.0,18.789289276185396,92.0,1055.5555555555557,0.05444444444444445,5.285714285714286,5555.0,5e-09,5e-11,0.85,1.02e-10,1.86e-10,-0.00016,0.3839724354387525,22.0,1000000.0,0.005,True,1,1;19;77,40,0,0,
2143,2143,Data/800MHz/sim_002143_1N-HN.out,800.0,18.789289276185396,92.0,1055.5555555555557,0.05444444444444445,5.642857142857143,5555.0,5e-09,5e-11,0.85,1.02e-10,1.86e-10,-0.00016,0.3839724354387525,22.0,1000000.0,0.005,True,1,67;7;1,40,0,0,
2144,2144,Data/800MHz/sim_002144_1N-HN.out,800.0,18.789289276185396,92.0,1055.5555555555557,0.05444444444444445,6.0,5555.0,5e-09,5e-11,0.85,1.02e-10,1.86e-10,-0.00016,0.3839724354387525,22.0,1000000.0,0.005,True,1,55;7;29,40,0,0,
2145,2145,Data/800MHz/sim_002145_1N-HN.out,800.0,18.789289276185396,92.0,1055.5555555555557,0.05666666666666667,1.0,5555.0,5e-09,5e-11,0.85,1.02e-10,1.86e-10,-0.00016,0.3839724354387525,22.0,1000000.0,0.005,True,1,49;55;35,40,0,0,
2146,2146,Data/800MHz/sim_002146_1N-HN.out,800.0,18.789289276185396,92.0,1055.5555555555557,0.05666666666666667,1.3571428571428572,5555.0,5e-09,5e-11,0.85,1.02e-10,1.86e-10,-0.00016,0.3839724354387525,22.0,1000000.0,0.005,True,1,65;47;19,40,0,0,
2147,2147,Data/800MHz/sim_002147_1N-HN.out,800.0,18.789289276185396,92.0,1055.5555555555557,0.05666666666666667,1.7142857142857144,5555.0,5e-09,5e-11,0.85,1.02e-10,1.86e-10,-0.00016,0.3839724354387525,22.0,1000000.0,0.005,True,1,27;23;75,40,0,0,
2148,2148,Data/800MHz/sim_002148_1N-HN.out,800.0,18.789289276185396,92.0,1055.5555555555557,0.05666666666666667,2.071428571428571,5555.0,5e-09,5e-11,0.85,1.02e-10,1.86e-10,-0.00016,0.3839724354387525,22.0,1000000.0,0.005,True,1,73;11;69,40,0,0,
2149,2149,Data/800MHz/sim_002149_1N-HN.out,800.0,18.789289276185396,92.0,1055.5555555555557,0.05666666666666667,2.428571428571429,5555.0,5e-09,5e-11,0.85,1.02e-10,1.86e-10,-0.00016,0.3839724354387525,22.0,1000000.0,0.005,True,1,59;69;5,40,0,0,
2150,2150,Data/800MHz/sim_002150_1N-HN.out,800.0,18.789289276185396,92.0,1055.5555555555557,0.05666666666666667,2.7857142857142856,5555.0,5e-09,5e-11,0.85,1.02e-10,1.86e-10,-0.00016,0.3839724354387525,22.0,1000000.0,0.005,True,1,25;19;79,40,0,0,
2151,2151,Data/800MHz/sim_002151_1N-HN.out,800.0,18.789289276185396,92.0,1055.5555555555557,0.05666666666666667,3.142857142857143,5555.0,5e-09,5e-11,0.85,1.02e-10,1.86e-10,-0.00016,0.3839724354387525,22.0,1000000.0,0.005,True,1,11;5;25,40,0,0,
2152,2152,Data/800MHz/sim_002152_1N-HN.out,800.0,18.789289276185396,92.0,1055.5555555555557,0.05666666666666667,3.5,5555.0,5e-09,5e-11,0.85,1.02e-10,1.86e-10,-0.00016,0.3839724354387525,22.0,1000000.0,0.005,True,1,53;1;77,40,0,0,
2153,2153,Data/800MHz/sim_002153_1N-HN.out,800.0,18.789289276185396,92.0,1055.5555555555557,0.05666666666666667,3.857142857142857,5555.0,5e-09,5e-11,0.85,1.02e-10,1.86e-10,-0.00016,0.3839724354387525,22.0,1000000.0,0.005,True,1,35;5;29,40,0,0,
2154,2154,Data/800MHz/sim_002154_1N-HN.out,800.0,18.789289276185396,92.0,1055.5555555555557,0.05666666666666667,4.214285714285714,5555.0,5e-09,5e-11,0.85,1.02e-10,1.86e-10,-0.00016,0.3839724354387525,22.0,1000000.0,0.005,True,1,69;79;51,40,0,0,
2155,2155,Data/800MHz/sim_002155_1N-HN.out,800.0,18.789289276185396,92.0,1055.5555555555557,0.05666666666666667,4.571428571428571,5555.0,5e-09,5e-11,0.85,1.02e-10,1.86e-10,-0.00016,0.3839724354387525,22.0,1000000.0,0.005,True,1,37;57;39,40,0,0,
2156,2156,Data/800MHz/sim_002156_1N-HN.out,800.0,18.789289276185396,92.0,1055.5555555555557,0.05666666666666667,4.928571428571429,5555.0,5e-09,5e-11,0.85,1.02e-10,1.86e-10,-0.00016,0.3839724354387525,22.0,1000000.0,0.005,True,1,23;31;71,40,0,0,
2157,2157,Data/800MHz/sim_002157_1N-HN.out,800.0,18.789289276185396,92.0,1055.5555555555557,0.05666666666666667,5.285714285714286,5555.0,5e-09,5e-11,0.85,1.02e-10,1.86e-10,-0.00016,0.3839724354387525,22.0,1000000.0,0.005,True,1,67;33;3,40,0,0,
2158,2158,Data/800MHz/sim_002158_1N-HN.out,800.0,18.789289276185396,92.0,1055.5555555555557,0.05666666666666667,5.642857142857143,5555.0,5e-09,5e-11,0.85,1.02e-10,1.86e-10,-0.00016,0.3839724354387525,22.0,1000000.0,0.005,True,1,25;13;73,40,0,0,
2159,2159,Data/800MHz/sim_002159_1N-HN.out,800.0,18.789289276185396,92.0,1055.5555555555557,0.05666666666666667,6.0,5555.0,5e-09,5e-11,0.85,1.02e-10,1.86e-10,-0.00016,0.3839724354387525,22.0,1000000.0,0.005,True,1,53;75;15,40,0,0,
2160,2160,Data/800MHz/sim_002160_1N-HN.out,800.0,18.789289276185396,92.0,1055.5555555555557,0.05888888888888889,1.0,5555.0,5e-09,5e-11,0.85,1.02e-10,1.86e-10,-0.00016,0.3839724354387525,22.0,1000000.0,0.005,True,1,41;65;27,40,0,0,
2161,2161,Data/800MHz/sim_002161_1N-HN.out,800.0,18.789289276185396,92.0,1055.5555555555557,0.05888888888888889,1.3571428571428572,5555.0,5e-09,5e-11,0.85,1.02e-10,1.86e-10,-0.00016,0.3839724354387525,22.0,1000000.0,0.005,True,1,43;15;57,40,0,0,
2162,2162,Data/800MHz/sim_002162_1N-HN.out,800.0,18.789289276185396,92.0,1055.5555555555557,0.05888888888888889,1.7142857142857144,5555.0,5e-09,5e-11,0.85,1.02e-10,1.86e-10,-0.00016,0.3839724354387525,22.0,1000000.0,0.005,True,1,75;25;13,40,0,0,
2163,2163,Data/800MHz/sim_002163_1N-HN.out,800.0,18.789289276185396,92.0,1055.5555555555557,0.05888888888888889,2.071428571428571,5555.0,5e-09,5e-11,0.85,1.02e-10,1.86e-10,-0.00016,0.3839724354387525,22.0,1000000.0,0.005,True,1,77;39;35,40,0,0,
2164,2164,Data/800MHz/sim_002164_1N-HN.out,800.0,18.789289276185396,92.0,1055.5555555555557,0.05888888888888889,2.428571428571429,5555.0,5e-09,5e-11,0.85,1.02e-10,1.86e-10,-0.00016,0.3839724354387525,22.0,1000000.0,0.005,True,1,53;75;49,40,0,0,
2165,2165,Data/800MHz/sim_002165_1N-HN.out,800.0,18.789289276185396,92.0,1055.5555555555557,0.05888888888888889,2.7857142857142856,5555.0,5e-09,5e-11,0.85,1.02e-10,1.86e-10,-0.00016,0.3839724354387525,22.0,1000000.0,0.005,True,1,39;55;15,40,0,0,
2166,2166,Data/800MHz/sim_002166_1N-HN.out,800.0,18.789289276185396,92.0,1055.5555555555557,0.05888888888888889,3.142857142857143,5555.0,5e-09,5e-11,0.85,1.02e-10,1.86e-10,-0.00016,0.3839724354387525,22.0,1000000.0,0.005,True,1,61;71;35,40,0,0,
2167,2167,Data/800MHz/sim_002167_1N-HN.out,800.0,18.789289276185396,92.0,1055.5555555555557,0.05888888888888889,3.5,5555.0,5e-09,5e-11,0.85,1.02e-10,1.86e-10,-0.00016,0.3839724354387525,22.0,1000000.0,0.005,True,1,59;35;3,40,0,0,
2168,2168,Data/800MHz/sim_002168_1N-HN.out,800.0,18.789289276185396,92.0,1055.5555555555557,0.05888888888888889,3.857142857142857,5555.0,5e-09,5e-11,0.85,1.02e-10,1.86e-10,-0.00016,0.3839724354387525,22.0,1000000.0,0.005,True,1,59;19;53,40,0,0,
2169,2169,Data/800MHz/sim_002169_1N-HN.out,800.0,18.789289276185396,92.0,1055.5555555555557,0.05888888888888889,4.214285714285714,5555.0,5e-09,5e-11,0.85,1.02e-10,1.86e-10,-0.00016,0.3839724354387525,22.0,1000000.0,0.005,True,1,9;59;49,40,0,0,
2170,2170,Data/800MHz/sim_002170_1N-HN.out,800.0,18.789289276185396,92.0,1055.5555555555557,0.05888888888888889,4.571428571428571,5555.0,5e-09,5e-11,0.85,1.02e-10,1.86e-10,-0.00016,0.3839724354387525,22.0,1000000.0,0.005,True,1,5;9;35,40,0,0,
2171,2171,Data/800MHz/sim_002171_1N-HN.out,800.0,18.789289276185396,92.0,1055.5555555555557,0.05888888888888889,4.928571428571429,5555.0,5e-09,5e-11,0.85,1.02e-10,1.86e-10,-0.00016,0.3839724354387525,22.0,1000000.0,0.005,True,1,35;13;25,40,0,0,
2172,2172,Data/800MHz/sim_002172_1N-HN.out,800.0,18.789289276185396,92.0,1055.5555555555557,0.05888888888888889,5.285714285714286,5555.0,5e-09,5e-11,0.85,1.02e-10,1.86e-10,-0.00016,0.3839724354387525,22.0,1000000.0,0.005,True,1,25;67;55,40,0,0,
2173,2173,Data/800MHz/sim_002173_1N-HN.out,800.0,18.789289276185396,92.0,1055.5555555555557,0.05888888888888889,5.642857142857143,5555.0,5e-09,5e-11,0.85,1.02e-10,1.86e-10,-0.00016,0.3839724354387525,22.0,1000000.0,0.005,True,1,73;61;19,40,0,0,
2174,2174,Data/800MHz/sim_002174_1N-HN.out,800.0,18.789289276185396,92.0,1055.5555555555557,0.05888888888888889,6.0,5555.0,5e-09,5e-11,0.85,1.02e-10,1.86e-10,-0.00016,0.3839724354387525,22.0,1000000.0,0.005,True,1,75;39;31,40,0,0,
2175,2175,Data/800MHz/sim_002175_1N-HN.out,800.0,18.789289276185396,92.0,1055.5555555555557,0.061111111111111116,1.0,5555.0,5e-09,5e-11,0.85,1.02e-10,1.86e-10,-0.00016,0.3839724354387525,22.0,1000000.0,0.005,True,1,71;55;73,40,0,0,
2176,2176,Data/800MHz/sim_002176_1N-HN.out,800.0,18.789289276185396,92.0,1055.5555555555557,0.061111111111111116,1.3571428571428572,5555.0,5e-09,5e-11,0.85,1.02e-10,1.86e-10,-0.00016,0.3839724354387525,22.0,1000000.0,0.005,True,1,17;35;43,40,0,0,
2177,2177,Data/800MHz/sim_002177_1N-HN.out,800.0,18.789289276185396,92.0,1055.5555555555557,0.061111111111111116,1.7142857142857144,5555.0,5e-09,5e-11,0.85,1.02e-10,1.86e-10,-0.00016,0.3839724354387525,22.0,1000000.0,0.005,True,1,51;31;9,40,0,0,
2178,2178,Data/800MHz/sim_002178_1N-HN.out,800.0,18.789289276185396,92.0,1055.5555555555557,0.061111111111111116,2.071428571428571,5555.0,5e-09,5e-11,0.85,1.02e-10,1.86e-10,-0.00016,0.3839724354387525,22.0,1000000.0,0.005,True,1,11;41;69,40,0,0,
2179,2179,Data/800MHz/sim_002179_1N-HN.out,800.0,18.789289276185396,92.0,1055.5555555555557,0.061111111111111116,2.428571428571429,5555.0,5e-09,5e-11,0.85,1.02e-10,1.86e-10,-0.00016,0.3839724354387525,22.0,1000000.0,0.005,True,1,71;41;61,40,0,0,
2180,2180,Data/800MHz/sim_002180_1N-HN.out,800.0,18.789289276185396,92.0,1055.5555555555557,0.061111111111111116,2.7857142857142856,5555.0,5e-09,5e-11,0.85,1.02e-10,1.86e-10,-0.00016,0.3839724354387525,22.0,1000000.0,0.005,True,1,33;1;17,40,0,0,
2181,2181,Data/800MHz/sim_002181_1N-HN.out,800.0,18.789289276185396,92.0,1055.5555555555557,0.061111111111111116,3.142857142857143,5555.0,5e-09,5e-11,0.85,1.02e-10,1.86e-10,-0.00016,0.3839724354387525,22.0,1000000.0,0.005,True,1,53;37;41,40,0,0,
2182,2182,Data/800MHz/sim_002182_1N-HN.out,800.0,18.789289276185396,92.0,1055.5555555555557,0.061111111111111116,3.5,5555.0,5e-09,5e-11,0.85,1.02e-10,1.86e-10,-0.00016,0.3839724354387525,22.0,1000000.0,0.005,True,1,25;35;75,40,0,0,
2183,2183,Data/800MHz/sim_002183_1N-HN.out,800.0,18.789289276185396,92.0,1055.5555555555557,0.061111111111111116,3.857142857142857,5555.0,5e-09,5e-11,0.85,1.02e-10,1.86e-10,-0.00016,0.3839724354387525,22.0,1000000.0,0.005,True,1,5;39;61,40,0,0,
2184,2184,Data/800MHz/sim_002184_1N-HN.out,800.0,18.789289276185396,92.0,1055.5555555555557,0.061111111111111116,4.214285714285714,5555.0,5e-09,5e-11,0.85,1.02e-10,1.86e-10,-0.00016,0.3839724354387525,22.0,1000000.0,0.005,True,1,21;33;27,40,0,0,
2185,2185,Data/800MHz/sim_002185_1N-HN.out,800.0,18.789289276185396,92.0,1055.5555555555557,0.061111111111111116,4.571428571428571,5555.0,5e-09,5e-11,0.85,1.02e-10,1.86e-10,-0.00016,0.3839724354387525,22.0,1000000.0,0.005,True,1,11;39;7,40,0,0,
2186,2186,Data/800MHz/sim_002186_1N-HN.out,800.0,18.789289276185396,92.0,1055.5555555555557,0.061111111111111116,4.928571428571429,5555.0,5e-09,5e-11,0.85,1.02e-10,1.86e-10,-0.00016,0.3839724354387525,22.0,1000000.0,0.005,True,1,21;25;45,40,0,0,
2187,2187,Data/800MHz/sim_002187_1N-HN.out,800.0,18.789289276185396,92.0,1055.5555555555557,0.061111111111111116,5.285714285714286,5555.0,5e-09,5e-11,0.85,1.02e-10,1.86e-10,-0.00016,0.3839724354387525,22.0,1000000.0,0.005,True,1,49;69;41,40,0,0,
2188,2188,Data/800MHz/sim_002188_1N-HN.out,800.0,18.789289276185396,92.0,1055.5555555555557,0.061111111111111116,5.642857142857143,5555.0,5e-09,5e-11,0.85,1.02e-10,1.86e-10,-0.00016,0.3839724354387525,22.0,1000000.0,0.005,True,1,45;21;17,40,0,0,
2189,2189,Data/800MHz/sim_002189_1N-HN.out,800.0,18.789289276185396,92.0,1055.5555555555557,0.061111111111111116,6.0,5555.0,5e-09,5e-11,0.85,1.02e-10,1.86e-10,-0.00016,0.3839724354387525,22.0,1000000.0,0.005,True,1,21;5;27,40,0,0,
2190,2190,Data/800MHz/sim_002190_1N-HN.out,800.0,18.789289276185396,92.0,1055.5555555555557,0.06333333333333334,1.0,5555.0,5e-09,5e-11,0.85,1.02e-10,1.86e-10,-0.00016,0.3839724354387525,22.0,1000000.0,0.005,True,1,43;59;29,40,0,0,
2191,2191,Data/800MHz/sim_002191_1N-HN.out,800.0,18.789289276185396,92.0,1055.5555555555557,0.06333333333333334,1.3571428571428572,5555.0,5e-09,5e-11,0.85,1.02e-10,1.86e-10,-0.00016,0.3839724354387525,22.0,1000000.0,0.005,True,1,5;33;25,40,0,0,
2192,2192,Data/800MHz/sim_002192_1N-HN.out,800.0,18.789289276185396,92.0,1055.5555555555557,0.06333333333333334,1.7142857142857144,5555.0,5e-09,5e-11,0.85,1.02e-10,1.86e-10,-0.00016,0.3839724354387525,22.0,1000000.0,0.005,True,1,63;31;51,40,0,0,
2193,2193,Data/800MHz/sim_002193_1N-HN.out,800.0,18.789289276185396,92.0,1055.5555555555557,0.06333333333333334,2.071428571428571,5555.0,5e-09,5e-11,0.85,1.02e-10,1.86e-10,-0.00016,0.3839724354387525,22.0,1000000.0,0.005,True,1,31;7;13,40,0,0,
2194,2194,Data/800MHz/sim_002194_1N-HN.out,800.0,18.789289276185396,92.0,1055.5555555555557,0.06333333333333334,2.428571428571429,5555.0,5e-09,5e-11,0.85,1.02e-10,1.86e-10,-0.00016,0.3839724354387525,22.0,1000000.0,0.005,True,1,23;31;45,40,0,0,
2195,2195,Data/800MHz/sim_002195_1N-HN.out,800.0,18.789289276185396,92.0,1055.5555555555557,0.06333333333333334,2.7857142857142856,5555.0,5e-09,5e-11,0.85,1.02e-10,1.86e-10,-0.00016,0.3839724354387525,22.0,1000000.0,0.005,True,1,31;19;59,40,0,0,
2196,2196,Data/800MHz/sim_002196_1N-HN.out,800.0,18.789289276185396,92.0,1055.5555555555557,0.06333333333333334,3.142857142857143,5555.0,5e-09,5e-11,0.85,1.02e-10,1.86e-10,-0.00016,0.3839724354387525,22.0,1000000.0,0.005,True,1,41;3;47,40,0,0,
2197,2197,Data/800MHz/sim_002197_1N-HN.out,800.0,18.789289276185396,92.0,1055.5555555555557,0.06333333333333334,3.5,5555.0,5e-09,5e-11,0.85,1.02e-10,1.86e-10,-0.00016,0.3839724354387525,22.0,1000000.0,0.005,True,1,61;35;65,40,0,0,
2198,2198,Data/800MHz/sim_002198_1N-HN.out,800.0,18.789289276185396,92.0,1055.5555555555557,0.06333333333333334,3.857142857142857,5555.0,5e-09,5e-11,0.85,1.02e-10,1.86e-10,-0.00016,0.3839724354387525,22.0,1000000.0,0.005,True,1,23;33;15,40,0,0,
2199,2199,Data/800MHz/sim_002199_1N-HN.out,800.0,18.789289276185396,92.0,1055.5555555555557,0.06333333333333334,4.214285714285714,5555.0,5e-09,5e-11,0.85,1.02e-10,1.86e-10,-0.00016,0.3839724354387525,22.0,1000000.0,0.005,True,1,31;19;3,40,0,0,
2200,2200,Data/800MHz/sim_002200_1N-HN.out,800.0,18.789289276185396,92.0,1055.5555555555557,0.06333333333333334,4.571428571428571,5555.0,5e-09,5e-11,0.85,1.02e-10,1.86e-10,-0.00016,0.3839724354387525,22.0,1000000.0,0.005,True,1,31;25;27,40,0,0,
2201,2201,Data/800MHz/sim_002201_1N-HN.out,800.0,18.789289276185396,92.0,1055.5555555555557,0.06333333333333334,4.928571428571429,5555.0,5e-09,5e-11,0.85,1.02e-10,1.86e-10,-0.00016,0.3839724354387525,22.0,1000000.0,0.005,True,1,3;27;73,40,0,0,
2202,2202,Data/800MHz/sim_002202_1N-HN.out,800.0,18.789289276185396,92.0,1055.5555555555557,0.06333333333333334,5.285714285714286,5555.0,5e-09,5e-11,0.85,1.02e-10,1.86e-10,-0.00016,0.3839724354387525,22.0,1000000.0,0.005,True,1,69;73;77,40,0,0,
2203,2203,Data/800MHz/sim_002203_1N-HN.out,800.0,18.789289276185396,92.0,1055.5555555555557,0.06333333333333334,5.642857142857143,5555.0,5e-09,5e-11,0.85,1.02e-10,1.86e-10,-0.00016,0.3839724354387525,22.0,1000000.0,0.005,True,1,1;35;75,40,0,0,
2204,2204,Data/800MHz/sim_002204_1N-HN.out,800.0,18.789289276185396,92.0,1055.5555555555557,0.06333333333333334,6.0,5555.0,5e-09,5e-11,0.85,1.02e-10,1.86e-10,-0.00016,0.3839724354387525,22.0,1000000.0,0.005,True,1,43;61;31,40,0,0,
2205,2205,Data/800MHz/sim_002205_1N-HN.out,800.0,18.789289276185396,92.0,1055.5555555555557,0.06555555555555556,1.0,5555.0,5e-09,5e-11,0.85,1.02e-10,1.86e-10,-0.00016,0.3839724354387525,22.0,1000000.0,0.005,True,1,55;17;71,40,0,0,
2206,2206,Data/800MHz/sim_002206_1N-HN.out,800.0,18.789289276185396,92.0,1055.5555555555557,0.06555555555555556,1.3571428571428572,5555.0,5e-09,5e-11,0.85,1.02e-10,1.86e-10,-0.00016,0.3839724354387525,22.0,1000000.0,0.005,True,1,33;25;49,40,0,0,
2207,2207,Data/800MHz/sim_002207_1N-HN.out,800.0,18.789289276185396,92.0,1055.5555555555557,0.06555555555555556,1.7142857142857144,5555.0,5e-09,5e-11,0.85,1.02e-10,1.86e-10,-0.00016,0.3839724354387525,22.0,1000000.0,0.005,True,1,47;75;69,40,0,0,
2208,2208,Data/800MHz/sim_002208_1N-HN.out,800.0,18.789289276185396,92.0,1055.5555555555557,0.06555555555555556,2.071428571428571,5555.0,5e-09,5e-11,0.85,1.02e-10,1.86e-10,-0.00016,0.3839724354387525,22.0,1000000.0,0.005,True,1,35;69;13,40,0,0,
2209,2209,Data/800MHz/sim_002209_1N-HN.out,800.0,18.789289276185396,92.0,1055.5555555555557,0.06555555555555556,2.428571428571429,5555.0,5e-09,5e-11,0.85,1.02e-10,1.86e-10,-0.00016,0.3839724354387525,22.0,1000000.0,0.005,True,1,19;13;73,40,0,0,
2210,2210,Data/800MHz/sim_002210_1N-HN.out,800.0,18.789289276185396,92.0,1055.5555555555557,0.06555555555555556,2.7857142857142856,5555.0,5e-09,5e-11,0.85,1.02e-10,1.86e-10,-0.00016,0.3839724354387525,22.0,1000000.0,0.005,True,1,69;29;41,40,0,0,
2211,2211,Data/800MHz/sim_002211_1N-HN.out,800.0,18.789289276185396,92.0,1055.5555555555557,0.06555555555555556,3.142857142857143,5555.0,5e-09,5e-11,0.85,1.02e-10,1.86e-10,-0.00016,0.3839724354387525,22.0,1000000.0,0.005,True,1,23;77;19,40,0,0,
2212,2212,Data/800MHz/sim_002212_1N-HN.out,800.0,18.789289276185396,92.0,1055.5555555555557,0.06555555555555556,3.5,5555.0,5e-09,5e-11,0.85,1.02e-10,1.86e-10,-0.00016,0.3839724354387525,22.0,1000000.0,0.005,True,1,59;49;45,40,0,0,
2213,2213,Data/800MHz/sim_002213_1N-HN.out,800.0,18.789289276185396,92.0,1055.5555555555557,0.06555555555555556,3.857142857142857,5555.0,5e-09,5e-11,0.85,1.02e-10,1.86e-10,-0.00016,0.3839724354387525,22.0,1000000.0,0.005,True,1,29;37;43,40,0,0,
2214,2214,Data/800MHz/sim_002214_1N-HN.out,800.0,18.789289276185396,92.0,1055.5555555555557,0.06555555555555556,4.214285714285714,5555.0,5e-09,5e-11,0.85,1.02e-10,1.86e-10,-0.00016,0.3839724354387525,22.0,1000000.0,0.005,True,1,25;13;33,40,0,0,
2215,2215,Data/800MHz/sim_002215_1N-HN.out,800.0,18.789289276185396,92.0,1055.5555555555557,0.06555555555555556,4.571428571428571,5555.0,5e-09,5e-11,0.85,1.02e-10,1.86e-10,-0.00016,0.3839724354387525,22.0,1000000.0,0.005,True,1,7;33;57,40,0,0,
2216,2216,Data/800MHz/sim_002216_1N-HN.out,800.0,18.789289276185396,92.0,1055.5555555555557,0.06555555555555556,4.928571428571429,5555.0,5e-09,5e-11,0.85,1.02e-10,1.86e-10,-0.00016,0.3839724354387525,22.0,1000000.0,0.005,True,1,27;39;9,40,0,0,
2217,2217,Data/800MHz/sim_002217_1N-HN.out,800.0,18.789289276185396,92.0,1055.5555555555557,0.06555555555555556,5.285714285714286,5555.0,5e-09,5e-11,0.85,1.02e-10,1.86e-10,-0.00016,0.3839724354387525,22.0,1000000.0,0.005,True,1,75;19;27,40,0,0,
2218,2218,Data/800MHz/sim_002218_1N-HN.out,800.0,18.789289276185396,92.0,1055.5555555555557,0.06555555555555556,5.642857142857143,5555.0,5e-09,5e-11,0.85,1.02e-10,1.86e-10,-0.00016,0.3839724354387525,22.0,1000000.0,0.005,True,1,59;1;7,40,0,0,
2219,2219,Data/800MHz/sim_002219_1N-HN.out,800.0,18.789289276185396,92.0,1055.5555555555557,0.06555555555555556,6.0,5555.0,5e-09,5e-11,0.85,1.02e-10,1.86e-10,-0.00016,0.3839724354387525,22.0,1000000.0,0.005,True,1,55;45;51,40,0,0,
2220,2220,Data/800MHz/sim_002220_1N-HN.out,800.0,18.789289276185396,92.0,1055.5555555555557,0.06777777777777778,1.0,5555.0,5e-09,5e-11,0.85,1.02e-10,1.86e-10,-0.00016,0.3839724354387525,22.0,1000000.0,0.005,True,1,33;37;61,40,0,0,
2221,2221,Data/800MHz/sim_002221_1N-HN.out,800.0,18.789289276185396,92.0,1055.5555555555557,0.06777777777777778,1.3571428571428572,5555.0,5e-09,5e-11,0.85,1.02e-10,1.86e-10,-0.00016,0.3839724354387525,22.0,1000000.0,0.005,True,1,51;1;37,40,0,0,
2222,2222,Data/800MHz/sim_002222_1N-HN.out,800.0,18.789289276185396,92.0,1055.5555555555557,0.06777777777777778,1.7142857142857144,5555.0,5e-09,5e-11,0.85,1.02e-10,1.86e-10,-0.00016,0.3839724354387525,22.0,1000000.0,0.005,True,1,65;17;27,40,0,0,
2223,2223,Data/800MHz/sim_002223_1N-HN.out,800.0,18.789289276185396,92.0,1055.5555555555557,0.06777777777777778,2.071428571428571,5555.0,5e-09,5e-11,0.85,1.02e-10,1.86e-10,-0.00016,0.3839724354387525,22.0,1000000.0,0.005,True,1,45;15;67,40,0,0,
2224,2224,Data/800MHz/sim_002224_1N-HN.out,800.0,18.789289276185396,92.0,1055.5555555555557,0.06777777777777778,2.428571428571429,5555.0,5e-09,5e-11,0.85,1.02e-10,1.86e-10,-0.00016,0.3839724354387525,22.0,1000000.0,0.005,True,1,65;79;19,40,0,0,
2225,2225,Data/800MHz/sim_002225_1N-HN.out,800.0,18.789289276185396,92.0,1055.5555555555557,0.06777777777777778,2.7857142857142856,5555.0,5e-09,5e-11,0.85,1.02e-10,1.86e-10,-0.00016,0.3839724354387525,22.0,1000000.0,0.005,True,1,41;53;27,40,0,0,
2226,2226,Data/800MHz/sim_002226_1N-HN.out,800.0,18.789289276185396,92.0,1055.5555555555557,0.06777777777777778,3.142857142857143,5555.0,5e-09,5e-11,0.85,1.02e-10,1.86e-10,-0.00016,0.3839724354387525,22.0,1000000.0,0.005,True,1,31;21;45,40,0,0,
2227,2227,Data/800MHz/sim_002227_1N-HN.out,800.0,18.789289276185396,92.0,1055.5555555555557,0.06777777777777778,3.5,5555.0,5e-09,5e-11,0.85,1.02e-10,1.86e-10,-0.00016,0.3839724354387525,22.0,1000000.0,0.005,True,1,15;23;39,40,0,0,
2228,2228,Data/800MHz/sim_002228_1N-HN.out,800.0,18.789289276185396,92.0,1055.5555555555557,0.06777777777777778,3.857142857142857,5555.0,5e-09,5e-11,0.85,1.02e-10,1.86e-10,-0.00016,0.3839724354387525,22.0,1000000.0,0.005,True,1,77;3;55,40,0,0,
2229,2229,Data/800MHz/sim_002229_1N-HN.out,800.0,18.789289276185396,92.0,1055.5555555555557,0.06777777777777778,4.214285714285714,5555.0,5e-09,5e-11,0.85,1.02e-10,1.86e-10,-0.00016,0.3839724354387525,22.0,1000000.0,0.005,True,1,21;45;1,40,0,0,
2230,2230,Data/800MHz/sim_002230_1N-HN.out,800.0,18.789289276185396,92.0,1055.5555555555557,0.06777777777777778,4.571428571428571,5555.0,5e-09,5e-11,0.85,1.02e-10,1.86e-10,-0.00016,0.3839724354387525,22.0,1000000.0,0.005,True,1,59;25;61,40,0,0,
2231,2231,Data/800MHz/sim_002231_1N-HN.out,800.0,18.789289276185396,92.0,1055.5555555555557,0.06777777777777778,4.928571428571429,5555.0,5e-09,5e-11,0.85,1.02e-10,1.86e-10,-0.00016,0.3839724354387525,22.0,1000000.0,0.005,True,1,21;13;27,40,0,0,
2232,2232,Data/800MHz/sim_002232_1N-HN.out,800.0,18.789289276185396,92.0,1055.5555555555557,0.06777777777777778,5.285714285714286,5555.0,5e-09,5e-11,0.85,1.02e-10,1.86e-10,-0.00016,0.3839724354387525,22.0,1000000.0,0.005,True,1,79;45;77,40,0,0,
2233,2233,Data/800MHz/sim_002233_1N-HN.out,800.0,18.789289276185396,92.0,1055.5555555555557,0.06777777777777778,5.642857142857143,5555.0,5e-09,5e-11,0.85,1.02e-10,1.86e-10,-0.00016,0.3839724354387525,22.0,1000000.0,0.005,True,1,21;75;11,40,0,0,
2234,2234,Data/800MHz/sim_002234_1N-HN.out,800.0,18.789289276185396,92.0,1055.5555555555557,0.06777777777777778,6.0,5555.0,5e-09,5e-11,0.85,1.02e-10,1.86e-10,-0.00016,0.3839724354387525,22.0,1000000.0,0.005,True,1,35;21;17,40,0,0,
2235,2235,Data/800MHz/sim_002235_1N-HN.out,800.0,18.789289276185396,92.0,1055.5555555555557,0.07,1.0,5555.0,5e-09,5e-11,0.85,1.02e-10,1.86e-10,-0.00016,0.3839724354387525,22.0,1000000.0,0.005,True,1,47;41;9,40,0,0,
2236,2236,Data/800MHz/sim_002236_1N-HN.out,800.0,18.789289276185396,92.0,1055.5555555555557,0.07,1.3571428571428572,5555.0,5e-09,5e-11,0.85,1.02e-10,1.86e-10,-0.00016,0.3839724354387525,22.0,1000000.0,0.005,True,1,79;39;59,40,0,0,
2237,2237,Data/800MHz/sim_002237_1N-HN.out,800.0,18.789289276185396,92.0,1055.5555555555557,0.07,1.7142857142857144,5555.0,5e-09,5e-11,0.85,1.02e-10,1.86e-10,-0.00016,0.3839724354387525,22.0,1000000.0,0.005,True,1,5;53;41,40,0,0,
2238,2238,Data/800MHz/sim_002238_1N-HN.out,800.0,18.789289276185396,92.0,1055.5555555555557,0.07,2.071428571428571,5555.0,5e-09,5e-11,0.85,1.02e-10,1.86e-10,-0.00016,0.3839724354387525,22.0,1000000.0,0.005,True,1,29;1;27,40,0,0,
2239,2239,Data/800MHz/sim_002239_1N-HN.out,800.0,18.789289276185396,92.0,1055.5555555555557,0.07,2.428571428571429,5555.0,5e-09,5e-11,0.85,1.02e-10,1.86e-10,-0.00016,0.3839724354387525,22.0,1000000.0,0.005,True,1,7;3;75,40,0,0,
2240,2240,Data/800MHz/sim_002240_1N-HN.out,800.0,18.789289276185396,92.0,1055.5555555555557,0.07,2.7857142857142856,5555.0,5e-09,5e-11,0.85,1.02e-10,1.86e-10,-0.00016,0.3839724354387525,22.0,1000000.0,0.005,True,1,67;37;17,40,0,0,
2241,2241,Data/800MHz/sim_002241_1N-HN.out,800.0,18.789289276185396,92.0,1055.5555555555557,0.07,3.142857142857143,5555.0,5e-09,5e-11,0.85,1.02e-10,1.86e-10,-0.00016,0.3839724354387525,22.0,1000000.0,0.005,True,1,5;63;49,40,0,0,
2242,2242,Data/800MHz/sim_002242_1N-HN.out,800.0,18.789289276185396,92.0,1055.5555555555557,0.07,3.5,5555.0,5e-09,5e-11,0.85,1.02e-10,1.86e-10,-0.00016,0.3839724354387525,22.0,1000000.0,0.005,True,1,69;77;19,40,0,0,
2243,2243,Data/800MHz/sim_002243_1N-HN.out,800.0,18.789289276185396,92.0,1055.5555555555557,0.07,3.857142857142857,5555.0,5e-09,5e-11,0.85,1.02e-10,1.86e-10,-0.00016,0.3839724354387525,22.0,1000000.0,0.005,True,1,49;19;13,40,0,0,
2244,2244,Data/800MHz/sim_002244_1N-HN.out,800.0,18.789289276185396,92.0,1055.5555555555557,0.07,4.214285714285714,5555.0,5e-09,5e-11,0.85,1.02e-10,1.86e-10,-0.00016,0.3839724354387525,22.0,1000000.0,0.005,True,1,43;55;47,40,0,0,
2245,2245,Data/800MHz/sim_002245_1N-HN.out,800.0,18.789289276185396,92.0,1055.5555555555557,0.07,4.571428571428571,5555.0,5e-09,5e-11,0.85,1.02e-10,1.86e-10,-0.00016,0.3839724354387525,22.0,1000000.0,0.005,True,1,15;77;39,40,0,0,
2246,2246,Data/800MHz/sim_002246_1N-HN.out,800.0,18.789289276185396,92.0,1055.5555555555557,0.07,4.928571428571429,5555.0,5e-09,5e-11,0.85,1.02e-10,1.86e-10,-0.00016,0.3839724354387525,22.0,1000000.0,0.005,True,1,45;9;51,40,0,0,
2247,2247,Data/800MHz/sim_002247_1N-HN.out,800.0,18.789289276185396,92.0,1055.5555555555557,0.07,5.285714285714286,5555.0,5e-09,5e-11,0.85,1.02e-10,1.86e-10,-0.00016,0.3839724354387525,22.0,1000000.0,0.005,True,1,63;53;1,40,0,0,
2248,2248,Data/800MHz/sim_002248_1N-HN.out,800.0,18.789289276185396,92.0,1055.5555555555557,0.07,5.642857142857143,5555.0,5e-09,5e-11,0.85,1.02e-10,1.86e-10,-0.00016,0.3839724354387525,22.0,1000000.0,0.005,True,1,49;21;5,40,0,0,
2249,2249,Data/800MHz/sim_002249_1N-HN.out,800.0,18.789289276185396,92.0,1055.5555555555557,0.07,6.0,5555.0,5e-09,5e-11,0.85,1.02e-10,1.86e-10,-0.00016,0.3839724354387525,22.0,1000000.0,0.005,True,1,15;23;17,40,0,0,
2250,2250,Data/800MHz/sim_002250_1N-HN.out,800.0,18.789289276185396,92.0,1244.4444444444443,0.05,1.0,5555.0,5e-09,5e-11,0.85,1.02e-10,1.86e-10,-0.00016,0.3839724354387525,22.0,1000000.0,0.005,True,1,77;23;15,40,0,0,
2251,2251,Data/800MHz/sim_002251_1N-HN.out,800.0,18.789289276185396,92.0,1244.4444444444443,0.05,1.3571428571428572,5555.0,5e-09,5e-11,0.85,1.02e-10,1.86e-10,-0.00016,0.3839724354387525,22.0,1000000.0,0.005,True,1,49;73;51,40,0,0,
2252,2252,Data/800MHz/sim_002252_1N-HN.out,800.0,18.789289276185396,92.0,1244.4444444444443,0.05,1.7142857142857144,5555.0,5e-09,5e-11,0.85,1.02e-10,1.86e-10,-0.00016,0.3839724354387525,22.0,1000000.0,0.005,True,1,47;3;33,40,0,0,
2253,2253,Data/800MHz/sim_002253_1N-HN.out,800.0,18.789289276185396,92.0,1244.4444444444443,0.05,2.071428571428571,5555.0,5e-09,5e-11,0.85,1.02e-10,1.86e-10,-0.00016,0.3839724354387525,22.0,1000000.0,0.005,True,1,33;15;51,40,0,0,
2254,2254,Data/800MHz/sim_002254_1N-HN.out,800.0,18.789289276185396,92.0,1244.4444444444443,0.05,2.428571428571429,5555.0,5e-09,5e-11,0.85,1.02e-10,1.86e-10,-0.00016,0.3839724354387525,22.0,1000000.0,0.005,True,1,49;37;55,40,0,0,
2255,2255,Data/800MHz/sim_002255_1N-HN.out,800.0,18.789289276185396,92.0,1244.4444444444443,0.05,2.7857142857142856,5555.0,5e-09,5e-11,0.85,1.02e-10,1.86e-10,-0.00016,0.3839724354387525,22.0,1000000.0,0.005,True,1,51;67;25,40,0,0,
2256,2256,Data/800MHz/sim_002256_1N-HN.out,800.0,18.789289276185396,92.0,1244.4444444444443,0.05,3.142857142857143,5555.0,5e-09,5e-11,0.85,1.02e-10,1.86e-10,-0.00016,0.3839724354387525,22.0,1000000.0,0.005,True,1,9;11;33,40,0,0,
2257,2257,Data/800MHz/sim_002257_1N-HN.out,800.0,18.789289276185396,92.0,1244.4444444444443,0.05,3.5,5555.0,5e-09,5e-11,0.85,1.02e-10,1.86e-10,-0.00016,0.3839724354387525,22.0,1000000.0,0.005,True,1,71;11;61,40,0,0,
2258,2258,Data/800MHz/sim_002258_1N-HN.out,800.0,18.789289276185396,92.0,1244.4444444444443,0.05,3.857142857142857,5555.0,5e-09,5e-11,0.85,1.02e-10,1.86e-10,-0.00016,0.3839724354387525,22.0,1000000.0,0.005,True,1,57;11;13,40,0,0,
2259,2259,Data/800MHz/sim_002259_1N-HN.out,800.0,18.789289276185396,92.0,1244.4444444444443,0.05,4.214285714285714,5555.0,5e-09,5e-11,0.85,1.02e-10,1.86e-10,-0.00016,0.3839724354387525,22.0,1000000.0,0.005,True,1,55;3;75,40,0,0,
2260,2260,Data/800MHz/sim_002260_1N-HN.out,800.0,18.789289276185396,92.0,1244.4444444444443,0.05,4.571428571428571,5555.0,5e-09,5e-11,0.85,1.02e-10,1.86e-10,-0.00016,0.3839724354387525,22.0,1000000.0,0.005,True,1,21;25;67,40,0,0,
2261,2261,Data/800MHz/sim_002261_1N-HN.out,800.0,18.789289276185396,92.0,1244.4444444444443,0.05,4.928571428571429,5555.0,5e-09,5e-11,0.85,1.02e-10,1.86e-10,-0.00016,0.3839724354387525,22.0,1000000.0,0.005,True,1,65;15;71,40,0,0,
2262,2262,Data/800MHz/sim_002262_1N-HN.out,800.0,18.789289276185396,92.0,1244.4444444444443,0.05,5.285714285714286,5555.0,5e-09,5e-11,0.85,1.02e-10,1.86e-10,-0.00016,0.3839724354387525,22.0,1000000.0,0.005,True,1,39;19;27,40,0,0,
2263,2263,Data/800MHz/sim_002263_1N-HN.out,800.0,18.789289276185396,92.0,1244.4444444444443,0.05,5.642857142857143,5555.0,5e-09,5e-11,0.85,1.02e-10,1.86e-10,-0.00016,0.3839724354387525,22.0,1000000.0,0.005,True,1,75;25;55,40,0,0,
2264,2264,Data/800MHz/sim_002264_1N-HN.out,800.0,18.789289276185396,92.0,1244.4444444444443,0.05,6.0,5555.0,5e-09,5e-11,0.85,1.02e-10,1.86e-10,-0.00016,0.3839724354387525,22.0,1000000.0,0.005,True,1,9;59;53,40,0,0,
2265,2265,Data/800MHz/sim_002265_1N-HN.out,800.0,18.789289276185396,92.0,1244.4444444444443,0.052222222222222225,1.0,5555.0,5e-09,5e-11,0.85,1.02e-10,1.86e-10,-0.00016,0.3839724354387525,22.0,1000000.0,0.005,True,1,43;23;31,40,0,0,
2266,2266,Data/800MHz/sim_002266_1N-HN.out,800.0,18.789289276185396,92.0,1244.4444444444443,0.052222222222222225,1.3571428571428572,5555.0,5e-09,5e-11,0.85,1.02e-10,1.86e-10,-0.00016,0.3839724354387525,22.0,1000000.0,0.005,True,1,69;51;71,40,0,0,
2267,2267,Data/800MHz/sim_002267_1N-HN.out,800.0,18.789289276185396,92.0,1244.4444444444443,0.052222222222222225,1.7142857142857144,5555.0,5e-09,5e-11,0.85,1.02e-10,1.86e-10,-0.00016,0.3839724354387525,22.0,1000000.0,0.005,True,1,15;67;1,40,0,0,
2268,2268,Data/800MHz/sim_002268_1N-HN.out,800.0,18.789289276185396,92.0,1244.4444444444443,0.052222222222222225,2.071428571428571,5555.0,5e-09,5e-11,0.85,1.02e-10,1.86e-10,-0.00016,0.3839724354387525,22.0,1000000.0,0.005,True,1,57;43;21,40,0,0,
2269,2269,Data/800MHz/sim_002269_1N-HN.out,800.0,18.789289276185396,92.0,1244.4444444444443,0.052222222222222225,2.428571428571429,5555.0,5e-09,5e-11,0.85,1.02e-10,1.86e-10,-0.00016,0.3839724354387525,22.0,1000000.0,0.005,True,1,43;63;53,40,0,0,
2270,2270,Data/800MHz/sim_002270_1N-HN.out,800.0,18.789289276185396,92.0,1244.4444444444443,0.052222222222222225,2.7857142857142856,5555.0,5e-09,5e-11,0.85,1.02e-10,1.86e-10,-0.00016,0.3839724354387525,22.0,1000000.0,0.005,True,1,49;67;75,40,0,0,
2271,2271,Data/800MHz/sim_002271_1N-HN.out,800.0,18.789289276185396,92.0,1244.4444444444443,0.052222222222222225,3.142857142857143,5555.0,5e-09,5e-11,0.85,1.02e-10,1.86e-10,-0.00016,0.3839724354387525,22.0,1000000.0,0.005,True,1,63;75;23,40,0,0,
2272,2272,Data/800MHz/sim_002272_1N-HN.out,800.0,18.789289276185396,92.0,1244.4444444444443,0.052222222222222225,3.5,5555.0,5e-09,5e-11,0.85,1.02e-10,1.86e-10,-0.00016,0.3839724354387525,22.0,1000000.0,0.005,True,1,79;67;23,40,0,0,
2273,2273,Data/800MHz/sim_002273_1N-HN.out,800.0,18.789289276185396,92.0,1244.4444444444443,0.052222222222222225,3.857142857142857,5555.0,5e-09,5e-11,0.85,1.02e-10,1.86e-10,-0.00016,0.3839724354387525,22.0,1000000.0,0.005,True,1,73;79;37,40,0,0,
2274,2274,Data/800MHz/sim_002274_1N-HN.out,800.0,18.789289276185396,92.0,1244.4444444444443,0.052222222222222225,4.214285714285714,5555.0,5e-09,5e-11,0.85,1.02e-10,1.86e-10,-0.00016,0.3839724354387525,22.0,1000000.0,0.005,True,1,13;47;53,40,0,0,
2275,2275,Data/800MHz/sim_002275_1N-HN.out,800.0,18.789289276185396,92.0,1244.4444444444443,0.052222222222222225,4.571428571428571,5555.0,5e-09,5e-11,0.85,1.02e-10,1.86e-10,-0.00016,0.3839724354387525,22.0,1000000.0,0.005,True,1,1;5;51,40,0,0,
2276,2276,Data/800MHz/sim_002276_1N-HN.out,800.0,18.789289276185396,92.0,1244.4444444444443,0.052222222222222225,4.928571428571429,5555.0,5e-09,5e-11,0.85,1.02e-10,1.86e-10,-0.00016,0.3839724354387525,22.0,1000000.0,0.005,True,1,47;1;21,40,0,0,
2277,2277,Data/800MHz/sim_002277_1N-HN.out,800.0,18.789289276185396,92.0,1244.4444444444443,0.052222222222222225,5.285714285714286,5555.0,5e-09,5e-11,0.85,1.02e-10,1.86e-10,-0.00016,0.3839724354387525,22.0,1000000.0,0.005,True,1,1;33;43,40,0,0,
2278,2278,Data/800MHz/sim_002278_1N-HN.out,800.0,18.789289276185396,92.0,1244.4444444444443,0.052222222222222225,5.642857142857143,5555.0,5e-09,5e-11,0.85,1.02e-10,1.86e-10,-0.00016,0.3839724354387525,22.0,1000000.0,0.005,True,1,13;3;69,40,0,0,
2279,2279,Data/800MHz/sim_002279_1N-HN.out,800.0,18.789289276185396,92.0,1244.4444444444443,0.052222222222222225,6.0,5555.0,5e-09,5e-11,0.85,1.02e-10,1.86e-10,-0.00016,0.3839724354387525,22.0,1000000.0,0.005,True,1,29;11;57,40,0,0,
2280,2280,Data/800MHz/sim_002280_1N-HN.out,800.0,18.789289276185396,92.0,1244.4444444444443,0.05444444444444445,1.0,5555.0,5e-09,5e-11,0.85,1.02e-10,1.86e-10,-0.00016,0.3839724354387525,22.0,1000000.0,0.005,True,1,19;71;77,40,0,0,
2281,2281,Data/800MHz/sim_002281_1N-HN.out,800.0,18.789289276185396,92.0,1244.4444444444443,0.05444444444444445,1.3571428571428572,5555.0,5e-09,5e-11,0.85,1.02e-10,1.86e-10,-0.00016,0.3839724354387525,22.0,1000000.0,0.005,True,1,69;59;1,40,0,0,
2282,2282,Data/800MHz/sim_002282_1N-HN.out,800.0,18.789289276185396,92.0,1244.4444444444443,0.05444444444444445,1.7142857142857144,5555.0,5e-09,5e-11,0.85,1.02e-10,1.86e-10,-0.00016,0.3839724354387525,22.0,1000000.0,0.005,True,1,19;13;39,40,0,0,
2283,2283,Data/800MHz/sim_002283_1N-HN.out,800.0,18.789289276185396,92.0,1244.4444444444443,0.05444444444444445,2.071428571428571,5555.0,5e-09,5e-11,0.85,1.02e-10,1.86e-10,-0.00016,0.3839724354387525,22.0,1000000.0,0.005,True,1,7;29;51,40,0,0,
2284,2284,Data/800MHz/sim_002284_1N-HN.out,800.0,18.789289276185396,92.0,1244.4444444444443,0.05444444444444445,2.428571428571429,5555.0,5e-09,5e-11,0.85,1.02e-10,1.86e-10,-0.00016,0.3839724354387525,22.0,1000000.0,0.005,True,1,13;63;59,40,0,0,
2285,2285,Data/800MHz/sim_002285_1N-HN.out,800.0,18.789289276185396,92.0,1244.4444444444443,0.05444444444444445,2.7857142857142856,5555.0,5e-09,5e-11,0.85,1.02e-10,1.86e-10,-0.00016,0.3839724354387525,22.0,1000000.0,0.005,True,1,17;63;3,40,0,0,
2286,2286,Data/800MHz/sim_002286_1N-HN.out,800.0,18.789289276185396,92.0,1244.4444444444443,0.05444444444444445,3.142857142857143,5555.0,5e-09,5e-11,0.85,1.02e-10,1.86e-10,-0.00016,0.3839724354387525,22.0,1000000.0,0.005,True,1,7;49;47,40,0,0,
2287,2287,Data/800MHz/sim_002287_1N-HN.out,800.0,18.789289276185396,92.0,1244.4444444444443,0.05444444444444445,3.5,5555.0,5e-09,5e-11,0.85,1.02e-10,1.86e-10,-0.00016,0.3839724354387525,22.0,1000000.0,0.005,True,1,3;55;53,40,0,0,
2288,2288,Data/800MHz/sim_002288_1N-HN.out,800.0,18.789289276185396,92.0,1244.4444444444443,0.05444444444444445,3.857142857142857,5555.0,5e-09,5e-11,0.85,1.02e-10,1.86e-10,-0.00016,0.3839724354387525,22.0,1000000.0,0.005,True,1,27;37;65,40,0,0,
2289,2289,Data/800MHz/sim_002289_1N-HN.out,800.0,18.789289276185396,92.0,1244.4444444444443,0.05444444444444445,4.214285714285714,5555.0,5e-09,5e-11,0.85,1.02e-10,1.86e-10,-0.00016,0.3839724354387525,22.0,1000000.0,0.005,True,1,55;9;77,40,0,0,
2290,2290,Data/800MHz/sim_002290_1N-HN.out,800.0,18.789289276185396,92.0,1244.4444444444443,0.05444444444444445,4.571428571428571,5555.0,5e-09,5e-11,0.85,1.02e-10,1.86e-10,-0.00016,0.3839724354387525,22.0,1000000.0,0.005,True,1,9;3;7,40,0,0,
2291,2291,Data/800MHz/sim_002291_1N-HN.out,800.0,18.789289276185396,92.0,1244.4444444444443,0.05444444444444445,4.928571428571429,5555.0,5e-09,5e-11,0.85,1.02e-10,1.86e-10,-0.00016,0.3839724354387525,22.0,1000000.0,0.005,True,1,53;71;33,40,0,0,
2292,2292,Data/800MHz/sim_002292_1N-HN.out,800.0,18.789289276185396,92.0,1244.4444444444443,0.05444444444444445,5.285714285714286,5555.0,5e-09,5e-11,0.85,1.02e-10,1.86e-10,-0.00016,0.3839724354387525,22.0,1000000.0,0.005,True,1,15;53;25,40,0,0,
2293,2293,Data/800MHz/sim_002293_1N-HN.out,800.0,18.789289276185396,92.0,1244.4444444444443,0.05444444444444445,5.642857142857143,5555.0,5e-09,5e-11,0.85,1.02e-10,1.86e-10,-0.00016,0.3839724354387525,22.0,1000000.0,0.005,True,1,13;31;79,40,0,0,
2294,2294,Data/800MHz/sim_002294_1N-HN.out,800.0,18.789289276185396,92.0,1244.4444444444443,0.05444444444444445,6.0,5555.0,5e-09,5e-11,0.85,1.02e-10,1.86e-10,-0.00016,0.3839724354387525,22.0,1000000.0,0.005,True,1,35;9;5,40,0,0,
2295,2295,Data/800MHz/sim_002295_1N-HN.out,800.0,18.789289276185396,92.0,1244.4444444444443,0.05666666666666667,1.0,5555.0,5e-09,5e-11,0.85,1.02e-10,1.86e-10,-0.00016,0.3839724354387525,22.0,1000000.0,0.005,True,1,23;5;1,40,0,0,
2296,2296,Data/800MHz/sim_002296_1N-HN.out,800.0,18.789289276185396,92.0,1244.4444444444443,0.05666666666666667,1.3571428571428572,5555.0,5e-09,5e-11,0.85,1.02e-10,1.86e-10,-0.00016,0.3839724354387525,22.0,1000000.0,0.005,True,1,75;31;27,40,0,0,
2297,2297,Data/800MHz/sim_002297_1N-HN.out,800.0,18.789289276185396,92.0,1244.4444444444443,0.05666666666666667,1.7142857142857144,5555.0,5e-09,5e-11,0.85,1.02e-10,1.86e-10,-0.00016,0.3839724354387525,22.0,1000000.0,0.005,True,1,41;55;33,40,0,0,
2298,2298,Data/800MHz/sim_002298_1N-HN.out,800.0,18.789289276185396,92.0,1244.4444444444443,0.05666666666666667,2.071428571428571,5555.0,5e-09,5e-11,0.85,1.02e-10,1.86e-10,-0.00016,0.3839724354387525,22.0,1000000.0,0.005,True,1,79;29;49,40,0,0,
2299,2299,Data/800MHz/sim_002299_1N-HN.out,800.0,18.789289276185396,92.0,1244.4444444444443,0.05666666666666667,2.428571428571429,5555.0,5e-09,5e-11,0.85,1.02e-10,1.86e-10,-0.00016,0.3839724354387525,22.0,1000000.0,0.005,True,1,69;33;77,40,0,0,
2300,2300,Data/800MHz/sim_002300_1N-HN.out,800.0,18.789289276185396,92.0,1244.4444444444443,0.05666666666666667,2.7857142857142856,5555.0,5e-09,5e-11,0.85,1.02e-10,1.86e-10,-0.00016,0.3839724354387525,22.0,1000000.0,0.005,True,1,79;43;59,40,0,0,
2301,2301,Data/800MHz/sim_002301_1N-HN.out,800.0,18.789289276185396,92.0,1244.4444444444443,0.05666666666666667,3.142857142857143,5555.0,5e-09,5e-11,0.85,1.02e-10,1.86e-10,-0.00016,0.3839724354387525,22.0,1000000.0,0.005,True,1,39;21;11,40,0,0,
2302,2302,Data/800MHz/sim_002302_1N-HN.out,800.0,18.789289276185396,92.0,1244.4444444444443,0.05666666666666667,3.5,5555.0,5e-09,5e-11,0.85,1.02e-10,1.86e-10,-0.00016,0.3839724354387525,22.0,1000000.0,0.005,True,1,5;41;7,40,0,0,
2303,2303,Data/800MHz/sim_002303_1N-HN.out,800.0,18.789289276185396,92.0,1244.4444444444443,0.05666666666666667,3.857142857142857,5555.0,5e-09,5e-11,0.85,1.02e-10,1.86e-10,-0.00016,0.3839724354387525,22.0,1000000.0,0.005,True,1,55;43;9,40,0,0,
2304,2304,Data/800MHz/sim_002304_1N-HN.out,800.0,18.789289276185396,92.0,1244.4444444444443,0.05666666666666667,4.214285714285714,5555.0,5e-09,5e-11,0.85,1.02e-10,1.86e-10,-0.00016,0.3839724354387525,22.0,1000000.0,0.005,True,1,69;63;19,40,0,0,
2305,2305,Data/800MHz/sim_002305_1N-HN.out,800.0,18.789289276185396,92.0,1244.4444444444443,0.05666666666666667,4.571428571428571,5555.0,5e-09,5e-11,0.85,1.02e-10,1.86e-10,-0.00016,0.3839724354387525,22.0,1000000.0,0.005,True,1,55;33;79,40,0,0,
2306,2306,Data/800MHz/sim_002306_1N-HN.out,800.0,18.789289276185396,92.0,1244.4444444444443,0.05666666666666667,4.928571428571429,5555.0,5e-09,5e-11,0.85,1.02e-10,1.86e-10,-0.00016,0.3839724354387525,22.0,1000000.0,0.005,True,1,45;69;63,40,0,0,
2307,2307,Data/800MHz/sim_002307_1N-HN.out,800.0,18.789289276185396,92.0,1244.4444444444443,0.05666666666666667,5.285714285714286,5555.0,5e-09,5e-11,0.85,1.02e-10,1.86e-10,-0.00016,0.3839724354387525,22.0,1000000.0,0.005,True,1,67;45;55,40,0,0,
2308,2308,Data/800MHz/sim_002308_1N-HN.out,800.0,18.789289276185396,92.0,1244.4444444444443,0.05666666666666667,5.642857142857143,5555.0,5e-09,5e-11,0.85,1.02e-10,1.86e-10,-0.00016,0.3839724354387525,22.0,1000000.0,0.005,True,1,31;39;71,40,0,0,
2309,2309,Data/800MHz/sim_002309_1N-HN.out,800.0,18.789289276185396,92.0,1244.4444444444443,0.05666666666666667,6.0,5555.0,5e-09,5e-11,0.85,1.02e-10,1.86e-10,-0.00016,0.3839724354387525,22.0,1000000.0,0.005,True,1,79;43;47,40,0,0,
2310,2310,Data/800MHz/sim_002310_1N-HN.out,800.0,18.789289276185396,92.0,1244.4444444444443,0.05888888888888889,1.0,5555.0,5e-09,5e-11,0.85,1.02e-10,1.86e-10,-0.00016,0.3839724354387525,22.0,1000000.0,0.005,True,1,5;47;17,40,0,0,
2311,2311,Data/800MHz/sim_002311_1N-HN.out,800.0,18.789289276185396,92.0,1244.4444444444443,0.05888888888888889,1.3571428571428572,5555.0,5e-09,5e-11,0.85,1.02e-10,1.86e-10,-0.00016,0.3839724354387525,22.0,1000000.0,0.005,True,1,65;27;57,40,0,0,
2312,2312,Data/800MHz/sim_002312_1N-HN.out,800.0,18.789289276185396,92.0,1244.4444444444443,0.05888888888888889,1.7142857142857144,5555.0,5e-09,5e-11,0.85,1.02e-10,1.86e-10,-0.00016,0.3839724354387525,22.0,1000000.0,0.005,True,1,69;35;1,40,0,0,
2313,2313,Data/800MHz/sim_002313_1N-HN.out,800.0,18.789289276185396,92.0,1244.4444444444443,0.05888888888888889,2.071428571428571,5555.0,5e-09,5e-11,0.85,1.02e-10,1.86e-10,-0.00016,0.3839724354387525,22.0,1000000.0,0.005,True,1,55;41;31,40,0,0,
2314,2314,Data/800MHz/sim_002314_1N-HN.out,800.0,18.789289276185396,92.0,1244.4444444444443,0.05888888888888889,2.428571428571429,5555.0,5e-09,5e-11,0.85,1.02e-10,1.86e-10,-0.00016,0.3839724354387525,22.0,1000000.0,0.005,True,1,69;63;13,40,0,0,
2315,2315,Data/800MHz/sim_002315_1N-HN.out,800.0,18.789289276185396,92.0,1244.4444444444443,0.05888888888888889,2.7857142857142856,5555.0,5e-09,5e-11,0.85,1.02e-10,1.86e-10,-0.00016,0.3839724354387525,22.0,1000000.0,0.005,True,1,45;59;77,40,0,0,
2316,2316,Data/800MHz/sim_002316_1N-HN.out,800.0,18.789289276185396,92.0,1244.4444444444443,0.05888888888888889,3.142857142857143,5555.0,5e-09,5e-11,0.85,1.02e-10,1.86e-10,-0.00016,0.3839724354387525,22.0,1000000.0,0.005,True,1,1;79;15,40,0,0,
2317,2317,Data/800MHz/sim_002317_1N-HN.out,800.0,18.789289276185396,92.0,1244.4444444444443,0.05888888888888889,3.5,5555.0,5e-09,5e-11,0.85,1.02e-10,1.86e-10,-0.00016,0.3839724354387525,22.0,1000000.0,0.005,True,1,73;11;47,40,0,0,
2318,2318,Data/800MHz/sim_002318_1N-HN.out,800.0,18.789289276185396,92.0,1244.4444444444443,0.05888888888888889,3.857142857142857,5555.0,5e-09,5e-11,0.85,1.02e-10,1.86e-10,-0.00016,0.3839724354387525,22.0,1000000.0,0.005,True,1,43;45;23,40,0,0,
2319,2319,Data/800MHz/sim_002319_1N-HN.out,800.0,18.789289276185396,92.0,1244.4444444444443,0.05888888888888889,4.214285714285714,5555.0,5e-09,5e-11,0.85,1.02e-10,1.86e-10,-0.00016,0.3839724354387525,22.0,1000000.0,0.005,True,1,57;31;1,40,0,0,
2320,2320,Data/800MHz/sim_002320_1N-HN.out,800.0,18.789289276185396,92.0,1244.4444444444443,0.05888888888888889,4.571428571428571,5555.0,5e-09,5e-11,0.85,1.02e-10,1.86e-10,-0.00016,0.3839724354387525,22.0,1000000.0,0.005,True,1,37;55;41,40,0,0,
2321,2321,Data/800MHz/sim_002321_1N-HN.out,800.0,18.789289276185396,92.0,1244.4444444444443,0.05888888888888889,4.928571428571429,5555.0,5e-09,5e-11,0.85,1.02e-10,1.86e-10,-0.00016,0.3839724354387525,22.0,1000000.0,0.005,True,1,65;33;1,40,0,0,
2322,2322,Data/800MHz/sim_002322_1N-HN.out,800.0,18.789289276185396,92.0,1244.4444444444443,0.05888888888888889,5.285714285714286,5555.0,5e-09,5e-11,0.85,1.02e-10,1.86e-10,-0.00016,0.3839724354387525,22.0,1000000.0,0.005,True,1,43;75;5,40,0,0,
2323,2323,Data/800MHz/sim_002323_1N-HN.out,800.0,18.789289276185396,92.0,1244.4444444444443,0.05888888888888889,5.642857142857143,5555.0,5e-09,5e-11,0.85,1.02e-10,1.86e-10,-0.00016,0.3839724354387525,22.0,1000000.0,0.005,True,1,57;25;35,40,0,0,
2324,2324,Data/800MHz/sim_002324_1N-HN.out,800.0,18.789289276185396,92.0,1244.4444444444443,0.05888888888888889,6.0,5555.0,5e-09,5e-11,0.85,1.02e-10,1.86e-10,-0.00016,0.3839724354387525,22.0,1000000.0,0.005,True,1,33;35;71,40,0,0,
2325,2325,Data/800MHz/sim_002325_1N-HN.out,800.0,18.789289276185396,92.0,1244.4444444444443,0.061111111111111116,1.0,5555.0,5e-09,5e-11,0.85,1.02e-10,1.86e-10,-0.00016,0.3839724354387525,22.0,1000000.0,0.005,True,1,65;7;61,40,0,0,
2326,2326,Data/800MHz/sim_002326_1N-HN.out,800.0,18.789289276185396,92.0,1244.4444444444443,0.061111111111111116,1.3571428571428572,5555.0,5e-09,5e-11,0.85,1.02e-10,1.86e-10,-0.00016,0.3839724354387525,22.0,1000000.0,0.005,True,1,11;75;41,40,0,0,
2327,2327,Data/800MHz/sim_002327_1N-HN.out,800.0,18.789289276185396,92.0,1244.4444444444443,0.061111111111111116,1.7142857142857144,5555.0,5e-09,5e-11,0.85,1.02e-10,1.86e-10,-0.00016,0.3839724354387525,22.0,1000000.0,0.005,True,1,29;3;53,40,0,0,
2328,2328,Data/800MHz/sim_002328_1N-HN.out,800.0,18.789289276185396,92.0,1244.4444444444443,0.061111111111111116,2.071428571428571,5555.0,5e-09,5e-11,0.85,1.02e-10,1.86e-10,-0.00016,0.3839724354387525,22.0,1000000.0,0.005,True,1,7;31;27,40,0,0,
2329,2329,Data/800MHz/sim_002329_1N-HN.out,800.0,18.789289276185396,92.0,1244.4444444444443,0.061111111111111116,2.428571428571429,5555.0,5e-09,5e-11,0.85,1.02e-10,1.86e-10,-0.00016,0.3839724354387525,22.0,1000000.0,0.005,True,1,7;13;65,40,0,0,
2330,2330,Data/800MHz/sim_002330_1N-HN.out,800.0,18.789289276185396,92.0,1244.4444444444443,0.061111111111111116,2.7857142857142856,5555.0,5e-09,5e-11,0.85,1.02e-10,1.86e-10,-0.00016,0.3839724354387525,22.0,1000000.0,0.005,True,1,73;63;71,40,0,0,
2331,2331,Data/800MHz/sim_002331_1N-HN.out,800.0,18.789289276185396,92.0,1244.4444444444443,0.061111111111111116,3.142857142857143,5555.0,5e-09,5e-11,0.85,1.02e-10,1.86e-10,-0.00016,0.3839724354387525,22.0,1000000.0,0.005,True,1,11;33;75,40,0,0,
2332,2332,Data/800MHz/sim_002332_1N-HN.out,800.0,18.789289276185396,92.0,1244.4444444444443,0.061111111111111116,3.5,5555.0,5e-09,5e-11,0.85,1.02e-10,1.86e-10,-0.00016,0.3839724354387525,22.0,1000000.0,0.005,True,1,3;25;79,40,0,0,
2333,2333,Data/800MHz/sim_002333_1N-HN.out,800.0,18.789289276185396,92.0,1244.4444444444443,0.061111111111111116,3.857142857142857,5555.0,5e-09,5e-11,0.85,1.02e-10,1.86e-10,-0.00016,0.3839724354387525,22.0,1000000.0,0.005,True,1,61;11;53,40,0,0,
2334,2334,Data/800MHz/sim_002334_1N-HN.out,800.0,18.789289276185396,92.0,1244.4444444444443,0.061111111111111116,4.214285714285714,5555.0,5e-09,5e-11,0.85,1.02e-10,1.86e-10,-0.00016,0.3839724354387525,22.0,1000000.0,0.005,True,1,3;13;57,40,0,0,
2335,2335,Data/800MHz/sim_002335_1N-HN.out,800.0,18.789289276185396,92.0,1244.4444444444443,0.061111111111111116,4.571428571428571,5555.0,5e-09,5e-11,0.85,1.02e-10,1.86e-10,-0.00016,0.3839724354387525,22.0,1000000.0,0.005,True,1,77;17;39,40,0,0,
2336,2336,Data/800MHz/sim_002336_1N-HN.out,800.0,18.789289276185396,92.0,1244.4444444444443,0.061111111111111116,4.928571428571429,5555.0,5e-09,5e-11,0.85,1.02e-10,1.86e-10,-0.00016,0.3839724354387525,22.0,1000000.0,0.005,True,1,49;27;71,40,0,0,
2337,2337,Data/800MHz/sim_002337_1N-HN.out,800.0,18.789289276185396,92.0,1244.4444444444443,0.061111111111111116,5.285714285714286,5555.0,5e-09,5e-11,0.85,1.02e-10,1.86e-10,-0.00016,0.3839724354387525,22.0,1000000.0,0.005,True,1,61;25;23,40,0,0,
2338,2338,Data/800MHz/sim_002338_1N-HN.out,800.0,18.789289276185396,92.0,1244.4444444444443,0.061111111111111116,5.642857142857143,5555.0,5e-09,5e-11,0.85,1.02e-10,1.86e-10,-0.00016,0.3839724354387525,22.0,1000000.0,0.005,True,1,75;63;33,40,0,0,
2339,2339,Data/800MHz/sim_002339_1N-HN.out,800.0,18.789289276185396,92.0,1244.4444444444443,0.061111111111111116,6.0,5555.0,5e-09,5e-11,0.85,1.02e-10,1.86e-10,-0.00016,0.3839724354387525,22.0,1000000.0,0.005,True,1,67;33;5,40,0,0,
2340,2340,Data/800MHz/sim_002340_1N-HN.out,800.0,18.789289276185396,92.0,1244.4444444444443,0.06333333333333334,1.0,5555.0,5e-09,5e-11,0.85,1.02e-10,1.86e-10,-0.00016,0.3839724354387525,22.0,1000000.0,0.005,True,1,73;1;23,40,0,0,
2341,2341,Data/800MHz/sim_002341_1N-HN.out,800.0,18.789289276185396,92.0,1244.4444444444443,0.06333333333333334,1.3571428571428572,5555.0,5e-09,5e-11,0.85,1.02e-10,1.86e-10,-0.00016,0.3839724354387525,22.0,1000000.0,0.005,True,1,33;49;63,40,0,0,
2342,2342,Data/800MHz/sim_002342_1N-HN.out,800.0,18.789289276185396,92.0,1244.4444444444443,0.06333333333333334,1.7142857142857144,5555.0,5e-09,5e-11,0.85,1.02e-10,1.86e-10,-0.00016,0.3839724354387525,22.0,1000000.0,0.005,True,1,65;63;67,40,0,0,
2343,2343,Data/800MHz/sim_002343_1N-HN.out,800.0,18.789289276185396,92.0,1244.4444444444443,0.06333333333333334,2.071428571428571,5555.0,5e-09,5e-11,0.85,1.02e-10,1.86e-10,-0.00016,0.3839724354387525,22.0,1000000.0,0.005,True,1,43;63;17,40,0,0,
2344,2344,Data/800MHz/sim_002344_1N-HN.out,800.0,18.789289276185396,92.0,1244.4444444444443,0.06333333333333334,2.428571428571429,5555.0,5e-09,5e-11,0.85,1.02e-10,1.86e-10,-0.00016,0.3839724354387525,22.0,1000000.0,0.005,True,1,73;19;49,40,0,0,
2345,2345,Data/800MHz/sim_002345_1N-HN.out,800.0,18.789289276185396,92.0,1244.4444444444443,0.06333333333333334,2.7857142857142856,5555.0,5e-09,5e-11,0.85,1.02e-10,1.86e-10,-0.00016,0.3839724354387525,22.0,1000000.0,0.005,True,1,37;71;43,40,0,0,
2346,2346,Data/800MHz/sim_002346_1N-HN.out,800.0,18.789289276185396,92.0,1244.4444444444443,0.06333333333333334,3.142857142857143,5555.0,5e-09,5e-11,0.85,1.02e-10,1.86e-10,-0.00016,0.3839724354387525,22.0,1000000.0,0.005,True,1,33;49;53,40,0,0,
2347,2347,Data/800MHz/sim_002347_1N-HN.out,800.0,18.789289276185396,92.0,1244.4444444444443,0.06333333333333334,3.5,5555.0,5e-09,5e-11,0.85,1.02e-10,1.86e-10,-0.00016,0.3839724354387525,22.0,1000000.0,0.005,True,1,43;63;49,40,0,0,
2348,2348,Data/800MHz/sim_002348_1N-HN.out,800.0,18.789289276185396,92.0,1244.4444444444443,0.06333333333333334,3.857142857142857,5555.0,5e-09,5e-11,0.85,1.02e-10,1.86e-10,-0.00016,0.3839724354387525,22.0,1000000.0,0.005,True,1,71;73;49,40,0,0,
2349,2349,Data/800MHz/sim_002349_1N-HN.out,800.0,18.789289276185396,92.0,1244.4444444444443,0.06333333333333334,4.214285714285714,5555.0,5e-09,5e-11,0.85,1.02e-10,1.86e-10,-0.00016,0.3839724354387525,22.0,1000000.0,0.005,True,1,13;1;75,40,0,0,
2350,2350,Data/800MHz/sim_002350_1N-HN.out,800.0,18.789289276185396,92.0,1244.4444444444443,0.06333333333333334,4.571428571428571,5555.0,5e-09,5e-11,0.85,1.02e-10,1.86e-10,-0.00016,0.3839724354387525,22.0,1000000.0,0.005,True,1,7;73;19,40,0,0,
2351,2351,Data/800MHz/sim_002351_1N-HN.out,800.0,18.789289276185396,92.0,1244.4444444444443,0.06333333333333334,4.928571428571429,5555.0,5e-09,5e-11,0.85,1.02e-10,1.86e-10,-0.00016,0.3839724354387525,22.0,1000000.0,0.005,True,1,3;35;27,40,0,0,
2352,2352,Data/800MHz/sim_002352_1N-HN.out,800.0,18.789289276185396,92.0,1244.4444444444443,0.06333333333333334,5.285714285714286,5555.0,5e-09,5e-11,0.85,1.02e-10,1.86e-10,-0.00016,0.3839724354387525,22.0,1000000.0,0.005,True,1,61;29;5,40,0,0,
2353,2353,Data/800MHz/sim_002353_1N-HN.out,800.0,18.789289276185396,92.0,1244.4444444444443,0.06333333333333334,5.642857142857143,5555.0,5e-09,5e-11,0.85,1.02e-10,1.86e-10,-0.00016,0.3839724354387525,22.0,1000000.0,0.005,True,1,53;63;35,40,0,0,
2354,2354,Data/800MHz/sim_002354_1N-HN.out,800.0,18.789289276185396,92.0,1244.4444444444443,0.06333333333333334,6.0,5555.0,5e-09,5e-11,0.85,1.02e-10,1.86e-10,-0.00016,0.3839724354387525,22.0,1000000.0,0.005,True,1,69;35;47,40,0,0,
2355,2355,Data/800MHz/sim_002355_1N-HN.out,800.0,18.789289276185396,92.0,1244.4444444444443,0.06555555555555556,1.0,5555.0,5e-09,5e-11,0.85,1.02e-10,1.86e-10,-0.00016,0.3839724354387525,22.0,1000000.0,0.005,True,1,61;9;31,40,0,0,
2356,2356,Data/800MHz/sim_002356_1N-HN.out,800.0,18.789289276185396,92.0,1244.4444444444443,0.06555555555555556,1.3571428571428572,5555.0,5e-09,5e-11,0.85,1.02e-10,1.86e-10,-0.00016,0.3839724354387525,22.0,1000000.0,0.005,True,1,77;15;33,40,0,0,
2357,2357,Data/800MHz/sim_002357_1N-HN.out,800.0,18.789289276185396,92.0,1244.4444444444443,0.06555555555555556,1.7142857142857144,5555.0,5e-09,5e-11,0.85,1.02e-10,1.86e-10,-0.00016,0.3839724354387525,22.0,1000000.0,0.005,True,1,49;51;45,40,0,0,
2358,2358,Data/800MHz/sim_002358_1N-HN.out,800.0,18.789289276185396,92.0,1244.4444444444443,0.06555555555555556,2.071428571428571,5555.0,5e-09,5e-11,0.85,1.02e-10,1.86e-10,-0.00016,0.3839724354387525,22.0,1000000.0,0.005,True,1,3;37;11,40,0,0,
2359,2359,Data/800MHz/sim_002359_1N-HN.out,800.0,18.789289276185396,92.0,1244.4444444444443,0.06555555555555556,2.428571428571429,5555.0,5e-09,5e-11,0.85,1.02e-10,1.86e-10,-0.00016,0.3839724354387525,22.0,1000000.0,0.005,True,1,27;47;49,40,0,0,
2360,2360,Data/800MHz/sim_002360_1N-HN.out,800.0,18.789289276185396,92.0,1244.4444444444443,0.06555555555555556,2.7857142857142856,5555.0,5e-09,5e-11,0.85,1.02e-10,1.86e-10,-0.00016,0.3839724354387525,22.0,1000000.0,0.005,True,1,9;65;63,40,0,0,
2361,2361,Data/800MHz/sim_002361_1N-HN.out,800.0,18.789289276185396,92.0,1244.4444444444443,0.06555555555555556,3.142857142857143,5555.0,5e-09,5e-11,0.85,1.02e-10,1.86e-10,-0.00016,0.3839724354387525,22.0,1000000.0,0.005,True,1,29;51;43,40,0,0,
2362,2362,Data/800MHz/sim_002362_1N-HN.out,800.0,18.789289276185396,92.0,1244.4444444444443,0.06555555555555556,3.5,5555.0,5e-09,5e-11,0.85,1.02e-10,1.86e-10,-0.00016,0.3839724354387525,22.0,1000000.0,0.005,True,1,3;49;59,40,0,0,
2363,2363,Data/800MHz/sim_002363_1N-HN.out,800.0,18.789289276185396,92.0,1244.4444444444443,0.06555555555555556,3.857142857142857,5555.0,5e-09,5e-11,0.85,1.02e-10,1.86e-10,-0.00016,0.3839724354387525,22.0,1000000.0,0.005,True,1,55;61;9,40,0,0,
2364,2364,Data/800MHz/sim_002364_1N-HN.out,800.0,18.789289276185396,92.0,1244.4444444444443,0.06555555555555556,4.214285714285714,5555.0,5e-09,5e-11,0.85,1.02e-10,1.86e-10,-0.00016,0.3839724354387525,22.0,1000000.0,0.005,True,1,77;63;53,40,0,0,
2365,2365,Data/800MHz/sim_002365_1N-HN.out,800.0,18.789289276185396,92.0,1244.4444444444443,0.06555555555555556,4.571428571428571,5555.0,5e-09,5e-11,0.85,1.02e-10,1.86e-10,-0.00016,0.3839724354387525,22.0,1000000.0,0.005,True,1,61;51;23,40,0,0,
2366,2366,Data/800MHz/sim_002366_1N-HN.out,800.0,18.789289276185396,92.0,1244.4444444444443,0.06555555555555556,4.928571428571429,5555.0,5e-09,5e-11,0.85,1.02e-10,1.86e-10,-0.00016,0.3839724354387525,22.0,1000000.0,0.005,True,1,61;75;5,40,0,0,
2367,2367,Data/800MHz/sim_002367_1N-HN.out,800.0,18.789289276185396,92.0,1244.4444444444443,0.06555555555555556,5.285714285714286,5555.0,5e-09,5e-11,0.85,1.02e-10,1.86e-10,-0.00016,0.3839724354387525,22.0,1000000.0,0.005,True,1,73;45;75,40,0,0,
2368,2368,Data/800MHz/sim_002368_1N-HN.out,800.0,18.789289276185396,92.0,1244.4444444444443,0.06555555555555556,5.642857142857143,5555.0,5e-09,5e-11,0.85,1.02e-10,1.86e-10,-0.00016,0.3839724354387525,22.0,1000000.0,0.005,True,1,59;61;49,40,0,0,
2369,2369,Data/800MHz/sim_002369_1N-HN.out,800.0,18.789289276185396,92.0,1244.4444444444443,0.06555555555555556,6.0,5555.0,5e-09,5e-11,0.85,1.02e-10,1.86e-10,-0.00016,0.3839724354387525,22.0,1000000.0,0.005,True,1,31;39;59,40,0,0,
2370,2370,Data/800MHz/sim_002370_1N-HN.out,800.0,18.789289276185396,92.0,1244.4444444444443,0.06777777777777778,1.0,5555.0,5e-09,5e-11,0.85,1.02e-10,1.86e-10,-0.00016,0.3839724354387525,22.0,1000000.0,0.005,True,1,31;75;63,40,0,0,
2371,2371,Data/800MHz/sim_002371_1N-HN.out,800.0,18.789289276185396,92.0,1244.4444444444443,0.06777777777777778,1.3571428571428572,5555.0,5e-09,5e-11,0.85,1.02e-10,1.86e-10,-0.00016,0.3839724354387525,22.0,1000000.0,0.005,True,1,61;25;5,40,0,0,
2372,2372,Data/800MHz/sim_002372_1N-HN.out,800.0,18.789289276185396,92.0,1244.4444444444443,0.06777777777777778,1.7142857142857144,5555.0,5e-09,5e-11,0.85,1.02e-10,1.86e-10,-0.00016,0.3839724354387525,22.0,1000000.0,0.005,True,1,77;21;61,40,0,0,
2373,2373,Data/800MHz/sim_002373_1N-HN.out,800.0,18.789289276185396,92.0,1244.4444444444443,0.06777777777777778,2.071428571428571,5555.0,5e-09,5e-11,0.85,1.02e-10,1.86e-10,-0.00016,0.3839724354387525,22.0,1000000.0,0.005,True,1,39;73;51,40,0,0,
2374,2374,Data/800MHz/sim_002374_1N-HN.out,800.0,18.789289276185396,92.0,1244.4444444444443,0.06777777777777778,2.428571428571429,5555.0,5e-09,5e-11,0.85,1.02e-10,1.86e-10,-0.00016,0.3839724354387525,22.0,1000000.0,0.005,True,1,61;17;49,40,0,0,
2375,2375,Data/800MHz/sim_002375_1N-HN.out,800.0,18.789289276185396,92.0,1244.4444444444443,0.06777777777777778,2.7857142857142856,5555.0,5e-09,5e-11,0.85,1.02e-10,1.86e-10,-0.00016,0.3839724354387525,22.0,1000000.0,0.005,True,1,17;9;51,40,0,0,
2376,2376,Data/800MHz/sim_002376_1N-HN.out,800.0,18.789289276185396,92.0,1244.4444444444443,0.06777777777777778,3.142857142857143,5555.0,5e-09,5e-11,0.85,1.02e-10,1.86e-10,-0.00016,0.3839724354387525,22.0,1000000.0,0.005,True,1,11;9;47,40,0,0,
2377,2377,Data/800MHz/sim_002377_1N-HN.out,800.0,18.789289276185396,92.0,1244.4444444444443,0.06777777777777778,3.5,5555.0,5e-09,5e-11,0.85,1.02e-10,1.86e-10,-0.00016,0.3839724354387525,22.0,1000000.0,0.005,True,1,27;75;53,40,0,0,
2378,2378,Data/800MHz/sim_002378_1N-HN.out,800.0,18.789289276185396,92.0,1244.4444444444443,0.06777777777777778,3.857142857142857,5555.0,5e-09,5e-11,0.85,1.02e-10,1.86e-10,-0.00016,0.3839724354387525,22.0,1000000.0,0.005,True,1,61;43;35,40,0,0,
2379,2379,Data/800MHz/sim_002379_1N-HN.out,800.0,18.789289276185396,92.0,1244.4444444444443,0.06777777777777778,4.214285714285714,5555.0,5e-09,5e-11,0.85,1.02e-10,1.86e-10,-0.00016,0.3839724354387525,22.0,1000000.0,0.005,True,1,49;21;1,40,0,0,
2380,2380,Data/800MHz/sim_002380_1N-HN.out,800.0,18.789289276185396,92.0,1244.4444444444443,0.06777777777777778,4.571428571428571,5555.0,5e-09,5e-11,0.85,1.02e-10,1.86e-10,-0.00016,0.3839724354387525,22.0,1000000.0,0.005,True,1,55;13;33,40,0,0,
2381,2381,Data/800MHz/sim_002381_1N-HN.out,800.0,18.789289276185396,92.0,1244.4444444444443,0.06777777777777778,4.928571428571429,5555.0,5e-09,5e-11,0.85,1.02e-10,1.86e-10,-0.00016,0.3839724354387525,22.0,1000000.0,0.005,True,1,9;17;55,40,0,0,
2382,2382,Data/800MHz/sim_002382_1N-HN.out,800.0,18.789289276185396,92.0,1244.4444444444443,0.06777777777777778,5.285714285714286,5555.0,5e-09,5e-11,0.85,1.02e-10,1.86e-10,-0.00016,0.3839724354387525,22.0,1000000.0,0.005,True,1,23;61;9,40,0,0,
2383,2383,Data/800MHz/sim_002383_1N-HN.out,800.0,18.789289276185396,92.0,1244.4444444444443,0.06777777777777778,5.642857142857143,5555.0,5e-09,5e-11,0.85,1.02e-10,1.86e-10,-0.00016,0.3839724354387525,22.0,1000000.0,0.005,True,1,17;35;57,40,0,0,
2384,2384,Data/800MHz/sim_002384_1N-HN.out,800.0,18.789289276185396,92.0,1244.4444444444443,0.06777777777777778,6.0,5555.0,5e-09,5e-11,0.85,1.02e-10,1.86e-10,-0.00016,0.3839724354387525,22.0,1000000.0,0.005,True,1,5;65;31,40,0,0,
2385,2385,Data/800MHz/sim_002385_1N-HN.out,800.0,18.789289276185396,92.0,1244.4444444444443,0.07,1.0,5555.0,5e-09,5e-11,0.85,1.02e-10,1.86e-10,-0.00016,0.3839724354387525,22.0,1000000.0,0.005,True,1,45;47;49,40,0,0,
2386,2386,Data/800MHz/sim_002386_1N-HN.out,800.0,18.789289276185396,92.0,1244.4444444444443,0.07,1.3571428571428572,5555.0,5e-09,5e-11,0.85,1.02e-10,1.86e-10,-0.00016,0.3839724354387525,22.0,1000000.0,0.005,True,1,31;9;63,40,0,0,
2387,2387,Data/800MHz/sim_002387_1N-HN.out,800.0,18.789289276185396,92.0,1244.4444444444443,0.07,1.7142857142857144,5555.0,5e-09,5e-11,0.85,1.02e-10,1.86e-10,-0.00016,0.3839724354387525,22.0,1000000.0,0.005,True,1,29;31;67,40,0,0,
2388,2388,Data/800MHz/sim_002388_1N-HN.out,800.0,18.789289276185396,92.0,1244.4444444444443,0.07,2.071428571428571,5555.0,5e-09,5e-11,0.85,1.02e-10,1.86e-10,-0.00016,0.3839724354387525,22.0,1000000.0,0.005,True,1,31;59;35,40,0,0,
2389,2389,Data/800MHz/sim_002389_1N-HN.out,800.0,18.789289276185396,92.0,1244.4444444444443,0.07,2.428571428571429,5555.0,5e-09,5e-11,0.85,1.02e-10,1.86e-10,-0.00016,0.3839724354387525,22.0,1000000.0,0.005,True,1,55;45;21,40,0,0,
2390,2390,Data/800MHz/sim_002390_1N-HN.out,800.0,18.789289276185396,92.0,1244.4444444444443,0.07,2.7857142857142856,5555.0,5e-09,5e-11,0.85,1.02e-10,1.86e-10,-0.00016,0.3839724354387525,22.0,1000000.0,0.005,True,1,57;77;33,40,0,0,
2391,2391,Data/800MHz/sim_002391_1N-HN.out,800.0,18.789289276185396,92.0,1244.4444444444443,0.07,3.142857142857143,5555.0,5e-09,5e-11,0.85,1.02e-10,1.86e-10,-0.00016,0.3839724354387525,22.0,1000000.0,0.005,True,1,33;73;69,40,0,0,
2392,2392,Data/800MHz/sim_002392_1N-HN.out,800.0,18.789289276185396,92.0,1244.4444444444443,0.07,3.5,5555.0,5e-09,5e-11,0.85,1.02e-10,1.86e-10,-0.00016,0.3839724354387525,22.0,1000000.0,0.005,True,1,1;39;17,40,0,0,
2393,2393,Data/800MHz/sim_002393_1N-HN.out,800.0,18.789289276185396,92.0,1244.4444444444443,0.07,3.857142857142857,5555.0,5e-09,5e-11,0.85,1.02e-10,1.86e-10,-0.00016,0.3839724354387525,22.0,1000000.0,0.005,True,1,25;19;1,40,0,0,
2394,2394,Data/800MHz/sim_002394_1N-HN.out,800.0,18.789289276185396,92.0,1244.4444444444443,0.07,4.214285714285714,5555.0,5e-09,5e-11,0.85,1.02e-10,1.86e-10,-0.00016,0.3839724354387525,22.0,1000000.0,0.005,True,1,19;23;55,40,0,0,
2395,2395,Data/800MHz/sim_002395_1N-HN.out,800.0,18.789289276185396,92.0,1244.4444444444443,0.07,4.571428571428571,5555.0,5e-09,5e-11,0.85,1.02e-10,1.86e-10,-0.00016,0.3839724354387525,22.0,1000000.0,0.005,True,1,17;11;37,40,0,0,
2396,2396,Data/800MHz/sim_002396_1N-HN.out,800.0,18.789289276185396,92.0,1244.4444444444443,0.07,4.928571428571429,5555.0,5e-09,5e-11,0.85,1.02e-10,1.86e-10,-0.00016,0.3839724354387525,22.0,1000000.0,0.005,True,1,75;23;55,40,0,0,
2397,2397,Data/800MHz/sim_002397_1N-HN.out,800.0,18.789289276185396,92.0,1244.4444444444443,0.07,5.285714285714286,5555.0,5e-09,5e-11,0.85,1.02e-10,1.86e-10,-0.00016,0.3839724354387525,22.0,1000000.0,0.005,True,1,59;57;3,40,0,0,
2398,2398,Data/800MHz/sim_002398_1N-HN.out,800.0,18.789289276185396,92.0,1244.4444444444443,0.07,5.642857142857143,5555.0,5e-09,5e-11,0.85,1.02e-10,1.86e-10,-0.00016,0.3839724354387525,22.0,1000000.0,0.005,True,1,1;75;59,40,0,0,
2399,2399,Data/800MHz/sim_002399_1N-HN.out,800.0,18.789289276185396,92.0,1244.4444444444443,0.07,6.0,5555.0,5e-09,5e-11,0.85,1.02e-10,1.86e-10,-0.00016,0.3839724354387525,22.0,1000000.0,0.005,True,1,67;39;25,40,0,0,
2400,2400,Data/800MHz/sim_002400_1N-HN.out,800.0,18.789289276185396,92.0,1433.3333333333333,0.05,1.0,5555.0,5e-09,5e-11,0.85,1.02e-10,1.86e-10,-0.00016,0.3839724354387525,22.0,1000000.0,0.005,True,1,47;25;65,40,0,0,
2401,2401,Data/800MHz/sim_002401_1N-HN.out,800.0,18.789289276185396,92.0,1433.3333333333333,0.05,1.3571428571428572,5555.0,5e-09,5e-11,0.85,1.02e-10,1.86e-10,-0.00016,0.3839724354387525,22.0,1000000.0,0.005,True,1,53;57;79,40,0,0,
2402,2402,Data/800MHz/sim_002402_1N-HN.out,800.0,18.789289276185396,92.0,1433.3333333333333,0.05,1.7142857142857144,5555.0,5e-09,5e-11,0.85,1.02e-10,1.86e-10,-0.00016,0.3839724354387525,22.0,1000000.0,0.005,True,1,39;77;55,40,0,0,
2403,2403,Data/800MHz/sim_002403_1N-HN.out,800.0,18.789289276185396,92.0,1433.3333333333333,0.05,2.071428571428571,5555.0,5e-09,5e-11,0.85,1.02e-10,1.86e-10,-0.00016,0.3839724354387525,22.0,1000000.0,0.005,True,1,67;39;53,40,0,0,
2404,2404,Data/800MHz/sim_002404_1N-HN.out,800.0,18.789289276185396,92.0,1433.3333333333333,0.05,2.428571428571429,5555.0,5e-09,5e-11,0.85,1.02e-10,1.86e-10,-0.00016,0.3839724354387525,22.0,1000000.0,0.005,True,1,13;51;7,40,0,0,
2405,2405,Data/800MHz/sim_002405_1N-HN.out,800.0,18.789289276185396,92.0,1433.3333333333333,0.05,2.7857142857142856,5555.0,5e-09,5e-11,0.85,1.02e-10,1.86e-10,-0.00016,0.3839724354387525,22.0,1000000.0,0.005,True,1,13;67;57,40,0,0,
2406,2406,Data/800MHz/sim_002406_1N-HN.out,800.0,18.789289276185396,92.0,1433.3333333333333,0.05,3.142857142857143,5555.0,5e-09,5e-11,0.85,1.02e-10,1.86e-10,-0.00016,0.3839724354387525,22.0,1000000.0,0.005,True,1,49;27;41,40,0,0,
2407,2407,Data/800MHz/sim_002407_1N-HN.out,800.0,18.789289276185396,92.0,1433.3333333333333,0.05,3.5,5555.0,5e-09,5e-11,0.85,1.02e-10,1.86e-10,-0.00016,0.3839724354387525,22.0,1000000.0,0.005,True,1,19;67;25,40,0,0,
2408,2408,Data/800MHz/sim_002408_1N-HN.out,800.0,18.789289276185396,92.0,1433.3333333333333,0.05,3.857142857142857,5555.0,5e-09,5e-11,0.85,1.02e-10,1.86e-10,-0.00016,0.3839724354387525,22.0,1000000.0,0.005,True,1,73;19;69,40,0,0,
2409,2409,Data/800MHz/sim_002409_1N-HN.out,800.0,18.789289276185396,92.0,1433.3333333333333,0.05,4.214285714285714,5555.0,5e-09,5e-11,0.85,1.02e-10,1.86e-10,-0.00016,0.3839724354387525,22.0,1000000.0,0.005,True,1,35;27;7,40,0,0,
2410,2410,Data/800MHz/sim_002410_1N-HN.out,800.0,18.789289276185396,92.0,1433.3333333333333,0.05,4.571428571428571,5555.0,5e-09,5e-11,0.85,1.02e-10,1.86e-10,-0.00016,0.3839724354387525,22.0,1000000.0,0.005,True,1,73;27;79,40,0,0,
2411,2411,Data/800MHz/sim_002411_1N-HN.out,800.0,18.789289276185396,92.0,1433.3333333333333,0.05,4.928571428571429,5555.0,5e-09,5e-11,0.85,1.02e-10,1.86e-10,-0.00016,0.3839724354387525,22.0,1000000.0,0.005,True,1,77;31;17,40,0,0,
2412,2412,Data/800MHz/sim_002412_1N-HN.out,800.0,18.789289276185396,92.0,1433.3333333333333,0.05,5.285714285714286,5555.0,5e-09,5e-11,0.85,1.02e-10,1.86e-10,-0.00016,0.3839724354387525,22.0,1000000.0,0.005,True,1,9;61;39,40,0,0,
2413,2413,Data/800MHz/sim_002413_1N-HN.out,800.0,18.789289276185396,92.0,1433.3333333333333,0.05,5.642857142857143,5555.0,5e-09,5e-11,0.85,1.02e-10,1.86e-10,-0.00016,0.3839724354387525,22.0,1000000.0,0.005,True,1,33;29;23,40,0,0,
2414,2414,Data/800MHz/sim_002414_1N-HN.out,800.0,18.789289276185396,92.0,1433.3333333333333,0.05,6.0,5555.0,5e-09,5e-11,0.85,1.02e-10,1.86e-10,-0.00016,0.3839724354387525,22.0,1000000.0,0.005,True,1,63;29;1,40,0,0,
2415,2415,Data/800MHz/sim_002415_1N-HN.out,800.0,18.789289276185396,92.0,1433.3333333333333,0.052222222222222225,1.0,5555.0,5e-09,5e-11,0.85,1.02e-10,1.86e-10,-0.00016,0.3839724354387525,22.0,1000000.0,0.005,True,1,79;25;15,40,0,0,
2416,2416,Data/800MHz/sim_002416_1N-HN.out,800.0,18.789289276185396,92.0,1433.3333333333333,0.052222222222222225,1.3571428571428572,5555.0,5e-09,5e-11,0.85,1.02e-10,1.86e-10,-0.00016,0.3839724354387525,22.0,1000000.0,0.005,True,1,27;69;3,40,0,0,
2417,2417,Data/800MHz/sim_002417_1N-HN.out,800.0,18.789289276185396,92.0,1433.3333333333333,0.052222222222222225,1.7142857142857144,5555.0,5e-09,5e-11,0.85,1.02e-10,1.86e-10,-0.00016,0.3839724354387525,22.0,1000000.0,0.005,True,1,11;77;37,40,0,0,
2418,2418,Data/800MHz/sim_002418_1N-HN.out,800.0,18.789289276185396,92.0,1433.3333333333333,0.052222222222222225,2.071428571428571,5555.0,5e-09,5e-11,0.85,1.02e-10,1.86e-10,-0.00016,0.3839724354387525,22.0,1000000.0,0.005,True,1,5;59;43,40,0,0,
2419,2419,Data/800MHz/sim_002419_1N-HN.out,800.0,18.789289276185396,92.0,1433.3333333333333,0.052222222222222225,2.428571428571429,5555.0,5e-09,5e-11,0.85,1.02e-10,1.86e-10,-0.00016,0.3839724354387525,22.0,1000000.0,0.005,True,1,27;53;15,40,0,0,
2420,2420,Data/800MHz/sim_002420_1N-HN.out,800.0,18.789289276185396,92.0,1433.3333333333333,0.052222222222222225,2.7857142857142856,5555.0,5e-09,5e-11,0.85,1.02e-10,1.86e-10,-0.00016,0.3839724354387525,22.0,1000000.0,0.005,True,1,67;53;41,40,0,0,
2421,2421,Data/800MHz/sim_002421_1N-HN.out,800.0,18.789289276185396,92.0,1433.3333333333333,0.052222222222222225,3.142857142857143,5555.0,5e-09,5e-11,0.85,1.02e-10,1.86e-10,-0.00016,0.3839724354387525,22.0,1000000.0,0.005,True,1,11;23;67,40,0,0,
2422,2422,Data/800MHz/sim_002422_1N-HN.out,800.0,18.789289276185396,92.0,1433.3333333333333,0.052222222222222225,3.5,5555.0,5e-09,5e-11,0.85,1.02e-10,1.86e-10,-0.00016,0.3839724354387525,22.0,1000000.0,0.005,True,1,67;51;11,40,0,0,
2423,2423,Data/800MHz/sim_002423_1N-HN.out,800.0,18.789289276185396,92.0,1433.3333333333333,0.052222222222222225,3.857142857142857,5555.0,5e-09,5e-11,0.85,1.02e-10,1.86e-10,-0.00016,0.3839724354387525,22.0,1000000.0,0.005,True,1,3;41;69,40,0,0,
2424,2424,Data/800MHz/sim_002424_1N-HN.out,800.0,18.789289276185396,92.0,1433.3333333333333,0.052222222222222225,4.214285714285714,5555.0,5e-09,5e-11,0.85,1.02e-10,1.86e-10,-0.00016,0.3839724354387525,22.0,1000000.0,0.005,True,1,7;63;23,40,0,0,
2425,2425,Data/800MHz/sim_002425_1N-HN.out,800.0,18.789289276185396,92.0,1433.3333333333333,0.052222222222222225,4.571428571428571,5555.0,5e-09,5e-11,0.85,1.02e-10,1.86e-10,-0.00016,0.3839724354387525,22.0,1000000.0,0.005,True,1,31;29;37,40,0,0,
2426,2426,Data/800MHz/sim_002426_1N-HN.out,800.0,18.789289276185396,92.0,1433.3333333333333,0.052222222222222225,4.928571428571429,5555.0,5e-09,5e-11,0.85,1.02e-10,1.86e-10,-0.00016,0.3839724354387525,22.0,1000000.0,0.005,True,1,55;69;75,40,0,0,
2427,2427,Data/800MHz/sim_002427_1N-HN.out,800.0,18.789289276185396,92.0,1433.3333333333333,0.052222222222222225,5.285714285714286,5555.0,5e-09,5e-11,0.85,1.02e-10,1.86e-10,-0.00016,0.3839724354387525,22.0,1000000.0,0.005,True,1,21;13;25,40,0,0,
2428,2428,Data/800MHz/sim_002428_1N-HN.out,800.0,18.789289276185396,92.0,1433.3333333333333,0.052222222222222225,5.642857142857143,5555.0,5e-09,5e-11,0.85,1.02e-10,1.86e-10,-0.00016,0.3839724354387525,22.0,1000000.0,0.005,True,1,17;55;45,40,0,0,
2429,2429,Data/800MHz/sim_002429_1N-HN.out,800.0,18.789289276185396,92.0,1433.3333333333333,0.052222222222222225,6.0,5555.0,5e-09,5e-11,0.85,1.02e-10,1.86e-10,-0.00016,0.3839724354387525,22.0,1000000.0,0.005,True,1,53;79;1,40,0,0,
2430,2430,Data/800MHz/sim_002430_1N-HN.out,800.0,18.789289276185396,92.0,1433.3333333333333,0.05444444444444445,1.0,5555.0,5e-09,5e-11,0.85,1.02e-10,1.86e-10,-0.00016,0.3839724354387525,22.0,1000000.0,0.005,True,1,9;57;39,40,0,0,
2431,2431,Data/800MHz/sim_002431_1N-HN.out,800.0,18.789289276185396,92.0,1433.3333333333333,0.05444444444444445,1.3571428571428572,5555.0,5e-09,5e-11,0.85,1.02e-10,1.86e-10,-0.00016,0.3839724354387525,22.0,1000000.0,0.005,True,1,67;23;3,40,0,0,
2432,2432,Data/800MHz/sim_002432_1N-HN.out,800.0,18.789289276185396,92.0,1433.3333333333333,0.05444444444444445,1.7142857142857144,5555.0,5e-09,5e-11,0.85,1.02e-10,1.86e-10,-0.00016,0.3839724354387525,22.0,1000000.0,0.005,True,1,51;29;35,40,0,0,
2433,2433,Data/800MHz/sim_002433_1N-HN.out,800.0,18.789289276185396,92.0,1433.3333333333333,0.05444444444444445,2.071428571428571,5555.0,5e-09,5e-11,0.85,1.02e-10,1.86e-10,-0.00016,0.3839724354387525,22.0,1000000.0,0.005,True,1,43;15;63,40,0,0,
2434,2434,Data/800MHz/sim_002434_1N-HN.out,800.0,18.789289276185396,92.0,1433.3333333333333,0.05444444444444445,2.428571428571429,5555.0,5e-09,5e-11,0.85,1.02e-10,1.86e-10,-0.00016,0.3839724354387525,22.0,1000000.0,0.005,True,1,5;31;43,40,0,0,
2435,2435,Data/800MHz/sim_002435_1N-HN.out,800.0,18.789289276185396,92.0,1433.3333333333333,0.05444444444444445,2.7857142857142856,5555.0,5e-09,5e-11,0.85,1.02e-10,1.86e-10,-0.00016,0.3839724354387525,22.0,1000000.0,0.005,True,1,51;45;71,40,0,0,
2436,2436,Data/800MHz/sim_002436_1N-HN.out,800.0,18.789289276185396,92.0,1433.3333333333333,0.05444444444444445,3.142857142857143,5555.0,5e-09,5e-11,0.85,1.02e-10,1.86e-10,-0.00016,0.3839724354387525,22.0,1000000.0,0.005,True,1,27;11;1,40,0,0,
2437,2437,Data/800MHz/sim_002437_1N-HN.out,800.0,18.789289276185396,92.0,1433.3333333333333,0.05444444444444445,3.5,5555.0,5e-09,5e-11,0.85,1.02e-10,1.86e-10,-0.00016,0.3839724354387525,22.0,1000000.0,0.005,True,1,55;7;59,40,0,0,
2438,2438,Data/800MHz/sim_002438_1N-HN.out,800.0,18.789289276185396,92.0,1433.3333333333333,0.05444444444444445,3.857142857142857,5555.0,5e-09,5e-11,0.85,1.02e-10,1.86e-10,-0.00016,0.3839724354387525,22.0,1000000.0,0.005,True,1,41;53;59,40,0,0,
2439,2439,Data/800MHz/sim_002439_1N-HN.out,800.0,18.789289276185396,92.0,1433.3333333333333,0.05444444444444445,4.214285714285714,5555.0,5e-09,5e-11,0.85,1.02e-10,1.86e-10,-0.00016,0.3839724354387525,22.0,1000000.0,0.005,True,1,69;59;19,40,0,0,
2440,2440,Data/800MHz/sim_002440_1N-HN.out,800.0,18.789289276185396,92.0,1433.3333333333333,0.05444444444444445,4.571428571428571,5555.0,5e-09,5e-11,0.85,1.02e-10,1.86e-10,-0.00016,0.3839724354387525,22.0,1000000.0,0.005,True,1,73;47;45,40,0,0,
2441,2441,Data/800MHz/sim_002441_1N-HN.out,800.0,18.789289276185396,92.0,1433.3333333333333,0.05444444444444445,4.928571428571429,5555.0,5e-09,5e-11,0.85,1.02e-10,1.86e-10,-0.00016,0.3839724354387525,22.0,1000000.0,0.005,True,1,23;63;31,40,0,0,
2442,2442,Data/800MHz/sim_002442_1N-HN.out,800.0,18.789289276185396,92.0,1433.3333333333333,0.05444444444444445,5.285714285714286,5555.0,5e-09,5e-11,0.85,1.02e-10,1.86e-10,-0.00016,0.3839724354387525,22.0,1000000.0,0.005,True,1,69;63;41,40,0,0,
2443,2443,Data/800MHz/sim_002443_1N-HN.out,800.0,18.789289276185396,92.0,1433.3333333333333,0.05444444444444445,5.642857142857143,5555.0,5e-09,5e-11,0.85,1.02e-10,1.86e-10,-0.00016,0.3839724354387525,22.0,1000000.0,0.005,True,1,3;57;35,40,0,0,
2444,2444,Data/800MHz/sim_002444_1N-HN.out,800.0,18.789289276185396,92.0,1433.3333333333333,0.05444444444444445,6.0,5555.0,5e-09,5e-11,0.85,1.02e-10,1.86e-10,-0.00016,0.3839724354387525,22.0,1000000.0,0.005,True,1,47;3;21,40,0,0,
2445,2445,Data/800MHz/sim_002445_1N-HN.out,800.0,18.789289276185396,92.0,1433.3333333333333,0.05666666666666667,1.0,5555.0,5e-09,5e-11,0.85,1.02e-10,1.86e-10,-0.00016,0.3839724354387525,22.0,1000000.0,0.005,True,1,53;71;13,40,0,0,
2446,2446,Data/800MHz/sim_002446_1N-HN.out,800.0,18.789289276185396,92.0,1433.3333333333333,0.05666666666666667,1.3571428571428572,5555.0,5e-09,5e-11,0.85,1.02e-10,1.86e-10,-0.00016,0.3839724354387525,22.0,1000000.0,0.005,True,1,39;35;1,40,0,0,
2447,2447,Data/800MHz/sim_002447_1N-HN.out,800.0,18.789289276185396,92.0,1433.3333333333333,0.05666666666666667,1.7142857142857144,5555.0,5e-09,5e-11,0.85,1.02e-10,1.86e-10,-0.00016,0.3839724354387525,22.0,1000000.0,0.005,True,1,51;41;27,40,0,0,
2448,2448,Data/800MHz/sim_002448_1N-HN.out,800.0,18.789289276185396,92.0,1433.3333333333333,0.05666666666666667,2.071428571428571,5555.0,5e-09,5e-11,0.85,1.02e-10,1.86e-10,-0.00016,0.3839724354387525,22.0,1000000.0,0.005,True,1,45;47;9,40,0,0,
2449,2449,Data/800MHz/sim_002449_1N-HN.out,800.0,18.789289276185396,92.0,1433.3333333333333,0.05666666666666667,2.428571428571429,5555.0,5e-09,5e-11,0.85,1.02e-10,1.86e-10,-0.00016,0.3839724354387525,22.0,1000000.0,0.005,True,1,37;59;53,40,0,0,
2450,2450,Data/800MHz/sim_002450_1N-HN.out,800.0,18.789289276185396,92.0,1433.3333333333333,0.05666666666666667,2.7857142857142856,5555.0,5e-09,5e-11,0.85,1.02e-10,1.86e-10,-0.00016,0.3839724354387525,22.0,1000000.0,0.005,True,1,23;69;61,40,0,0,
2451,2451,Data/800MHz/sim_002451_1N-HN.out,800.0,18.789289276185396,92.0,1433.3333333333333,0.05666666666666667,3.142857142857143,5555.0,5e-09,5e-11,0.85,1.02e-10,1.86e-10,-0.00016,0.3839724354387525,22.0,1000000.0,0.005,True,1,65;19;43,40,0,0,
2452,2452,Data/800MHz/sim_002452_1N-HN.out,800.0,18.789289276185396,92.0,1433.3333333333333,0.05666666666666667,3.5,5555.0,5e-09,5e-11,0.85,1.02e-10,1.86e-10,-0.00016,0.3839724354387525,22.0,1000000.0,0.005,True,1,35;59;51,40,0,0,
2453,2453,Data/800MHz/sim_002453_1N-HN.out,800.0,18.789289276185396,92.0,1433.3333333333333,0.05666666666666667,3.857142857142857,5555.0,5e-09,5e-11,0.85,1.02e-10,1.86e-10,-0.00016,0.3839724354387525,22.0,1000000.0,0.005,True,1,49;5;1,40,0,0,
2454,2454,Data/800MHz/sim_002454_1N-HN.out,800.0,18.789289276185396,92.0,1433.3333333333333,0.05666666666666667,4.214285714285714,5555.0,5e-09,5e-11,0.85,1.02e-10,1.86e-10,-0.00016,0.3839724354387525,22.0,1000000.0,0.005,True,1,29;1;59,40,0,0,
2455,2455,Data/800MHz/sim_002455_1N-HN.out,800.0,18.789289276185396,92.0,1433.3333333333333,0.05666666666666667,4.571428571428571,5555.0,5e-09,5e-11,0.85,1.02e-10,1.86e-10,-0.00016,0.3839724354387525,22.0,1000000.0,0.005,True,1,13;31;5,40,0,0,
2456,2456,Data/800MHz/sim_002456_1N-HN.out,800.0,18.789289276185396,92.0,1433.3333333333333,0.05666666666666667,4.928571428571429,5555.0,5e-09,5e-11,0.85,1.02e-10,1.86e-10,-0.00016,0.3839724354387525,22.0,1000000.0,0.005,True,1,39;43;35,40,0,0,
2457,2457,Data/800MHz/sim_002457_1N-HN.out,800.0,18.789289276185396,92.0,1433.3333333333333,0.05666666666666667,5.285714285714286,5555.0,5e-09,5e-11,0.85,1.02e-10,1.86e-10,-0.00016,0.3839724354387525,22.0,1000000.0,0.005,True,1,57;31;17,40,0,0,
2458,2458,Data/800MHz/sim_002458_1N-HN.out,800.0,18.789289276185396,92.0,1433.3333333333333,0.05666666666666667,5.642857142857143,5555.0,5e-09,5e-11,0.85,1.02e-10,1.86e-10,-0.00016,0.3839724354387525,22.0,1000000.0,0.005,True,1,69;53;35,40,0,0,
2459,2459,Data/800MHz/sim_002459_1N-HN.out,800.0,18.789289276185396,92.0,1433.3333333333333,0.05666666666666667,6.0,5555.0,5e-09,5e-11,0.85,1.02e-10,1.86e-10,-0.00016,0.3839724354387525,22.0,1000000.0,0.005,True,1,53;49;59,40,0,0,
2460,2460,Data/800MHz/sim_002460_1N-HN.out,800.0,18.789289276185396,92.0,1433.3333333333333,0.05888888888888889,1.0,5555.0,5e-09,5e-11,0.85,1.02e-10,1.86e-10,-0.00016,0.3839724354387525,22.0,1000000.0,0.005,True,1,55;13;47,40,0,0,
2461,2461,Data/800MHz/sim_002461_1N-HN.out,800.0,18.789289276185396,92.0,1433.3333333333333,0.05888888888888889,1.3571428571428572,5555.0,5e-09,5e-11,0.85,1.02e-10,1.86e-10,-0.00016,0.3839724354387525,22.0,1000000.0,0.005,True,1,27;57;5,40,0,0,
2462,2462,Data/800MHz/sim_002462_1N-HN.out,800.0,18.789289276185396,92.0,1433.3333333333333,0.05888888888888889,1.7142857142857144,5555.0,5e-09,5e-11,0.85,1.02e-10,1.86e-10,-0.00016,0.3839724354387525,22.0,1000000.0,0.005,True,1,77;9;31,40,0,0,
2463,2463,Data/800MHz/sim_002463_1N-HN.out,800.0,18.789289276185396,92.0,1433.3333333333333,0.05888888888888889,2.071428571428571,5555.0,5e-09,5e-11,0.85,1.02e-10,1.86e-10,-0.00016,0.3839724354387525,22.0,1000000.0,0.005,True,1,21;63;41,40,0,0,
2464,2464,Data/800MHz/sim_002464_1N-HN.out,800.0,18.789289276185396,92.0,1433.3333333333333,0.05888888888888889,2.428571428571429,5555.0,5e-09,5e-11,0.85,1.02e-10,1.86e-10,-0.00016,0.3839724354387525,22.0,1000000.0,0.005,True,1,69;41;51,40,0,0,
2465,2465,Data/800MHz/sim_002465_1N-HN.out,800.0,18.789289276185396,92.0,1433.3333333333333,0.05888888888888889,2.7857142857142856,5555.0,5e-09,5e-11,0.85,1.02e-10,1.86e-10,-0.00016,0.3839724354387525,22.0,1000000.0,0.005,True,1,29;41;55,40,0,0,
2466,2466,Data/800MHz/sim_002466_1N-HN.out,800.0,18.789289276185396,92.0,1433.3333333333333,0.05888888888888889,3.142857142857143,5555.0,5e-09,5e-11,0.85,1.02e-10,1.86e-10,-0.00016,0.3839724354387525,22.0,1000000.0,0.005,True,1,55;67;13,40,0,0,
2467,2467,Data/800MHz/sim_002467_1N-HN.out,800.0,18.789289276185396,92.0,1433.3333333333333,0.05888888888888889,3.5,5555.0,5e-09,5e-11,0.85,1.02e-10,1.86e-10,-0.00016,0.3839724354387525,22.0,1000000.0,0.005,True,1,39;45;23,40,0,0,
2468,2468,Data/800MHz/sim_002468_1N-HN.out,800.0,18.789289276185396,92.0,1433.3333333333333,0.05888888888888889,3.857142857142857,5555.0,5e-09,5e-11,0.85,1.02e-10,1.86e-10,-0.00016,0.3839724354387525,22.0,1000000.0,0.005,True,1,29;17;45,40,0,0,
2469,2469,Data/800MHz/sim_002469_1N-HN.out,800.0,18.789289276185396,92.0,1433.3333333333333,0.05888888888888889,4.214285714285714,5555.0,5e-09,5e-11,0.85,1.02e-10,1.86e-10,-0.00016,0.3839724354387525,22.0,1000000.0,0.005,True,1,49;47;67,40,0,0,
2470,2470,Data/800MHz/sim_002470_1N-HN.out,800.0,18.789289276185396,92.0,1433.3333333333333,0.05888888888888889,4.571428571428571,5555.0,5e-09,5e-11,0.85,1.02e-10,1.86e-10,-0.00016,0.3839724354387525,22.0,1000000.0,0.005,True,1,25;27;61,40,0,0,
2471,2471,Data/800MHz/sim_002471_1N-HN.out,800.0,18.789289276185396,92.0,1433.3333333333333,0.05888888888888889,4.928571428571429,5555.0,5e-09,5e-11,0.85,1.02e-10,1.86e-10,-0.00016,0.3839724354387525,22.0,1000000.0,0.005,True,1,23;13;49,40,0,0,
2472,2472,Data/800MHz/sim_002472_1N-HN.out,800.0,18.789289276185396,92.0,1433.3333333333333,0.05888888888888889,5.285714285714286,5555.0,5e-09,5e-11,0.85,1.02e-10,1.86e-10,-0.00016,0.3839724354387525,22.0,1000000.0,0.005,True,1,61;59;77,40,0,0,
2473,2473,Data/800MHz/sim_002473_1N-HN.out,800.0,18.789289276185396,92.0,1433.3333333333333,0.05888888888888889,5.642857142857143,5555.0,5e-09,5e-11,0.85,1.02e-10,1.86e-10,-0.00016,0.3839724354387525,22.0,1000000.0,0.005,True,1,59;13;67,40,0,0,
2474,2474,Data/800MHz/sim_002474_1N-HN.out,800.0,18.789289276185396,92.0,1433.3333333333333,0.05888888888888889,6.0,5555.0,5e-09,5e-11,0.85,1.02e-10,1.86e-10,-0.00016,0.3839724354387525,22.0,1000000.0,0.005,True,1,5;65;69,40,0,0,
2475,2475,Data/800MHz/sim_002475_1N-HN.out,800.0,18.789289276185396,92.0,1433.3333333333333,0.061111111111111116,1.0,5555.0,5e-09,5e-11,0.85,1.02e-10,1.86e-10,-0.00016,0.3839724354387525,22.0,1000000.0,0.005,True,1,33;47;13,40,0,0,
2476,2476,Data/800MHz/sim_002476_1N-HN.out,800.0,18.789289276185396,92.0,1433.3333333333333,0.061111111111111116,1.3571428571428572,5555.0,5e-09,5e-11,0.85,1.02e-10,1.86e-10,-0.00016,0.3839724354387525,22.0,1000000.0,0.005,True,1,53;39;37,40,0,0,
2477,2477,Data/800MHz/sim_002477_1N-HN.out,800.0,18.789289276185396,92.0,1433.3333333333333,0.061111111111111116,1.7142857142857144,5555.0,5e-09,5e-11,0.85,1.02e-10,1.86e-10,-0.00016,0.3839724354387525,22.0,1000000.0,0.005,True,1,45;15;21,40,0,0,
2478,2478,Data/800MHz/sim_002478_1N-HN.out,800.0,18.789289276185396,92.0,1433.3333333333333,0.061111111111111116,2.071428571428571,5555.0,5e-09,5e-11,0.85,1.02e-10,1.86e-10,-0.00016,0.3839724354387525,22.0,1000000.0,0.005,True,1,35;55;29,40,0,0,
2479,2479,Data/800MHz/sim_002479_1N-HN.out,800.0,18.789289276185396,92.0,1433.3333333333333,0.061111111111111116,2.428571428571429,5555.0,5e-09,5e-11,0.85,1.02e-10,1.86e-10,-0.00016,0.3839724354387525,22.0,1000000.0,0.005,True,1,79;27;21,40,0,0,
2480,2480,Data/800MHz/sim_002480_1N-HN.out,800.0,18.789289276185396,92.0,1433.3333333333333,0.061111111111111116,2.7857142857142856,5555.0,5e-09,5e-11,0.85,1.02e-10,1.86e-10,-0.00016,0.3839724354387525,22.0,1000000.0,0.005,True,1,59;3;31,40,0,0,
2481,2481,Data/800MHz/sim_002481_1N-HN.out,800.0,18.789289276185396,92.0,1433.3333333333333,0.061111111111111116,3.142857142857143,5555.0,5e-09,5e-11,0.85,1.02e-10,1.86e-10,-0.00016,0.3839724354387525,22.0,1000000.0,0.005,True,1,45;31;7,40,0,0,
2482,2482,Data/800MHz/sim_002482_1N-HN.out,800.0,18.789289276185396,92.0,1433.3333333333333,0.061111111111111116,3.5,5555.0,5e-09,5e-11,0.85,1.02e-10,1.86e-10,-0.00016,0.3839724354387525,22.0,1000000.0,0.005,True,1,41;9;25,40,0,0,
2483,2483,Data/800MHz/sim_002483_1N-HN.out,800.0,18.789289276185396,92.0,1433.3333333333333,0.061111111111111116,3.857142857142857,5555.0,5e-09,5e-11,0.85,1.02e-10,1.86e-10,-0.00016,0.3839724354387525,22.0,1000000.0,0.005,True,1,65;13;59,40,0,0,
2484,2484,Data/800MHz/sim_002484_1N-HN.out,800.0,18.789289276185396,92.0,1433.3333333333333,0.061111111111111116,4.214285714285714,5555.0,5e-09,5e-11,0.85,1.02e-10,1.86e-10,-0.00016,0.3839724354387525,22.0,1000000.0,0.005,True,1,59;57;31,40,0,0,
2485,2485,Data/800MHz/sim_002485_1N-HN.out,800.0,18.789289276185396,92.0,1433.3333333333333,0.061111111111111116,4.571428571428571,5555.0,5e-09,5e-11,0.85,1.02e-10,1.86e-10,-0.00016,0.3839724354387525,22.0,1000000.0,0.005,True,1,41;27;65,40,0,0,
2486,2486,Data/800MHz/sim_002486_1N-HN.out,800.0,18.789289276185396,92.0,1433.3333333333333,0.061111111111111116,4.928571428571429,5555.0,5e-09,5e-11,0.85,1.02e-10,1.86e-10,-0.00016,0.3839724354387525,22.0,1000000.0,0.005,True,1,31;51;63,40,0,0,
2487,2487,Data/800MHz/sim_002487_1N-HN.out,800.0,18.789289276185396,92.0,1433.3333333333333,0.061111111111111116,5.285714285714286,5555.0,5e-09,5e-11,0.85,1.02e-10,1.86e-10,-0.00016,0.3839724354387525,22.0,1000000.0,0.005,True,1,13;1;39,40,0,0,
2488,2488,Data/800MHz/sim_002488_1N-HN.out,800.0,18.789289276185396,92.0,1433.3333333333333,0.061111111111111116,5.642857142857143,5555.0,5e-09,5e-11,0.85,1.02e-10,1.86e-10,-0.00016,0.3839724354387525,22.0,1000000.0,0.005,True,1,67;3;31,40,0,0,
2489,2489,Data/800MHz/sim_002489_1N-HN.out,800.0,18.789289276185396,92.0,1433.3333333333333,0.061111111111111116,6.0,5555.0,5e-09,5e-11,0.85,1.02e-10,1.86e-10,-0.00016,0.3839724354387525,22.0,1000000.0,0.005,True,1,17;5;1,40,0,0,
2490,2490,Data/800MHz/sim_002490_1N-HN.out,800.0,18.789289276185396,92.0,1433.3333333333333,0.06333333333333334,1.0,5555.0,5e-09,5e-11,0.85,1.02e-10,1.86e-10,-0.00016,0.3839724354387525,22.0,1000000.0,0.005,True,1,33;23;61,40,0,0,
2491,2491,Data/800MHz/sim_002491_1N-HN.out,800.0,18.789289276185396,92.0,1433.3333333333333,0.06333333333333334,1.3571428571428572,5555.0,5e-09,5e-11,0.85,1.02e-10,1.86e-10,-0.00016,0.3839724354387525,22.0,1000000.0,0.005,True,1,23;25;59,40,0,0,
2492,2492,Data/800MHz/sim_002492_1N-HN.out,800.0,18.789289276185396,92.0,1433.3333333333333,0.06333333333333334,1.7142857142857144,5555.0,5e-09,5e-11,0.85,1.02e-10,1.86e-10,-0.00016,0.3839724354387525,22.0,1000000.0,0.005,True,1,53;65;63,40,0,0,
2493,2493,Data/800MHz/sim_002493_1N-HN.out,800.0,18.789289276185396,92.0,1433.3333333333333,0.06333333333333334,2.071428571428571,5555.0,5e-09,5e-11,0.85,1.02e-10,1.86e-10,-0.00016,0.3839724354387525,22.0,1000000.0,0.005,True,1,51;21;59,40,0,0,
2494,2494,Data/800MHz/sim_002494_1N-HN.out,800.0,18.789289276185396,92.0,1433.3333333333333,0.06333333333333334,2.428571428571429,5555.0,5e-09,5e-11,0.85,1.02e-10,1.86e-10,-0.00016,0.3839724354387525,22.0,1000000.0,0.005,True,1,31;21;55,40,0,0,
2495,2495,Data/800MHz/sim_002495_1N-HN.out,800.0,18.789289276185396,92.0,1433.3333333333333,0.06333333333333334,2.7857142857142856,5555.0,5e-09,5e-11,0.85,1.02e-10,1.86e-10,-0.00016,0.3839724354387525,22.0,1000000.0,0.005,True,1,71;37;45,40,0,0,
2496,2496,Data/800MHz/sim_002496_1N-HN.out,800.0,18.789289276185396,92.0,1433.3333333333333,0.06333333333333334,3.142857142857143,5555.0,5e-09,5e-11,0.85,1.02e-10,1.86e-10,-0.00016,0.3839724354387525,22.0,1000000.0,0.005,True,1,79;37;65,40,0,0,
2497,2497,Data/800MHz/sim_002497_1N-HN.out,800.0,18.789289276185396,92.0,1433.3333333333333,0.06333333333333334,3.5,5555.0,5e-09,5e-11,0.85,1.02e-10,1.86e-10,-0.00016,0.3839724354387525,22.0,1000000.0,0.005,True,1,61;69;25,40,0,0,
2498,2498,Data/800MHz/sim_002498_1N-HN.out,800.0,18.789289276185396,92.0,1433.3333333333333,0.06333333333333334,3.857142857142857,5555.0,5e-09,5e-11,0.85,1.02e-10,1.86e-10,-0.00016,0.3839724354387525,22.0,1000000.0,0.005,True,1,63;45;15,40,0,0,
2499,2499,Data/800MHz/sim_002499_1N-HN.out,800.0,18.789289276185396,92.0,1433.3333333333333,0.06333333333333334,4.214285714285714,5555.0,5e-09,5e-11,0.85,1.02e-10,1.86e-10,-0.00016,0.3839724354387525,22.0,1000000.0,0.005,True,1,63;67;69,40,0,0,
2500,2500,Data/800MHz/sim_002500_1N-HN.out,800.0,18.789289276185396,92.0,1433.3333333333333,0.06333333333333334,4.571428571428571,5555.0,5e-09,5e-11,0.85,1.02e-10,1.86e-10,-0.00016,0.3839724354387525,22.0,1000000.0,0.005,True,1,67;73;21,40,0,0,
2501,2501,Data/800MHz/sim_002501_1N-HN.out,800.0,18.789289276185396,92.0,1433.3333333333333,0.06333333333333334,4.928571428571429,5555.0,5e-09,5e-11,0.85,1.02e-10,1.86e-10,-0.00016,0.3839724354387525,22.0,1000000.0,0.005,True,1,9;3;57,40,0,0,
2502,2502,Data/800MHz/sim_002502_1N-HN.out,800.0,18.789289276185396,92.0,1433.3333333333333,0.06333333333333334,5.285714285714286,5555.0,5e-09,5e-11,0.85,1.02e-10,1.86e-10,-0.00016,0.3839724354387525,22.0,1000000.0,0.005,True,1,23;1;13,40,0,0,
2503,2503,Data/800MHz/sim_002503_1N-HN.out,800.0,18.789289276185396,92.0,1433.3333333333333,0.06333333333333334,5.642857142857143,5555.0,5e-09,5e-11,0.85,1.02e-10,1.86e-10,-0.00016,0.3839724354387525,22.0,1000000.0,0.005,True,1,39;1;9,40,0,0,
2504,2504,Data/800MHz/sim_002504_1N-HN.out,800.0,18.789289276185396,92.0,1433.3333333333333,0.06333333333333334,6.0,5555.0,5e-09,5e-11,0.85,1.02e-10,1.86e-10,-0.00016,0.3839724354387525,22.0,1000000.0,0.005,True,1,67;59;39,40,0,0,
2505,2505,Data/800MHz/sim_002505_1N-HN.out,800.0,18.789289276185396,92.0,1433.3333333333333,0.06555555555555556,1.0,5555.0,5e-09,5e-11,0.85,1.02e-10,1.86e-10,-0.00016,0.3839724354387525,22.0,1000000.0,0.005,True,1,59;9;11,40,0,0,
2506,2506,Data/800MHz/sim_002506_1N-HN.out,800.0,18.789289276185396,92.0,1433.3333333333333,0.06555555555555556,1.3571428571428572,5555.0,5e-09,5e-11,0.85,1.02e-10,1.86e-10,-0.00016,0.3839724354387525,22.0,1000000.0,0.005,True,1,71;63;7,40,0,0,
2507,2507,Data/800MHz/sim_002507_1N-HN.out,800.0,18.789289276185396,92.0,1433.3333333333333,0.06555555555555556,1.7142857142857144,5555.0,5e-09,5e-11,0.85,1.02e-10,1.86e-10,-0.00016,0.3839724354387525,22.0,1000000.0,0.005,True,1,3;15;67,40,0,0,
2508,2508,Data/800MHz/sim_002508_1N-HN.out,800.0,18.789289276185396,92.0,1433.3333333333333,0.06555555555555556,2.071428571428571,5555.0,5e-09,5e-11,0.85,1.02e-10,1.86e-10,-0.00016,0.3839724354387525,22.0,1000000.0,0.005,True,1,77;69;25,40,0,0,
2509,2509,Data/800MHz/sim_002509_1N-HN.out,800.0,18.789289276185396,92.0,1433.3333333333333,0.06555555555555556,2.428571428571429,5555.0,5e-09,5e-11,0.85,1.02e-10,1.86e-10,-0.00016,0.3839724354387525,22.0,1000000.0,0.005,True,1,67;21;71,40,0,0,
2510,2510,Data/800MHz/sim_002510_1N-HN.out,800.0,18.789289276185396,92.0,1433.3333333333333,0.06555555555555556,2.7857142857142856,5555.0,5e-09,5e-11,0.85,1.02e-10,1.86e-10,-0.00016,0.3839724354387525,22.0,1000000.0,0.005,True,1,55;67;63,40,0,0,
2511,2511,Data/800MHz/sim_002511_1N-HN.out,800.0,18.789289276185396,92.0,1433.3333333333333,0.06555555555555556,3.142857142857143,5555.0,5e-09,5e-11,0.85,1.02e-10,1.86e-10,-0.00016,0.3839724354387525,22.0,1000000.0,0.005,True,1,59;17;5,40,0,0,
2512,2512,Data/800MHz/sim_002512_1N-HN.out,800.0,18.789289276185396,92.0,1433.3333333333333,0.06555555555555556,3.5,5555.0,5e-09,5e-11,0.85,1.02e-10,1.86e-10,-0.00016,0.3839724354387525,22.0,1000000.0,0.005,True,1,27;55;79,40,0,0,
2513,2513,Data/800MHz/sim_002513_1N-HN.out,800.0,18.789289276185396,92.0,1433.3333333333333,0.06555555555555556,3.857142857142857,5555.0,5e-09,5e-11,0.85,1.02e-10,1.86e-10,-0.00016,0.3839724354387525,22.0,1000000.0,0.005,True,1,31;5;57,40,0,0,
2514,2514,Data/800MHz/sim_002514_1N-HN.out,800.0,18.789289276185396,92.0,1433.3333333333333,0.06555555555555556,4.214285714285714,5555.0,5e-09,5e-11,0.85,1.02e-10,1.86e-10,-0.00016,0.3839724354387525,22.0,1000000.0,0.005,True,1,13;41;31,40,0,0,
2515,2515,Data/800MHz/sim_002515_1N-HN.out,800.0,18.789289276185396,92.0,1433.3333333333333,0.06555555555555556,4.571428571428571,5555.0,5e-09,5e-11,0.85,1.02e-10,1.86e-10,-0.00016,0.3839724354387525,22.0,1000000.0,0.005,True,1,3;49;45,40,0,0,
2516,2516,Data/800MHz/sim_002516_1N-HN.out,800.0,18.789289276185396,92.0,1433.3333333333333,0.06555555555555556,4.928571428571429,5555.0,5e-09,5e-11,0.85,1.02e-10,1.86e-10,-0.00016,0.3839724354387525,22.0,1000000.0,0.005,True,1,53;43;31,40,0,0,
2517,2517,Data/800MHz/sim_002517_1N-HN.out,800.0,18.789289276185396,92.0,1433.3333333333333,0.06555555555555556,5.285714285714286,5555.0,5e-09,5e-11,0.85,1.02e-10,1.86e-10,-0.00016,0.3839724354387525,22.0,1000000.0,0.005,True,1,79;35;51,40,0,0,
2518,2518,Data/800MHz/sim_002518_1N-HN.out,800.0,18.789289276185396,92.0,1433.3333333333333,0.06555555555555556,5.642857142857143,5555.0,5e-09,5e-11,0.85,1.02e-10,1.86e-10,-0.00016,0.3839724354387525,22.0,1000000.0,0.005,True,1,23;11;35,40,0,0,
2519,2519,Data/800MHz/sim_002519_1N-HN.out,800.0,18.789289276185396,92.0,1433.3333333333333,0.06555555555555556,6.0,5555.0,5e-09,5e-11,0.85,1.02e-10,1.86e-10,-0.00016,0.3839724354387525,22.0,1000000.0,0.005,True,1,69;55;65,40,0,0,
2520,2520,Data/800MHz/sim_002520_1N-HN.out,800.0,18.789289276185396,92.0,1433.3333333333333,0.06777777777777778,1.0,5555.0,5e-09,5e-11,0.85,1.02e-10,1.86e-10,-0.00016,0.3839724354387525,22.0,1000000.0,0.005,True,1,39;43;1,40,0,0,
2521,2521,Data/800MHz/sim_002521_1N-HN.out,800.0,18.789289276185396,92.0,1433.3333333333333,0.06777777777777778,1.3571428571428572,5555.0,5e-09,5e-11,0.85,1.02e-10,1.86e-10,-0.00016,0.3839724354387525,22.0,1000000.0,0.005,True,1,31;21;59,40,0,0,
2522,2522,Data/800MHz/sim_002522_1N-HN.out,800.0,18.789289276185396,92.0,1433.3333333333333,0.06777777777777778,1.7142857142857144,5555.0,5e-09,5e-11,0.85,1.02e-10,1.86e-10,-0.00016,0.3839724354387525,22.0,1000000.0,0.005,True,1,13;27;5,40,0,0,
2523,2523,Data/800MHz/sim_002523_1N-HN.out,800.0,18.789289276185396,92.0,1433.3333333333333,0.06777777777777778,2.071428571428571,5555.0,5e-09,5e-11,0.85,1.02e-10,1.86e-10,-0.00016,0.3839724354387525,22.0,1000000.0,0.005,True,1,3;29;23,40,0,0,
2524,2524,Data/800MHz/sim_002524_1N-HN.out,800.0,18.789289276185396,92.0,1433.3333333333333,0.06777777777777778,2.428571428571429,5555.0,5e-09,5e-11,0.85,1.02e-10,1.86e-10,-0.00016,0.3839724354387525,22.0,1000000.0,0.005,True,1,41;45;71,40,0,0,
2525,2525,Data/800MHz/sim_002525_1N-HN.out,800.0,18.789289276185396,92.0,1433.3333333333333,0.06777777777777778,2.7857142857142856,5555.0,5e-09,5e-11,0.85,1.02e-10,1.86e-10,-0.00016,0.3839724354387525,22.0,1000000.0,0.005,True,1,43;65;29,40,0,0,
2526,2526,Data/800MHz/sim_002526_1N-HN.out,800.0,18.789289276185396,92.0,1433.3333333333333,0.06777777777777778,3.142857142857143,5555.0,5e-09,5e-11,0.85,1.02e-10,1.86e-10,-0.00016,0.3839724354387525,22.0,1000000.0,0.005,True,1,1;15;17,40,0,0,
2527,2527,Data/800MHz/sim_002527_1N-HN.out,800.0,18.789289276185396,92.0,1433.3333333333333,0.06777777777777778,3.5,5555.0,5e-09,5e-11,0.85,1.02e-10,1.86e-10,-0.00016,0.3839724354387525,22.0,1000000.0,0.005,True,1,75;65;3,40,0,0,
2528,2528,Data/800MHz/sim_002528_1N-HN.out,800.0,18.789289276185396,92.0,1433.3333333333333,0.06777777777777778,3.857142857142857,5555.0,5e-09,5e-11,0.85,1.02e-10,1.86e-10,-0.00016,0.3839724354387525,22.0,1000000.0,0.005,True,1,33;37;47,40,0,0,
2529,2529,Data/800MHz/sim_002529_1N-HN.out,800.0,18.789289276185396,92.0,1433.3333333333333,0.06777777777777778,4.214285714285714,5555.0,5e-09,5e-11,0.85,1.02e-10,1.86e-10,-0.00016,0.3839724354387525,22.0,1000000.0,0.005,True,1,45;53;25,40,0,0,
2530,2530,Data/800MHz/sim_002530_1N-HN.out,800.0,18.789289276185396,92.0,1433.3333333333333,0.06777777777777778,4.571428571428571,5555.0,5e-09,5e-11,0.85,1.02e-10,1.86e-10,-0.00016,0.3839724354387525,22.0,1000000.0,0.005,True,1,49;23;31,40,0,0,
2531,2531,Data/800MHz/sim_002531_1N-HN.out,800.0,18.789289276185396,92.0,1433.3333333333333,0.06777777777777778,4.928571428571429,5555.0,5e-09,5e-11,0.85,1.02e-10,1.86e-10,-0.00016,0.3839724354387525,22.0,1000000.0,0.005,True,1,25;59;3,40,0,0,
2532,2532,Data/800MHz/sim_002532_1N-HN.out,800.0,18.789289276185396,92.0,1433.3333333333333,0.06777777777777778,5.285714285714286,5555.0,5e-09,5e-11,0.85,1.02e-10,1.86e-10,-0.00016,0.3839724354387525,22.0,1000000.0,0.005,True,1,3;79;35,40,0,0,
2533,2533,Data/800MHz/sim_002533_1N-HN.out,800.0,18.789289276185396,92.0,1433.3333333333333,0.06777777777777778,5.642857142857143,5555.0,5e-09,5e-11,0.85,1.02e-10,1.86e-10,-0.00016,0.3839724354387525,22.0,1000000.0,0.005,True,1,15;13;11,40,0,0,
2534,2534,Data/800MHz/sim_002534_1N-HN.out,800.0,18.789289276185396,92.0,1433.3333333333333,0.06777777777777778,6.0,5555.0,5e-09,5e-11,0.85,1.02e-10,1.86e-10,-0.00016,0.3839724354387525,22.0,1000000.0,0.005,True,1,77;29;57,40,0,0,
2535,2535,Data/800MHz/sim_002535_1N-HN.out,800.0,18.789289276185396,92.0,1433.3333333333333,0.07,1.0,5555.0,5e-09,5e-11,0.85,1.02e-10,1.86e-10,-0.00016,0.3839724354387525,22.0,1000000.0,0.005,True,1,25;67;39,40,0,0,
2536,2536,Data/800MHz/sim_002536_1N-HN.out,800.0,18.789289276185396,92.0,1433.3333333333333,0.07,1.3571428571428572,5555.0,5e-09,5e-11,0.85,1.02e-10,1.86e-10,-0.00016,0.3839724354387525,22.0,1000000.0,0.005,True,1,61;1;35,40,0,0,
2537,2537,Data/800MHz/sim_002537_1N-HN.out,800.0,18.789289276185396,92.0,1433.3333333333333,0.07,1.7142857142857144,5555.0,5e-09,5e-11,0.85,1.02e-10,1.86e-10,-0.00016,0.3839724354387525,22.0,1000000.0,0.005,True,1,11;17;37,40,0,0,
2538,2538,Data/800MHz/sim_002538_1N-HN.out,800.0,18.789289276185396,92.0,1433.3333333333333,0.07,2.071428571428571,5555.0,5e-09,5e-11,0.85,1.02e-10,1.86e-10,-0.00016,0.3839724354387525,22.0,1000000.0,0.005,True,1,27;55;25,40,0,0,
2539,2539,Data/800MHz/sim_002539_1N-HN.out,800.0,18.789289276185396,92.0,1433.3333333333333,0.07,2.428571428571429,5555.0,5e-09,5e-11,0.85,1.02e-10,1.86e-10,-0.00016,0.3839724354387525,22.0,1000000.0,0.005,True,1,23;53;55,40,0,0,
2540,2540,Data/800MHz/sim_002540_1N-HN.out,800.0,18.789289276185396,92.0,1433.3333333333333,0.07,2.7857142857142856,5555.0,5e-09,5e-11,0.85,1.02e-10,1.86e-10,-0.00016,0.3839724354387525,22.0,1000000.0,0.005,True,1,63;39;51,40,0,0,
2541,2541,Data/800MHz/sim_002541_1N-HN.out,800.0,18.789289276185396,92.0,1433.3333333333333,0.07,3.142857142857143,5555.0,5e-09,5e-11,0.85,1.02e-10,1.86e-10,-0.00016,0.3839724354387525,22.0,1000000.0,0.005,True,1,11;5;75,40,0,0,
2542,2542,Data/800MHz/sim_002542_1N-HN.out,800.0,18.789289276185396,92.0,1433.3333333333333,0.07,3.5,5555.0,5e-09,5e-11,0.85,1.02e-10,1.86e-10,-0.00016,0.3839724354387525,22.0,1000000.0,0.005,True,1,79;61;63,40,0,0,
2543,2543,Data/800MHz/sim_002543_1N-HN.out,800.0,18.789289276185396,92.0,1433.3333333333333,0.07,3.857142857142857,5555.0,5e-09,5e-11,0.85,1.02e-10,1.86e-10,-0.00016,0.3839724354387525,22.0,1000000.0,0.005,True,1,77;37;11,40,0,0,
2544,2544,Data/800MHz/sim_002544_1N-HN.out,800.0,18.789289276185396,92.0,1433.3333333333333,0.07,4.214285714285714,5555.0,5e-09,5e-11,0.85,1.02e-10,1.86e-10,-0.00016,0.3839724354387525,22.0,1000000.0,0.005,True,1,3;41;79,40,0,0,
2545,2545,Data/800MHz/sim_002545_1N-HN.out,800.0,18.789289276185396,92.0,1433.3333333333333,0.07,4.571428571428571,5555.0,5e-09,5e-11,0.85,1.02e-10,1.86e-10,-0.00016,0.3839724354387525,22.0,1000000.0,0.005,True,1,79;51;55,40,0,0,
2546,2546,Data/800MHz/sim_002546_1N-HN.out,800.0,18.789289276185396,92.0,1433.3333333333333,0.07,4.928571428571429,5555.0,5e-09,5e-11,0.85,1.02e-10,1.86e-10,-0.00016,0.3839724354387525,22.0,1000000.0,0.005,True,1,19;21;57,40,0,0,
2547,2547,Data/800MHz/sim_002547_1N-HN.out,800.0,18.789289276185396,92.0,1433.3333333333333,0.07,5.285714285714286,5555.0,5e-09,5e-11,0.85,1.02e-10,1.86e-10,-0.00016,0.3839724354387525,22.0,1000000.0,0.005,True,1,31;15;57,40,0,0,
2548,2548,Data/800MHz/sim_002548_1N-HN.out,800.0,18.789289276185396,92.0,1433.3333333333333,0.07,5.642857142857143,5555.0,5e-09,5e-11,0.85,1.02e-10,1.86e-10,-0.00016,0.3839724354387525,22.0,1000000.0,0.005,True,1,71;67;59,40,0,0,
2549,2549,Data/800MHz/sim_002549_1N-HN.out,800.0,18.789289276185396,92.0,1433.3333333333333,0.07,6.0,5555.0,5e-09,5e-11,0.85,1.02e-10,1.86e-10,-0.00016,0.3839724354387525,22.0,1000000.0,0.005,True,1,39;45;67,40,0,0,
2550,2550,Data/800MHz/sim_002550_1N-HN.out,800.0,18.789289276185396,92.0,1622.2222222222222,0.05,1.0,5555.0,5e-09,5e-11,0.85,1.02e-10,1.86e-10,-0.00016,0.3839724354387525,22.0,1000000.0,0.005,True,1,59;23;43,40,0,0,
2551,2551,Data/800MHz/sim_002551_1N-HN.out,800.0,18.789289276185396,92.0,1622.2222222222222,0.05,1.3571428571428572,5555.0,5e-09,5e-11,0.85,1.02e-10,1.86e-10,-0.00016,0.3839724354387525,22.0,1000000.0,0.005,True,1,3;35;67,40,0,0,
2552,2552,Data/800MHz/sim_002552_1N-HN.out,800.0,18.789289276185396,92.0,1622.2222222222222,0.05,1.7142857142857144,5555.0,5e-09,5e-11,0.85,1.02e-10,1.86e-10,-0.00016,0.3839724354387525,22.0,1000000.0,0.005,True,1,19;11;17,40,0,0,
2553,2553,Data/800MHz/sim_002553_1N-HN.out,800.0,18.789289276185396,92.0,1622.2222222222222,0.05,2.071428571428571,5555.0,5e-09,5e-11,0.85,1.02e-10,1.86e-10,-0.00016,0.3839724354387525,22.0,1000000.0,0.005,True,1,51;19;69,40,0,0,
2554,2554,Data/800MHz/sim_002554_1N-HN.out,800.0,18.789289276185396,92.0,1622.2222222222222,0.05,2.428571428571429,5555.0,5e-09,5e-11,0.85,1.02e-10,1.86e-10,-0.00016,0.3839724354387525,22.0,1000000.0,0.005,True,1,63;43;19,40,0,0,
2555,2555,Data/800MHz/sim_002555_1N-HN.out,800.0,18.789289276185396,92.0,1622.2222222222222,0.05,2.7857142857142856,5555.0,5e-09,5e-11,0.85,1.02e-10,1.86e-10,-0.00016,0.3839724354387525,22.0,1000000.0,0.005,True,1,77;75;15,40,0,0,
2556,2556,Data/800MHz/sim_002556_1N-HN.out,800.0,18.789289276185396,92.0,1622.2222222222222,0.05,3.142857142857143,5555.0,5e-09,5e-11,0.85,1.02e-10,1.86e-10,-0.00016,0.3839724354387525,22.0,1000000.0,0.005,True,1,47;45;3,40,0,0,
2557,2557,Data/800MHz/sim_002557_1N-HN.out,800.0,18.789289276185396,92.0,1622.2222222222222,0.05,3.5,5555.0,5e-09,5e-11,0.85,1.02e-10,1.86e-10,-0.00016,0.3839724354387525,22.0,1000000.0,0.005,True,1,67;73;11,40,0,0,
2558,2558,Data/800MHz/sim_002558_1N-HN.out,800.0,18.789289276185396,92.0,1622.2222222222222,0.05,3.857142857142857,5555.0,5e-09,5e-11,0.85,1.02e-10,1.86e-10,-0.00016,0.3839724354387525,22.0,1000000.0,0.005,True,1,61;55;49,40,0,0,
2559,2559,Data/800MHz/sim_002559_1N-HN.out,800.0,18.789289276185396,92.0,1622.2222222222222,0.05,4.214285714285714,5555.0,5e-09,5e-11,0.85,1.02e-10,1.86e-10,-0.00016,0.3839724354387525,22.0,1000000.0,0.005,True,1,3;19;39,40,0,0,
2560,2560,Data/800MHz/sim_002560_1N-HN.out,800.0,18.789289276185396,92.0,1622.2222222222222,0.05,4.571428571428571,5555.0,5e-09,5e-11,0.85,1.02e-10,1.86e-10,-0.00016,0.3839724354387525,22.0,1000000.0,0.005,True,1,35;11;27,40,0,0,
2561,2561,Data/800MHz/sim_002561_1N-HN.out,800.0,18.789289276185396,92.0,1622.2222222222222,0.05,4.928571428571429,5555.0,5e-09,5e-11,0.85,1.02e-10,1.86e-10,-0.00016,0.3839724354387525,22.0,1000000.0,0.005,True,1,35;11;39,40,0,0,
2562,2562,Data/800MHz/sim_002562_1N-HN.out,800.0,18.789289276185396,92.0,1622.2222222222222,0.05,5.285714285714286,5555.0,5e-09,5e-11,0.85,1.02e-10,1.86e-10,-0.00016,0.3839724354387525,22.0,1000000.0,0.005,True,1,59;27;11,40,0,0,
2563,2563,Data/800MHz/sim_002563_1N-HN.out,800.0,18.789289276185396,92.0,1622.2222222222222,0.05,5.642857142857143,5555.0,5e-09,5e-11,0.85,1.02e-10,1.86e-10,-0.00016,0.3839724354387525,22.0,1000000.0,0.005,True,1,29;75;1,40,0,0,
2564,2564,Data/800MHz/sim_002564_1N-HN.out,800.0,18.789289276185396,92.0,1622.2222222222222,0.05,6.0,5555.0,5e-09,5e-11,0.85,1.02e-10,1.86e-10,-0.00016,0.3839724354387525,22.0,1000000.0,0.005,True,1,33;31;55,40,0,0,
2565,2565,Data/800MHz/sim_002565_1N-HN.out,800.0,18.789289276185396,92.0,1622.2222222222222,0.052222222222222225,1.0,5555.0,5e-09,5e-11,0.85,1.02e-10,1.86e-10,-0.00016,0.3839724354387525,22.0,1000000.0,0.005,True,1,5;63;53,40,0,0,
2566,2566,Data/800MHz/sim_002566_1N-HN.out,800.0,18.789289276185396,92.0,1622.2222222222222,0.052222222222222225,1.3571428571428572,5555.0,5e-09,5e-11,0.85,1.02e-10,1.86e-10,-0.00016,0.3839724354387525,22.0,1000000.0,0.005,True,1,65;45;35,40,0,0,
2567,2567,Data/800MHz/sim_002567_1N-HN.out,800.0,18.789289276185396,92.0,1622.2222222222222,0.052222222222222225,1.7142857142857144,5555.0,5e-09,5e-11,0.85,1.02e-10,1.86e-10,-0.00016,0.3839724354387525,22.0,1000000.0,0.005,True,1,47;51;39,40,0,0,
2568,2568,Data/800MHz/sim_002568_1N-HN.out,800.0,18.789289276185396,92.0,1622.2222222222222,0.052222222222222225,2.071428571428571,5555.0,5e-09,5e-11,0.85,1.02e-10,1.86e-10,-0.00016,0.3839724354387525,22.0,1000000.0,0.005,True,1,47;45;67,40,0,0,
2569,2569,Data/800MHz/sim_002569_1N-HN.out,800.0,18.789289276185396,92.0,1622.2222222222222,0.052222222222222225,2.428571428571429,5555.0,5e-09,5e-11,0.85,1.02e-10,1.86e-10,-0.00016,0.3839724354387525,22.0,1000000.0,0.005,True,1,63;19;59,40,0,0,
2570,2570,Data/800MHz/sim_002570_1N-HN.out,800.0,18.789289276185396,92.0,1622.2222222222222,0.052222222222222225,2.7857142857142856,5555.0,5e-09,5e-11,0.85,1.02e-10,1.86e-10,-0.00016,0.3839724354387525,22.0,1000000.0,0.005,True,1,55;53;11,40,0,0,
2571,2571,Data/800MHz/sim_002571_1N-HN.out,800.0,18.789289276185396,92.0,1622.2222222222222,0.052222222222222225,3.142857142857143,5555.0,5e-09,5e-11,0.85,1.02e-10,1.86e-10,-0.00016,0.3839724354387525,22.0,1000000.0,0.005,True,1,41;71;53,40,0,0,
2572,2572,Data/800MHz/sim_002572_1N-HN.out,800.0,18.789289276185396,92.0,1622.2222222222222,0.052222222222222225,3.5,5555.0,5e-09,5e-11,0.85,1.02e-10,1.86e-10,-0.00016,0.3839724354387525,22.0,1000000.0,0.005,True,1,19;47;61,40,0,0,
2573,2573,Data/800MHz/sim_002573_1N-HN.out,800.0,18.789289276185396,92.0,1622.2222222222222,0.052222222222222225,3.857142857142857,5555.0,5e-09,5e-11,0.85,1.02e-10,1.86e-10,-0.00016,0.3839724354387525,22.0,1000000.0,0.005,True,1,63;3;19,40,0,0,
2574,2574,Data/800MHz/sim_002574_1N-HN.out,800.0,18.789289276185396,92.0,1622.2222222222222,0.052222222222222225,4.214285714285714,5555.0,5e-09,5e-11,0.85,1.02e-10,1.86e-10,-0.00016,0.3839724354387525,22.0,1000000.0,0.005,True,1,21;39;23,40,0,0,
2575,2575,Data/800MHz/sim_002575_1N-HN.out,800.0,18.789289276185396,92.0,1622.2222222222222,0.052222222222222225,4.571428571428571,5555.0,5e-09,5e-11,0.85,1.02e-10,1.86e-10,-0.00016,0.3839724354387525,22.0,1000000.0,0.005,True,1,59;19;53,40,0,0,
2576,2576,Data/800MHz/sim_002576_1N-HN.out,800.0,18.789289276185396,92.0,1622.2222222222222,0.052222222222222225,4.928571428571429,5555.0,5e-09,5e-11,0.85,1.02e-10,1.86e-10,-0.00016,0.3839724354387525,22.0,1000000.0,0.005,True,1,67;29;49,40,0,0,
2577,2577,Data/800MHz/sim_002577_1N-HN.out,800.0,18.789289276185396,92.0,1622.2222222222222,0.052222222222222225,5.285714285714286,5555.0,5e-09,5e-11,0.85,1.02e-10,1.86e-10,-0.00016,0.3839724354387525,22.0,1000000.0,0.005,True,1,27;65;73,40,0,0,
2578,2578,Data/800MHz/sim_002578_1N-HN.out,800.0,18.789289276185396,92.0,1622.2222222222222,0.052222222222222225,5.642857142857143,5555.0,5e-09,5e-11,0.85,1.02e-10,1.86e-10,-0.00016,0.3839724354387525,22.0,1000000.0,0.005,True,1,55;39;69,40,0,0,
2579,2579,Data/800MHz/sim_002579_1N-HN.out,800.0,18.789289276185396,92.0,1622.2222222222222,0.052222222222222225,6.0,5555.0,5e-09,5e-11,0.85,1.02e-10,1.86e-10,-0.00016,0.3839724354387525,22.0,1000000.0,0.005,True,1,7;23;41,40,0,0,
2580,2580,Data/800MHz/sim_002580_1N-HN.out,800.0,18.789289276185396,92.0,1622.2222222222222,0.05444444444444445,1.0,5555.0,5e-09,5e-11,0.85,1.02e-10,1.86e-10,-0.00016,0.3839724354387525,22.0,1000000.0,0.005,True,1,55;41;9,40,0,0,
2581,2581,Data/800MHz/sim_002581_1N-HN.out,800.0,18.789289276185396,92.0,1622.2222222222222,0.05444444444444445,1.3571428571428572,5555.0,5e-09,5e-11,0.85,1.02e-10,1.86e-10,-0.00016,0.3839724354387525,22.0,1000000.0,0.005,True,1,15;33;79,40,0,0,
2582,2582,Data/800MHz/sim_002582_1N-HN.out,800.0,18.789289276185396,92.0,1622.2222222222222,0.05444444444444445,1.7142857142857144,5555.0,5e-09,5e-11,0.85,1.02e-10,1.86e-10,-0.00016,0.3839724354387525,22.0,1000000.0,0.005,True,1,59;23;45,40,0,0,
2583,2583,Data/800MHz/sim_002583_1N-HN.out,800.0,18.789289276185396,92.0,1622.2222222222222,0.05444444444444445,2.071428571428571,5555.0,5e-09,5e-11,0.85,1.02e-10,1.86e-10,-0.00016,0.3839724354387525,22.0,1000000.0,0.005,True,1,57;37;3,40,0,0,
2584,2584,Data/800MHz/sim_002584_1N-HN.out,800.0,18.789289276185396,92.0,1622.2222222222222,0.05444444444444445,2.428571428571429,5555.0,5e-09,5e-11,0.85,1.02e-10,1.86e-10,-0.00016,0.3839724354387525,22.0,1000000.0,0.005,True,1,15;67;23,40,0,0,
2585,2585,Data/800MHz/sim_002585_1N-HN.out,800.0,18.789289276185396,92.0,1622.2222222222222,0.05444444444444445,2.7857142857142856,5555.0,5e-09,5e-11,0.85,1.02e-10,1.86e-10,-0.00016,0.3839724354387525,22.0,1000000.0,0.005,True,1,61;45;23,40,0,0,
2586,2586,Data/800MHz/sim_002586_1N-HN.out,800.0,18.789289276185396,92.0,1622.2222222222222,0.05444444444444445,3.142857142857143,5555.0,5e-09,5e-11,0.85,1.02e-10,1.86e-10,-0.00016,0.3839724354387525,22.0,1000000.0,0.005,True,1,37;29;5,40,0,0,
2587,2587,Data/800MHz/sim_002587_1N-HN.out,800.0,18.789289276185396,92.0,1622.2222222222222,0.05444444444444445,3.5,5555.0,5e-09,5e-11,0.85,1.02e-10,1.86e-10,-0.00016,0.3839724354387525,22.0,1000000.0,0.005,True,1,47;67;69,40,0,0,
2588,2588,Data/800MHz/sim_002588_1N-HN.out,800.0,18.789289276185396,92.0,1622.2222222222222,0.05444444444444445,3.857142857142857,5555.0,5e-09,5e-11,0.85,1.02e-10,1.86e-10,-0.00016,0.3839724354387525,22.0,1000000.0,0.005,True,1,33;17;21,40,0,0,
2589,2589,Data/800MHz/sim_002589_1N-HN.out,800.0,18.789289276185396,92.0,1622.2222222222222,0.05444444444444445,4.214285714285714,5555.0,5e-09,5e-11,0.85,1.02e-10,1.86e-10,-0.00016,0.3839724354387525,22.0,1000000.0,0.005,True,1,35;37;77,40,0,0,
2590,2590,Data/800MHz/sim_002590_1N-HN.out,800.0,18.789289276185396,92.0,1622.2222222222222,0.05444444444444445,4.571428571428571,5555.0,5e-09,5e-11,0.85,1.02e-10,1.86e-10,-0.00016,0.3839724354387525,22.0,1000000.0,0.005,True,1,55;43;39,40,0,0,
2591,2591,Data/800MHz/sim_002591_1N-HN.out,800.0,18.789289276185396,92.0,1622.2222222222222,0.05444444444444445,4.928571428571429,5555.0,5e-09,5e-11,0.85,1.02e-10,1.86e-10,-0.00016,0.3839724354387525,22.0,1000000.0,0.005,True,1,3;17;27,40,0,0,
2592,2592,Data/800MHz/sim_002592_1N-HN.out,800.0,18.789289276185396,92.0,1622.2222222222222,0.05444444444444445,5.285714285714286,5555.0,5e-09,5e-11,0.85,1.02e-10,1.86e-10,-0.00016,0.3839724354387525,22.0,1000000.0,0.005,True,1,39;31;21,40,0,0,
2593,2593,Data/800MHz/sim_002593_1N-HN.out,800.0,18.789289276185396,92.0,1622.2222222222222,0.05444444444444445,5.642857142857143,5555.0,5e-09,5e-11,0.85,1.02e-10,1.86e-10,-0.00016,0.3839724354387525,22.0,1000000.0,0.005,True,1,13;59;33,40,0,0,
2594,2594,Data/800MHz/sim_002594_1N-HN.out,800.0,18.789289276185396,92.0,1622.2222222222222,0.05444444444444445,6.0,5555.0,5e-09,5e-11,0.85,1.02e-10,1.86e-10,-0.00016,0.3839724354387525,22.0,1000000.0,0.005,True,1,77;37;51,40,0,0,
2595,2595,Data/800MHz/sim_002595_1N-HN.out,800.0,18.789289276185396,92.0,1622.2222222222222,0.05666666666666667,1.0,5555.0,5e-09,5e-11,0.85,1.02e-10,1.86e-10,-0.00016,0.3839724354387525,22.0,1000000.0,0.005,True,1,29;65;23,40,0,0,
2596,2596,Data/800MHz/sim_002596_1N-HN.out,800.0,18.789289276185396,92.0,1622.2222222222222,0.05666666666666667,1.3571428571428572,5555.0,5e-09,5e-11,0.85,1.02e-10,1.86e-10,-0.00016,0.3839724354387525,22.0,1000000.0,0.005,True,1,39;37;47,40,0,0,
2597,2597,Data/800MHz/sim_002597_1N-HN.out,800.0,18.789289276185396,92.0,1622.2222222222222,0.05666666666666667,1.7142857142857144,5555.0,5e-09,5e-11,0.85,1.02e-10,1.86e-10,-0.00016,0.3839724354387525,22.0,1000000.0,0.005,True,1,9;25;33,40,0,0,
2598,2598,Data/800MHz/sim_002598_1N-HN.out,800.0,18.789289276185396,92.0,1622.2222222222222,0.05666666666666667,2.071428571428571,5555.0,5e-09,5e-11,0.85,1.02e-10,1.86e-10,-0.00016,0.3839724354387525,22.0,1000000.0,0.005,True,1,51;25;7,40,0,0,
2599,2599,Data/800MHz/sim_002599_1N-HN.out,800.0,18.789289276185396,92.0,1622.2222222222222,0.05666666666666667,2.428571428571429,5555.0,5e-09,5e-11,0.85,1.02e-10,1.86e-10,-0.00016,0.3839724354387525,22.0,1000000.0,0.005,True,1,35;67;55,40,0,0,
2600,2600,Data/800MHz/sim_002600_1N-HN.out,800.0,18.789289276185396,92.0,1622.2222222222222,0.05666666666666667,2.7857142857142856,5555.0,5e-09,5e-11,0.85,1.02e-10,1.86e-10,-0.00016,0.3839724354387525,22.0,1000000.0,0.005,True,1,29;79;65,40,0,0,
2601,2601,Data/800MHz/sim_002601_1N-HN.out,800.0,18.789289276185396,92.0,1622.2222222222222,0.05666666666666667,3.142857142857143,5555.0,5e-09,5e-11,0.85,1.02e-10,1.86e-10,-0.00016,0.3839724354387525,22.0,1000000.0,0.005,True,1,19;65;77,40,0,0,
2602,2602,Data/800MHz/sim_002602_1N-HN.out,800.0,18.789289276185396,92.0,1622.2222222222222,0.05666666666666667,3.5,5555.0,5e-09,5e-11,0.85,1.02e-10,1.86e-10,-0.00016,0.3839724354387525,22.0,1000000.0,0.005,True,1,45;27;33,40,0,0,
2603,2603,Data/800MHz/sim_002603_1N-HN.out,800.0,18.789289276185396,92.0,1622.2222222222222,0.05666666666666667,3.857142857142857,5555.0,5e-09,5e-11,0.85,1.02e-10,1.86e-10,-0.00016,0.3839724354387525,22.0,1000000.0,0.005,True,1,33;71;39,40,0,0,
2604,2604,Data/800MHz/sim_002604_1N-HN.out,800.0,18.789289276185396,92.0,1622.2222222222222,0.05666666666666667,4.214285714285714,5555.0,5e-09,5e-11,0.85,1.02e-10,1.86e-10,-0.00016,0.3839724354387525,22.0,1000000.0,0.005,True,1,73;27;49,40,0,0,
2605,2605,Data/800MHz/sim_002605_1N-HN.out,800.0,18.789289276185396,92.0,1622.2222222222222,0.05666666666666667,4.571428571428571,5555.0,5e-09,5e-11,0.85,1.02e-10,1.86e-10,-0.00016,0.3839724354387525,22.0,1000000.0,0.005,True,1,7;51;31,40,0,0,
2606,2606,Data/800MHz/sim_002606_1N-HN.out,800.0,18.789289276185396,92.0,1622.2222222222222,0.05666666666666667,4.928571428571429,5555.0,5e-09,5e-11,0.85,1.02e-10,1.86e-10,-0.00016,0.3839724354387525,22.0,1000000.0,0.005,True,1,25;65;61,40,0,0,
2607,2607,Data/800MHz/sim_002607_1N-HN.out,800.0,18.789289276185396,92.0,1622.2222222222222,0.05666666666666667,5.285714285714286,5555.0,5e-09,5e-11,0.85,1.02e-10,1.86e-10,-0.00016,0.3839724354387525,22.0,1000000.0,0.005,True,1,59;53;51,40,0,0,
2608,2608,Data/800MHz/sim_002608_1N-HN.out,800.0,18.789289276185396,92.0,1622.2222222222222,0.05666666666666667,5.642857142857143,5555.0,5e-09,5e-11,0.85,1.02e-10,1.86e-10,-0.00016,0.3839724354387525,22.0,1000000.0,0.005,True,1,53;61;63,40,0,0,
2609,2609,Data/800MHz/sim_002609_1N-HN.out,800.0,18.789289276185396,92.0,1622.2222222222222,0.05666666666666667,6.0,5555.0,5e-09,5e-11,0.85,1.02e-10,1.86e-10,-0.00016,0.3839724354387525,22.0,1000000.0,0.005,True,1,55;23;35,40,0,0,
2610,2610,Data/800MHz/sim_002610_1N-HN.out,800.0,18.789289276185396,92.0,1622.2222222222222,0.05888888888888889,1.0,5555.0,5e-09,5e-11,0.85,1.02e-10,1.86e-10,-0.00016,0.3839724354387525,22.0,1000000.0,0.005,True,1,1;25;29,40,0,0,
2611,2611,Data/800MHz/sim_002611_1N-HN.out,800.0,18.789289276185396,92.0,1622.2222222222222,0.05888888888888889,1.3571428571428572,5555.0,5e-09,5e-11,0.85,1.02e-10,1.86e-10,-0.00016,0.3839724354387525,22.0,1000000.0,0.005,True,1,25;15;33,40,0,0,
2612,2612,Data/800MHz/sim_002612_1N-HN.out,800.0,18.789289276185396,92.0,1622.2222222222222,0.05888888888888889,1.7142857142857144,5555.0,5e-09,5e-11,0.85,1.02e-10,1.86e-10,-0.00016,0.3839724354387525,22.0,1000000.0,0.005,True,1,63;41;67,40,0,0,
2613,2613,Data/800MHz/sim_002613_1N-HN.out,800.0,18.789289276185396,92.0,1622.2222222222222,0.05888888888888889,2.071428571428571,5555.0,5e-09,5e-11,0.85,1.02e-10,1.86e-10,-0.00016,0.3839724354387525,22.0,1000000.0,0.005,True,1,21;45;55,40,0,0,
2614,2614,Data/800MHz/sim_002614_1N-HN.out,800.0,18.789289276185396,92.0,1622.2222222222222,0.05888888888888889,2.428571428571429,5555.0,5e-09,5e-11,0.85,1.02e-10,1.86e-10,-0.00016,0.3839724354387525,22.0,1000000.0,0.005,True,1,27;53;5,40,0,0,
2615,2615,Data/800MHz/sim_002615_1N-HN.out,800.0,18.789289276185396,92.0,1622.2222222222222,0.05888888888888889,2.7857142857142856,5555.0,5e-09,5e-11,0.85,1.02e-10,1.86e-10,-0.00016,0.3839724354387525,22.0,1000000.0,0.005,True,1,49;69;19,40,0,0,
2616,2616,Data/800MHz/sim_002616_1N-HN.out,800.0,18.789289276185396,92.0,1622.2222222222222,0.05888888888888889,3.142857142857143,5555.0,5e-09,5e-11,0.85,1.02e-10,1.86e-10,-0.00016,0.3839724354387525,22.0,1000000.0,0.005,True,1,3;47;33,40,0,0,
2617,2617,Data/800MHz/sim_002617_1N-HN.out,800.0,18.789289276185396,92.0,1622.2222222222222,0.05888888888888889,3.5,5555.0,5e-09,5e-11,0.85,1.02e-10,1.86e-10,-0.00016,0.3839724354387525,22.0,1000000.0,0.005,True,1,39;31;47,40,0,0,
2618,2618,Data/800MHz/sim_002618_1N-HN.out,800.0,18.789289276185396,92.0,1622.2222222222222,0.05888888888888889,3.857142857142857,5555.0,5e-09,5e-11,0.85,1.02e-10,1.86e-10,-0.00016,0.3839724354387525,22.0,1000000.0,0.005,True,1,33;19;57,40,0,0,
2619,2619,Data/800MHz/sim_002619_1N-HN.out,800.0,18.789289276185396,92.0,1622.2222222222222,0.05888888888888889,4.214285714285714,5555.0,5e-09,5e-11,0.85,1.02e-10,1.86e-10,-0.00016,0.3839724354387525,22.0,1000000.0,0.005,True,1,55;33;51,40,0,0,
2620,2620,Data/800MHz/sim_002620_1N-HN.out,800.0,18.789289276185396,92.0,1622.2222222222222,0.05888888888888889,4.571428571428571,5555.0,5e-09,5e-11,0.85,1.02e-10,1.86e-10,-0.00016,0.3839724354387525,22.0,1000000.0,0.005,True,1,77;49;31,40,0,0,
2621,2621,Data/800MHz/sim_002621_1N-HN.out,800.0,18.789289276185396,92.0,1622.2222222222222,0.05888888888888889,4.928571428571429,5555.0,5e-09,5e-11,0.85,1.02e-10,1.86e-10,-0.00016,0.3839724354387525,22.0,1000000.0,0.005,True,1,3;49;57,40,0,0,
2622,2622,Data/800MHz/sim_002622_1N-HN.out,800.0,18.789289276185396,92.0,1622.2222222222222,0.05888888888888889,5.285714285714286,5555.0,5e-09,5e-11,0.85,1.02e-10,1.86e-10,-0.00016,0.3839724354387525,22.0,1000000.0,0.005,True,1,17;63;45,40,0,0,
2623,2623,Data/800MHz/sim_002623_1N-HN.out,800.0,18.789289276185396,92.0,1622.2222222222222,0.05888888888888889,5.642857142857143,5555.0,5e-09,5e-11,0.85,1.02e-10,1.86e-10,-0.00016,0.3839724354387525,22.0,1000000.0,0.005,True,1,25;37;53,40,0,0,
2624,2624,Data/800MHz/sim_002624_1N-HN.out,800.0,18.789289276185396,92.0,1622.2222222222222,0.05888888888888889,6.0,5555.0,5e-09,5e-11,0.85,1.02e-10,1.86e-10,-0.00016,0.3839724354387525,22.0,1000000.0,0.005,True,1,47;71;63,40,0,0,
2625,2625,Data/800MHz/sim_002625_1N-HN.out,800.0,18.789289276185396,92.0,1622.2222222222222,0.061111111111111116,1.0,5555.0,5e-09,5e-11,0.85,1.02e-10,1.86e-10,-0.00016,0.3839724354387525,22.0,1000000.0,0.005,True,1,9;79;21,40,0,0,
2626,2626,Data/800MHz/sim_002626_1N-HN.out,800.0,18.789289276185396,92.0,1622.2222222222222,0.061111111111111116,1.3571428571428572,5555.0,5e-09,5e-11,0.85,1.02e-10,1.86e-10,-0.00016,0.3839724354387525,22.0,1000000.0,0.005,True,1,7;43;53,40,0,0,
2627,2627,Data/800MHz/sim_002627_1N-HN.out,800.0,18.789289276185396,92.0,1622.2222222222222,0.061111111111111116,1.7142857142857144,5555.0,5e-09,5e-11,0.85,1.02e-10,1.86e-10,-0.00016,0.3839724354387525,22.0,1000000.0,0.005,True,1,13;21;73,40,0,0,
2628,2628,Data/800MHz/sim_002628_1N-HN.out,800.0,18.789289276185396,92.0,1622.2222222222222,0.061111111111111116,2.071428571428571,5555.0,5e-09,5e-11,0.85,1.02e-10,1.86e-10,-0.00016,0.3839724354387525,22.0,1000000.0,0.005,True,1,79;5;27,40,0,0,
2629,2629,Data/800MHz/sim_002629_1N-HN.out,800.0,18.789289276185396,92.0,1622.2222222222222,0.061111111111111116,2.428571428571429,5555.0,5e-09,5e-11,0.85,1.02e-10,1.86e-10,-0.00016,0.3839724354387525,22.0,1000000.0,0.005,True,1,45;13;27,40,0,0,
2630,2630,Data/800MHz/sim_002630_1N-HN.out,800.0,18.789289276185396,92.0,1622.2222222222222,0.061111111111111116,2.7857142857142856,5555.0,5e-09,5e-11,0.85,1.02e-10,1.86e-10,-0.00016,0.3839724354387525,22.0,1000000.0,0.005,True,1,77;45;39,40,0,0,
2631,2631,Data/800MHz/sim_002631_1N-HN.out,800.0,18.789289276185396,92.0,1622.2222222222222,0.061111111111111116,3.142857142857143,5555.0,5e-09,5e-11,0.85,1.02e-10,1.86e-10,-0.00016,0.3839724354387525,22.0,1000000.0,0.005,True,1,41;9;19,40,0,0,
2632,2632,Data/800MHz/sim_002632_1N-HN.out,800.0,18.789289276185396,92.0,1622.2222222222222,0.061111111111111116,3.5,5555.0,5e-09,5e-11,0.85,1.02e-10,1.86e-10,-0.00016,0.3839724354387525,22.0,1000000.0,0.005,True,1,75;33;13,40,0,0,
2633,2633,Data/800MHz/sim_002633_1N-HN.out,800.0,18.789289276185396,92.0,1622.2222222222222,0.061111111111111116,3.857142857142857,5555.0,5e-09,5e-11,0.85,1.02e-10,1.86e-10,-0.00016,0.3839724354387525,22.0,1000000.0,0.005,True,1,11;19;75,40,0,0,
2634,2634,Data/800MHz/sim_002634_1N-HN.out,800.0,18.789289276185396,92.0,1622.2222222222222,0.061111111111111116,4.214285714285714,5555.0,5e-09,5e-11,0.85,1.02e-10,1.86e-10,-0.00016,0.3839724354387525,22.0,1000000.0,0.005,True,1,35;53;63,40,0,0,
2635,2635,Data/800MHz/sim_002635_1N-HN.out,800.0,18.789289276185396,92.0,1622.2222222222222,0.061111111111111116,4.571428571428571,5555.0,5e-09,5e-11,0.85,1.02e-10,1.86e-10,-0.00016,0.3839724354387525,22.0,1000000.0,0.005,True,1,53;23;1,40,0,0,
2636,2636,Data/800MHz/sim_002636_1N-HN.out,800.0,18.789289276185396,92.0,1622.2222222222222,0.061111111111111116,4.928571428571429,5555.0,5e-09,5e-11,0.85,1.02e-10,1.86e-10,-0.00016,0.3839724354387525,22.0,1000000.0,0.005,True,1,79;37;1,40,0,0,
2637,2637,Data/800MHz/sim_002637_1N-HN.out,800.0,18.789289276185396,92.0,1622.2222222222222,0.061111111111111116,5.285714285714286,5555.0,5e-09,5e-11,0.85,1.02e-10,1.86e-10,-0.00016,0.3839724354387525,22.0,1000000.0,0.005,True,1,63;9;73,40,0,0,
2638,2638,Data/800MHz/sim_002638_1N-HN.out,800.0,18.789289276185396,92.0,1622.2222222222222,0.061111111111111116,5.642857142857143,5555.0,5e-09,5e-11,0.85,1.02e-10,1.86e-10,-0.00016,0.3839724354387525,22.0,1000000.0,0.005,True,1,67;25;53,40,0,0,
2639,2639,Data/800MHz/sim_002639_1N-HN.out,800.0,18.789289276185396,92.0,1622.2222222222222,0.061111111111111116,6.0,5555.0,5e-09,5e-11,0.85,1.02e-10,1.86e-10,-0.00016,0.3839724354387525,22.0,1000000.0,0.005,True,1,49;41;25,40,0,0,
2640,2640,Data/800MHz/sim_002640_1N-HN.out,800.0,18.789289276185396,92.0,1622.2222222222222,0.06333333333333334,1.0,5555.0,5e-09,5e-11,0.85,1.02e-10,1.86e-10,-0.00016,0.3839724354387525,22.0,1000000.0,0.005,True,1,15;33;9,40,0,0,
2641,2641,Data/800MHz/sim_002641_1N-HN.out,800.0,18.789289276185396,92.0,1622.2222222222222,0.06333333333333334,1.3571428571428572,5555.0,5e-09,5e-11,0.85,1.02e-10,1.86e-10,-0.00016,0.3839724354387525,22.0,1000000.0,0.005,True,1,47;39;17,40,0,0,
2642,2642,Data/800MHz/sim_002642_1N-HN.out,800.0,18.789289276185396,92.0,1622.2222222222222,0.06333333333333334,1.7142857142857144,5555.0,5e-09,5e-11,0.85,1.02e-10,1.86e-10,-0.00016,0.3839724354387525,22.0,1000000.0,0.005,True,1,33;21;53,40,0,0,
2643,2643,Data/800MHz/sim_002643_1N-HN.out,800.0,18.789289276185396,92.0,1622.2222222222222,0.06333333333333334,2.071428571428571,5555.0,5e-09,5e-11,0.85,1.02e-10,1.86e-10,-0.00016,0.3839724354387525,22.0,1000000.0,0.005,True,1,35;41;31,40,0,0,
2644,2644,Data/800MHz/sim_002644_1N-HN.out,800.0,18.789289276185396,92.0,1622.2222222222222,0.06333333333333334,2.428571428571429,5555.0,5e-09,5e-11,0.85,1.02e-10,1.86e-10,-0.00016,0.3839724354387525,22.0,1000000.0,0.005,True,1,69;75;3,40,0,0,
2645,2645,Data/800MHz/sim_002645_1N-HN.out,800.0,18.789289276185396,92.0,1622.2222222222222,0.06333333333333334,2.7857142857142856,5555.0,5e-09,5e-11,0.85,1.02e-10,1.86e-10,-0.00016,0.3839724354387525,22.0,1000000.0,0.005,True,1,71;41;33,40,0,0,
2646,2646,Data/800MHz/sim_002646_1N-HN.out,800.0,18.789289276185396,92.0,1622.2222222222222,0.06333333333333334,3.142857142857143,5555.0,5e-09,5e-11,0.85,1.02e-10,1.86e-10,-0.00016,0.3839724354387525,22.0,1000000.0,0.005,True,1,33;57;75,40,0,0,
2647,2647,Data/800MHz/sim_002647_1N-HN.out,800.0,18.789289276185396,92.0,1622.2222222222222,0.06333333333333334,3.5,5555.0,5e-09,5e-11,0.85,1.02e-10,1.86e-10,-0.00016,0.3839724354387525,22.0,1000000.0,0.005,True,1,11;7;75,40,0,0,
2648,2648,Data/800MHz/sim_002648_1N-HN.out,800.0,18.789289276185396,92.0,1622.2222222222222,0.06333333333333334,3.857142857142857,5555.0,5e-09,5e-11,0.85,1.02e-10,1.86e-10,-0.00016,0.3839724354387525,22.0,1000000.0,0.005,True,1,71;3;23,40,0,0,
2649,2649,Data/800MHz/sim_002649_1N-HN.out,800.0,18.789289276185396,92.0,1622.2222222222222,0.06333333333333334,4.214285714285714,5555.0,5e-09,5e-11,0.85,1.02e-10,1.86e-10,-0.00016,0.3839724354387525,22.0,1000000.0,0.005,True,1,45;7;79,40,0,0,
2650,2650,Data/800MHz/sim_002650_1N-HN.out,800.0,18.789289276185396,92.0,1622.2222222222222,0.06333333333333334,4.571428571428571,5555.0,5e-09,5e-11,0.85,1.02e-10,1.86e-10,-0.00016,0.3839724354387525,22.0,1000000.0,0.005,True,1,63;15;69,40,0,0,
2651,2651,Data/800MHz/sim_002651_1N-HN.out,800.0,18.789289276185396,92.0,1622.2222222222222,0.06333333333333334,4.928571428571429,5555.0,5e-09,5e-11,0.85,1.02e-10,1.86e-10,-0.00016,0.3839724354387525,22.0,1000000.0,0.005,True,1,11;37;61,40,0,0,
2652,2652,Data/800MHz/sim_002652_1N-HN.out,800.0,18.789289276185396,92.0,1622.2222222222222,0.06333333333333334,5.285714285714286,5555.0,5e-09,5e-11,0.85,1.02e-10,1.86e-10,-0.00016,0.3839724354387525,22.0,1000000.0,0.005,True,1,43;55;61,40,0,0,
2653,2653,Data/800MHz/sim_002653_1N-HN.out,800.0,18.789289276185396,92.0,1622.2222222222222,0.06333333333333334,5.642857142857143,5555.0,5e-09,5e-11,0.85,1.02e-10,1.86e-10,-0.00016,0.3839724354387525,22.0,1000000.0,0.005,True,1,19;67;33,40,0,0,
2654,2654,Data/800MHz/sim_002654_1N-HN.out,800.0,18.789289276185396,92.0,1622.2222222222222,0.06333333333333334,6.0,5555.0,5e-09,5e-11,0.85,1.02e-10,1.86e-10,-0.00016,0.3839724354387525,22.0,1000000.0,0.005,True,1,23;61;47,40,0,0,
2655,2655,Data/800MHz/sim_002655_1N-HN.out,800.0,18.789289276185396,92.0,1622.2222222222222,0.06555555555555556,1.0,5555.0,5e-09,5e-11,0.85,1.02e-10,1.86e-10,-0.00016,0.3839724354387525,22.0,1000000.0,0.005,True,1,31;69;35,40,0,0,
2656,2656,Data/800MHz/sim_002656_1N-HN.out,800.0,18.789289276185396,92.0,1622.2222222222222,0.06555555555555556,1.3571428571428572,5555.0,5e-09,5e-11,0.85,1.02e-10,1.86e-10,-0.00016,0.3839724354387525,22.0,1000000.0,0.005,True,1,65;37;31,40,0,0,
2657,2657,Data/800MHz/sim_002657_1N-HN.out,800.0,18.789289276185396,92.0,1622.2222222222222,0.06555555555555556,1.7142857142857144,5555.0,5e-09,5e-11,0.85,1.02e-10,1.86e-10,-0.00016,0.3839724354387525,22.0,1000000.0,0.005,True,1,1;75;9,40,0,0,
2658,2658,Data/800MHz/sim_002658_1N-HN.out,800.0,18.789289276185396,92.0,1622.2222222222222,0.06555555555555556,2.071428571428571,5555.0,5e-09,5e-11,0.85,1.02e-10,1.86e-10,-0.00016,0.3839724354387525,22.0,1000000.0,0.005,True,1,35;1;51,40,0,0,
2659,2659,Data/800MHz/sim_002659_1N-HN.out,800.0,18.789289276185396,92.0,1622.2222222222222,0.06555555555555556,2.428571428571429,5555.0,5e-09,5e-11,0.85,1.02e-10,1.86e-10,-0.00016,0.3839724354387525,22.0,1000000.0,0.005,True,1,65;9;31,40,0,0,
2660,2660,Data/800MHz/sim_002660_1N-HN.out,800.0,18.789289276185396,92.0,1622.2222222222222,0.06555555555555556,2.7857142857142856,5555.0,5e-09,5e-11,0.85,1.02e-10,1.86e-10,-0.00016,0.3839724354387525,22.0,1000000.0,0.005,True,1,1;75;33,40,0,0,
2661,2661,Data/800MHz/sim_002661_1N-HN.out,800.0,18.789289276185396,92.0,1622.2222222222222,0.06555555555555556,3.142857142857143,5555.0,5e-09,5e-11,0.85,1.02e-10,1.86e-10,-0.00016,0.3839724354387525,22.0,1000000.0,0.005,True,1,69;9;45,40,0,0,
2662,2662,Data/800MHz/sim_002662_1N-HN.out,800.0,18.789289276185396,92.0,1622.2222222222222,0.06555555555555556,3.5,5555.0,5e-09,5e-11,0.85,1.02e-10,1.86e-10,-0.00016,0.3839724354387525,22.0,1000000.0,0.005,True,1,49;7;59,40,0,0,
2663,2663,Data/800MHz/sim_002663_1N-HN.out,800.0,18.789289276185396,92.0,1622.2222222222222,0.06555555555555556,3.857142857142857,5555.0,5e-09,5e-11,0.85,1.02e-10,1.86e-10,-0.00016,0.3839724354387525,22.0,1000000.0,0.005,True,1,41;55;11,40,0,0,
2664,2664,Data/800MHz/sim_002664_1N-HN.out,800.0,18.789289276185396,92.0,1622.2222222222222,0.06555555555555556,4.214285714285714,5555.0,5e-09,5e-11,0.85,1.02e-10,1.86e-10,-0.00016,0.3839724354387525,22.0,1000000.0,0.005,True,1,7;19;63,40,0,0,
2665,2665,Data/800MHz/sim_002665_1N-HN.out,800.0,18.789289276185396,92.0,1622.2222222222222,0.06555555555555556,4.571428571428571,5555.0,5e-09,5e-11,0.85,1.02e-10,1.86e-10,-0.00016,0.3839724354387525,22.0,1000000.0,0.005,True,1,57;69;43,40,0,0,
2666,2666,Data/800MHz/sim_002666_1N-HN.out,800.0,18.789289276185396,92.0,1622.2222222222222,0.06555555555555556,4.928571428571429,5555.0,5e-09,5e-11,0.85,1.02e-10,1.86e-10,-0.00016,0.3839724354387525,22.0,1000000.0,0.005,True,1,47;19;51,40,0,0,
2667,2667,Data/800MHz/sim_002667_1N-HN.out,800.0,18.789289276185396,92.0,1622.2222222222222,0.06555555555555556,5.285714285714286,5555.0,5e-09,5e-11,0.85,1.02e-10,1.86e-10,-0.00016,0.3839724354387525,22.0,1000000.0,0.005,True,1,69;19;37,40,0,0,
2668,2668,Data/800MHz/sim_002668_1N-HN.out,800.0,18.789289276185396,92.0,1622.2222222222222,0.06555555555555556,5.642857142857143,5555.0,5e-09,5e-11,0.85,1.02e-10,1.86e-10,-0.00016,0.3839724354387525,22.0,1000000.0,0.005,True,1,55;77;73,40,0,0,
2669,2669,Data/800MHz/sim_002669_1N-HN.out,800.0,18.789289276185396,92.0,1622.2222222222222,0.06555555555555556,6.0,5555.0,5e-09,5e-11,0.85,1.02e-10,1.86e-10,-0.00016,0.3839724354387525,22.0,1000000.0,0.005,True,1,35;45;7,40,0,0,
2670,2670,Data/800MHz/sim_002670_1N-HN.out,800.0,18.789289276185396,92.0,1622.2222222222222,0.06777777777777778,1.0,5555.0,5e-09,5e-11,0.85,1.02e-10,1.86e-10,-0.00016,0.3839724354387525,22.0,1000000.0,0.005,True,1,71;55;63,40,0,0,
2671,2671,Data/800MHz/sim_002671_1N-HN.out,800.0,18.789289276185396,92.0,1622.2222222222222,0.06777777777777778,1.3571428571428572,5555.0,5e-09,5e-11,0.85,1.02e-10,1.86e-10,-0.00016,0.3839724354387525,22.0,1000000.0,0.005,True,1,9;47;67,40,0,0,
2672,2672,Data/800MHz/sim_002672_1N-HN.out,800.0,18.789289276185396,92.0,1622.2222222222222,0.06777777777777778,1.7142857142857144,5555.0,5e-09,5e-11,0.85,1.02e-10,1.86e-10,-0.00016,0.3839724354387525,22.0,1000000.0,0.005,True,1,13;57;51,40,0,0,
2673,2673,Data/800MHz/sim_002673_1N-HN.out,800.0,18.789289276185396,92.0,1622.2222222222222,0.06777777777777778,2.071428571428571,5555.0,5e-09,5e-11,0.85,1.02e-10,1.86e-10,-0.00016,0.3839724354387525,22.0,1000000.0,0.005,True,1,1;79;59,40,0,0,
2674,2674,Data/800MHz/sim_002674_1N-HN.out,800.0,18.789289276185396,92.0,1622.2222222222222,0.06777777777777778,2.428571428571429,5555.0,5e-09,5e-11,0.85,1.02e-10,1.86e-10,-0.00016,0.3839724354387525,22.0,1000000.0,0.005,True,1,45;69;73,40,0,0,
2675,2675,Data/800MHz/sim_002675_1N-HN.out,800.0,18.789289276185396,92.0,1622.2222222222222,0.06777777777777778,2.7857142857142856,5555.0,5e-09,5e-11,0.85,1.02e-10,1.86e-10,-0.00016,0.3839724354387525,22.0,1000000.0,0.005,True,1,17;61;45,40,0,0,
2676,2676,Data/800MHz/sim_002676_1N-HN.out,800.0,18.789289276185396,92.0,1622.2222222222222,0.06777777777777778,3.142857142857143,5555.0,5e-09,5e-11,0.85,1.02e-10,1.86e-10,-0.00016,0.3839724354387525,22.0,1000000.0,0.005,True,1,31;37;21,40,0,0,
2677,2677,Data/800MHz/sim_002677_1N-HN.out,800.0,18.789289276185396,92.0,1622.2222222222222,0.06777777777777778,3.5,5555.0,5e-09,5e-11,0.85,1.02e-10,1.86e-10,-0.00016,0.3839724354387525,22.0,1000000.0,0.005,True,1,3;77;63,40,0,0,
2678,2678,Data/800MHz/sim_002678_1N-HN.out,800.0,18.789289276185396,92.0,1622.2222222222222,0.06777777777777778,3.857142857142857,5555.0,5e-09,5e-11,0.85,1.02e-10,1.86e-10,-0.00016,0.3839724354387525,22.0,1000000.0,0.005,True,1,77;39;61,40,0,0,
2679,2679,Data/800MHz/sim_002679_1N-HN.out,800.0,18.789289276185396,92.0,1622.2222222222222,0.06777777777777778,4.214285714285714,5555.0,5e-09,5e-11,0.85,1.02e-10,1.86e-10,-0.00016,0.3839724354387525,22.0,1000000.0,0.005,True,1,11;23;59,40,0,0,
2680,2680,Data/800MHz/sim_002680_1N-HN.out,800.0,18.789289276185396,92.0,1622.2222222222222,0.06777777777777778,4.571428571428571,5555.0,5e-09,5e-11,0.85,1.02e-10,1.86e-10,-0.00016,0.3839724354387525,22.0,1000000.0,0.005,True,1,51;61;53,40,0,0,
2681,2681,Data/800MHz/sim_002681_1N-HN.out,800.0,18.789289276185396,92.0,1622.2222222222222,0.06777777777777778,4.928571428571429,5555.0,5e-09,5e-11,0.85,1.02e-10,1.86e-10,-0.00016,0.3839724354387525,22.0,1000000.0,0.005,True,1,59;15;51,40,0,0,
2682,2682,Data/800MHz/sim_002682_1N-HN.out,800.0,18.789289276185396,92.0,1622.2222222222222,0.06777777777777778,5.285714285714286,5555.0,5e-09,5e-11,0.85,1.02e-10,1.86e-10,-0.00016,0.3839724354387525,22.0,1000000.0,0.005,True,1,41;39;71,40,0,0,
2683,2683,Data/800MHz/sim_002683_1N-HN.out,800.0,18.789289276185396,92.0,1622.2222222222222,0.06777777777777778,5.642857142857143,5555.0,5e-09,5e-11,0.85,1.02e-10,1.86e-10,-0.00016,0.3839724354387525,22.0,1000000.0,0.005,True,1,41;21;73,40,0,0,
2684,2684,Data/800MHz/sim_002684_1N-HN.out,800.0,18.789289276185396,92.0,1622.2222222222222,0.06777777777777778,6.0,5555.0,5e-09,5e-11,0.85,1.02e-10,1.86e-10,-0.00016,0.3839724354387525,22.0,1000000.0,0.005,True,1,73;65;59,40,0,0,
2685,2685,Data/800MHz/sim_002685_1N-HN.out,800.0,18.789289276185396,92.0,1622.2222222222222,0.07,1.0,5555.0,5e-09,5e-11,0.85,1.02e-10,1.86e-10,-0.00016,0.3839724354387525,22.0,1000000.0,0.005,True,1,45;1;43,40,0,0,
2686,2686,Data/800MHz/sim_002686_1N-HN.out,800.0,18.789289276185396,92.0,1622.2222222222222,0.07,1.3571428571428572,5555.0,5e-09,5e-11,0.85,1.02e-10,1.86e-10,-0.00016,0.3839724354387525,22.0,1000000.0,0.005,True,1,39;43;31,40,0,0,
2687,2687,Data/800MHz/sim_002687_1N-HN.out,800.0,18.789289276185396,92.0,1622.2222222222222,0.07,1.7142857142857144,5555.0,5e-09,5e-11,0.85,1.02e-10,1.86e-10,-0.00016,0.3839724354387525,22.0,1000000.0,0.005,True,1,59;57;55,40,0,0,
2688,2688,Data/800MHz/sim_002688_1N-HN.out,800.0,18.789289276185396,92.0,1622.2222222222222,0.07,2.071428571428571,5555.0,5e-09,5e-11,0.85,1.02e-10,1.86e-10,-0.00016,0.3839724354387525,22.0,1000000.0,0.005,True,1,43;67;47,40,0,0,
2689,2689,Data/800MHz/sim_002689_1N-HN.out,800.0,18.789289276185396,92.0,1622.2222222222222,0.07,2.428571428571429,5555.0,5e-09,5e-11,0.85,1.02e-10,1.86e-10,-0.00016,0.3839724354387525,22.0,1000000.0,0.005,True,1,35;77;45,40,0,0,
2690,2690,Data/800MHz/sim_002690_1N-HN.out,800.0,18.789289276185396,92.0,1622.2222222222222,0.07,2.7857142857142856,5555.0,5e-09,5e-11,0.85,1.02e-10,1.86e-10,-0.00016,0.3839724354387525,22.0,1000000.0,0.005,True,1,13;41;61,40,0,0,
2691,2691,Data/800MHz/sim_002691_1N-HN.out,800.0,18.789289276185396,92.0,1622.2222222222222,0.07,3.142857142857143,5555.0,5e-09,5e-11,0.85,1.02e-10,1.86e-10,-0.00016,0.3839724354387525,22.0,1000000.0,0.005,True,1,9;35;61,40,0,0,
2692,2692,Data/800MHz/sim_002692_1N-HN.out,800.0,18.789289276185396,92.0,1622.2222222222222,0.07,3.5,5555.0,5e-09,5e-11,0.85,1.02e-10,1.86e-10,-0.00016,0.3839724354387525,22.0,1000000.0,0.005,True,1,33;61;43,40,0,0,
2693,2693,Data/800MHz/sim_002693_1N-HN.out,800.0,18.789289276185396,92.0,1622.2222222222222,0.07,3.857142857142857,5555.0,5e-09,5e-11,0.85,1.02e-10,1.86e-10,-0.00016,0.3839724354387525,22.0,1000000.0,0.005,True,1,69;63;33,40,0,0,
2694,2694,Data/800MHz/sim_002694_1N-HN.out,800.0,18.789289276185396,92.0,1622.2222222222222,0.07,4.214285714285714,5555.0,5e-09,5e-11,0.85,1.02e-10,1.86e-10,-0.00016,0.3839724354387525,22.0,1000000.0,0.005,True,1,37;63;71,40,0,0,
2695,2695,Data/800MHz/sim_002695_1N-HN.out,800.0,18.789289276185396,92.0,1622.2222222222222,0.07,4.571428571428571,5555.0,5e-09,5e-11,0.85,1.02e-10,1.86e-10,-0.00016,0.3839724354387525,22.0,1000000.0,0.005,True,1,29;63;39,40,0,0,
2696,2696,Data/800MHz/sim_002696_1N-HN.out,800.0,18.789289276185396,92.0,1622.2222222222222,0.07,4.928571428571429,5555.0,5e-09,5e-11,0.85,1.02e-10,1.86e-10,-0.00016,0.3839724354387525,22.0,1000000.0,0.005,True,1,37;43;9,40,0,0,
2697,2697,Data/800MHz/sim_002697_1N-HN.out,800.0,18.789289276185396,92.0,1622.2222222222222,0.07,5.285714285714286,5555.0,5e-09,5e-11,0.85,1.02e-10,1.86e-10,-0.00016,0.3839724354387525,22.0,1000000.0,0.005,True,1,41;79;21,40,0,0,
2698,2698,Data/800MHz/sim_002698_1N-HN.out,800.0,18.789289276185396,92.0,1622.2222222222222,0.07,5.642857142857143,5555.0,5e-09,5e-11,0.85,1.02e-10,1.86e-10,-0.00016,0.3839724354387525,22.0,1000000.0,0.005,True,1,7;47;13,40,0,0,
2699,2699,Data/800MHz/sim_002699_1N-HN.out,800.0,18.789289276185396,92.0,1622.2222222222222,0.07,6.0,5555.0,5e-09,5e-11,0.85,1.02e-10,1.86e-10,-0.00016,0.3839724354387525,22.0,1000000.0,0.005,True,1,27;75;31,40,0,0,
2700,2700,Data/800MHz/sim_002700_1N-HN.out,800.0,18.789289276185396,92.0,1811.111111111111,0.05,1.0,5555.0,5e-09,5e-11,0.85,1.02e-10,1.86e-10,-0.00016,0.3839724354387525,22.0,1000000.0,0.005,True,1,25;13;77,40,0,0,
2701,2701,Data/800MHz/sim_002701_1N-HN.out,800.0,18.789289276185396,92.0,1811.111111111111,0.05,1.3571428571428572,5555.0,5e-09,5e-11,0.85,1.02e-10,1.86e-10,-0.00016,0.3839724354387525,22.0,1000000.0,0.005,True,1,61;53;35,40,0,0,
2702,2702,Data/800MHz/sim_002702_1N-HN.out,800.0,18.789289276185396,92.0,1811.111111111111,0.05,1.7142857142857144,5555.0,5e-09,5e-11,0.85,1.02e-10,1.86e-10,-0.00016,0.3839724354387525,22.0,1000000.0,0.005,True,1,33;25;61,40,0,0,
2703,2703,Data/800MHz/sim_002703_1N-HN.out,800.0,18.789289276185396,92.0,1811.111111111111,0.05,2.071428571428571,5555.0,5e-09,5e-11,0.85,1.02e-10,1.86e-10,-0.00016,0.3839724354387525,22.0,1000000.0,0.005,True,1,33;37;13,40,0,0,
2704,2704,Data/800MHz/sim_002704_1N-HN.out,800.0,18.789289276185396,92.0,1811.111111111111,0.05,2.428571428571429,5555.0,5e-09,5e-11,0.85,1.02e-10,1.86e-10,-0.00016,0.3839724354387525,22.0,1000000.0,0.005,True,1,63;35;21,40,0,0,
2705,2705,Data/800MHz/sim_002705_1N-HN.out,800.0,18.789289276185396,92.0,1811.111111111111,0.05,2.7857142857142856,5555.0,5e-09,5e-11,0.85,1.02e-10,1.86e-10,-0.00016,0.3839724354387525,22.0,1000000.0,0.005,True,1,21;61;71,40,0,0,
2706,2706,Data/800MHz/sim_002706_1N-HN.out,800.0,18.789289276185396,92.0,1811.111111111111,0.05,3.142857142857143,5555.0,5e-09,5e-11,0.85,1.02e-10,1.86e-10,-0.00016,0.3839724354387525,22.0,1000000.0,0.005,True,1,3;27;45,40,0,0,
2707,2707,Data/800MHz/sim_002707_1N-HN.out,800.0,18.789289276185396,92.0,1811.111111111111,0.05,3.5,5555.0,5e-09,5e-11,0.85,1.02e-10,1.86e-10,-0.00016,0.3839724354387525,22.0,1000000.0,0.005,True,1,9;29;73,40,0,0,
2708,2708,Data/800MHz/sim_002708_1N-HN.out,800.0,18.789289276185396,92.0,1811.111111111111,0.05,3.857142857142857,5555.0,5e-09,5e-11,0.85,1.02e-10,1.86e-10,-0.00016,0.3839724354387525,22.0,1000000.0,0.005,True,1,77;5;23,40,0,0,
2709,2709,Data/800MHz/sim_002709_1N-HN.out,800.0,18.789289276185396,92.0,1811.111111111111,0.05,4.214285714285714,5555.0,5e-09,5e-11,0.85,1.02e-10,1.86e-10,-0.00016,0.3839724354387525,22.0,1000000.0,0.005,True,1,43;15;25,40,0,0,
2710,2710,Data/800MHz/sim_002710_1N-HN.out,800.0,18.789289276185396,92.0,1811.111111111111,0.05,4.571428571428571,5555.0,5e-09,5e-11,0.85,1.02e-10,1.86e-10,-0.00016,0.3839724354387525,22.0,1000000.0,0.005,True,1,75;73;15,40,0,0,
2711,2711,Data/800MHz/sim_002711_1N-HN.out,800.0,18.789289276185396,92.0,1811.111111111111,0.05,4.928571428571429,5555.0,5e-09,5e-11,0.85,1.02e-10,1.86e-10,-0.00016,0.3839724354387525,22.0,1000000.0,0.005,True,1,29;27;63,40,0,0,
2712,2712,Data/800MHz/sim_002712_1N-HN.out,800.0,18.789289276185396,92.0,1811.111111111111,0.05,5.285714285714286,5555.0,5e-09,5e-11,0.85,1.02e-10,1.86e-10,-0.00016,0.3839724354387525,22.0,1000000.0,0.005,True,1,73;57;1,40,0,0,
2713,2713,Data/800MHz/sim_002713_1N-HN.out,800.0,18.789289276185396,92.0,1811.111111111111,0.05,5.642857142857143,5555.0,5e-09,5e-11,0.85,1.02e-10,1.86e-10,-0.00016,0.3839724354387525,22.0,1000000.0,0.005,True,1,33;45;3,40,0,0,
2714,2714,Data/800MHz/sim_002714_1N-HN.out,800.0,18.789289276185396,92.0,1811.111111111111,0.05,6.0,5555.0,5e-09,5e-11,0.85,1.02e-10,1.86e-10,-0.00016,0.3839724354387525,22.0,1000000.0,0.005,True,1,71;27;35,40,0,0,
2715,2715,Data/800MHz/sim_002715_1N-HN.out,800.0,18.789289276185396,92.0,1811.111111111111,0.052222222222222225,1.0,5555.0,5e-09,5e-11,0.85,1.02e-10,1.86e-10,-0.00016,0.3839724354387525,22.0,1000000.0,0.005,True,1,13;41;25,40,0,0,
2716,2716,Data/800MHz/sim_002716_1N-HN.out,800.0,18.789289276185396,92.0,1811.111111111111,0.052222222222222225,1.3571428571428572,5555.0,5e-09,5e-11,0.85,1.02e-10,1.86e-10,-0.00016,0.3839724354387525,22.0,1000000.0,0.005,True,1,31;11;25,40,0,0,
2717,2717,Data/800MHz/sim_002717_1N-HN.out,800.0,18.789289276185396,92.0,1811.111111111111,0.052222222222222225,1.7142857142857144,5555.0,5e-09,5e-11,0.85,1.02e-10,1.86e-10,-0.00016,0.3839724354387525,22.0,1000000.0,0.005,True,1,51;1;39,40,0,0,
2718,2718,Data/800MHz/sim_002718_1N-HN.out,800.0,18.789289276185396,92.0,1811.111111111111,0.052222222222222225,2.071428571428571,5555.0,5e-09,5e-11,0.85,1.02e-10,1.86e-10,-0.00016,0.3839724354387525,22.0,1000000.0,0.005,True,1,9;33;63,40,0,0,
2719,2719,Data/800MHz/sim_002719_1N-HN.out,800.0,18.789289276185396,92.0,1811.111111111111,0.052222222222222225,2.428571428571429,5555.0,5e-09,5e-11,0.85,1.02e-10,1.86e-10,-0.00016,0.3839724354387525,22.0,1000000.0,0.005,True,1,37;25;65,40,0,0,
2720,2720,Data/800MHz/sim_002720_1N-HN.out,800.0,18.789289276185396,92.0,1811.111111111111,0.052222222222222225,2.7857142857142856,5555.0,5e-09,5e-11,0.85,1.02e-10,1.86e-10,-0.00016,0.3839724354387525,22.0,1000000.0,0.005,True,1,59;27;5,40,0,0,
2721,2721,Data/800MHz/sim_002721_1N-HN.out,800.0,18.789289276185396,92.0,1811.111111111111,0.052222222222222225,3.142857142857143,5555.0,5e-09,5e-11,0.85,1.02e-10,1.86e-10,-0.00016,0.3839724354387525,22.0,1000000.0,0.005,True,1,7;49;19,40,0,0,
2722,2722,Data/800MHz/sim_002722_1N-HN.out,800.0,18.789289276185396,92.0,1811.111111111111,0.052222222222222225,3.5,5555.0,5e-09,5e-11,0.85,1.02e-10,1.86e-10,-0.00016,0.3839724354387525,22.0,1000000.0,0.005,True,1,71;43;15,40,0,0,
2723,2723,Data/800MHz/sim_002723_1N-HN.out,800.0,18.789289276185396,92.0,1811.111111111111,0.052222222222222225,3.857142857142857,5555.0,5e-09,5e-11,0.85,1.02e-10,1.86e-10,-0.00016,0.3839724354387525,22.0,1000000.0,0.005,True,1,15;35;63,40,0,0,
2724,2724,Data/800MHz/sim_002724_1N-HN.out,800.0,18.789289276185396,92.0,1811.111111111111,0.052222222222222225,4.214285714285714,5555.0,5e-09,5e-11,0.85,1.02e-10,1.86e-10,-0.00016,0.3839724354387525,22.0,1000000.0,0.005,True,1,61;55;59,40,0,0,
2725,2725,Data/800MHz/sim_002725_1N-HN.out,800.0,18.789289276185396,92.0,1811.111111111111,0.052222222222222225,4.571428571428571,5555.0,5e-09,5e-11,0.85,1.02e-10,1.86e-10,-0.00016,0.3839724354387525,22.0,1000000.0,0.005,True,1,41;49;61,40,0,0,
2726,2726,Data/800MHz/sim_002726_1N-HN.out,800.0,18.789289276185396,92.0,1811.111111111111,0.052222222222222225,4.928571428571429,5555.0,5e-09,5e-11,0.85,1.02e-10,1.86e-10,-0.00016,0.3839724354387525,22.0,1000000.0,0.005,True,1,75;77;35,40,0,0,
2727,2727,Data/800MHz/sim_002727_1N-HN.out,800.0,18.789289276185396,92.0,1811.111111111111,0.052222222222222225,5.285714285714286,5555.0,5e-09,5e-11,0.85,1.02e-10,1.86e-10,-0.00016,0.3839724354387525,22.0,1000000.0,0.005,True,1,41;31;69,40,0,0,
2728,2728,Data/800MHz/sim_002728_1N-HN.out,800.0,18.789289276185396,92.0,1811.111111111111,0.052222222222222225,5.642857142857143,5555.0,5e-09,5e-11,0.85,1.02e-10,1.86e-10,-0.00016,0.3839724354387525,22.0,1000000.0,0.005,True,1,29;69;33,40,0,0,
2729,2729,Data/800MHz/sim_002729_1N-HN.out,800.0,18.789289276185396,92.0,1811.111111111111,0.052222222222222225,6.0,5555.0,5e-09,5e-11,0.85,1.02e-10,1.86e-10,-0.00016,0.3839724354387525,22.0,1000000.0,0.005,True,1,55;75;13,40,0,0,
2730,2730,Data/800MHz/sim_002730_1N-HN.out,800.0,18.789289276185396,92.0,1811.111111111111,0.05444444444444445,1.0,5555.0,5e-09,5e-11,0.85,1.02e-10,1.86e-10,-0.00016,0.3839724354387525,22.0,1000000.0,0.005,True,1,31;11;19,40,0,0,
2731,2731,Data/800MHz/sim_002731_1N-HN.out,800.0,18.789289276185396,92.0,1811.111111111111,0.05444444444444445,1.3571428571428572,5555.0,5e-09,5e-11,0.85,1.02e-10,1.86e-10,-0.00016,0.3839724354387525,22.0,1000000.0,0.005,True,1,13;47;43,40,0,0,
2732,2732,Data/800MHz/sim_002732_1N-HN.out,800.0,18.789289276185396,92.0,1811.111111111111,0.05444444444444445,1.7142857142857144,5555.0,5e-09,5e-11,0.85,1.02e-10,1.86e-10,-0.00016,0.3839724354387525,22.0,1000000.0,0.005,True,1,35;79;69,40,0,0,
2733,2733,Data/800MHz/sim_002733_1N-HN.out,800.0,18.789289276185396,92.0,1811.111111111111,0.05444444444444445,2.071428571428571,5555.0,5e-09,5e-11,0.85,1.02e-10,1.86e-10,-0.00016,0.3839724354387525,22.0,1000000.0,0.005,True,1,31;65;7,40,0,0,
2734,2734,Data/800MHz/sim_002734_1N-HN.out,800.0,18.789289276185396,92.0,1811.111111111111,0.05444444444444445,2.428571428571429,5555.0,5e-09,5e-11,0.85,1.02e-10,1.86e-10,-0.00016,0.3839724354387525,22.0,1000000.0,0.005,True,1,23;5;13,40,0,0,
2735,2735,Data/800MHz/sim_002735_1N-HN.out,800.0,18.789289276185396,92.0,1811.111111111111,0.05444444444444445,2.7857142857142856,5555.0,5e-09,5e-11,0.85,1.02e-10,1.86e-10,-0.00016,0.3839724354387525,22.0,1000000.0,0.005,True,1,21;29;39,40,0,0,
2736,2736,Data/800MHz/sim_002736_1N-HN.out,800.0,18.789289276185396,92.0,1811.111111111111,0.05444444444444445,3.142857142857143,5555.0,5e-09,5e-11,0.85,1.02e-10,1.86e-10,-0.00016,0.3839724354387525,22.0,1000000.0,0.005,True,1,71;51;13,40,0,0,
2737,2737,Data/800MHz/sim_002737_1N-HN.out,800.0,18.789289276185396,92.0,1811.111111111111,0.05444444444444445,3.5,5555.0,5e-09,5e-11,0.85,1.02e-10,1.86e-10,-0.00016,0.3839724354387525,22.0,1000000.0,0.005,True,1,19;5;45,40,0,0,
2738,2738,Data/800MHz/sim_002738_1N-HN.out,800.0,18.789289276185396,92.0,1811.111111111111,0.05444444444444445,3.857142857142857,5555.0,5e-09,5e-11,0.85,1.02e-10,1.86e-10,-0.00016,0.3839724354387525,22.0,1000000.0,0.005,True,1,41;31;39,40,0,0,
2739,2739,Data/800MHz/sim_002739_1N-HN.out,800.0,18.789289276185396,92.0,1811.111111111111,0.05444444444444445,4.214285714285714,5555.0,5e-09,5e-11,0.85,1.02e-10,1.86e-10,-0.00016,0.3839724354387525,22.0,1000000.0,0.005,True,1,39;33;57,40,0,0,
2740,2740,Data/800MHz/sim_002740_1N-HN.out,800.0,18.789289276185396,92.0,1811.111111111111,0.05444444444444445,4.571428571428571,5555.0,5e-09,5e-11,0.85,1.02e-10,1.86e-10,-0.00016,0.3839724354387525,22.0,1000000.0,0.005,True,1,19;57;15,40,0,0,
2741,2741,Data/800MHz/sim_002741_1N-HN.out,800.0,18.789289276185396,92.0,1811.111111111111,0.05444444444444445,4.928571428571429,5555.0,5e-09,5e-11,0.85,1.02e-10,1.86e-10,-0.00016,0.3839724354387525,22.0,1000000.0,0.005,True,1,23;13;47,40,0,0,
2742,2742,Data/800MHz/sim_002742_1N-HN.out,800.0,18.789289276185396,92.0,1811.111111111111,0.05444444444444445,5.285714285714286,5555.0,5e-09,5e-11,0.85,1.02e-10,1.86e-10,-0.00016,0.3839724354387525,22.0,1000000.0,0.005,True,1,65;25;35,40,0,0,
2743,2743,Data/800MHz/sim_002743_1N-HN.out,800.0,18.789289276185396,92.0,1811.111111111111,0.05444444444444445,5.642857142857143,5555.0,5e-09,5e-11,0.85,1.02e-10,1.86e-10,-0.00016,0.3839724354387525,22.0,1000000.0,0.005,True,1,73;29;57,40,0,0,
2744,2744,Data/800MHz/sim_002744_1N-HN.out,800.0,18.789289276185396,92.0,1811.111111111111,0.05444444444444445,6.0,5555.0,5e-09,5e-11,0.85,1.02e-10,1.86e-10,-0.00016,0.3839724354387525,22.0,1000000.0,0.005,True,1,63;49;47,40,0,0,
2745,2745,Data/800MHz/sim_002745_1N-HN.out,800.0,18.789289276185396,92.0,1811.111111111111,0.05666666666666667,1.0,5555.0,5e-09,5e-11,0.85,1.02e-10,1.86e-10,-0.00016,0.3839724354387525,22.0,1000000.0,0.005,True,1,11;9;49,40,0,0,
2746,2746,Data/800MHz/sim_002746_1N-HN.out,800.0,18.789289276185396,92.0,1811.111111111111,0.05666666666666667,1.3571428571428572,5555.0,5e-09,5e-11,0.85,1.02e-10,1.86e-10,-0.00016,0.3839724354387525,22.0,1000000.0,0.005,True,1,59;67;29,40,0,0,
2747,2747,Data/800MHz/sim_002747_1N-HN.out,800.0,18.789289276185396,92.0,1811.111111111111,0.05666666666666667,1.7142857142857144,5555.0,5e-09,5e-11,0.85,1.02e-10,1.86e-10,-0.00016,0.3839724354387525,22.0,1000000.0,0.005,True,1,65;3;57,40,0,0,
2748,2748,Data/800MHz/sim_002748_1N-HN.out,800.0,18.789289276185396,92.0,1811.111111111111,0.05666666666666667,2.071428571428571,5555.0,5e-09,5e-11,0.85,1.02e-10,1.86e-10,-0.00016,0.3839724354387525,22.0,1000000.0,0.005,True,1,43;71;65,40,0,0,
2749,2749,Data/800MHz/sim_002749_1N-HN.out,800.0,18.789289276185396,92.0,1811.111111111111,0.05666666666666667,2.428571428571429,5555.0,5e-09,5e-11,0.85,1.02e-10,1.86e-10,-0.00016,0.3839724354387525,22.0,1000000.0,0.005,True,1,51;11;39,40,0,0,
2750,2750,Data/800MHz/sim_002750_1N-HN.out,800.0,18.789289276185396,92.0,1811.111111111111,0.05666666666666667,2.7857142857142856,5555.0,5e-09,5e-11,0.85,1.02e-10,1.86e-10,-0.00016,0.3839724354387525,22.0,1000000.0,0.005,True,1,37;17;75,40,0,0,
2751,2751,Data/800MHz/sim_002751_1N-HN.out,800.0,18.789289276185396,92.0,1811.111111111111,0.05666666666666667,3.142857142857143,5555.0,5e-09,5e-11,0.85,1.02e-10,1.86e-10,-0.00016,0.3839724354387525,22.0,1000000.0,0.005,True,1,3;7;45,40,0,0,
2752,2752,Data/800MHz/sim_002752_1N-HN.out,800.0,18.789289276185396,92.0,1811.111111111111,0.05666666666666667,3.5,5555.0,5e-09,5e-11,0.85,1.02e-10,1.86e-10,-0.00016,0.3839724354387525,22.0,1000000.0,0.005,True,1,33;43;73,40,0,0,
2753,2753,Data/800MHz/sim_002753_1N-HN.out,800.0,18.789289276185396,92.0,1811.111111111111,0.05666666666666667,3.857142857142857,5555.0,5e-09,5e-11,0.85,1.02e-10,1.86e-10,-0.00016,0.3839724354387525,22.0,1000000.0,0.005,True,1,29;71;57,40,0,0,
2754,2754,Data/800MHz/sim_002754_1N-HN.out,800.0,18.789289276185396,92.0,1811.111111111111,0.05666666666666667,4.214285714285714,5555.0,5e-09,5e-11,0.85,1.02e-10,1.86e-10,-0.00016,0.3839724354387525,22.0,1000000.0,0.005,True,1,51;45;79,40,0,0,
2755,2755,Data/800MHz/sim_002755_1N-HN.out,800.0,18.789289276185396,92.0,1811.111111111111,0.05666666666666667,4.571428571428571,5555.0,5e-09,5e-11,0.85,1.02e-10,1.86e-10,-0.00016,0.3839724354387525,22.0,1000000.0,0.005,True,1,3;17;23,40,0,0,
2756,2756,Data/800MHz/sim_002756_1N-HN.out,800.0,18.789289276185396,92.0,1811.111111111111,0.05666666666666667,4.928571428571429,5555.0,5e-09,5e-11,0.85,1.02e-10,1.86e-10,-0.00016,0.3839724354387525,22.0,1000000.0,0.005,True,1,1;33;11,40,0,0,
2757,2757,Data/800MHz/sim_002757_1N-HN.out,800.0,18.789289276185396,92.0,1811.111111111111,0.05666666666666667,5.285714285714286,5555.0,5e-09,5e-11,0.85,1.02e-10,1.86e-10,-0.00016,0.3839724354387525,22.0,1000000.0,0.005,True,1,79;29;23,40,0,0,
2758,2758,Data/800MHz/sim_002758_1N-HN.out,800.0,18.789289276185396,92.0,1811.111111111111,0.05666666666666667,5.642857142857143,5555.0,5e-09,5e-11,0.85,1.02e-10,1.86e-10,-0.00016,0.3839724354387525,22.0,1000000.0,0.005,True,1,47;53;17,40,0,0,
2759,2759,Data/800MHz/sim_002759_1N-HN.out,800.0,18.789289276185396,92.0,1811.111111111111,0.05666666666666667,6.0,5555.0,5e-09,5e-11,0.85,1.02e-10,1.86e-10,-0.00016,0.3839724354387525,22.0,1000000.0,0.005,True,1,21;17;25,40,0,0,
2760,2760,Data/800MHz/sim_002760_1N-HN.out,800.0,18.789289276185396,92.0,1811.111111111111,0.05888888888888889,1.0,5555.0,5e-09,5e-11,0.85,1.02e-10,1.86e-10,-0.00016,0.3839724354387525,22.0,1000000.0,0.005,True,1,13;45;69,40,0,0,
2761,2761,Data/800MHz/sim_002761_1N-HN.out,800.0,18.789289276185396,92.0,1811.111111111111,0.05888888888888889,1.3571428571428572,5555.0,5e-09,5e-11,0.85,1.02e-10,1.86e-10,-0.00016,0.3839724354387525,22.0,1000000.0,0.005,True,1,21;31;45,40,0,0,
2762,2762,Data/800MHz/sim_002762_1N-HN.out,800.0,18.789289276185396,92.0,1811.111111111111,0.05888888888888889,1.7142857142857144,5555.0,5e-09,5e-11,0.85,1.02e-10,1.86e-10,-0.00016,0.3839724354387525,22.0,1000000.0,0.005,True,1,15;61;45,40,0,0,
2763,2763,Data/800MHz/sim_002763_1N-HN.out,800.0,18.789289276185396,92.0,1811.111111111111,0.05888888888888889,2.071428571428571,5555.0,5e-09,5e-11,0.85,1.02e-10,1.86e-10,-0.00016,0.3839724354387525,22.0,1000000.0,0.005,True,1,71;63;65,40,0,0,
2764,2764,Data/800MHz/sim_002764_1N-HN.out,800.0,18.789289276185396,92.0,1811.111111111111,0.05888888888888889,2.428571428571429,5555.0,5e-09,5e-11,0.85,1.02e-10,1.86e-10,-0.00016,0.3839724354387525,22.0,1000000.0,0.005,True,1,53;59;23,40,0,0,
2765,2765,Data/800MHz/sim_002765_1N-HN.out,800.0,18.789289276185396,92.0,1811.111111111111,0.05888888888888889,2.7857142857142856,5555.0,5e-09,5e-11,0.85,1.02e-10,1.86e-10,-0.00016,0.3839724354387525,22.0,1000000.0,0.005,True,1,19;65;53,40,0,0,
2766,2766,Data/800MHz/sim_002766_1N-HN.out,800.0,18.789289276185396,92.0,1811.111111111111,0.05888888888888889,3.142857142857143,5555.0,5e-09,5e-11,0.85,1.02e-10,1.86e-10,-0.00016,0.3839724354387525,22.0,1000000.0,0.005,True,1,31;51;19,40,0,0,
2767,2767,Data/800MHz/sim_002767_1N-HN.out,800.0,18.789289276185396,92.0,1811.111111111111,0.05888888888888889,3.5,5555.0,5e-09,5e-11,0.85,1.02e-10,1.86e-10,-0.00016,0.3839724354387525,22.0,1000000.0,0.005,True,1,45;7;5,40,0,0,
2768,2768,Data/800MHz/sim_002768_1N-HN.out,800.0,18.789289276185396,92.0,1811.111111111111,0.05888888888888889,3.857142857142857,5555.0,5e-09,5e-11,0.85,1.02e-10,1.86e-10,-0.00016,0.3839724354387525,22.0,1000000.0,0.005,True,1,53;67;19,40,0,0,
2769,2769,Data/800MHz/sim_002769_1N-HN.out,800.0,18.789289276185396,92.0,1811.111111111111,0.05888888888888889,4.214285714285714,5555.0,5e-09,5e-11,0.85,1.02e-10,1.86e-10,-0.00016,0.3839724354387525,22.0,1000000.0,0.005,True,1,21;65;47,40,0,0,
2770,2770,Data/800MHz/sim_002770_1N-HN.out,800.0,18.789289276185396,92.0,1811.111111111111,0.05888888888888889,4.571428571428571,5555.0,5e-09,5e-11,0.85,1.02e-10,1.86e-10,-0.00016,0.3839724354387525,22.0,1000000.0,0.005,True,1,47;69;77,40,0,0,
2771,2771,Data/800MHz/sim_002771_1N-HN.out,800.0,18.789289276185396,92.0,1811.111111111111,0.05888888888888889,4.928571428571429,5555.0,5e-09,5e-11,0.85,1.02e-10,1.86e-10,-0.00016,0.3839724354387525,22.0,1000000.0,0.005,True,1,59;39;73,40,0,0,
2772,2772,Data/800MHz/sim_002772_1N-HN.out,800.0,18.789289276185396,92.0,1811.111111111111,0.05888888888888889,5.285714285714286,5555.0,5e-09,5e-11,0.85,1.02e-10,1.86e-10,-0.00016,0.3839724354387525,22.0,1000000.0,0.005,True,1,9;35;43,40,0,0,
2773,2773,Data/800MHz/sim_002773_1N-HN.out,800.0,18.789289276185396,92.0,1811.111111111111,0.05888888888888889,5.642857142857143,5555.0,5e-09,5e-11,0.85,1.02e-10,1.86e-10,-0.00016,0.3839724354387525,22.0,1000000.0,0.005,True,1,35;47;53,40,0,0,
2774,2774,Data/800MHz/sim_002774_1N-HN.out,800.0,18.789289276185396,92.0,1811.111111111111,0.05888888888888889,6.0,5555.0,5e-09,5e-11,0.85,1.02e-10,1.86e-10,-0.00016,0.3839724354387525,22.0,1000000.0,0.005,True,1,27;59;67,40,0,0,
2775,2775,Data/800MHz/sim_002775_1N-HN.out,800.0,18.789289276185396,92.0,1811.111111111111,0.061111111111111116,1.0,5555.0,5e-09,5e-11,0.85,1.02e-10,1.86e-10,-0.00016,0.3839724354387525,22.0,1000000.0,0.005,True,1,1;51;17,40,0,0,
2776,2776,Data/800MHz/sim_002776_1N-HN.out,800.0,18.789289276185396,92.0,1811.111111111111,0.061111111111111116,1.3571428571428572,5555.0,5e-09,5e-11,0.85,1.02e-10,1.86e-10,-0.00016,0.3839724354387525,22.0,1000000.0,0.005,True,1,79;25;73,40,0,0,
2777,2777,Data/800MHz/sim_002777_1N-HN.out,800.0,18.789289276185396,92.0,1811.111111111111,0.061111111111111116,1.7142857142857144,5555.0,5e-09,5e-11,0.85,1.02e-10,1.86e-10,-0.00016,0.3839724354387525,22.0,1000000.0,0.005,True,1,13;41;47,40,0,0,
2778,2778,Data/800MHz/sim_002778_1N-HN.out,800.0,18.789289276185396,92.0,1811.111111111111,0.061111111111111116,2.071428571428571,5555.0,5e-09,5e-11,0.85,1.02e-10,1.86e-10,-0.00016,0.3839724354387525,22.0,1000000.0,0.005,True,1,29;35;47,40,0,0,
2779,2779,Data/800MHz/sim_002779_1N-HN.out,800.0,18.789289276185396,92.0,1811.111111111111,0.061111111111111116,2.428571428571429,5555.0,5e-09,5e-11,0.85,1.02e-10,1.86e-10,-0.00016,0.3839724354387525,22.0,1000000.0,0.005,True,1,45;79;15,40,0,0,
2780,2780,Data/800MHz/sim_002780_1N-HN.out,800.0,18.789289276185396,92.0,1811.111111111111,0.061111111111111116,2.7857142857142856,5555.0,5e-09,5e-11,0.85,1.02e-10,1.86e-10,-0.00016,0.3839724354387525,22.0,1000000.0,0.005,True,1,17;27;29,40,0,0,
2781,2781,Data/800MHz/sim_002781_1N-HN.out,800.0,18.789289276185396,92.0,1811.111111111111,0.061111111111111116,3.142857142857143,5555.0,5e-09,5e-11,0.85,1.02e-10,1.86e-10,-0.00016,0.3839724354387525,22.0,1000000.0,0.005,True,1,9;57;47,40,0,0,
2782,2782,Data/800MHz/sim_002782_1N-HN.out,800.0,18.789289276185396,92.0,1811.111111111111,0.061111111111111116,3.5,5555.0,5e-09,5e-11,0.85,1.02e-10,1.86e-10,-0.00016,0.3839724354387525,22.0,1000000.0,0.005,True,1,3;75;19,40,0,0,
2783,2783,Data/800MHz/sim_002783_1N-HN.out,800.0,18.789289276185396,92.0,1811.111111111111,0.061111111111111116,3.857142857142857,5555.0,5e-09,5e-11,0.85,1.02e-10,1.86e-10,-0.00016,0.3839724354387525,22.0,1000000.0,0.005,True,1,41;67;11,40,0,0,
2784,2784,Data/800MHz/sim_002784_1N-HN.out,800.0,18.789289276185396,92.0,1811.111111111111,0.061111111111111116,4.214285714285714,5555.0,5e-09,5e-11,0.85,1.02e-10,1.86e-10,-0.00016,0.3839724354387525,22.0,1000000.0,0.005,True,1,39;17;27,40,0,0,
2785,2785,Data/800MHz/sim_002785_1N-HN.out,800.0,18.789289276185396,92.0,1811.111111111111,0.061111111111111116,4.571428571428571,5555.0,5e-09,5e-11,0.85,1.02e-10,1.86e-10,-0.00016,0.3839724354387525,22.0,1000000.0,0.005,True,1,33;59;79,40,0,0,
2786,2786,Data/800MHz/sim_002786_1N-HN.out,800.0,18.789289276185396,92.0,1811.111111111111,0.061111111111111116,4.928571428571429,5555.0,5e-09,5e-11,0.85,1.02e-10,1.86e-10,-0.00016,0.3839724354387525,22.0,1000000.0,0.005,True,1,43;53;33,40,0,0,
2787,2787,Data/800MHz/sim_002787_1N-HN.out,800.0,18.789289276185396,92.0,1811.111111111111,0.061111111111111116,5.285714285714286,5555.0,5e-09,5e-11,0.85,1.02e-10,1.86e-10,-0.00016,0.3839724354387525,22.0,1000000.0,0.005,True,1,5;45;61,40,0,0,
2788,2788,Data/800MHz/sim_002788_1N-HN.out,800.0,18.789289276185396,92.0,1811.111111111111,0.061111111111111116,5.642857142857143,5555.0,5e-09,5e-11,0.85,1.02e-10,1.86e-10,-0.00016,0.3839724354387525,22.0,1000000.0,0.005,True,1,63;13;39,40,0,0,
2789,2789,Data/800MHz/sim_002789_1N-HN.out,800.0,18.789289276185396,92.0,1811.111111111111,0.061111111111111116,6.0,5555.0,5e-09,5e-11,0.85,1.02e-10,1.86e-10,-0.00016,0.3839724354387525,22.0,1000000.0,0.005,True,1,37;27;29,40,0,0,
2790,2790,Data/800MHz/sim_002790_1N-HN.out,800.0,18.789289276185396,92.0,1811.111111111111,0.06333333333333334,1.0,5555.0,5e-09,5e-11,0.85,1.02e-10,1.86e-10,-0.00016,0.3839724354387525,22.0,1000000.0,0.005,True,1,5;53;73,40,0,0,
2791,2791,Data/800MHz/sim_002791_1N-HN.out,800.0,18.789289276185396,92.0,1811.111111111111,0.06333333333333334,1.3571428571428572,5555.0,5e-09,5e-11,0.85,1.02e-10,1.86e-10,-0.00016,0.3839724354387525,22.0,1000000.0,0.005,True,1,39;11;5,40,0,0,
2792,2792,Data/800MHz/sim_002792_1N-HN.out,800.0,18.789289276185396,92.0,1811.111111111111,0.06333333333333334,1.7142857142857144,5555.0,5e-09,5e-11,0.85,1.02e-10,1.86e-10,-0.00016,0.3839724354387525,22.0,1000000.0,0.005,True,1,75;67;35,40,0,0,
2793,2793,Data/800MHz/sim_002793_1N-HN.out,800.0,18.789289276185396,92.0,1811.111111111111,0.06333333333333334,2.071428571428571,5555.0,5e-09,5e-11,0.85,1.02e-10,1.86e-10,-0.00016,0.3839724354387525,22.0,1000000.0,0.005,True,1,3;5;53,40,0,0,
2794,2794,Data/800MHz/sim_002794_1N-HN.out,800.0,18.789289276185396,92.0,1811.111111111111,0.06333333333333334,2.428571428571429,5555.0,5e-09,5e-11,0.85,1.02e-10,1.86e-10,-0.00016,0.3839724354387525,22.0,1000000.0,0.005,True,1,11;3;19,40,0,0,
2795,2795,Data/800MHz/sim_002795_1N-HN.out,800.0,18.789289276185396,92.0,1811.111111111111,0.06333333333333334,2.7857142857142856,5555.0,5e-09,5e-11,0.85,1.02e-10,1.86e-10,-0.00016,0.3839724354387525,22.0,1000000.0,0.005,True,1,29;15;37,40,0,0,
2796,2796,Data/800MHz/sim_002796_1N-HN.out,800.0,18.789289276185396,92.0,1811.111111111111,0.06333333333333334,3.142857142857143,5555.0,5e-09,5e-11,0.85,1.02e-10,1.86e-10,-0.00016,0.3839724354387525,22.0,1000000.0,0.005,True,1,21;19;51,40,0,0,
2797,2797,Data/800MHz/sim_002797_1N-HN.out,800.0,18.789289276185396,92.0,1811.111111111111,0.06333333333333334,3.5,5555.0,5e-09,5e-11,0.85,1.02e-10,1.86e-10,-0.00016,0.3839724354387525,22.0,1000000.0,0.005,True,1,5;7;41,40,0,0,
2798,2798,Data/800MHz/sim_002798_1N-HN.out,800.0,18.789289276185396,92.0,1811.111111111111,0.06333333333333334,3.857142857142857,5555.0,5e-09,5e-11,0.85,1.02e-10,1.86e-10,-0.00016,0.3839724354387525,22.0,1000000.0,0.005,True,1,43;11;21,40,0,0,
2799,2799,Data/800MHz/sim_002799_1N-HN.out,800.0,18.789289276185396,92.0,1811.111111111111,0.06333333333333334,4.214285714285714,5555.0,5e-09,5e-11,0.85,1.02e-10,1.86e-10,-0.00016,0.3839724354387525,22.0,1000000.0,0.005,True,1,77;19;61,40,0,0,
2800,2800,Data/800MHz/sim_002800_1N-HN.out,800.0,18.789289276185396,92.0,1811.111111111111,0.06333333333333334,4.571428571428571,5555.0,5e-09,5e-11,0.85,1.02e-10,1.86e-10,-0.00016,0.3839724354387525,22.0,1000000.0,0.005,True,1,9;11;5,40,0,0,
2801,2801,Data/800MHz/sim_002801_1N-HN.out,800.0,18.789289276185396,92.0,1811.111111111111,0.06333333333333334,4.928571428571429,5555.0,5e-09,5e-11,0.85,1.02e-10,1.86e-10,-0.00016,0.3839724354387525,22.0,1000000.0,0.005,True,1,31;15;23,40,0,0,
2802,2802,Data/800MHz/sim_002802_1N-HN.out,800.0,18.789289276185396,92.0,1811.111111111111,0.06333333333333334,5.285714285714286,5555.0,5e-09,5e-11,0.85,1.02e-10,1.86e-10,-0.00016,0.3839724354387525,22.0,1000000.0,0.005,True,1,79;27;15,40,0,0,
2803,2803,Data/800MHz/sim_002803_1N-HN.out,800.0,18.789289276185396,92.0,1811.111111111111,0.06333333333333334,5.642857142857143,5555.0,5e-09,5e-11,0.85,1.02e-10,1.86e-10,-0.00016,0.3839724354387525,22.0,1000000.0,0.005,True,1,9;41;11,40,0,0,
2804,2804,Data/800MHz/sim_002804_1N-HN.out,800.0,18.789289276185396,92.0,1811.111111111111,0.06333333333333334,6.0,5555.0,5e-09,5e-11,0.85,1.02e-10,1.86e-10,-0.00016,0.3839724354387525,22.0,1000000.0,0.005,True,1,29;65;39,40,0,0,
2805,2805,Data/800MHz/sim_002805_1N-HN.out,800.0,18.789289276185396,92.0,1811.111111111111,0.06555555555555556,1.0,5555.0,5e-09,5e-11,0.85,1.02e-10,1.86e-10,-0.00016,0.3839724354387525,22.0,1000000.0,0.005,True,1,21;27;79,40,0,0,
2806,2806,Data/800MHz/sim_002806_1N-HN.out,800.0,18.789289276185396,92.0,1811.111111111111,0.06555555555555556,1.3571428571428572,5555.0,5e-09,5e-11,0.85,1.02e-10,1.86e-10,-0.00016,0.3839724354387525,22.0,1000000.0,0.005,True,1,51;11;67,40,0,0,
2807,2807,Data/800MHz/sim_002807_1N-HN.out,800.0,18.789289276185396,92.0,1811.111111111111,0.06555555555555556,1.7142857142857144,5555.0,5e-09,5e-11,0.85,1.02e-10,1.86e-10,-0.00016,0.3839724354387525,22.0,1000000.0,0.005,True,1,75;63;49,40,0,0,
2808,2808,Data/800MHz/sim_002808_1N-HN.out,800.0,18.789289276185396,92.0,1811.111111111111,0.06555555555555556,2.071428571428571,5555.0,5e-09,5e-11,0.85,1.02e-10,1.86e-10,-0.00016,0.3839724354387525,22.0,1000000.0,0.005,True,1,43;63;53,40,0,0,
2809,2809,Data/800MHz/sim_002809_1N-HN.out,800.0,18.789289276185396,92.0,1811.111111111111,0.06555555555555556,2.428571428571429,5555.0,5e-09,5e-11,0.85,1.02e-10,1.86e-10,-0.00016,0.3839724354387525,22.0,1000000.0,0.005,True,1,75;9;73,40,0,0,
2810,2810,Data/800MHz/sim_002810_1N-HN.out,800.0,18.789289276185396,92.0,1811.111111111111,0.06555555555555556,2.7857142857142856,5555.0,5e-09,5e-11,0.85,1.02e-10,1.86e-10,-0.00016,0.3839724354387525,22.0,1000000.0,0.005,True,1,53;51;75,40,0,0,
2811,2811,Data/800MHz/sim_002811_1N-HN.out,800.0,18.789289276185396,92.0,1811.111111111111,0.06555555555555556,3.142857142857143,5555.0,5e-09,5e-11,0.85,1.02e-10,1.86e-10,-0.00016,0.3839724354387525,22.0,1000000.0,0.005,True,1,75;47;31,40,0,0,
2812,2812,Data/800MHz/sim_002812_1N-HN.out,800.0,18.789289276185396,92.0,1811.111111111111,0.06555555555555556,3.5,5555.0,5e-09,5e-11,0.85,1.02e-10,1.86e-10,-0.00016,0.3839724354387525,22.0,1000000.0,0.005,True,1,7;69;47,40,0,0,
2813,2813,Data/800MHz/sim_002813_1N-HN.out,800.0,18.789289276185396,92.0,1811.111111111111,0.06555555555555556,3.857142857142857,5555.0,5e-09,5e-11,0.85,1.02e-10,1.86e-10,-0.00016,0.3839724354387525,22.0,1000000.0,0.005,True,1,61;13;37,40,0,0,
2814,2814,Data/800MHz/sim_002814_1N-HN.out,800.0,18.789289276185396,92.0,1811.111111111111,0.06555555555555556,4.214285714285714,5555.0,5e-09,5e-11,0.85,1.02e-10,1.86e-10,-0.00016,0.3839724354387525,22.0,1000000.0,0.005,True,1,11;67;53,40,0,0,
2815,2815,Data/800MHz/sim_002815_1N-HN.out,800.0,18.789289276185396,92.0,1811.111111111111,0.06555555555555556,4.571428571428571,5555.0,5e-09,5e-11,0.85,1.02e-10,1.86e-10,-0.00016,0.3839724354387525,22.0,1000000.0,0.005,True,1,73;39;57,40,0,0,
2816,2816,Data/800MHz/sim_002816_1N-HN.out,800.0,18.789289276185396,92.0,1811.111111111111,0.06555555555555556,4.928571428571429,5555.0,5e-09,5e-11,0.85,1.02e-10,1.86e-10,-0.00016,0.3839724354387525,22.0,1000000.0,0.005,True,1,7;71;27,40,0,0,
2817,2817,Data/800MHz/sim_002817_1N-HN.out,800.0,18.789289276185396,92.0,1811.111111111111,0.06555555555555556,5.285714285714286,5555.0,5e-09,5e-11,0.85,1.02e-10,1.86e-10,-0.00016,0.3839724354387525,22.0,1000000.0,0.005,True,1,45;5;51,40,0,0,
2818,2818,Data/800MHz/sim_002818_1N-HN.out,800.0,18.789289276185396,92.0,1811.111111111111,0.06555555555555556,5.642857142857143,5555.0,5e-09,5e-11,0.85,1.02e-10,1.86e-10,-0.00016,0.3839724354387525,22.0,1000000.0,0.005,True,1,71;59;65,40,0,0,
2819,2819,Data/800MHz/sim_002819_1N-HN.out,800.0,18.789289276185396,92.0,1811.111111111111,0.06555555555555556,6.0,5555.0,5e-09,5e-11,0.85,1.02e-10,1.86e-10,-0.00016,0.3839724354387525,22.0,1000000.0,0.005,True,1,57;77;55,40,0,0,
2820,2820,Data/800MHz/sim_002820_1N-HN.out,800.0,18.789289276185396,92.0,1811.111111111111,0.06777777777777778,1.0,5555.0,5e-09,5e-11,0.85,1.02e-10,1.86e-10,-0.00016,0.3839724354387525,22.0,1000000.0,0.005,True,1,39;17;55,40,0,0,
2821,2821,Data/800MHz/sim_002821_1N-HN.out,800.0,18.789289276185396,92.0,1811.111111111111,0.06777777777777778,1.3571428571428572,5555.0,5e-09,5e-11,0.85,1.02e-10,1.86e-10,-0.00016,0.3839724354387525,22.0,1000000.0,0.005,True,1,65;13;79,40,0,0,
2822,2822,Data/800MHz/sim_002822_1N-HN.out,800.0,18.789289276185396,92.0,1811.111111111111,0.06777777777777778,1.7142857142857144,5555.0,5e-09,5e-11,0.85,1.02e-10,1.86e-10,-0.00016,0.3839724354387525,22.0,1000000.0,0.005,True,1,73;13;69,40,0,0,
2823,2823,Data/800MHz/sim_002823_1N-HN.out,800.0,18.789289276185396,92.0,1811.111111111111,0.06777777777777778,2.071428571428571,5555.0,5e-09,5e-11,0.85,1.02e-10,1.86e-10,-0.00016,0.3839724354387525,22.0,1000000.0,0.005,True,1,3;15;79,40,0,0,
2824,2824,Data/800MHz/sim_002824_1N-HN.out,800.0,18.789289276185396,92.0,1811.111111111111,0.06777777777777778,2.428571428571429,5555.0,5e-09,5e-11,0.85,1.02e-10,1.86e-10,-0.00016,0.3839724354387525,22.0,1000000.0,0.005,True,1,33;63;47,40,0,0,
2825,2825,Data/800MHz/sim_002825_1N-HN.out,800.0,18.789289276185396,92.0,1811.111111111111,0.06777777777777778,2.7857142857142856,5555.0,5e-09,5e-11,0.85,1.02e-10,1.86e-10,-0.00016,0.3839724354387525,22.0,1000000.0,0.005,True,1,67;69;51,40,0,0,
2826,2826,Data/800MHz/sim_002826_1N-HN.out,800.0,18.789289276185396,92.0,1811.111111111111,0.06777777777777778,3.142857142857143,5555.0,5e-09,5e-11,0.85,1.02e-10,1.86e-10,-0.00016,0.3839724354387525,22.0,1000000.0,0.005,True,1,71;19;61,40,0,0,
2827,2827,Data/800MHz/sim_002827_1N-HN.out,800.0,18.789289276185396,92.0,1811.111111111111,0.06777777777777778,3.5,5555.0,5e-09,5e-11,0.85,1.02e-10,1.86e-10,-0.00016,0.3839724354387525,22.0,1000000.0,0.005,True,1,37;11;15,40,0,0,
2828,2828,Data/800MHz/sim_002828_1N-HN.out,800.0,18.789289276185396,92.0,1811.111111111111,0.06777777777777778,3.857142857142857,5555.0,5e-09,5e-11,0.85,1.02e-10,1.86e-10,-0.00016,0.3839724354387525,22.0,1000000.0,0.005,True,1,17;35;57,40,0,0,
2829,2829,Data/800MHz/sim_002829_1N-HN.out,800.0,18.789289276185396,92.0,1811.111111111111,0.06777777777777778,4.214285714285714,5555.0,5e-09,5e-11,0.85,1.02e-10,1.86e-10,-0.00016,0.3839724354387525,22.0,1000000.0,0.005,True,1,33;13;45,40,0,0,
2830,2830,Data/800MHz/sim_002830_1N-HN.out,800.0,18.789289276185396,92.0,1811.111111111111,0.06777777777777778,4.571428571428571,5555.0,5e-09,5e-11,0.85,1.02e-10,1.86e-10,-0.00016,0.3839724354387525,22.0,1000000.0,0.005,True,1,51;79;49,40,0,0,
2831,2831,Data/800MHz/sim_002831_1N-HN.out,800.0,18.789289276185396,92.0,1811.111111111111,0.06777777777777778,4.928571428571429,5555.0,5e-09,5e-11,0.85,1.02e-10,1.86e-10,-0.00016,0.3839724354387525,22.0,1000000.0,0.005,True,1,37;43;5,40,0,0,
2832,2832,Data/800MHz/sim_002832_1N-HN.out,800.0,18.789289276185396,92.0,1811.111111111111,0.06777777777777778,5.285714285714286,5555.0,5e-09,5e-11,0.85,1.02e-10,1.86e-10,-0.00016,0.3839724354387525,22.0,1000000.0,0.005,True,1,43;31;13,40,0,0,
2833,2833,Data/800MHz/sim_002833_1N-HN.out,800.0,18.789289276185396,92.0,1811.111111111111,0.06777777777777778,5.642857142857143,5555.0,5e-09,5e-11,0.85,1.02e-10,1.86e-10,-0.00016,0.3839724354387525,22.0,1000000.0,0.005,True,1,49;1;55,40,0,0,
2834,2834,Data/800MHz/sim_002834_1N-HN.out,800.0,18.789289276185396,92.0,1811.111111111111,0.06777777777777778,6.0,5555.0,5e-09,5e-11,0.85,1.02e-10,1.86e-10,-0.00016,0.3839724354387525,22.0,1000000.0,0.005,True,1,21;19;31,40,0,0,
2835,2835,Data/800MHz/sim_002835_1N-HN.out,800.0,18.789289276185396,92.0,1811.111111111111,0.07,1.0,5555.0,5e-09,5e-11,0.85,1.02e-10,1.86e-10,-0.00016,0.3839724354387525,22.0,1000000.0,0.005,True,1,73;13;61,40,0,0,
2836,2836,Data/800MHz/sim_002836_1N-HN.out,800.0,18.789289276185396,92.0,1811.111111111111,0.07,1.3571428571428572,5555.0,5e-09,5e-11,0.85,1.02e-10,1.86e-10,-0.00016,0.3839724354387525,22.0,1000000.0,0.005,True,1,15;41;65,40,0,0,
2837,2837,Data/800MHz/sim_002837_1N-HN.out,800.0,18.789289276185396,92.0,1811.111111111111,0.07,1.7142857142857144,5555.0,5e-09,5e-11,0.85,1.02e-10,1.86e-10,-0.00016,0.3839724354387525,22.0,1000000.0,0.005,True,1,79;63;43,40,0,0,
2838,2838,Data/800MHz/sim_002838_1N-HN.out,800.0,18.789289276185396,92.0,1811.111111111111,0.07,2.071428571428571,5555.0,5e-09,5e-11,0.85,1.02e-10,1.86e-10,-0.00016,0.3839724354387525,22.0,1000000.0,0.005,True,1,23;55;61,40,0,0,
2839,2839,Data/800MHz/sim_002839_1N-HN.out,800.0,18.789289276185396,92.0,1811.111111111111,0.07,2.428571428571429,5555.0,5e-09,5e-11,0.85,1.02e-10,1.86e-10,-0.00016,0.3839724354387525,22.0,1000000.0,0.005,True,1,69;15;77,40,0,0,
2840,2840,Data/800MHz/sim_002840_1N-HN.out,800.0,18.789289276185396,92.0,1811.111111111111,0.07,2.7857142857142856,5555.0,5e-09,5e-11,0.85,1.02e-10,1.86e-10,-0.00016,0.3839724354387525,22.0,1000000.0,0.005,True,1,29;77;71,40,0,0,
2841,2841,Data/800MHz/sim_002841_1N-HN.out,800.0,18.789289276185396,92.0,1811.111111111111,0.07,3.142857142857143,5555.0,5e-09,5e-11,0.85,1.02e-10,1.86e-10,-0.00016,0.3839724354387525,22.0,1000000.0,0.005,True,1,1;23;13,40,0,0,
2842,2842,Data/800MHz/sim_002842_1N-HN.out,800.0,18.789289276185396,92.0,1811.111111111111,0.07,3.5,5555.0,5e-09,5e-11,0.85,1.02e-10,1.86e-10,-0.00016,0.3839724354387525,22.0,1000000.0,0.005,True,1,29;31;1,40,0,0,
2843,2843,Data/800MHz/sim_002843_1N-HN.out,800.0,18.789289276185396,92.0,1811.111111111111,0.07,3.857142857142857,5555.0,5e-09,5e-11,0.85,1.02e-10,1.86e-10,-0.00016,0.3839724354387525,22.0,1000000.0,0.005,True,1,69;71;47,40,0,0,
2844,2844,Data/800MHz/sim_002844_1N-HN.out,800.0,18.789289276185396,92.0,1811.111111111111,0.07,4.214285714285714,5555.0,5e-09,5e-11,0.85,1.02e-10,1.86e-10,-0.00016,0.3839724354387525,22.0,1000000.0,0.005,True,1,77;59;21,40,0,0,
2845,2845,Data/800MHz/sim_002845_1N-HN.out,800.0,18.789289276185396,92.0,1811.111111111111,0.07,4.571428571428571,5555.0,5e-09,5e-11,0.85,1.02e-10,1.86e-10,-0.00016,0.3839724354387525,22.0,1000000.0,0.005,True,1,71;55;59,40,0,0,
2846,2846,Data/800MHz/sim_002846_1N-HN.out,800.0,18.789289276185396,92.0,1811.111111111111,0.07,4.928571428571429,5555.0,5e-09,5e-11,0.85,1.02e-10,1.86e-10,-0.00016,0.3839724354387525,22.0,1000000.0,0.005,True,1,41;51;21,40,0,0,
2847,2847,Data/800MHz/sim_002847_1N-HN.out,800.0,18.789289276185396,92.0,1811.111111111111,0.07,5.285714285714286,5555.0,5e-09,5e-11,0.85,1.02e-10,1.86e-10,-0.00016,0.3839724354387525,22.0,1000000.0,0.005,True,1,7;67;69,40,0,0,
2848,2848,Data/800MHz/sim_002848_1N-HN.out,800.0,18.789289276185396,92.0,1811.111111111111,0.07,5.642857142857143,5555.0,5e-09,5e-11,0.85,1.02e-10,1.86e-10,-0.00016,0.3839724354387525,22.0,1000000.0,0.005,True,1,15;67;5,40,0,0,
2849,2849,Data/800MHz/sim_002849_1N-HN.out,800.0,18.789289276185396,92.0,1811.111111111111,0.07,6.0,5555.0,5e-09,5e-11,0.85,1.02e-10,1.86e-10,-0.00016,0.3839724354387525,22.0,1000000.0,0.005,True,1,11;23;17,40,0,0,
2850,2850,Data/800MHz/sim_002850_1N-HN.out,800.0,18.789289276185396,92.0,2000.0,0.05,1.0,5555.0,5e-09,5e-11,0.85,1.02e-10,1.86e-10,-0.00016,0.3839724354387525,22.0,1000000.0,0.005,True,1,59;21;53,40,0,0,
2851,2851,Data/800MHz/sim_002851_1N-HN.out,800.0,18.789289276185396,92.0,2000.0,0.05,1.3571428571428572,5555.0,5e-09,5e-11,0.85,1.02e-10,1.86e-10,-0.00016,0.3839724354387525,22.0,1000000.0,0.005,True,1,45;23;59,40,0,0,
2852,2852,Data/800MHz/sim_002852_1N-HN.out,800.0,18.789289276185396,92.0,2000.0,0.05,1.7142857142857144,5555.0,5e-09,5e-11,0.85,1.02e-10,1.86e-10,-0.00016,0.3839724354387525,22.0,1000000.0,0.005,True,1,79;71;29,40,0,0,
2853,2853,Data/800MHz/sim_002853_1N-HN.out,800.0,18.789289276185396,92.0,2000.0,0.05,2.071428571428571,5555.0,5e-09,5e-11,0.85,1.02e-10,1.86e-10,-0.00016,0.3839724354387525,22.0,1000000.0,0.005,True,1,9;19;61,40,0,0,
2854,2854,Data/800MHz/sim_002854_1N-HN.out,800.0,18.789289276185396,92.0,2000.0,0.05,2.428571428571429,5555.0,5e-09,5e-11,0.85,1.02e-10,1.86e-10,-0.00016,0.3839724354387525,22.0,1000000.0,0.005,True,1,13;9;33,40,0,0,
2855,2855,Data/800MHz/sim_002855_1N-HN.out,800.0,18.789289276185396,92.0,2000.0,0.05,2.7857142857142856,5555.0,5e-09,5e-11,0.85,1.02e-10,1.86e-10,-0.00016,0.3839724354387525,22.0,1000000.0,0.005,True,1,53;49;21,40,0,0,
2856,2856,Data/800MHz/sim_002856_1N-HN.out,800.0,18.789289276185396,92.0,2000.0,0.05,3.142857142857143,5555.0,5e-09,5e-11,0.85,1.02e-10,1.86e-10,-0.00016,0.3839724354387525,22.0,1000000.0,0.005,True,1,47;39;21,40,0,0,
2857,2857,Data/800MHz/sim_002857_1N-HN.out,800.0,18.789289276185396,92.0,2000.0,0.05,3.5,5555.0,5e-09,5e-11,0.85,1.02e-10,1.86e-10,-0.00016,0.3839724354387525,22.0,1000000.0,0.005,True,1,27;33;51,40,0,0,
2858,2858,Data/800MHz/sim_002858_1N-HN.out,800.0,18.789289276185396,92.0,2000.0,0.05,3.857142857142857,5555.0,5e-09,5e-11,0.85,1.02e-10,1.86e-10,-0.00016,0.3839724354387525,22.0,1000000.0,0.005,True,1,63;3;23,40,0,0,
2859,2859,Data/800MHz/sim_002859_1N-HN.out,800.0,18.789289276185396,92.0,2000.0,0.05,4.214285714285714,5555.0,5e-09,5e-11,0.85,1.02e-10,1.86e-10,-0.00016,0.3839724354387525,22.0,1000000.0,0.005,True,1,63;39;3,40,0,0,
2860,2860,Data/800MHz/sim_002860_1N-HN.out,800.0,18.789289276185396,92.0,2000.0,0.05,4.571428571428571,5555.0,5e-09,5e-11,0.85,1.02e-10,1.86e-10,-0.00016,0.3839724354387525,22.0,1000000.0,0.005,True,1,29;17;57,40,0,0,
2861,2861,Data/800MHz/sim_002861_1N-HN.out,800.0,18.789289276185396,92.0,2000.0,0.05,4.928571428571429,5555.0,5e-09,5e-11,0.85,1.02e-10,1.86e-10,-0.00016,0.3839724354387525,22.0,1000000.0,0.005,True,1,25;27;21,40,0,0,
2862,2862,Data/800MHz/sim_002862_1N-HN.out,800.0,18.789289276185396,92.0,2000.0,0.05,5.285714285714286,5555.0,5e-09,5e-11,0.85,1.02e-10,1.86e-10,-0.00016,0.3839724354387525,22.0,1000000.0,0.005,True,1,5;15;65,40,0,0,
2863,2863,Data/800MHz/sim_002863_1N-HN.out,800.0,18.789289276185396,92.0,2000.0,0.05,5.642857142857143,5555.0,5e-09,5e-11,0.85,1.02e-10,1.86e-10,-0.00016,0.3839724354387525,22.0,1000000.0,0.005,True,1,27;63;11,40,0,0,
2864,2864,Data/800MHz/sim_002864_1N-HN.out,800.0,18.789289276185396,92.0,2000.0,0.05,6.0,5555.0,5e-09,5e-11,0.85,1.02e-10,1.86e-10,-0.00016,0.3839724354387525,22.0,1000000.0,0.005,True,1,57;55;49,40,0,0,
2865,2865,Data/800MHz/sim_002865_1N-HN.out,800.0,18.789289276185396,92.0,2000.0,0.052222222222222225,1.0,5555.0,5e-09,5e-11,0.85,1.02e-10,1.86e-10,-0.00016,0.3839724354387525,22.0,1000000.0,0.005,True,1,25;13;51,40,0,0,
2866,2866,Data/800MHz/sim_002866_1N-HN.out,800.0,18.789289276185396,92.0,2000.0,0.052222222222222225,1.3571428571428572,5555.0,5e-09,5e-11,0.85,1.02e-10,1.86e-10,-0.00016,0.3839724354387525,22.0,1000000.0,0.005,True,1,39;17;59,40,0,0,
2867,2867,Data/800MHz/sim_002867_1N-HN.out,800.0,18.789289276185396,92.0,2000.0,0.052222222222222225,1.7142857142857144,5555.0,5e-09,5e-11,0.85,1.02e-10,1.86e-10,-0.00016,0.3839724354387525,22.0,1000000.0,0.005,True,1,57;35;11,40,0,0,
2868,2868,Data/800MHz/sim_002868_1N-HN.out,800.0,18.789289276185396,92.0,2000.0,0.052222222222222225,2.071428571428571,5555.0,5e-09,5e-11,0.85,1.02e-10,1.86e-10,-0.00016,0.3839724354387525,22.0,1000000.0,0.005,True,1,7;43;57,40,0,0,
2869,2869,Data/800MHz/sim_002869_1N-HN.out,800.0,18.789289276185396,92.0,2000.0,0.052222222222222225,2.428571428571429,5555.0,5e-09,5e-11,0.85,1.02e-10,1.86e-10,-0.00016,0.3839724354387525,22.0,1000000.0,0.005,True,1,43;63;29,40,0,0,
2870,2870,Data/800MHz/sim_002870_1N-HN.out,800.0,18.789289276185396,92.0,2000.0,0.052222222222222225,2.7857142857142856,5555.0,5e-09,5e-11,0.85,1.02e-10,1.86e-10,-0.00016,0.3839724354387525,22.0,1000000.0,0.005,True,1,1;71;17,40,0,0,
2871,2871,Data/800MHz/sim_002871_1N-HN.out,800.0,18.789289276185396,92.0,2000.0,0.052222222222222225,3.142857142857143,5555.0,5e-09,5e-11,0.85,1.02e-10,1.86e-10,-0.00016,0.3839724354387525,22.0,1000000.0,0.005,True,1,17;51;1,40,0,0,
2872,2872,Data/800MHz/sim_002872_1N-HN.out,800.0,18.789289276185396,92.0,2000.0,0.052222222222222225,3.5,5555.0,5e-09,5e-11,0.85,1.02e-10,1.86e-10,-0.00016,0.3839724354387525,22.0,1000000.0,0.005,True,1,37;19;71,40,0,0,
2873,2873,Data/800MHz/sim_002873_1N-HN.out,800.0,18.789289276185396,92.0,2000.0,0.052222222222222225,3.857142857142857,5555.0,5e-09,5e-11,0.85,1.02e-10,1.86e-10,-0.00016,0.3839724354387525,22.0,1000000.0,0.005,True,1,3;79;69,40,0,0,
2874,2874,Data/800MHz/sim_002874_1N-HN.out,800.0,18.789289276185396,92.0,2000.0,0.052222222222222225,4.214285714285714,5555.0,5e-09,5e-11,0.85,1.02e-10,1.86e-10,-0.00016,0.3839724354387525,22.0,1000000.0,0.005,True,1,39;11;5,40,0,0,
2875,2875,Data/800MHz/sim_002875_1N-HN.out,800.0,18.789289276185396,92.0,2000.0,0.052222222222222225,4.571428571428571,5555.0,5e-09,5e-11,0.85,1.02e-10,1.86e-10,-0.00016,0.3839724354387525,22.0,1000000.0,0.005,True,1,63;61;43,40,0,0,
2876,2876,Data/800MHz/sim_002876_1N-HN.out,800.0,18.789289276185396,92.0,2000.0,0.052222222222222225,4.928571428571429,5555.0,5e-09,5e-11,0.85,1.02e-10,1.86e-10,-0.00016,0.3839724354387525,22.0,1000000.0,0.005,True,1,15;19;39,40,0,0,
2877,2877,Data/800MHz/sim_002877_1N-HN.out,800.0,18.789289276185396,92.0,2000.0,0.052222222222222225,5.285714285714286,5555.0,5e-09,5e-11,0.85,1.02e-10,1.86e-10,-0.00016,0.3839724354387525,22.0,1000000.0,0.005,True,1,19;65;77,40,0,0,
2878,2878,Data/800MHz/sim_002878_1N-HN.out,800.0,18.789289276185396,92.0,2000.0,0.052222222222222225,5.642857142857143,5555.0,5e-09,5e-11,0.85,1.02e-10,1.86e-10,-0.00016,0.3839724354387525,22.0,1000000.0,0.005,True,1,47;59;33,40,0,0,
2879,2879,Data/800MHz/sim_002879_1N-HN.out,800.0,18.789289276185396,92.0,2000.0,0.052222222222222225,6.0,5555.0,5e-09,5e-11,0.85,1.02e-10,1.86e-10,-0.00016,0.3839724354387525,22.0,1000000.0,0.005,True,1,41;73;37,40,0,0,
2880,2880,Data/800MHz/sim_002880_1N-HN.out,800.0,18.789289276185396,92.0,2000.0,0.05444444444444445,1.0,5555.0,5e-09,5e-11,0.85,1.02e-10,1.86e-10,-0.00016,0.3839724354387525,22.0,1000000.0,0.005,True,1,27;11;13,40,0,0,
2881,2881,Data/800MHz/sim_002881_1N-HN.out,800.0,18.789289276185396,92.0,2000.0,0.05444444444444445,1.3571428571428572,5555.0,5e-09,5e-11,0.85,1.02e-10,1.86e-10,-0.00016,0.3839724354387525,22.0,1000000.0,0.005,True,1,13;25;67,40,0,0,
2882,2882,Data/800MHz/sim_002882_1N-HN.out,800.0,18.789289276185396,92.0,2000.0,0.05444444444444445,1.7142857142857144,5555.0,5e-09,5e-11,0.85,1.02e-10,1.86e-10,-0.00016,0.3839724354387525,22.0,1000000.0,0.005,True,1,49;57;61,40,0,0,
2883,2883,Data/800MHz/sim_002883_1N-HN.out,800.0,18.789289276185396,92.0,2000.0,0.05444444444444445,2.071428571428571,5555.0,5e-09,5e-11,0.85,1.02e-10,1.86e-10,-0.00016,0.3839724354387525,22.0,1000000.0,0.005,True,1,63;47;41,40,0,0,
2884,2884,Data/800MHz/sim_002884_1N-HN.out,800.0,18.789289276185396,92.0,2000.0,0.05444444444444445,2.428571428571429,5555.0,5e-09,5e-11,0.85,1.02e-10,1.86e-10,-0.00016,0.3839724354387525,22.0,1000000.0,0.005,True,1,45;41;29,40,0,0,
2885,2885,Data/800MHz/sim_002885_1N-HN.out,800.0,18.789289276185396,92.0,2000.0,0.05444444444444445,2.7857142857142856,5555.0,5e-09,5e-11,0.85,1.02e-10,1.86e-10,-0.00016,0.3839724354387525,22.0,1000000.0,0.005,True,1,49;79;37,40,0,0,
2886,2886,Data/800MHz/sim_002886_1N-HN.out,800.0,18.789289276185396,92.0,2000.0,0.05444444444444445,3.142857142857143,5555.0,5e-09,5e-11,0.85,1.02e-10,1.86e-10,-0.00016,0.3839724354387525,22.0,1000000.0,0.005,True,1,61;17;37,40,0,0,
2887,2887,Data/800MHz/sim_002887_1N-HN.out,800.0,18.789289276185396,92.0,2000.0,0.05444444444444445,3.5,5555.0,5e-09,5e-11,0.85,1.02e-10,1.86e-10,-0.00016,0.3839724354387525,22.0,1000000.0,0.005,True,1,27;53;39,40,0,0,
2888,2888,Data/800MHz/sim_002888_1N-HN.out,800.0,18.789289276185396,92.0,2000.0,0.05444444444444445,3.857142857142857,5555.0,5e-09,5e-11,0.85,1.02e-10,1.86e-10,-0.00016,0.3839724354387525,22.0,1000000.0,0.005,True,1,5;21;29,40,0,0,
2889,2889,Data/800MHz/sim_002889_1N-HN.out,800.0,18.789289276185396,92.0,2000.0,0.05444444444444445,4.214285714285714,5555.0,5e-09,5e-11,0.85,1.02e-10,1.86e-10,-0.00016,0.3839724354387525,22.0,1000000.0,0.005,True,1,37;69;5,40,0,0,
2890,2890,Data/800MHz/sim_002890_1N-HN.out,800.0,18.789289276185396,92.0,2000.0,0.05444444444444445,4.571428571428571,5555.0,5e-09,5e-11,0.85,1.02e-10,1.86e-10,-0.00016,0.3839724354387525,22.0,1000000.0,0.005,True,1,13;37;3,40,0,0,
2891,2891,Data/800MHz/sim_002891_1N-HN.out,800.0,18.789289276185396,92.0,2000.0,0.05444444444444445,4.928571428571429,5555.0,5e-09,5e-11,0.85,1.02e-10,1.86e-10,-0.00016,0.3839724354387525,22.0,1000000.0,0.005,True,1,31;45;41,40,0,0,
2892,2892,Data/800MHz/sim_002892_1N-HN.out,800.0,18.789289276185396,92.0,2000.0,0.05444444444444445,5.285714285714286,5555.0,5e-09,5e-11,0.85,1.02e-10,1.86e-10,-0.00016,0.3839724354387525,22.0,1000000.0,0.005,True,1,53;61;73,40,0,0,
2893,2893,Data/800MHz/sim_002893_1N-HN.out,800.0,18.789289276185396,92.0,2000.0,0.05444444444444445,5.642857142857143,5555.0,5e-09,5e-11,0.85,1.02e-10,1.86e-10,-0.00016,0.3839724354387525,22.0,1000000.0,0.005,True,1,15;43;7,40,0,0,
2894,2894,Data/800MHz/sim_002894_1N-HN.out,800.0,18.789289276185396,92.0,2000.0,0.05444444444444445,6.0,5555.0,5e-09,5e-11,0.85,1.02e-10,1.86e-10,-0.00016,0.3839724354387525,22.0,1000000.0,0.005,True,1,39;79;61,40,0,0,
2895,2895,Data/800MHz/sim_002895_1N-HN.out,800.0,18.789289276185396,92.0,2000.0,0.05666666666666667,1.0,5555.0,5e-09,5e-11,0.85,1.02e-10,1.86e-10,-0.00016,0.3839724354387525,22.0,1000000.0,0.005,True,1,13;75;61,40,0,0,
2896,2896,Data/800MHz/sim_002896_1N-HN.out,800.0,18.789289276185396,92.0,2000.0,0.05666666666666667,1.3571428571428572,5555.0,5e-09,5e-11,0.85,1.02e-10,1.86e-10,-0.00016,0.3839724354387525,22.0,1000000.0,0.005,True,1,49;71;17,40,0,0,
2897,2897,Data/800MHz/sim_002897_1N-HN.out,800.0,18.789289276185396,92.0,2000.0,0.05666666666666667,1.7142857142857144,5555.0,5e-09,5e-11,0.85,1.02e-10,1.86e-10,-0.00016,0.3839724354387525,22.0,1000000.0,0.005,True,1,17;49;41,40,0,0,
2898,2898,Data/800MHz/sim_002898_1N-HN.out,800.0,18.789289276185396,92.0,2000.0,0.05666666666666667,2.071428571428571,5555.0,5e-09,5e-11,0.85,1.02e-10,1.86e-10,-0.00016,0.3839724354387525,22.0,1000000.0,0.005,True,1,47;21;7,40,0,0,
2899,2899,Data/800MHz/sim_002899_1N-HN.out,800.0,18.789289276185396,92.0,2000.0,0.05666666666666667,2.428571428571429,5555.0,5e-09,5e-11,0.85,1.02e-10,1.86e-10,-0.00016,0.3839724354387525,22.0,1000000.0,0.005,True,1,27;33;53,40,0,0,
2900,2900,Data/800MHz/sim_002900_1N-HN.out,800.0,18.789289276185396,92.0,2000.0,0.05666666666666667,2.7857142857142856,5555.0,5e-09,5e-11,0.85,1.02e-10,1.86e-10,-0.00016,0.3839724354387525,22.0,1000000.0,0.005,True,1,55;27;3,40,0,0,
2901,2901,Data/800MHz/sim_002901_1N-HN.out,800.0,18.789289276185396,92.0,2000.0,0.05666666666666667,3.142857142857143,5555.0,5e-09,5e-11,0.85,1.02e-10,1.86e-10,-0.00016,0.3839724354387525,22.0,1000000.0,0.005,True,1,55;65;3,40,0,0,
2902,2902,Data/800MHz/sim_002902_1N-HN.out,800.0,18.789289276185396,92.0,2000.0,0.05666666666666667,3.5,5555.0,5e-09,5e-11,0.85,1.02e-10,1.86e-10,-0.00016,0.3839724354387525,22.0,1000000.0,0.005,True,1,15;31;61,40,0,0,
2903,2903,Data/800MHz/sim_002903_1N-HN.out,800.0,18.789289276185396,92.0,2000.0,0.05666666666666667,3.857142857142857,5555.0,5e-09,5e-11,0.85,1.02e-10,1.86e-10,-0.00016,0.3839724354387525,22.0,1000000.0,0.005,True,1,3;73;53,40,0,0,
2904,2904,Data/800MHz/sim_002904_1N-HN.out,800.0,18.789289276185396,92.0,2000.0,0.05666666666666667,4.214285714285714,5555.0,5e-09,5e-11,0.85,1.02e-10,1.86e-10,-0.00016,0.3839724354387525,22.0,1000000.0,0.005,True,1,33;19;31,40,0,0,
2905,2905,Data/800MHz/sim_002905_1N-HN.out,800.0,18.789289276185396,92.0,2000.0,0.05666666666666667,4.571428571428571,5555.0,5e-09,5e-11,0.85,1.02e-10,1.86e-10,-0.00016,0.3839724354387525,22.0,1000000.0,0.005,True,1,71;23;19,40,0,0,
2906,2906,Data/800MHz/sim_002906_1N-HN.out,800.0,18.789289276185396,92.0,2000.0,0.05666666666666667,4.928571428571429,5555.0,5e-09,5e-11,0.85,1.02e-10,1.86e-10,-0.00016,0.3839724354387525,22.0,1000000.0,0.005,True,1,25;33;37,40,0,0,
2907,2907,Data/800MHz/sim_002907_1N-HN.out,800.0,18.789289276185396,92.0,2000.0,0.05666666666666667,5.285714285714286,5555.0,5e-09,5e-11,0.85,1.02e-10,1.86e-10,-0.00016,0.3839724354387525,22.0,1000000.0,0.005,True,1,53;49;9,40,0,0,
2908,2908,Data/800MHz/sim_002908_1N-HN.out,800.0,18.789289276185396,92.0,2000.0,0.05666666666666667,5.642857142857143,5555.0,5e-09,5e-11,0.85,1.02e-10,1.86e-10,-0.00016,0.3839724354387525,22.0,1000000.0,0.005,True,1,33;71;21,40,0,0,
2909,2909,Data/800MHz/sim_002909_1N-HN.out,800.0,18.789289276185396,92.0,2000.0,0.05666666666666667,6.0,5555.0,5e-09,5e-11,0.85,1.02e-10,1.86e-10,-0.00016,0.3839724354387525,22.0,1000000.0,0.005,True,1,23;9;19,40,0,0,
2910,2910,Data/800MHz/sim_002910_1N-HN.out,800.0,18.789289276185396,92.0,2000.0,0.05888888888888889,1.0,5555.0,5e-09,5e-11,0.85,1.02e-10,1.86e-10,-0.00016,0.3839724354387525,22.0,1000000.0,0.005,True,1,59;31;35,40,0,0,
2911,2911,Data/800MHz/sim_002911_1N-HN.out,800.0,18.789289276185396,92.0,2000.0,0.05888888888888889,1.3571428571428572,5555.0,5e-09,5e-11,0.85,1.02e-10,1.86e-10,-0.00016,0.3839724354387525,22.0,1000000.0,0.005,True,1,17;73;57,40,0,0,
2912,2912,Data/800MHz/sim_002912_1N-HN.out,800.0,18.789289276185396,92.0,2000.0,0.05888888888888889,1.7142857142857144,5555.0,5e-09,5e-11,0.85,1.02e-10,1.86e-10,-0.00016,0.3839724354387525,22.0,1000000.0,0.005,True,1,31;45;33,40,0,0,
2913,2913,Data/800MHz/sim_002913_1N-HN.out,800.0,18.789289276185396,92.0,2000.0,0.05888888888888889,2.071428571428571,5555.0,5e-09,5e-11,0.85,1.02e-10,1.86e-10,-0.00016,0.3839724354387525,22.0,1000000.0,0.005,True,1,23;65;29,40,0,0,
2914,2914,Data/800MHz/sim_002914_1N-HN.out,800.0,18.789289276185396,92.0,2000.0,0.05888888888888889,2.428571428571429,5555.0,5e-09,5e-11,0.85,1.02e-10,1.86e-10,-0.00016,0.3839724354387525,22.0,1000000.0,0.005,True,1,57;65;75,40,0,0,
2915,2915,Data/800MHz/sim_002915_1N-HN.out,800.0,18.789289276185396,92.0,2000.0,0.05888888888888889,2.7857142857142856,5555.0,5e-09,5e-11,0.85,1.02e-10,1.86e-10,-0.00016,0.3839724354387525,22.0,1000000.0,0.005,True,1,63;31;75,40,0,0,
2916,2916,Data/800MHz/sim_002916_1N-HN.out,800.0,18.789289276185396,92.0,2000.0,0.05888888888888889,3.142857142857143,5555.0,5e-09,5e-11,0.85,1.02e-10,1.86e-10,-0.00016,0.3839724354387525,22.0,1000000.0,0.005,True,1,49;53;7,40,0,0,
2917,2917,Data/800MHz/sim_002917_1N-HN.out,800.0,18.789289276185396,92.0,2000.0,0.05888888888888889,3.5,5555.0,5e-09,5e-11,0.85,1.02e-10,1.86e-10,-0.00016,0.3839724354387525,22.0,1000000.0,0.005,True,1,13;49;3,40,0,0,
2918,2918,Data/800MHz/sim_002918_1N-HN.out,800.0,18.789289276185396,92.0,2000.0,0.05888888888888889,3.857142857142857,5555.0,5e-09,5e-11,0.85,1.02e-10,1.86e-10,-0.00016,0.3839724354387525,22.0,1000000.0,0.005,True,1,5;63;39,40,0,0,
2919,2919,Data/800MHz/sim_002919_1N-HN.out,800.0,18.789289276185396,92.0,2000.0,0.05888888888888889,4.214285714285714,5555.0,5e-09,5e-11,0.85,1.02e-10,1.86e-10,-0.00016,0.3839724354387525,22.0,1000000.0,0.005,True,1,73;13;1,40,0,0,
2920,2920,Data/800MHz/sim_002920_1N-HN.out,800.0,18.789289276185396,92.0,2000.0,0.05888888888888889,4.571428571428571,5555.0,5e-09,5e-11,0.85,1.02e-10,1.86e-10,-0.00016,0.3839724354387525,22.0,1000000.0,0.005,True,1,43;73;23,40,0,0,
2921,2921,Data/800MHz/sim_002921_1N-HN.out,800.0,18.789289276185396,92.0,2000.0,0.05888888888888889,4.928571428571429,5555.0,5e-09,5e-11,0.85,1.02e-10,1.86e-10,-0.00016,0.3839724354387525,22.0,1000000.0,0.005,True,1,9;27;51,40,0,0,
2922,2922,Data/800MHz/sim_002922_1N-HN.out,800.0,18.789289276185396,92.0,2000.0,0.05888888888888889,5.285714285714286,5555.0,5e-09,5e-11,0.85,1.02e-10,1.86e-10,-0.00016,0.3839724354387525,22.0,1000000.0,0.005,True,1,41;11;17,40,0,0,
2923,2923,Data/800MHz/sim_002923_1N-HN.out,800.0,18.789289276185396,92.0,2000.0,0.05888888888888889,5.642857142857143,5555.0,5e-09,5e-11,0.85,1.02e-10,1.86e-10,-0.00016,0.3839724354387525,22.0,1000000.0,0.005,True,1,3;75;65,40,0,0,
2924,2924,Data/800MHz/sim_002924_1N-HN.out,800.0,18.789289276185396,92.0,2000.0,0.05888888888888889,6.0,5555.0,5e-09,5e-11,0.85,1.02e-10,1.86e-10,-0.00016,0.3839724354387525,22.0,1000000.0,0.005,True,1,37;73;9,40,0,0,
2925,2925,Data/800MHz/sim_002925_1N-HN.out,800.0,18.789289276185396,92.0,2000.0,0.061111111111111116,1.0,5555.0,5e-09,5e-11,0.85,1.02e-10,1.86e-10,-0.00016,0.3839724354387525,22.0,1000000.0,0.005,True,1,15;65;67,40,0,0,
2926,2926,Data/800MHz/sim_002926_1N-HN.out,800.0,18.789289276185396,92.0,2000.0,0.061111111111111116,1.3571428571428572,5555.0,5e-09,5e-11,0.85,1.02e-10,1.86e-10,-0.00016,0.3839724354387525,22.0,1000000.0,0.005,True,1,29;41;73,40,0,0,
2927,2927,Data/800MHz/sim_002927_1N-HN.out,800.0,18.789289276185396,92.0,2000.0,0.061111111111111116,1.7142857142857144,5555.0,5e-09,5e-11,0.85,1.02e-10,1.86e-10,-0.00016,0.3839724354387525,22.0,1000000.0,0.005,True,1,57;15;71,40,0,0,
2928,2928,Data/800MHz/sim_002928_1N-HN.out,800.0,18.789289276185396,92.0,2000.0,0.061111111111111116,2.071428571428571,5555.0,5e-09,5e-11,0.85,1.02e-10,1.86e-10,-0.00016,0.3839724354387525,22.0,1000000.0,0.005,True,1,59;15;53,40,0,0,
2929,2929,Data/800MHz/sim_002929_1N-HN.out,800.0,18.789289276185396,92.0,2000.0,0.061111111111111116,2.428571428571429,5555.0,5e-09,5e-11,0.85,1.02e-10,1.86e-10,-0.00016,0.3839724354387525,22.0,1000000.0,0.005,True,1,9;71;53,40,0,0,
2930,2930,Data/800MHz/sim_002930_1N-HN.out,800.0,18.789289276185396,92.0,2000.0,0.061111111111111116,2.7857142857142856,5555.0,5e-09,5e-11,0.85,1.02e-10,1.86e-10,-0.00016,0.3839724354387525,22.0,1000000.0,0.005,True,1,61;41;17,40,0,0,
2931,2931,Data/800MHz/sim_002931_1N-HN.out,800.0,18.789289276185396,92.0,2000.0,0.061111111111111116,3.142857142857143,5555.0,5e-09,5e-11,0.85,1.02e-10,1.86e-10,-0.00016,0.3839724354387525,22.0,1000000.0,0.005,True,1,73;39;79,40,0,0,
2932,2932,Data/800MHz/sim_002932_1N-HN.out,800.0,18.789289276185396,92.0,2000.0,0.061111111111111116,3.5,5555.0,5e-09,5e-11,0.85,1.02e-10,1.86e-10,-0.00016,0.3839724354387525,22.0,1000000.0,0.005,True,1,9;19;37,40,0,0,
2933,2933,Data/800MHz/sim_002933_1N-HN.out,800.0,18.789289276185396,92.0,2000.0,0.061111111111111116,3.857142857142857,5555.0,5e-09,5e-11,0.85,1.02e-10,1.86e-10,-0.00016,0.3839724354387525,22.0,1000000.0,0.005,True,1,5;25;33,40,0,0,
2934,2934,Data/800MHz/sim_002934_1N-HN.out,800.0,18.789289276185396,92.0,2000.0,0.061111111111111116,4.214285714285714,5555.0,5e-09,5e-11,0.85,1.02e-10,1.86e-10,-0.00016,0.3839724354387525,22.0,1000000.0,0.005,True,1,55;69;19,40,0,0,
2935,2935,Data/800MHz/sim_002935_1N-HN.out,800.0,18.789289276185396,92.0,2000.0,0.061111111111111116,4.571428571428571,5555.0,5e-09,5e-11,0.85,1.02e-10,1.86e-10,-0.00016,0.3839724354387525,22.0,1000000.0,0.005,True,1,53;9;45,40,0,0,
2936,2936,Data/800MHz/sim_002936_1N-HN.out,800.0,18.789289276185396,92.0,2000.0,0.061111111111111116,4.928571428571429,5555.0,5e-09,5e-11,0.85,1.02e-10,1.86e-10,-0.00016,0.3839724354387525,22.0,1000000.0,0.005,True,1,59;3;49,40,0,0,
2937,2937,Data/800MHz/sim_002937_1N-HN.out,800.0,18.789289276185396,92.0,2000.0,0.061111111111111116,5.285714285714286,5555.0,5e-09,5e-11,0.85,1.02e-10,1.86e-10,-0.00016,0.3839724354387525,22.0,1000000.0,0.005,True,1,53;9;69,40,0,0,
2938,2938,Data/800MHz/sim_002938_1N-HN.out,800.0,18.789289276185396,92.0,2000.0,0.061111111111111116,5.642857142857143,5555.0,5e-09,5e-11,0.85,1.02e-10,1.86e-10,-0.00016,0.3839724354387525,22.0,1000000.0,0.005,True,1,69;27;67,40,0,0,
2939,2939,Data/800MHz/sim_002939_1N-HN.out,800.0,18.789289276185396,92.0,2000.0,0.061111111111111116,6.0,5555.0,5e-09,5e-11,0.85,1.02e-10,1.86e-10,-0.00016,0.3839724354387525,22.0,1000000.0,0.005,True,1,51;35;79,40,0,0,
2940,2940,Data/800MHz/sim_002940_1N-HN.out,800.0,18.789289276185396,92.0,2000.0,0.06333333333333334,1.0,5555.0,5e-09,5e-11,0.85,1.02e-10,1.86e-10,-0.00016,0.3839724354387525,22.0,1000000.0,0.005,True,1,27;47;57,40,0,0,
2941,2941,Data/800MHz/sim_002941_1N-HN.out,800.0,18.789289276185396,92.0,2000.0,0.06333333333333334,1.3571428571428572,5555.0,5e-09,5e-11,0.85,1.02e-10,1.86e-10,-0.00016,0.3839724354387525,22.0,1000000.0,0.005,True,1,35;57;7,40,0,0,
2942,2942,Data/800MHz/sim_002942_1N-HN.out,800.0,18.789289276185396,92.0,2000.0,0.06333333333333334,1.7142857142857144,5555.0,5e-09,5e-11,0.85,1.02e-10,1.86e-10,-0.00016,0.3839724354387525,22.0,1000000.0,0.005,True,1,47;75;31,40,0,0,
2943,2943,Data/800MHz/sim_002943_1N-HN.out,800.0,18.789289276185396,92.0,2000.0,0.06333333333333334,2.071428571428571,5555.0,5e-09,5e-11,0.85,1.02e-10,1.86e-10,-0.00016,0.3839724354387525,22.0,1000000.0,0.005,True,1,17;71;35,40,0,0,
2944,2944,Data/800MHz/sim_002944_1N-HN.out,800.0,18.789289276185396,92.0,2000.0,0.06333333333333334,2.428571428571429,5555.0,5e-09,5e-11,0.85,1.02e-10,1.86e-10,-0.00016,0.3839724354387525,22.0,1000000.0,0.005,True,1,71;45;11,40,0,0,
2945,2945,Data/800MHz/sim_002945_1N-HN.out,800.0,18.789289276185396,92.0,2000.0,0.06333333333333334,2.7857142857142856,5555.0,5e-09,5e-11,0.85,1.02e-10,1.86e-10,-0.00016,0.3839724354387525,22.0,1000000.0,0.005,True,1,41;21;5,40,0,0,
2946,2946,Data/800MHz/sim_002946_1N-HN.out,800.0,18.789289276185396,92.0,2000.0,0.06333333333333334,3.142857142857143,5555.0,5e-09,5e-11,0.85,1.02e-10,1.86e-10,-0.00016,0.3839724354387525,22.0,1000000.0,0.005,True,1,69;13;17,40,0,0,
2947,2947,Data/800MHz/sim_002947_1N-HN.out,800.0,18.789289276185396,92.0,2000.0,0.06333333333333334,3.5,5555.0,5e-09,5e-11,0.85,1.02e-10,1.86e-10,-0.00016,0.3839724354387525,22.0,1000000.0,0.005,True,1,19;13;61,40,0,0,
2948,2948,Data/800MHz/sim_002948_1N-HN.out,800.0,18.789289276185396,92.0,2000.0,0.06333333333333334,3.857142857142857,5555.0,5e-09,5e-11,0.85,1.02e-10,1.86e-10,-0.00016,0.3839724354387525,22.0,1000000.0,0.005,True,1,7;37;31,40,0,0,
2949,2949,Data/800MHz/sim_002949_1N-HN.out,800.0,18.789289276185396,92.0,2000.0,0.06333333333333334,4.214285714285714,5555.0,5e-09,5e-11,0.85,1.02e-10,1.86e-10,-0.00016,0.3839724354387525,22.0,1000000.0,0.005,True,1,29;69;21,40,0,0,
2950,2950,Data/800MHz/sim_002950_1N-HN.out,800.0,18.789289276185396,92.0,2000.0,0.06333333333333334,4.571428571428571,5555.0,5e-09,5e-11,0.85,1.02e-10,1.86e-10,-0.00016,0.3839724354387525,22.0,1000000.0,0.005,True,1,23;33;53,40,0,0,
2951,2951,Data/800MHz/sim_002951_1N-HN.out,800.0,18.789289276185396,92.0,2000.0,0.06333333333333334,4.928571428571429,5555.0,5e-09,5e-11,0.85,1.02e-10,1.86e-10,-0.00016,0.3839724354387525,22.0,1000000.0,0.005,True,1,65;59;33,40,0,0,
2952,2952,Data/800MHz/sim_002952_1N-HN.out,800.0,18.789289276185396,92.0,2000.0,0.06333333333333334,5.285714285714286,5555.0,5e-09,5e-11,0.85,1.02e-10,1.86e-10,-0.00016,0.3839724354387525,22.0,1000000.0,0.005,True,1,65;23;25,40,0,0,
2953,2953,Data/800MHz/sim_002953_1N-HN.out,800.0,18.789289276185396,92.0,2000.0,0.06333333333333334,5.642857142857143,5555.0,5e-09,5e-11,0.85,1.02e-10,1.86e-10,-0.00016,0.3839724354387525,22.0,1000000.0,0.005,True,1,79;63;51,40,0,0,
2954,2954,Data/800MHz/sim_002954_1N-HN.out,800.0,18.789289276185396,92.0,2000.0,0.06333333333333334,6.0,5555.0,5e-09,5e-11,0.85,1.02e-10,1.86e-10,-0.00016,0.3839724354387525,22.0,1000000.0,0.005,True,1,1;21;59,40,0,0,
2955,2955,Data/800MHz/sim_002955_1N-HN.out,800.0,18.789289276185396,92.0,2000.0,0.06555555555555556,1.0,5555.0,5e-09,5e-11,0.85,1.02e-10,1.86e-10,-0.00016,0.3839724354387525,22.0,1000000.0,0.005,True,1,27;69;3,40,0,0,
2956,2956,Data/800MHz/sim_002956_1N-HN.out,800.0,18.789289276185396,92.0,2000.0,0.06555555555555556,1.3571428571428572,5555.0,5e-09,5e-11,0.85,1.02e-10,1.86e-10,-0.00016,0.3839724354387525,22.0,1000000.0,0.005,True,1,7;67;69,40,0,0,
2957,2957,Data/800MHz/sim_002957_1N-HN.out,800.0,18.789289276185396,92.0,2000.0,0.06555555555555556,1.7142857142857144,5555.0,5e-09,5e-11,0.85,1.02e-10,1.86e-10,-0.00016,0.3839724354387525,22.0,1000000.0,0.005,True,1,23;75;47,40,0,0,
2958,2958,Data/800MHz/sim_002958_1N-HN.out,800.0,18.789289276185396,92.0,2000.0,0.06555555555555556,2.071428571428571,5555.0,5e-09,5e-11,0.85,1.02e-10,1.86e-10,-0.00016,0.3839724354387525,22.0,1000000.0,0.005,True,1,79;65;53,40,0,0,
2959,2959,Data/800MHz/sim_002959_1N-HN.out,800.0,18.789289276185396,92.0,2000.0,0.06555555555555556,2.428571428571429,5555.0,5e-09,5e-11,0.85,1.02e-10,1.86e-10,-0.00016,0.3839724354387525,22.0,1000000.0,0.005,True,1,63;57;61,40,0,0,
2960,2960,Data/800MHz/sim_002960_1N-HN.out,800.0,18.789289276185396,92.0,2000.0,0.06555555555555556,2.7857142857142856,5555.0,5e-09,5e-11,0.85,1.02e-10,1.86e-10,-0.00016,0.3839724354387525,22.0,1000000.0,0.005,True,1,47;45;41,40,0,0,
2961,2961,Data/800MHz/sim_002961_1N-HN.out,800.0,18.789289276185396,92.0,2000.0,0.06555555555555556,3.142857142857143,5555.0,5e-09,5e-11,0.85,1.02e-10,1.86e-10,-0.00016,0.3839724354387525,22.0,1000000.0,0.005,True,1,65;61;9,40,0,0,
2962,2962,Data/800MHz/sim_002962_1N-HN.out,800.0,18.789289276185396,92.0,2000.0,0.06555555555555556,3.5,5555.0,5e-09,5e-11,0.85,1.02e-10,1.86e-10,-0.00016,0.3839724354387525,22.0,1000000.0,0.005,True,1,13;63;1,40,0,0,
2963,2963,Data/800MHz/sim_002963_1N-HN.out,800.0,18.789289276185396,92.0,2000.0,0.06555555555555556,3.857142857142857,5555.0,5e-09,5e-11,0.85,1.02e-10,1.86e-10,-0.00016,0.3839724354387525,22.0,1000000.0,0.005,True,1,25;55;53,40,0,0,
2964,2964,Data/800MHz/sim_002964_1N-HN.out,800.0,18.789289276185396,92.0,2000.0,0.06555555555555556,4.214285714285714,5555.0,5e-09,5e-11,0.85,1.02e-10,1.86e-10,-0.00016,0.3839724354387525,22.0,1000000.0,0.005,True,1,57;21;71,40,0,0,
2965,2965,Data/800MHz/sim_002965_1N-HN.out,800.0,18.789289276185396,92.0,2000.0,0.06555555555555556,4.571428571428571,5555.0,5e-09,5e-11,0.85,1.02e-10,1.86e-10,-0.00016,0.3839724354387525,22.0,1000000.0,0.005,True,1,71;67;25,40,0,0,
2966,2966,Data/800MHz/sim_002966_1N-HN.out,800.0,18.789289276185396,92.0,2000.0,0.06555555555555556,4.928571428571429,5555.0,5e-09,5e-11,0.85,1.02e-10,1.86e-10,-0.00016,0.3839724354387525,22.0,1000000.0,0.005,True,1,39;57;41,40,0,0,
2967,2967,Data/800MHz/sim_002967_1N-HN.out,800.0,18.789289276185396,92.0,2000.0,0.06555555555555556,5.285714285714286,5555.0,5e-09,5e-11,0.85,1.02e-10,1.86e-10,-0.00016,0.3839724354387525,22.0,1000000.0,0.005,True,1,21;5;51,40,0,0,
2968,2968,Data/800MHz/sim_002968_1N-HN.out,800.0,18.789289276185396,92.0,2000.0,0.06555555555555556,5.642857142857143,5555.0,5e-09,5e-11,0.85,1.02e-10,1.86e-10,-0.00016,0.3839724354387525,22.0,1000000.0,0.005,True,1,13;59;19,40,0,0,
2969,2969,Data/800MHz/sim_002969_1N-HN.out,800.0,18.789289276185396,92.0,2000.0,0.06555555555555556,6.0,5555.0,5e-09,5e-11,0.85,1.02e-10,1.86e-10,-0.00016,0.3839724354387525,22.0,1000000.0,0.005,True,1,3;35;19,40,0,0,
2970,2970,Data/800MHz/sim_002970_1N-HN.out,800.0,18.789289276185396,92.0,2000.0,0.06777777777777778,1.0,5555.0,5e-09,5e-11,0.85,1.02e-10,1.86e-10,-0.00016,0.3839724354387525,22.0,1000000.0,0.005,True,1,41;49;63,40,0,0,
2971,2971,Data/800MHz/sim_002971_1N-HN.out,800.0,18.789289276185396,92.0,2000.0,0.06777777777777778,1.3571428571428572,5555.0,5e-09,5e-11,0.85,1.02e-10,1.86e-10,-0.00016,0.3839724354387525,22.0,1000000.0,0.005,True,1,39;11;3,40,0,0,
2972,2972,Data/800MHz/sim_002972_1N-HN.out,800.0,18.789289276185396,92.0,2000.0,0.06777777777777778,1.7142857142857144,5555.0,5e-09,5e-11,0.85,1.02e-10,1.86e-10,-0.00016,0.3839724354387525,22.0,1000000.0,0.005,True,1,11;43;75,40,0,0,
2973,2973,Data/800MHz/sim_002973_1N-HN.out,800.0,18.789289276185396,92.0,2000.0,0.06777777777777778,2.071428571428571,5555.0,5e-09,5e-11,0.85,1.02e-10,1.86e-10,-0.00016,0.3839724354387525,22.0,1000000.0,0.005,True,1,13;27;47,40,0,0,
2974,2974,Data/800MHz/sim_002974_1N-HN.out,800.0,18.789289276185396,92.0,2000.0,0.06777777777777778,2.428571428571429,5555.0,5e-09,5e-11,0.85,1.02e-10,1.86e-10,-0.00016,0.3839724354387525,22.0,1000000.0,0.005,True,1,65;61;39,40,0,0,
2975,2975,Data/800MHz/sim_002975_1N-HN.out,800.0,18.789289276185396,92.0,2000.0,0.06777777777777778,2.7857142857142856,5555.0,5e-09,5e-11,0.85,1.02e-10,1.86e-10,-0.00016,0.3839724354387525,22.0,1000000.0,0.005,True,1,67;61;39,40,0,0,
2976,2976,Data/800MHz/sim_002976_1N-HN.out,800.0,18.789289276185396,92.0,2000.0,0.06777777777777778,3.142857142857143,5555.0,5e-09,5e-11,0.85,1.02e-10,1.86e-10,-0.00016,0.3839724354387525,22.0,1000000.0,0.005,True,1,7;31;33,40,0,0,
2977,2977,Data/800MHz/sim_002977_1N-HN.out,800.0,18.789289276185396,92.0,2000.0,0.06777777777777778,3.5,5555.0,5e-09,5e-11,0.85,1.02e-10,1.86e-10,-0.00016,0.3839724354387525,22.0,1000000.0,0.005,True,1,51;31;37,40,0,0,
2978,2978,Data/800MHz/sim_002978_1N-HN.out,800.0,18.789289276185396,92.0,2000.0,0.06777777777777778,3.857142857142857,5555.0,5e-09,5e-11,0.85,1.02e-10,1.86e-10,-0.00016,0.3839724354387525,22.0,1000000.0,0.005,True,1,27;43;3,40,0,0,
2979,2979,Data/800MHz/sim_002979_1N-HN.out,800.0,18.789289276185396,92.0,2000.0,0.06777777777777778,4.214285714285714,5555.0,5e-09,5e-11,0.85,1.02e-10,1.86e-10,-0.00016,0.3839724354387525,22.0,1000000.0,0.005,True,1,27;51;35,40,0,0,
2980,2980,Data/800MHz/sim_002980_1N-HN.out,800.0,18.789289276185396,92.0,2000.0,0.06777777777777778,4.571428571428571,5555.0,5e-09,5e-11,0.85,1.02e-10,1.86e-10,-0.00016,0.3839724354387525,22.0,1000000.0,0.005,True,1,27;19;3,40,0,0,
2981,2981,Data/800MHz/sim_002981_1N-HN.out,800.0,18.789289276185396,92.0,2000.0,0.06777777777777778,4.928571428571429,5555.0,5e-09,5e-11,0.85,1.02e-10,1.86e-10,-0.00016,0.3839724354387525,22.0,1000000.0,0.005,True,1,55;1;25,40,0,0,
2982,2982,Data/800MHz/sim_002982_1N-HN.out,800.0,18.789289276185396,92.0,2000.0,0.06777777777777778,5.285714285714286,5555.0,5e-09,5e-11,0.85,1.02e-10,1.86e-10,-0.00016,0.3839724354387525,22.0,1000000.0,0.005,True,1,61;77;37,40,0,0,
2983,2983,Data/800MHz/sim_002983_1N-HN.out,800.0,18.789289276185396,92.0,2000.0,0.06777777777777778,5.642857142857143,5555.0,5e-09,5e-11,0.85,1.02e-10,1.86e-10,-0.00016,0.3839724354387525,22.0,1000000.0,0.005,True,1,35;39;59,40,0,0,
2984,2984,Data/800MHz/sim_002984_1N-HN.out,800.0,18.789289276185396,92.0,2000.0,0.06777777777777778,6.0,5555.0,5e-09,5e-11,0.85,1.02e-10,1.86e-10,-0.00016,0.3839724354387525,22.0,1000000.0,0.005,True,1,61;75;57,40,0,0,
2985,2985,Data/800MHz/sim_002985_1N-HN.out,800.0,18.789289276185396,92.0,2000.0,0.07,1.0,5555.0,5e-09,5e-11,0.85,1.02e-10,1.86e-10,-0.00016,0.3839724354387525,22.0,1000000.0,0.005,True,1,67;75;53,40,0,0,
2986,2986,Data/800MHz/sim_002986_1N-HN.out,800.0,18.789289276185396,92.0,2000.0,0.07,1.3571428571428572,5555.0,5e-09,5e-11,0.85,1.02e-10,1.86e-10,-0.00016,0.3839724354387525,22.0,1000000.0,0.005,True,1,75;21;9,40,0,0,
2987,2987,Data/800MHz/sim_002987_1N-HN.out,800.0,18.789289276185396,92.0,2000.0,0.07,1.7142857142857144,5555.0,5e-09,5e-11,0.85,1.02e-10,1.86e-10,-0.00016,0.3839724354387525,22.0,1000000.0,0.005,True,1,51;69;37,40,0,0,
2988,2988,Data/800MHz/sim_002988_1N-HN.out,800.0,18.789289276185396,92.0,2000.0,0.07,2.071428571428571,5555.0,5e-09,5e-11,0.85,1.02e-10,1.86e-10,-0.00016,0.3839724354387525,22.0,1000000.0,0.005,True,1,13;43;63,40,0,0,
2989,2989,Data/800MHz/sim_002989_1N-HN.out,800.0,18.789289276185396,92.0,2000.0,0.07,2.428571428571429,5555.0,5e-09,5e-11,0.85,1.02e-10,1.86e-10,-0.00016,0.3839724354387525,22.0,1000000.0,0.005,True,1,25;61;63,40,0,0,
2990,2990,Data/800MHz/sim_002990_1N-HN.out,800.0,18.789289276185396,92.0,2000.0,0.07,2.7857142857142856,5555.0,5e-09,5e-11,0.85,1.02e-10,1.86e-10,-0.00016,0.3839724354387525,22.0,1000000.0,0.005,True,1,79;53;71,40,0,0,
2991,2991,Data/800MHz/sim_002991_1N-HN.out,800.0,18.789289276185396,92.0,2000.0,0.07,3.142857142857143,5555.0,5e-09,5e-11,0.85,1.02e-10,1.86e-10,-0.00016,0.3839724354387525,22.0,1000000.0,0.005,True,1,71;69;19,40,0,0,
2992,2992,Data/800MHz/sim_002992_1N-HN.out,800.0,18.789289276185396,92.0,2000.0,0.07,3.5,5555.0,5e-09,5e-11,0.85,1.02e-10,1.86e-10,-0.00016,0.3839724354387525,22.0,1000000.0,0.005,True,1,63;11;13,40,0,0,
2993,2993,Data/800MHz/sim_002993_1N-HN.out,800.0,18.789289276185396,92.0,2000.0,0.07,3.857142857142857,5555.0,5e-09,5e-11,0.85,1.02e-10,1.86e-10,-0.00016,0.3839724354387525,22.0,1000000.0,0.005,True,1,47;75;67,40,0,0,
2994,2994,Data/800MHz/sim_002994_1N-HN.out,800.0,18.789289276185396,92.0,2000.0,0.07,4.214285714285714,5555.0,5e-09,5e-11,0.85,1.02e-10,1.86e-10,-0.00016,0.3839724354387525,22.0,1000000.0,0.005,True,1,9;53;23,40,0,0,
2995,2995,Data/800MHz/sim_002995_1N-HN.out,800.0,18.789289276185396,92.0,2000.0,0.07,4.571428571428571,5555.0,5e-09,5e-11,0.85,1.02e-10,1.86e-10,-0.00016,0.3839724354387525,22.0,1000000.0,0.005,True,1,57;9;31,40,0,0,
2996,2996,Data/800MHz/sim_002996_1N-HN.out,800.0,18.789289276185396,92.0,2000.0,0.07,4.928571428571429,5555.0,5e-09,5e-11,0.85,1.02e-10,1.86e-10,-0.00016,0.3839724354387525,22.0,1000000.0,0.005,True,1,75;69;9,40,0,0,
2997,2997,Data/800MHz/sim_002997_1N-HN.out,800.0,18.789289276185396,92.0,2000.0,0.07,5.285714285714286,5555.0,5e-09,5e-11,0.85,1.02e-10,1.86e-10,-0.00016,0.3839724354387525,22.0,1000000.0,0.005,True,1,77;69;57,40,0,0,
2998,2998,Data/800MHz/sim_002998_1N-HN.out,800.0,18.789289276185396,92.0,2000.0,0.07,5.642857142857143,5555.0,5e-09,5e-11,0.85,1.02e-10,1.86e-10,-0.00016,0.3839724354387525,22.0,1000000.0,0.005,True,1,7;67;29,40,0,0,
2999,2999,Data/800MHz/sim_002999_1N-HN.out,800.0,18.789289276185396,92.0,2000.0,0.07,6.0,5555.0,5e-09,5e-11,0.85,1.02e-10,1.86e-10,-0.00016,0.3839724354387525,22.0,1000000.0,0.005,True,1,15;11;47,40,0,0,
